{"rmse":36.141815185546875,"real_seasonal_3_stock_price":4.670783075561243,"Runtime (seconds)":5.280313491821289,"periods":[252,504,756,1260],"real_trend_stock_price":221.26011179188725,"seasonal_3_train_loss":0.36541035260238464,"resid_train_loss":1.3434612908190298,"mse":1306.2308049062267,"seasonal_1_valid_loss":0.2554036339124044,"_step":9,"predicted_seasonal_3_stock_price":1.5539360046386719,"real_seasonal_0_stock_price":-2.3363822361252526,"dim":128,"predicted_trend_stock_price":178.12246704101562,"real_resid_stock_price":9.055698595284014,"predicted_seasonal_1_stock_price":-2.7677977085113525,"real_seasonal_2_stock_price":7.340470809081235,"seasonal_0_train_loss":0.8265238522086292,"_runtime":10.777499896,"_timestamp":1.7367167508123403e+09,"real_seasonal_1_stock_price":-3.1406759321728934,"mae":36.141815185546875,"predicted_seasonal_0_stock_price":1.0230257511138916,"seasonal_0_valid_loss":1.5440138685703277,"seasonal_3_valid_loss":0.5613247027807828,"trend_valid_loss":0.23109842763871563,"AAPL Stock Price Prediction by iTransformer":{"size":48875,"path":"media/images/AAPL Stock Price Prediction by iTransformer_8_12cc3fd606d5c5bf4624.png","format":"png","width":1000,"height":600,"_type":"image-file","sha256":"12cc3fd606d5c5bf4624b20f78670d1770fcb53bf934b19a219cede755f6e153"},"predicted_resid_stock_price":20.74464225769043,"trend_train_loss":0.5702676867290299,"predicted_seasonal_2_stock_price":2.0319125652313232,"real_stock_price":236.85000610351562,"seasonal_1_train_loss":1.0100334585121047,"seasonal_2_train_loss":1.6706795809871477,"final_predicted_stock_price":200.70819091796875,"seasonal_2_valid_loss":1.447822621294587,"resid_valid_loss":1.5182861281417266,"depth":4,"_wandb":{"runtime":10}}