{"predicted_seasonal_1_stock_price":0.7864639163017273,"periods":[252,504,756,1260],"predicted_trend_stock_price":136.94601440429688,"seasonal_1_train_loss":1.0771461564905338,"seasonal_3_valid_loss":1.3380878579909685,"Runtime (seconds)":4.824951887130737,"_timestamp":1.7367364068969324e+09,"real_seasonal_2_stock_price":16.307195141839433,"seasonal_1_valid_loss":0.6311420202255249,"predicted_resid_stock_price":26.102699279785156,"seasonal_0_train_loss":0.5503006078140499,"mse":2698.5342589849606,"seasonal_0_valid_loss":0.3237971932383373,"real_stock_price":218.94000244140625,"resid_valid_loss":2.8743250954640684,"final_predicted_stock_price":166.99258422851562,"real_seasonal_1_stock_price":2.721535027645758,"predicted_seasonal_0_stock_price":-6.9207305908203125,"seasonal_2_train_loss":0.27655657127561833,"_wandb":{"runtime":12},"real_seasonal_3_stock_price":9.210042698987007,"trend_train_loss":0.5364875984394052,"real_trend_stock_price":167.5354913342489,"AMZN Stock Price Prediction by iTransformer":{"size":48463,"path":"media/images/AMZN Stock Price Prediction by iTransformer_8_e4587b5c99d0a6b528fb.png","format":"png","width":1000,"height":600,"_type":"image-file","sha256":"e4587b5c99d0a6b528fbbaafbc1189cb02befe3381caa2960923f9d8185e0746"},"seasonal_3_train_loss":1.6609708525752294,"predicted_seasonal_3_stock_price":-5.235352993011475,"real_seasonal_0_stock_price":-6.886692248923765,"rmse":51.947418212890625,"_step":9,"_runtime":12.08935663,"mae":51.947418212890625,"dim":128,"depth":4,"resid_train_loss":1.1376951833219289,"predicted_seasonal_2_stock_price":15.313483238220215,"trend_valid_loss":0.09958168713062773,"real_resid_stock_price":30.052430487608945,"seasonal_2_valid_loss":0.06293604709208012}