{"trend_train_loss":0.09459408092302886,"predicted_seasonal_1_stock_price":1.6482608318328857,"rmse":73.39950561523438,"seasonal_0_valid_loss":1.961704090663365,"predicted_seasonal_2_stock_price":0.12825708091259003,"_timestamp":1.7367111570665967e+09,"Runtime (seconds)":6.743399143218994,"resid_valid_loss":0.459308761589175,"AAPL Stock Price Prediction by iTransformer":{"path":"media/images/AAPL Stock Price Prediction by iTransformer_8_f59f31de9516a4cfa585.png","format":"png","width":1000,"height":600,"_type":"image-file","sha256":"f59f31de9516a4cfa5855ede93a771e4ac5a1c22facf967e1391c2a0ba262795","size":46751},"predicted_trend_stock_price":155.78890991210938,"dim":128,"real_stock_price":236.85000610351562,"mse":5387.487424560823,"real_seasonal_1_stock_price":-3.1406755254403276,"seasonal_3_valid_loss":0.6261979636575278,"seasonal_1_valid_loss":1.104116438246511,"periods":[252,504,756,1260],"seasonal_2_train_loss":1.2836743040251084,"resid_train_loss":0.5300928756881927,"final_predicted_stock_price":163.45050048828125,"_runtime":14.326714036,"real_trend_stock_price":221.26011203589755,"_step":9,"real_seasonal_3_stock_price":4.670787567784069,"mae":73.39950561523438,"seasonal_0_train_loss":0.6899017239657607,"predicted_seasonal_0_stock_price":0.16650395095348358,"seasonal_3_train_loss":0.9998582353194555,"trend_valid_loss":0.3689204737018097,"seasonal_2_valid_loss":1.1307361066451576,"predicted_resid_stock_price":5.323579788208008,"depth":4,"real_seasonal_2_stock_price":7.340471150309724,"seasonal_1_train_loss":0.9730420424995652,"real_seasonal_0_stock_price":-2.3363872889436252,"real_resid_stock_price":9.055698163908232,"_wandb":{"runtime":14},"predicted_seasonal_3_stock_price":0.3950037956237793}