{"mae":85.56939697265625,"_timestamp":1.73674927915652e+09,"trend_train_loss":0.08891345711546263,"depth":4,"seasonal_3_train_loss":0.6427984015242747,"resid_valid_loss":0.5141730010509491,"final_predicted_stock_price":133.37060546875,"mse":7322.121698264033,"seasonal_1_valid_loss":0.16951268477033274,"_step":9,"real_stock_price":218.94000244140625,"_runtime":16.736541113,"Runtime (seconds)":7.4042699337005615,"real_seasonal_3_stock_price":9.210042698987007,"AMZN Stock Price Prediction by iTransformer":{"format":"png","width":1000,"height":600,"_type":"image-file","sha256":"e0bec8739450996ce277aba7c2fe5c7271d5650497efb349b415deed6bfdf504","size":46031,"path":"media/images/AMZN Stock Price Prediction by iTransformer_8_e0bec8739450996ce277.png"},"seasonal_3_valid_loss":0.580303691523425,"real_resid_stock_price":30.052430487608945,"predicted_resid_stock_price":14.383893966674805,"seasonal_2_valid_loss":0.88952613563904,"real_seasonal_0_stock_price":-6.886692248923765,"real_trend_stock_price":167.5354913342489,"predicted_trend_stock_price":117.61119079589844,"seasonal_0_train_loss":0.23534046899697056,"dim":128,"trend_valid_loss":0.37218731519607884,"seasonal_1_train_loss":0.592029225782416,"seasonal_2_train_loss":0.9603000534617383,"seasonal_0_valid_loss":0.08011644582715502,"rmse":85.56939697265625,"real_seasonal_1_stock_price":2.721535027645758,"resid_train_loss":0.7206297083883673,"predicted_seasonal_2_stock_price":0.7031516432762146,"predicted_seasonal_1_stock_price":1.8286590576171875,"predicted_seasonal_3_stock_price":5.772545337677002,"real_seasonal_2_stock_price":16.307195141839433,"predicted_seasonal_0_stock_price":-6.928828716278076,"_wandb":{"runtime":16},"periods":[252,504,756,1260]}