{"real_seasonal_1_stock_price":-3.1406722645159406,"predicted_seasonal_2_stock_price":1.7869653701782227,"seasonal_1_train_loss":0.5457949079346922,"seasonal_0_valid_loss":1.3048801925575848,"real_seasonal_3_stock_price":4.670785967791426,"predicted_seasonal_3_stock_price":-0.6164988875389099,"Runtime (seconds)":7.539508581161499,"seasonal_2_train_loss":0.6457932615602339,"seasonal_3_valid_loss":0.4067688640923454,"_runtime":13.465787034,"_step":9,"predicted_trend_stock_price":93.20067596435547,"seasonal_3_train_loss":1.2446515465018284,"dim":128,"real_trend_stock_price":221.2601119844801,"periods":[252,504,756,1260],"predicted_seasonal_0_stock_price":-1.0239723920822144,"resid_train_loss":1.1761314790082256,"real_seasonal_0_stock_price":-2.3363794429969813,"seasonal_2_valid_loss":0.648192429421925,"depth":4,"predicted_resid_stock_price":10.816710472106934,"_wandb":{"runtime":13},"trend_train_loss":0.31448443771957485,"AAPL Stock Price Prediction by iTransformer":{"sha256":"f7e3160b3c1d760e69c2044ae9c2ea2b9f8ad00db374f1933b528869251c3d2f","size":47674,"path":"media/images/AAPL Stock Price Prediction by iTransformer_8_f7e3160b3c1d760e69c2.png","format":"png","width":1000,"height":600,"_type":"image-file"},"seasonal_0_train_loss":0.5844498669091864,"final_predicted_stock_price":101.42881774902344,"trend_valid_loss":2.034754085073284,"_timestamp":1.736728920752497e+09,"real_seasonal_2_stock_price":7.340466544239881,"real_resid_stock_price":9.055693314517129,"real_stock_price":236.85000610351562,"rmse":135.4211883544922,"mae":135.4211883544922,"predicted_seasonal_1_stock_price":-2.735060930252075,"mse":18338.89825534285,"seasonal_1_valid_loss":0.3033886338655765,"resid_valid_loss":0.44734782917845634}