{"real_seasonal_0_stock_price":-2.336376913454631,"seasonal_1_train_loss":0.6137331855400957,"_timestamp":1.7367522144141343e+09,"_wandb":{"runtime":12},"dim":128,"predicted_seasonal_0_stock_price":1.1764277219772339,"real_stock_price":236.85000610351562,"seasonal_3_train_loss":0.9469899778002283,"depth":4,"trend_valid_loss":0.3153739975911383,"trend_train_loss":0.20146660422200358,"mse":6538.53217693069,"predicted_trend_stock_price":156.44668579101562,"real_seasonal_3_stock_price":4.670787765069838,"real_seasonal_2_stock_price":7.340467949501217,"real_trend_stock_price":221.2601124386746,"final_predicted_stock_price":155.9888153076172,"resid_train_loss":2.278984506760747,"AAPL Stock Price Prediction by iTransformer":{"sha256":"8bfd069cb27402fcf49b90238b70a0de93f7586daa82503ffab56c5c7b05930c","size":46525,"path":"media/images/AAPL Stock Price Prediction by iTransformer_8_8bfd069cb27402fcf49b.png","format":"png","width":1000,"height":600,"_type":"image-file"},"predicted_seasonal_2_stock_price":8.063831329345703,"seasonal_2_train_loss":0.4317578838600053,"predicted_seasonal_3_stock_price":0.49760276079177856,"rmse":80.86119079589844,"mae":80.86119079589844,"resid_valid_loss":1.9760748589480366,"seasonal_3_valid_loss":1.156446083400821,"real_resid_stock_price":9.05569142072531,"seasonal_0_train_loss":0.73099971286829,"seasonal_2_valid_loss":0.11110770963884965,"_runtime":12.576030537,"seasonal_1_valid_loss":0.1773874951742864,"real_seasonal_1_stock_price":-3.1406765570006834,"Runtime (seconds)":5.965113878250122,"seasonal_0_valid_loss":1.4850550366924076,"predicted_seasonal_1_stock_price":-3.4571454524993896,"periods":[252,504,756,1260],"_step":9,"predicted_resid_stock_price":-6.738587379455566}