{"seasonal_0_train_loss":0.6635773757126853,"_step":6,"predicted_trend_stock_price":115.7617817365984,"real_resid_stock_price":25.87631537871644,"seasonal_3_train_loss":0.40583915887652217,"real_stock_price":207.88999938964844,"final_predicted_stock_price":148.19079994310823,"seasonal_0_valid_loss":1.1951097041190029,"predicted_seasonal_1_stock_price":4.711865276794737,"real_seasonal_3_stock_price":4.336902997491936,"_timestamp":1.7356605930704381e+09,"real_seasonal_1_stock_price":3.371027947944087,"seasonal_2_valid_loss":1.1888599813800969,"_runtime":52.237938413,"predicted_seasonal_0_stock_price":-1.7242815114270031,"trend_train_loss":0.7758534386333099,"predicted_seasonal_3_stock_price":5.099003948533053,"predicted_resid_stock_price":19.060713643498765,"real_seasonal_0_stock_price":-3.0791040694504392,"_wandb":{"runtime":52},"real_trend_stock_price":161.85051474910318,"resid_train_loss":1.6026125405952805,"real_seasonal_2_stock_price":15.534342385843217,"resid_valid_loss":0.38421829798186136,"seasonal_2_train_loss":0.8526917456451066,"seasonal_1_train_loss":1.9731608679302366,"trend_valid_loss":1.116826856326676,"predicted_seasonal_2_stock_price":5.2817168491103015,"seasonal_1_valid_loss":0.8406358038063173,"seasonal_3_valid_loss":0.5983833223581314}