{"predicted_seasonal_1_stock_price":-0.2430429607629776,"Runtime (seconds)":6.717633008956909,"AAPL Stock Price Prediction by iTransformer":{"width":1000,"height":600,"_type":"image-file","sha256":"dbd87df2722a1661c1cb725dde2775d3bac0e2f711d788e450c31f268c1b9f78","size":46227,"path":"media/images/AAPL Stock Price Prediction by iTransformer_8_dbd87df2722a1661c1cb.png","format":"png"},"seasonal_0_valid_loss":2.367402068368948,"predicted_seasonal_2_stock_price":4.570967197418213,"trend_valid_loss":2.314599610405286,"dim":128,"final_predicted_stock_price":68.99427795410156,"resid_valid_loss":0.8945516588107428,"seasonal_0_train_loss":1.0071807950235052,"seasonal_2_train_loss":0.2284053132932946,"real_stock_price":236.85000610351562,"periods":[252,504,756,1260],"predicted_seasonal_0_stock_price":-0.4620698094367981,"resid_train_loss":1.4469908769955482,"_runtime":13.780599775,"seasonal_3_valid_loss":0.5680830371319797,"seasonal_2_valid_loss":0.18700048755890677,"rmse":167.85572814941406,"depth":4,"seasonal_1_valid_loss":0.4123761977580999,"real_seasonal_2_stock_price":7.340469648784844,"real_seasonal_3_stock_price":4.67079070805447,"seasonal_3_train_loss":1.6800236439046095,"predicted_resid_stock_price":0.3859825134277344,"mse":28175.545472569996,"real_resid_stock_price":9.055689583551157,"predicted_trend_stock_price":67.84256744384766,"predicted_seasonal_3_stock_price":-3.1001312732696533,"trend_train_loss":0.6569534757795884,"real_seasonal_0_stock_price":-2.336377064954494,"mae":167.85572814941406,"_timestamp":1.7367219087227123e+09,"real_trend_stock_price":221.26011185801806,"_step":9,"seasonal_1_train_loss":0.7381979753077565,"real_seasonal_1_stock_price":-3.1406786299384435,"_wandb":{"runtime":13}}