{"seasonal_2_valid_loss":0.8499250113426132,"seasonal_1_train_loss":1.4790097707838523,"predicted_resid_stock_price":2.421388626098633,"real_seasonal_1_stock_price":2.721535027645758,"AMZN Stock Price Prediction by iTransformer":{"_type":"image-file","sha256":"ede39bd594ec5489e35093401137f38ba75227da107b6594f14b67a8205deb04","size":48423,"path":"media/images/AMZN Stock Price Prediction by iTransformer_8_ede39bd594ec5489e350.png","format":"png","width":1000,"height":600},"resid_train_loss":1.4089992766980486,"real_seasonal_3_stock_price":9.210042698987007,"_timestamp":1.7367592897296782e+09,"predicted_seasonal_0_stock_price":-7.374447822570801,"dim":128,"Runtime (seconds)":5.887222528457642,"seasonal_3_valid_loss":0.529066801071167,"predicted_seasonal_1_stock_price":0.24386340379714966,"_runtime":11.949310677,"depth":4,"resid_valid_loss":0.5444992963649049,"trend_train_loss":0.567184319835681,"seasonal_2_train_loss":0.9896678492588842,"real_seasonal_2_stock_price":16.307195141839433,"rmse":52.452117919921875,"mae":52.452117919921875,"real_resid_stock_price":30.052430487608945,"seasonal_3_train_loss":0.5413844182940459,"predicted_seasonal_3_stock_price":-1.9615881443023682,"_step":9,"periods":[252,504,756,1260],"seasonal_0_train_loss":0.26664908146754857,"seasonal_0_valid_loss":0.2977243483918054,"real_stock_price":218.94000244140625,"predicted_seasonal_2_stock_price":1.2398799657821655,"seasonal_1_valid_loss":1.252801455150951,"mse":2751.2246742853895,"_wandb":{"runtime":11},"final_predicted_stock_price":166.48788452148438,"predicted_trend_stock_price":171.91879272460938,"trend_valid_loss":0.053109109886105954,"real_seasonal_0_stock_price":-6.886692248923765,"real_trend_stock_price":167.5354913342489}