{"real_seasonal_0_stock_price":-6.886692248923765,"predicted_seasonal_1_stock_price":3.4779751300811768,"trend_train_loss":0.3889556985359796,"seasonal_2_train_loss":0.28870294136448404,"final_predicted_stock_price":185.09796142578125,"predicted_seasonal_0_stock_price":-6.192844390869141,"dim":128,"AMZN Stock Price Prediction by iTransformer":{"path":"media/images/AMZN Stock Price Prediction by iTransformer_8_34e212895324fa7b9e05.png","format":"png","width":1000,"height":600,"_type":"image-file","sha256":"34e212895324fa7b9e050712ede60cee47ad167ae413ccece66d8e6a391f9633","size":47909},"real_stock_price":218.94000244140625,"seasonal_2_valid_loss":0.16908240859571955,"real_trend_stock_price":167.5354913342489,"predicted_seasonal_3_stock_price":14.133076667785645,"resid_train_loss":0.5679223977933652,"predicted_trend_stock_price":147.05674743652344,"rmse":33.842041015625,"real_seasonal_2_stock_price":16.307195141839433,"seasonal_1_valid_loss":0.229601615093282,"depth":4,"trend_valid_loss":0.046367441571938756,"mae":33.842041015625,"resid_valid_loss":1.7547217973388067,"Runtime (seconds)":9.046669483184814,"real_seasonal_1_stock_price":2.721535027645758,"seasonal_3_train_loss":0.3520529480997113,"seasonal_0_valid_loss":0.2277850767564249,"mse":1145.2837401032448,"seasonal_1_train_loss":0.8529980299352974,"periods":[252,504,756,1260],"predicted_seasonal_2_stock_price":15.889370918273926,"_wandb":{"runtime":21},"seasonal_3_valid_loss":0.18858341809729456,"_step":9,"real_seasonal_3_stock_price":9.210042698987007,"real_resid_stock_price":30.052430487608945,"seasonal_0_train_loss":0.2740308780192988,"predicted_resid_stock_price":10.733624458312988,"_runtime":21.487232328,"_timestamp":1.7367205553456476e+09}