{"seasonal_2_train_loss":0.879045527227837,"trend_train_loss":0.8608111454712519,"_timestamp":1.7356603517726152e+09,"seasonal_0_valid_loss":0.7052401331338015,"trend_valid_loss":0.6800713539123535,"resid_train_loss":1.1937582427107676,"seasonal_0_train_loss":0.4891024141969434,"predicted_seasonal_2_stock_price":8.665045157773386,"seasonal_2_valid_loss":0.8600166062288578,"_runtime":50.11394192,"real_trend_stock_price":161.85051474910318,"seasonal_3_train_loss":0.6590836830055382,"real_resid_stock_price":25.87631537871644,"real_seasonal_0_stock_price":-3.0791040694504392,"predicted_seasonal_3_stock_price":-8.248248357903568,"_step":6,"seasonal_1_train_loss":0.791757276480374,"_wandb":{"runtime":50},"predicted_seasonal_0_stock_price":-1.3678622504490805,"resid_valid_loss":0.6138848136558994,"predicted_resid_stock_price":10.988972924735485,"seasonal_1_valid_loss":0.4730549911530062,"final_predicted_stock_price":153.95368047014574,"real_seasonal_3_stock_price":4.336902997491936,"seasonal_3_valid_loss":1.190048128083409,"real_stock_price":207.88999938964844,"predicted_seasonal_1_stock_price":4.615948023220151,"real_seasonal_2_stock_price":15.534342385843217,"real_seasonal_1_stock_price":3.371027947944087,"predicted_trend_stock_price":139.2998249727694}