{"real_seasonal_2_stock_price":7.340471057527947,"real_seasonal_0_stock_price":-2.3363764232324438,"final_predicted_stock_price":76.37537384033203,"_wandb":{"runtime":9},"predicted_seasonal_1_stock_price":0.6716790795326233,"seasonal_1_valid_loss":1.0545989693479334,"seasonal_1_train_loss":1.0004182713372367,"predicted_trend_stock_price":74.67567443847656,"mae":160.4746322631836,"real_seasonal_3_stock_price":4.670785109732168,"seasonal_3_valid_loss":0.2731551384847415,"predicted_seasonal_0_stock_price":-0.1967831403017044,"_step":9,"resid_valid_loss":0.9602740711019945,"real_stock_price":236.85000610351562,"trend_train_loss":0.2554184153959592,"_timestamp":1.7367345071266003e+09,"seasonal_3_train_loss":2.030250634544331,"Runtime (seconds)":4.600811958312988,"real_resid_stock_price":9.0556914573869,"real_seasonal_1_stock_price":-3.140676448191824,"dim":128,"seasonal_2_valid_loss":0.7675254894619998,"trend_valid_loss":2.2269821810264756,"seasonal_0_train_loss":1.0921552025087893,"resid_train_loss":0.7129433562762352,"predicted_resid_stock_price":-3.2262744903564453,"predicted_seasonal_2_stock_price":1.2709572315216064,"seasonal_0_valid_loss":1.91193417671371,"depth":4,"_runtime":9.558843297,"mse":25752.107600004005,"real_trend_stock_price":221.26011135029287,"periods":[252,504,756,1260],"predicted_seasonal_3_stock_price":3.1801209449768066,"AAPL Stock Price Prediction by iTransformer":{"path":"media/images/AAPL Stock Price Prediction by iTransformer_8_ad20a58a0e3bfa7c0e4a.png","format":"png","width":1000,"height":600,"_type":"image-file","sha256":"ad20a58a0e3bfa7c0e4ad81db7dd4e1e05bbaf620a64073dd587ef2ceec23051","size":46394},"seasonal_2_train_loss":0.9606026378176022,"rmse":160.4746322631836}