{"_wandb":{"runtime":7},"_step":0,"train_loss":0.5796452710720611,"valid_loss":0.7605783165896617,"_timestamp":1.735972929520063e+09,"_runtime":7.759284186}