{"mae":71.52388000488281,"_wandb":{"runtime":9},"_step":9,"predicted_seasonal_1_stock_price":4.241308689117432,"_runtime":9.770134408,"resid_valid_loss":1.58114589534523,"rmse":71.52388000488281,"final_predicted_stock_price":147.41612243652344,"mse":5115.665410952875,"AMZN Stock Price Prediction by iTransformer":{"sha256":"2c090b883e357060d73e8fa9f83a94e62a25d88bab10802e3d90df6e80dc70eb","size":48798,"path":"media/images/AMZN Stock Price Prediction by iTransformer_8_2c090b883e357060d73e.png","format":"png","width":1000,"height":600,"_type":"image-file"},"real_seasonal_2_stock_price":16.307195141839433,"real_seasonal_3_stock_price":9.210042698987007,"predicted_resid_stock_price":-3.338954448699951,"real_resid_stock_price":30.052430487608945,"seasonal_3_valid_loss":1.0132365607688547,"dim":128,"depth":4,"predicted_seasonal_0_stock_price":-7.827207088470459,"seasonal_2_valid_loss":1.151822586716051,"real_seasonal_0_stock_price":-6.886692248923765,"_timestamp":1.7367300403081686e+09,"real_seasonal_1_stock_price":2.721535027645758,"trend_valid_loss":0.0422610267996788,"seasonal_0_train_loss":0.4339310626097901,"seasonal_2_train_loss":1.2853159259763074,"periods":[252,504,756,1260],"real_stock_price":218.94000244140625,"seasonal_3_train_loss":1.552440221594038,"predicted_trend_stock_price":156.2716064453125,"seasonal_1_valid_loss":0.19910835211949723,"seasonal_1_train_loss":0.48705281692759284,"trend_train_loss":0.2929929302821236,"seasonal_0_valid_loss":0.2868616791113335,"resid_train_loss":1.3945857238342612,"Runtime (seconds)":4.603305101394653,"predicted_seasonal_3_stock_price":-5.745865821838379,"predicted_seasonal_2_stock_price":3.8152408599853516,"real_trend_stock_price":167.5354913342489}