{"predicted_seasonal_2_stock_price":6.2314453125,"real_seasonal_1_stock_price":2.721535027645758,"seasonal_2_valid_loss":0.2759046821498302,"depth":4,"seasonal_1_valid_loss":0.9614828028729671,"final_predicted_stock_price":151.2493896484375,"_step":9,"seasonal_2_train_loss":0.5660116739723012,"_wandb":{"runtime":9},"real_stock_price":218.94000244140625,"AMZN Stock Price Prediction by iTransformer":{"_type":"image-file","sha256":"10f52816a158b379c7e6496266824f2f0b4968fc4e3d0a76502ae02592c3b657","size":48984,"path":"media/images/AMZN Stock Price Prediction by iTransformer_8_10f52816a158b379c7e6.png","format":"png","width":1000,"height":600},"dim":128,"resid_valid_loss":0.68417410068286,"periods":[252,504,756,1260],"trend_valid_loss":0.14792000503811714,"trend_train_loss":0.1409141118305305,"real_resid_stock_price":30.052430487608945,"predicted_seasonal_1_stock_price":1.3194301128387451,"predicted_seasonal_3_stock_price":0.2256002426147461,"real_seasonal_3_stock_price":9.210042698987007,"real_seasonal_2_stock_price":16.307195141839433,"mse":4582.019060287625,"predicted_trend_stock_price":139.0389404296875,"real_seasonal_0_stock_price":-6.886692248923765,"seasonal_3_train_loss":0.9041541112966296,"real_trend_stock_price":167.5354913342489,"seasonal_0_train_loss":2.334420969355304,"seasonal_1_train_loss":1.0161614191506825,"predicted_seasonal_0_stock_price":4.21705961227417,"seasonal_3_valid_loss":0.5704796314239502,"predicted_resid_stock_price":0.21691548824310303,"seasonal_0_valid_loss":2.484243500579908,"rmse":67.69061279296875,"_timestamp":1.7367287688107164e+09,"resid_train_loss":0.6804484889754384,"mae":67.69061279296875,"_runtime":9.616730172,"Runtime (seconds)":3.792698383331299}