{"trend_valid_loss":0.4335210610319067,"predicted_resid_stock_price":6.314461708068848,"final_predicted_stock_price":165.90423583984375,"real_seasonal_0_stock_price":-4.043893736904377,"real_seasonal_3_stock_price":6.127401711020198,"seasonal_3_train_loss":0.6799818234784263,"mse":1696.2668678024784,"seasonal_0_train_loss":0.9212989700534969,"predicted_seasonal_0_stock_price":-1.857437014579773,"real_seasonal_1_stock_price":3.36965879515863,"predicted_trend_stock_price":138.33843994140625,"real_stock_price":207.08999633789062,"real_trend_stock_price":159.3021971585472,"seasonal_1_valid_loss":0.4917661276419806,"seasonal_3_valid_loss":1.1263025693450195,"Stock_Price_Prediction":{"height":600,"_type":"image-file","sha256":"80045107a956fe59b84dbc72f1e1aff72b9df35ca46ebbd1f8c0d36fe5a2556f","size":47762,"path":"media/images/Stock_Price_Prediction_7_80045107a956fe59b84d.png","format":"png","width":1000},"seasonal_1_train_loss":0.9823041697760254,"_step":8,"mae":41.185760498046875,"resid_valid_loss":0.4402969463530263,"trend_train_loss":0.909902192402895,"rmse":41.185760498046875,"Runtime (seconds)":35.185632944107056,"_wandb":{"runtime":69},"real_resid_stock_price":25.57286681151163,"predicted_seasonal_2_stock_price":14.7549409866333,"seasonal_2_train_loss":0.9167302738559774,"seasonal_2_valid_loss":0.31971857903484335,"predicted_seasonal_1_stock_price":3.999148368835449,"_timestamp":1.7358263650924652e+09,"resid_train_loss":0.9498530239326877,"predicted_seasonal_3_stock_price":4.354670524597168,"seasonal_0_valid_loss":0.32663472436870317,"_runtime":69.100912056,"real_seasonal_2_stock_price":16.76176559855732}