{"trend_train_loss":0.2981814572368375,"seasonal_0_train_loss":0.41884102823555663,"real_seasonal_2_stock_price":7.340469363426076,"seasonal_3_train_loss":1.1215598553419113,"real_seasonal_1_stock_price":-3.1406772424696037,"predicted_seasonal_0_stock_price":1.8176037073135376,"predicted_seasonal_3_stock_price":-8.650162696838379,"trend_valid_loss":0.04141572141839612,"mse":1141.3903864568565,"seasonal_1_train_loss":1.0235772279648576,"dim":128,"predicted_seasonal_1_stock_price":0.9394004940986633,"AAPL Stock Price Prediction by iTransformer":{"path":"media/images/AAPL Stock Price Prediction by iTransformer_8_6bccb660eec5a867b63e.png","format":"png","width":1000,"height":600,"_type":"image-file","sha256":"6bccb660eec5a867b63e0a964d0d59f1a69a316e4600d49b1e838c6526c6cf36","size":48533},"real_stock_price":236.85000610351562,"_runtime":17.585551695,"seasonal_2_valid_loss":0.09457276740905222,"_step":9,"seasonal_3_valid_loss":2.428025722503662,"predicted_trend_stock_price":196.28768920898438,"real_seasonal_3_stock_price":4.670790334457698,"_timestamp":1.7367478978874528e+09,"seasonal_2_train_loss":0.26901247832214115,"predicted_seasonal_2_stock_price":6.115453243255615,"seasonal_0_valid_loss":0.3469319525512232,"resid_valid_loss":0.5774958512665312,"rmse":33.78446960449219,"_wandb":{"runtime":17},"real_trend_stock_price":221.2601115072447,"Runtime (seconds)":9.254147052764893,"seasonal_1_valid_loss":0.9724497489121203,"mae":33.78446960449219,"real_resid_stock_price":9.0556962299693,"final_predicted_stock_price":203.06553649902344,"periods":[252,504,756,1260],"real_seasonal_0_stock_price":-2.3363840891125545,"resid_train_loss":0.7228380235250362,"predicted_resid_stock_price":6.555558204650879,"depth":4}