{"mse":481.8124139914289,"_wandb":{"runtime":17},"real_resid_stock_price":30.052430487608945,"dim":128,"real_stock_price":218.94000244140625,"_step":9,"rmse":21.950225830078125,"real_seasonal_0_stock_price":-6.886692248923765,"real_seasonal_2_stock_price":16.307195141839433,"predicted_trend_stock_price":163.54681396484375,"periods":[252,504,756,1260],"AMZN Stock Price Prediction by iTransformer":{"format":"png","width":1000,"height":600,"_type":"image-file","sha256":"a649eb91e796f5c3236b0c39005c2df7e4e0506917ffebdfac3632e66d1d7062","size":50546,"path":"media/images/AMZN Stock Price Prediction by iTransformer_8_a649eb91e796f5c3236b.png"},"mae":21.950225830078125,"seasonal_2_train_loss":1.0200365488355905,"Runtime (seconds)":9.062037229537964,"seasonal_1_train_loss":0.35780017803219705,"predicted_resid_stock_price":11.526153564453125,"seasonal_0_train_loss":1.5344239905345858,"seasonal_3_valid_loss":0.29836939334948964,"depth":4,"predicted_seasonal_2_stock_price":11.23137092590332,"seasonal_0_valid_loss":1.0284935393039025,"real_seasonal_3_stock_price":9.210042698987007,"predicted_seasonal_0_stock_price":0.2298109382390976,"_timestamp":1.736739699769316e+09,"resid_train_loss":0.3589835459061867,"resid_valid_loss":0.530269547939614,"final_predicted_stock_price":196.98977661132812,"seasonal_3_train_loss":0.341943655990892,"_runtime":17.982447709,"seasonal_2_valid_loss":0.59083092212677,"seasonal_1_valid_loss":0.1313413024875347,"real_seasonal_1_stock_price":2.721535027645758,"real_trend_stock_price":167.5354913342489,"predicted_seasonal_1_stock_price":3.24787974357605,"trend_train_loss":0.1647758428179676,"trend_valid_loss":0.004965996484523914,"predicted_seasonal_3_stock_price":7.207746505737305}