{"mse":145.1327119397465,"_wandb":{"runtime":2663},"_step":302,"dim":128,"depth":4,"_timestamp":1.7390394335094433e+09,"Runtime (seconds)":189.68695259094238,"real_stock_price":187.13999938964844,"rmse":12.047103881835938,"mae":12.047103881835938,"valid_loss":0.031424243741159166,"train_loss":0.06090386389780825,"GOOG Stock Price Prediction by iTransformer(no MSTL)":{"_type":"image-file","sha256":"d70e29b06f7bd672029fdc41b1756cfd6bc6cffb2f20b0dd773d3a6fde3dd49a","size":54198,"path":"media/images/GOOG Stock Price Prediction by iTransformer(no MSTL)_301_d70e29b06f7bd672029f.png","format":"png","width":1000,"height":600},"r2_score":NaN,"predicted_stock_price":199.18710327148438,"_runtime":2663.996504933}