{"seasonal_2_train_loss":0.384944766273965,"depth":4,"mse":12181.412882267556,"_wandb":{"runtime":13},"trend_valid_loss":2.3808319568634033,"predicted_seasonal_2_stock_price":7.265081882476807,"seasonal_3_train_loss":1.1815158082659174,"Runtime (seconds)":7.770016193389893,"resid_train_loss":1.0181485464323812,"seasonal_3_valid_loss":0.27202725155415747,"trend_train_loss":0.8652240438422155,"real_seasonal_0_stock_price":-2.3363814402053156,"predicted_seasonal_1_stock_price":-4.078432559967041,"_step":9,"periods":[252,504,756,1260],"real_resid_stock_price":9.055696525493659,"_runtime":13.973255728,"predicted_resid_stock_price":-1.0757551193237305,"mae":110.36943817138672,"seasonal_0_train_loss":0.9666377428855578,"seasonal_1_valid_loss":0.3055782751807509,"predicted_trend_stock_price":117.86109924316406,"predicted_seasonal_3_stock_price":5.2389984130859375,"final_predicted_stock_price":126.4805679321289,"seasonal_2_valid_loss":0.15608978868190165,"dim":128,"real_seasonal_3_stock_price":4.670785095854443,"resid_valid_loss":1.6319959163665771,"seasonal_1_train_loss":0.8794160115723005,"predicted_seasonal_0_stock_price":1.2695711851119995,"real_seasonal_1_stock_price":-3.1406752439937935,"real_trend_stock_price":221.2601122377364,"seasonal_0_valid_loss":1.3171831196752088,"real_stock_price":236.85000610351562,"AAPL Stock Price Prediction by iTransformer":{"height":600,"_type":"image-file","sha256":"3ab79cef988f525816826de7760cd13ab8ee9aeaf17079fbf927168368660859","size":47254,"path":"media/images/AAPL Stock Price Prediction by iTransformer_8_3ab79cef988f52581682.png","format":"png","width":1000},"_timestamp":1.7367436776703541e+09,"real_seasonal_2_stock_price":7.3404689286302265,"rmse":110.36943817138672}