{"Runtime (seconds)":4.443459749221802,"real_trend_stock_price":221.26011165024812,"predicted_seasonal_3_stock_price":2.2459356784820557,"seasonal_1_train_loss":0.9318970320382628,"seasonal_2_valid_loss":0.3027696956177147,"_step":9,"rmse":95.27545166015625,"real_seasonal_0_stock_price":-2.3363791694012597,"seasonal_3_train_loss":0.5006716248510741,"seasonal_2_train_loss":0.4566077573064516,"real_stock_price":236.85000610351562,"_timestamp":1.736747081965936e+09,"trend_valid_loss":1.6862196922302246,"dim":128,"final_predicted_stock_price":141.57455444335938,"resid_train_loss":0.5439427854808289,"seasonal_0_train_loss":1.4605076432578017,"real_seasonal_1_stock_price":-3.1406762044385905,"predicted_resid_stock_price":1.577960729598999,"AAPL Stock Price Prediction by iTransformer":{"_type":"image-file","sha256":"5b3db94828a352904de8a9255f92a687ac92d390eed452a45d555ca457e9420e","size":47020,"path":"media/images/AAPL Stock Price Prediction by iTransformer_8_5b3db94828a352904de8.png","format":"png","width":1000,"height":600},"seasonal_0_valid_loss":3.0581248476138265,"_wandb":{"runtime":9},"periods":[252,504,756,1260],"_runtime":9.782860091,"predicted_trend_stock_price":134.40623474121094,"resid_valid_loss":0.7911155220564241,"real_seasonal_2_stock_price":7.340469929203827,"predicted_seasonal_2_stock_price":4.113226890563965,"mse":9077.41168904677,"predicted_seasonal_1_stock_price":-1.264098882675171,"depth":4,"seasonal_3_valid_loss":0.5789692144836954,"real_resid_stock_price":9.055692163766395,"trend_train_loss":0.19856988188626795,"predicted_seasonal_0_stock_price":0.49530094861984253,"seasonal_1_valid_loss":0.875010528168815,"mae":95.27545166015625,"real_seasonal_3_stock_price":4.6707877341371296}