{"_timestamp":1.7367077841295764e+09,"predicted_resid_stock_price":-11.865665435791016,"predicted_seasonal_0_stock_price":2.058973789215088,"rmse":206.38389205932617,"seasonal_1_valid_loss":0.2240123599767685,"resid_valid_loss":3.900100416607327,"predicted_seasonal_3_stock_price":-1.2355406284332275,"seasonal_2_valid_loss":0.489517830730824,"real_seasonal_1_stock_price":-3.1406739442554565,"AAPL Stock Price Prediction by iTransformer":{"size":44640,"path":"media/images/AAPL Stock Price Prediction by iTransformer_8_303a722780932036e47e.png","format":"png","width":1000,"height":600,"_type":"image-file","sha256":"303a722780932036e47e90c97e913d48d4972c409b2562c1d678413d11bb8598"},"depth":4,"dim":128,"real_seasonal_0_stock_price":-2.3363806025557166,"mae":206.38389205932617,"predicted_seasonal_2_stock_price":0.10001764446496964,"periods":[252,504,756,1260],"real_seasonal_3_stock_price":4.670783228392498,"resid_train_loss":3.2045768345739507,"seasonal_0_train_loss":0.4348619220559268,"seasonal_3_train_loss":0.7988701143753563,"mse":42594.3109015556,"real_resid_stock_price":9.05569403276803,"trend_train_loss":1.3379640686229743,"_step":9,"predicted_trend_stock_price":44.116817474365234,"seasonal_1_train_loss":0.4245901764511928,"final_predicted_stock_price":30.466114044189453,"predicted_seasonal_1_stock_price":-2.708488941192627,"real_stock_price":236.85000610351562,"Runtime (seconds)":5.542530059814453,"real_trend_stock_price":221.26011169855562,"seasonal_0_valid_loss":0.4973248739937442,"_runtime":11.391287982,"seasonal_3_valid_loss":0.2627664365722696,"_wandb":{"runtime":11},"real_seasonal_2_stock_price":7.340471690610651,"trend_valid_loss":3.9875987886178375,"seasonal_2_train_loss":1.2017738573611192}