{"seasonal_1_train_loss":0.6292330738052502,"seasonal_1_valid_loss":0.4886211390430863,"trend_train_loss":0.9351561457579811,"seasonal_3_valid_loss":0.2824811214386527,"trend_valid_loss":1.2080937228175497,"rmse":116.97845458984375,"final_predicted_stock_price":119.87155151367188,"_step":9,"real_seasonal_1_stock_price":-3.1406773595682287,"predicted_trend_stock_price":105.06969451904297,"_runtime":10.733655467,"real_seasonal_3_stock_price":4.670782574466663,"predicted_seasonal_3_stock_price":6.218503952026367,"real_stock_price":236.85000610351562,"periods":[252,504,756,1260],"real_trend_stock_price":221.26011150153323,"resid_valid_loss":0.41610421361618266,"real_resid_stock_price":9.055692600478807,"seasonal_0_train_loss":0.28370041640805993,"Runtime (seconds)":5.079576253890991,"predicted_seasonal_2_stock_price":-1.5120811462402344,"_wandb":{"runtime":10},"real_seasonal_0_stock_price":-2.336375111330601,"dim":128,"seasonal_2_valid_loss":1.922828539078977,"_timestamp":1.7367484352481992e+09,"depth":4,"mse":13683.958838228136,"AAPL Stock Price Prediction by iTransformer":{"path":"media/images/AAPL Stock Price Prediction by iTransformer_8_dc3d2656e4fb3ad3e490.png","format":"png","width":1000,"height":600,"_type":"image-file","sha256":"dc3d2656e4fb3ad3e4902c23b84b49084aac2c691b8dffcf9b461913d3cab6ee","size":47300},"seasonal_2_train_loss":1.6814037581625438,"real_seasonal_2_stock_price":7.34047189793575,"predicted_seasonal_1_stock_price":-0.6817523837089539,"seasonal_3_train_loss":0.6393848509799268,"mae":116.97845458984375,"resid_train_loss":0.6270236321283083,"predicted_seasonal_0_stock_price":1.5849242210388184,"predicted_resid_stock_price":9.192262649536133,"seasonal_0_valid_loss":0.2986617989807208}