{"depth":4,"real_seasonal_0_stock_price":-2.3363819687619998,"seasonal_2_train_loss":0.8729747496502048,"real_stock_price":236.85000610351562,"real_resid_stock_price":9.055693632311971,"trend_valid_loss":0.27293790325247824,"predicted_seasonal_3_stock_price":0.014978945255279541,"dim":128,"seasonal_0_valid_loss":2.1264268121411725,"trend_train_loss":0.04262602933553088,"seasonal_3_valid_loss":0.22983535843075448,"rmse":73.15080261230469,"_timestamp":1.7367182653375578e+09,"real_seasonal_1_stock_price":-3.1406759420764034,"_step":9,"real_seasonal_3_stock_price":4.6707857429257755,"predicted_seasonal_1_stock_price":-1.9933592081069946,"mae":73.15080261230469,"predicted_resid_stock_price":0.6456499099731445,"seasonal_3_train_loss":0.9337033500340695,"predicted_trend_stock_price":158.99432373046875,"seasonal_1_valid_loss":0.30481096839974703,"mse":5351.039922824362,"seasonal_0_train_loss":0.8331295835152311,"_runtime":8.269745823,"final_predicted_stock_price":163.69920349121094,"_wandb":{"runtime":8},"seasonal_1_train_loss":0.5458885891391397,"periods":[252,504,756,1260],"real_seasonal_2_stock_price":7.340472652404517,"predicted_seasonal_2_stock_price":4.509407997131348,"AAPL Stock Price Prediction by iTransformer":{"path":"media/images/AAPL Stock Price Prediction by iTransformer_8_6bf8f84f3c4948029d74.png","format":"png","width":1000,"height":600,"_type":"image-file","sha256":"6bf8f84f3c4948029d74942b0471c60f5f3722d33c24f14b6abdce160f100457","size":46852},"real_trend_stock_price":221.26011198671176,"seasonal_2_valid_loss":0.45939767893549527,"predicted_seasonal_0_stock_price":1.5282033681869507,"Runtime (seconds)":4.000527381896973,"resid_train_loss":1.6826696930855578,"resid_valid_loss":0.5004777399423931}