{"mse":8839.095546949888,"_timestamp":1.7367071307293313e+09,"real_trend_stock_price":167.5354913342489,"predicted_seasonal_1_stock_price":-0.46405357122421265,"dim":128,"seasonal_3_train_loss":0.6654917614129824,"depth":4,"real_stock_price":218.94000244140625,"predicted_seasonal_0_stock_price":-0.6456121802330017,"_wandb":{"runtime":13},"rmse":94.01646423339844,"predicted_trend_stock_price":92.23065185546875,"periods":[252,504,756,1260],"seasonal_0_valid_loss":1.6554924457765825,"predicted_seasonal_2_stock_price":12.020666122436523,"seasonal_1_train_loss":1.0206408007484589,"_runtime":13.42406644,"real_seasonal_0_stock_price":-6.886692248923765,"resid_valid_loss":0.631190460303734,"seasonal_0_train_loss":1.497456694958527,"predicted_resid_stock_price":11.255976676940918,"real_seasonal_1_stock_price":2.721535027645758,"real_resid_stock_price":30.052430487608945,"seasonal_2_valid_loss":0.13612941811459328,"final_predicted_stock_price":124.92353820800781,"seasonal_3_valid_loss":0.383925560501314,"seasonal_2_train_loss":0.2376437902444046,"trend_valid_loss":1.5185710707454816,"seasonal_1_valid_loss":0.8080599816567308,"trend_train_loss":0.5789864718914032,"real_seasonal_3_stock_price":9.210042698987007,"AMZN Stock Price Prediction by iTransformer":{"sha256":"41193efa86e605735a892b08714db4cccaf01597bce9ec507b24d0dc3f39b48b","size":46322,"path":"media/images/AMZN Stock Price Prediction by iTransformer_8_41193efa86e605735a89.png","format":"png","width":1000,"height":600,"_type":"image-file"},"Runtime (seconds)":6.553194999694824,"resid_train_loss":0.595728635568581,"predicted_seasonal_3_stock_price":10.525912284851074,"_step":9,"real_seasonal_2_stock_price":16.307195141839433,"mae":94.01646423339844}