{"_runtime":10.272339927,"trend_train_loss":0.1755007685939951,"real_trend_stock_price":167.5354913342489,"seasonal_0_train_loss":0.5032583190233673,"resid_train_loss":1.088506659644109,"real_stock_price":218.94000244140625,"seasonal_1_valid_loss":0.9190113509119039,"seasonal_2_train_loss":0.8402863809883725,"seasonal_2_valid_loss":0.4895513951778412,"mae":72.72506713867188,"AMZN Stock Price Prediction by iTransformer":{"sha256":"eecf0172a7fd580cf96f898b78766295ba4506e589dee5eda27be599cabedfa2","size":48886,"path":"media/images/AMZN Stock Price Prediction by iTransformer_8_eecf0172a7fd580cf96f.png","format":"png","width":1000,"height":600,"_type":"image-file"},"predicted_seasonal_2_stock_price":5.334750175476074,"rmse":72.72506713867188,"resid_valid_loss":1.0572996597771251,"Runtime (seconds)":4.39302921295166,"predicted_seasonal_1_stock_price":1.211455225944519,"_timestamp":1.736724058028603e+09,"_wandb":{"runtime":10},"real_resid_stock_price":30.052430487608945,"dim":128,"real_seasonal_2_stock_price":16.307195141839433,"seasonal_1_train_loss":1.074345326959646,"predicted_seasonal_0_stock_price":-3.849205732345581,"final_predicted_stock_price":146.21493530273438,"real_seasonal_0_stock_price":-6.886692248923765,"predicted_resid_stock_price":4.292277812957764,"predicted_seasonal_3_stock_price":13.152222633361816,"seasonal_0_valid_loss":0.5459208758033101,"real_seasonal_1_stock_price":2.721535027645758,"periods":[252,504,756,1260],"mse":5288.935390324332,"trend_valid_loss":0.5231830212553191,"seasonal_3_train_loss":0.9256227024103231,"depth":4,"_step":9,"predicted_trend_stock_price":126.07342529296875,"real_seasonal_3_stock_price":9.210042698987007,"seasonal_3_valid_loss":0.2004777992216381}