{"real_seasonal_3_stock_price":4.670791195055788,"seasonal_1_train_loss":1.1126290477369492,"depth":4,"seasonal_0_train_loss":0.4036424440957973,"predicted_seasonal_2_stock_price":2.909437656402588,"seasonal_2_train_loss":0.792070627689616,"seasonal_2_valid_loss":0.8118206314796949,"seasonal_0_valid_loss":0.8113948988429271,"real_trend_stock_price":221.26011148473157,"resid_valid_loss":2.2327892780303955,"final_predicted_stock_price":195.43850708007812,"real_seasonal_2_stock_price":7.340469494917016,"real_stock_price":236.85000610351562,"trend_train_loss":0.011021621654248826,"predicted_trend_stock_price":192.0308837890625,"real_seasonal_0_stock_price":-2.3363795465496326,"mse":1714.912251368165,"real_seasonal_1_stock_price":-3.1406792429485444,"trend_valid_loss":0.07190828353830779,"AAPL Stock Price Prediction by iTransformer":{"height":600,"_type":"image-file","sha256":"a4b39c6639d980e671f469c525b3b401763bcfb28a336e2fdbab3fa609f90d6e","size":48737,"path":"media/images/AAPL Stock Price Prediction by iTransformer_8_a4b39c6639d980e671f4.png","format":"png","width":1000},"seasonal_3_train_loss":1.259963375005762,"resid_train_loss":0.9116046625539798,"Runtime (seconds)":8.297945737838745,"real_resid_stock_price":9.055692718309444,"_timestamp":1.7367324322991974e+09,"predicted_seasonal_3_stock_price":-0.7202672958374023,"_wandb":{"runtime":17},"_step":9,"seasonal_3_valid_loss":1.310783928004749,"predicted_seasonal_0_stock_price":0.10608503222465515,"mae":41.4114990234375,"_runtime":17.355751576,"rmse":41.4114990234375,"periods":[252,504,756,1260],"dim":128,"predicted_resid_stock_price":1.2695329189300537,"seasonal_1_valid_loss":0.8633576000438017,"predicted_seasonal_1_stock_price":-0.15716223418712616}