{"train_loss":0.06861288934051213,"real_stock_price":193.30999755859375,"depth":4,"mae":3.02349853515625,"mse":9.14154339209199,"predicted_stock_price":196.33349609375,"rmse":3.02349853515625,"_wandb":{"runtime":5206},"_timestamp":1.7389414888884106e+09,"GOOG Stock Price Prediction by iTransformer(no MSTL)":{"_type":"image-file","sha256":"71f345d27f624e8567f7dba6cc4de7bf267f8399738e80658e5293eefa7c1a28","size":61796,"path":"media/images/GOOG Stock Price Prediction by iTransformer(no MSTL)_131_71f345d27f624e8567f7.png","format":"png","width":1000,"height":600},"_step":132,"Runtime (seconds)":156.16266703605652,"r2_score":NaN,"dim":128,"valid_loss":0.04004170485707217,"_runtime":5206.86002442}