{"Runtime (seconds)":6.654214859008789,"seasonal_2_valid_loss":2.09001225844605,"seasonal_1_valid_loss":0.14715218342864475,"real_seasonal_1_stock_price":2.721535027645758,"predicted_resid_stock_price":16.488052368164062,"real_seasonal_3_stock_price":9.210042698987007,"resid_valid_loss":0.26135022327071056,"depth":4,"mae":37.58111572265625,"mse":1412.3402589596808,"seasonal_1_train_loss":0.4789335584472459,"real_seasonal_2_stock_price":16.307195141839433,"real_stock_price":218.94000244140625,"final_predicted_stock_price":181.35888671875,"real_seasonal_0_stock_price":-6.886692248923765,"periods":[252,504,756,1260],"_runtime":13.360690385,"dim":128,"trend_valid_loss":0.055709973072734446,"real_resid_stock_price":30.052430487608945,"predicted_seasonal_2_stock_price":14.035785675048828,"_timestamp":1.7367256969357872e+09,"_wandb":{"runtime":13},"rmse":37.58111572265625,"seasonal_3_train_loss":0.6902357002926502,"AMZN Stock Price Prediction by iTransformer":{"_type":"image-file","sha256":"692b618ab0b33af5ce05f855f98d168ac2d2104fb08a425945320292754da9c3","size":48100,"path":"media/images/AMZN Stock Price Prediction by iTransformer_8_692b618ab0b33af5ce05.png","format":"png","width":1000,"height":600},"predicted_trend_stock_price":144.0465545654297,"seasonal_3_valid_loss":0.1353967420208424,"seasonal_0_valid_loss":0.12424806055697528,"predicted_seasonal_1_stock_price":2.1998443603515625,"predicted_seasonal_0_stock_price":-4.737558364868164,"_step":9,"seasonal_2_train_loss":1.3379856926736096,"predicted_seasonal_3_stock_price":9.326212882995605,"seasonal_0_train_loss":0.32893364254944174,"resid_train_loss":0.4395647931468579,"real_trend_stock_price":167.5354913342489,"trend_train_loss":0.20461177249078413}