{"AAPL Stock Price Prediction by iTransformer":{"height":600,"_type":"image-file","sha256":"0faf3876218317cd06465d65648c30899602f33584c610adb7f1c7945cfcbd2c","size":44603,"path":"media/images/AAPL Stock Price Prediction by iTransformer_8_0faf3876218317cd0646.png","format":"png","width":1000},"_timestamp":1.7367072595980346e+09,"predicted_seasonal_3_stock_price":5.861600875854492,"resid_valid_loss":0.9665923714637756,"Runtime (seconds)":5.917778253555298,"seasonal_0_valid_loss":1.7930901188116808,"real_trend_stock_price":221.26011195115055,"real_seasonal_1_stock_price":-3.1406748157278197,"seasonal_1_train_loss":0.42637678777091265,"_runtime":12.194575818,"real_resid_stock_price":9.055694704983239,"dim":128,"seasonal_1_valid_loss":0.4879165195399501,"real_seasonal_3_stock_price":4.670780765731138,"predicted_seasonal_2_stock_price":4.245399475097656,"mse":36063.24353761751,"seasonal_2_valid_loss":0.3788126358598993,"real_seasonal_0_stock_price":-2.336378835336568,"rmse":189.90324783325195,"seasonal_0_train_loss":0.8752168766148303,"real_stock_price":236.85000610351562,"resid_train_loss":0.5982285720654508,"periods":[252,504,756,1260],"predicted_resid_stock_price":2.796083688735962,"depth":4,"mae":189.90324783325195,"trend_train_loss":1.6422977370943586,"_step":9,"seasonal_2_train_loss":0.543949555690126,"final_predicted_stock_price":46.94675827026367,"seasonal_3_valid_loss":0.1784486531872641,"predicted_seasonal_0_stock_price":-0.44606873393058777,"_wandb":{"runtime":12},"seasonal_3_train_loss":0.5866372771422298,"real_seasonal_2_stock_price":7.340472332715074,"trend_valid_loss":5.953373234933584,"predicted_trend_stock_price":34.98365783691406,"predicted_seasonal_1_stock_price":-0.49392059445381165}