{"seasonal_3_train_loss":2.2063746812317704,"dim":128,"real_resid_stock_price":9.055691551148186,"depth":4,"_timestamp":1.736742499793275e+09,"predicted_seasonal_2_stock_price":6.373745441436768,"predicted_seasonal_0_stock_price":-2.5445199012756348,"real_seasonal_1_stock_price":-3.1406747141612708,"_wandb":{"runtime":10},"final_predicted_stock_price":182.69754028320312,"predicted_trend_stock_price":166.0279083251953,"trend_valid_loss":0.23518964306988752,"real_seasonal_3_stock_price":4.670778010849938,"_step":9,"seasonal_3_valid_loss":0.19032838572579694,"mse":2932.4895544201136,"resid_train_loss":0.6592907097255974,"Runtime (seconds)":5.15892219543457,"seasonal_0_train_loss":1.5618077149068503,"real_stock_price":236.85000610351562,"trend_train_loss":0.17395420883273013,"mae":54.1524658203125,"real_seasonal_0_stock_price":-2.336371531708057,"seasonal_1_valid_loss":0.6199345071261071,"resid_valid_loss":0.8352334570965878,"rmse":54.1524658203125,"AAPL Stock Price Prediction by iTransformer":{"format":"png","width":1000,"height":600,"_type":"image-file","sha256":"9b6bef5dab14a2e4a357ae095797f501e689a676bc40a453d30da3b8cf3b2c42","size":49519,"path":"media/images/AAPL Stock Price Prediction by iTransformer_8_9b6bef5dab14a2e4a357.png"},"seasonal_2_train_loss":0.7169239387061774,"predicted_seasonal_3_stock_price":13.81350326538086,"seasonal_1_train_loss":1.0812765163010352,"_runtime":10.789508547,"real_trend_stock_price":221.26011228951478,"predicted_resid_stock_price":-0.16950249671936035,"real_seasonal_2_stock_price":7.34047049787204,"predicted_seasonal_1_stock_price":-0.8035911917686462,"seasonal_0_valid_loss":3.1149154500999,"seasonal_2_valid_loss":0.3178641886350168,"periods":[252,504,756,1260]}