{"predicted_trend_stock_price":149.64996337890625,"seasonal_0_valid_loss":0.208854773873563,"predicted_seasonal_3_stock_price":6.324533939361572,"dim":128,"_step":9,"resid_valid_loss":0.9568260094401978,"mse":2414.520598447183,"trend_valid_loss":0.07161867866913478,"real_seasonal_0_stock_price":-6.886692248923765,"final_predicted_stock_price":169.80223083496094,"resid_train_loss":1.1209134816920217,"mae":49.13777160644531,"periods":[252,504,756,1260],"_timestamp":1.736714190414213e+09,"real_seasonal_1_stock_price":2.721535027645758,"predicted_resid_stock_price":18.10263442993164,"predicted_seasonal_2_stock_price":-0.39788809418678284,"_wandb":{"runtime":11},"seasonal_2_train_loss":1.3773815837677885,"real_seasonal_3_stock_price":9.210042698987007,"seasonal_0_train_loss":0.7885080664163415,"Runtime (seconds)":5.870256662368774,"depth":4,"_runtime":11.735302859,"trend_train_loss":0.12708141607191292,"real_trend_stock_price":167.5354913342489,"seasonal_3_valid_loss":0.27577003346096657,"real_seasonal_2_stock_price":16.307195141839433,"real_stock_price":218.94000244140625,"predicted_seasonal_0_stock_price":-7.427094459533691,"real_resid_stock_price":30.052430487608945,"seasonal_1_valid_loss":0.21384237991584526,"seasonal_2_valid_loss":0.8693510514120708,"AMZN Stock Price Prediction by iTransformer":{"size":48604,"path":"media/images/AMZN Stock Price Prediction by iTransformer_8_cec3706e58b34433af53.png","format":"png","width":1000,"height":600,"_type":"image-file","sha256":"cec3706e58b34433af53e8954b1e16737a858058ea9347943386c2a1687b2f06"},"seasonal_1_train_loss":0.5727570414642866,"predicted_seasonal_1_stock_price":3.550078868865967,"rmse":49.13777160644531,"seasonal_3_train_loss":1.2377712168526567}