{"predicted_stock_price":238.75970458984375,"_step":302,"AAPL Stock Price Prediction by Transformer(no MSTL)":{"format":"png","width":1000,"height":600,"_type":"image-file","sha256":"aefe81490efd31bce856908d07ccddce4aec8670ec5115f10c6c3cf14d7f82e9","size":57205,"path":"media/images/AAPL Stock Price Prediction by Transformer(no MSTL)_301_aefe81490efd31bce856.png"},"real_stock_price":252.1999969482422,"valid_loss":0.11145110482849725,"train_loss":0.0696605056593649,"dim":128,"depth":4,"rmse":13.440292358398438,"mse":180.64145867922343,"_timestamp":1.7363200996814008e+09,"Runtime (seconds)":988.9348011016846,"_wandb":{"runtime":13403},"_runtime":13403.827714012,"r2_score":NaN,"mae":13.440292358398438}