{"_timestamp":1.7386447993360395e+09,"_runtime":6137.090785537,"predicted_stock_price":109.37409210205078,"_step":302,"r2_score":NaN,"mae":2.9540939331054688,"rmse":2.9540939331054688,"valid_loss":0.0329758882522583,"_wandb":{"runtime":6137},"mse":8.726670965610538,"XOM Stock Price Prediction by iTransformer(no MSTL)":{"width":1000,"height":600,"_type":"image-file","sha256":"31fb66586a635e5a4ae52f7e808b9df09d53c8ecd5e219f6162459bb0098cb4c","size":48357,"path":"media/images/XOM Stock Price Prediction by iTransformer(no MSTL)_301_31fb66586a635e5a4ae5.png","format":"png"},"train_loss":0.013570209595930626,"real_stock_price":106.41999816894531,"Runtime (seconds)":353.15284490585327,"dim":128,"depth":4}