{"final_predicted_stock_price":128.05282592773438,"real_seasonal_1_stock_price":2.011597932087691,"seasonal_2_valid_loss":0.6006264697752995,"AMZN Stock Price Prediction by Transformer":{"size":50913,"path":"media/images/AMZN Stock Price Prediction by Transformer_8_7a0aad109c1c89bf9cee.png","format":"png","width":1000,"height":600,"_type":"image-file","sha256":"7a0aad109c1c89bf9cee2b93899820d48476a548683ca7c0f7d43f0764b1c0f1"},"predicted_seasonal_2_stock_price":5.530661106109619,"resid_train_loss":1.7703872710593382,"_step":9,"seasonal_0_valid_loss":1.1290667414665223,"trend_valid_loss":0.542521976546882,"mse":4770.273859844543,"seasonal_2_train_loss":0.867190181642077,"seasonal_0_train_loss":2.129862853468501,"dim":128,"rmse":69.06716918945312,"real_stock_price":197.1199951171875,"_runtime":22.498830663,"predicted_seasonal_3_stock_price":17.421672821044922,"mae":69.06716918945312,"resid_valid_loss":1.1204554016423816,"real_resid_stock_price":21.380741872772603,"real_seasonal_0_stock_price":-4.429295570694552,"depth":4,"real_seasonal_3_stock_price":1.518853140326739,"seasonal_3_valid_loss":4.404149249595701,"seasonal_3_train_loss":2.1712761940922705,"predicted_trend_stock_price":111.34005737304688,"real_trend_stock_price":161.1927386538149,"periods":[252,504,756,1260],"predicted_resid_stock_price":-5.726316452026367,"_wandb":{"runtime":22},"predicted_seasonal_0_stock_price":-2.71384596824646,"Runtime (seconds)":9.8885178565979,"real_seasonal_2_stock_price":15.445359088880148,"trend_train_loss":0.4299905320345345,"seasonal_1_train_loss":1.9822061258214554,"_timestamp":1.7367847459800808e+09,"predicted_seasonal_1_stock_price":2.200589656829834,"seasonal_1_valid_loss":0.2847205018315368}