{"final_predicted_stock_price":205.6414337158203,"trend_train_loss":0.056718933725516424,"_timestamp":1.7367463245066118e+09,"real_trend_stock_price":221.26011204714322,"seasonal_0_train_loss":0.7515199322652936,"seasonal_3_train_loss":0.8474423993015042,"periods":[252,504,756,1260],"_step":9,"predicted_seasonal_1_stock_price":-0.5986483097076416,"mse":973.9749904780183,"real_seasonal_0_stock_price":-2.336377209918823,"predicted_trend_stock_price":202.85520935058594,"predicted_seasonal_3_stock_price":-5.483814239501953,"AAPL Stock Price Prediction by iTransformer":{"format":"png","width":1000,"height":600,"_type":"image-file","sha256":"61c17b840a89362265c860a9e0a3bc074800cd4e0e2ee7b0402e11f7f25b27e5","size":48600,"path":"media/images/AAPL Stock Price Prediction by iTransformer_8_61c17b840a89362265c8.png"},"real_stock_price":236.85000610351562,"dim":128,"predicted_seasonal_0_stock_price":1.075998306274414,"real_seasonal_3_stock_price":4.670785512322157,"depth":4,"_wandb":{"runtime":18},"Runtime (seconds)":9.074095010757446,"predicted_seasonal_2_stock_price":10.78361701965332,"seasonal_2_train_loss":0.9644425651296417,"mae":31.208572387695312,"predicted_resid_stock_price":-2.990941047668457,"seasonal_3_valid_loss":0.32500365589346203,"seasonal_0_valid_loss":0.9628692526856194,"real_seasonal_1_stock_price":-3.1406802239477605,"seasonal_2_valid_loss":0.4317051573406632,"seasonal_1_valid_loss":0.8944055224076296,"resid_valid_loss":1.3968636170752997,"real_seasonal_2_stock_price":7.340472468523751,"real_resid_stock_price":9.055693509393052,"resid_train_loss":1.1446306032661242,"seasonal_1_train_loss":0.9522700963430847,"_runtime":18.356745262,"rmse":31.208572387695312,"trend_valid_loss":0.026942963491154198}