{"_timestamp":1.7385839929477596e+09,"mse":2.8216320346691646,"_runtime":3464.604380125,"real_stock_price":117.97000122070312,"XOM Stock Price Prediction by iTransformer(no MSTL)":{"format":"png","width":1000,"height":600,"_type":"image-file","sha256":"71c7360d36c9f6fd81ec4ee2c159c99c2e74a88b57871bd509726e06c5d435a4","size":61556,"path":"media/images/XOM Stock Price Prediction by iTransformer(no MSTL)_269_71c7360d36c9f6fd81ec.png"},"mae":1.6797714233398438,"rmse":1.6797714233398438,"r2_score":NaN,"Runtime (seconds)":263.3040645122528,"train_loss":0.032895477915319375,"dim":128,"_wandb":{"runtime":3464},"valid_loss":0.04073212668299675,"depth":4,"_step":270,"predicted_stock_price":119.64977264404297}