{"seasonal_3_train_loss":1.0754785302400542,"seasonal_2_valid_loss":0.1577971804027374,"resid_train_loss":0.7929941345532019,"seasonal_0_valid_loss":0.9165057433777101,"real_seasonal_0_stock_price":-6.886692248923765,"predicted_resid_stock_price":-0.6011087894439697,"real_trend_stock_price":167.5354913342489,"real_resid_stock_price":30.052430487608945,"resid_valid_loss":0.823727481915514,"real_seasonal_3_stock_price":9.210042698987007,"mse":2992.188156322576,"seasonal_1_valid_loss":0.3342235401272774,"_step":9,"Runtime (seconds)":6.252976894378662,"final_predicted_stock_price":164.23910522460938,"depth":4,"seasonal_2_train_loss":0.6826506005437434,"predicted_seasonal_2_stock_price":9.33702278137207,"dim":128,"AMZN Stock Price Prediction by iTransformer":{"sha256":"5417682a56999da8b3d9521119e7f294f48a1303ef397c02d71039142fac5fe0","size":48250,"path":"media/images/AMZN Stock Price Prediction by iTransformer_8_5417682a56999da8b3d9.png","format":"png","width":1000,"height":600,"_type":"image-file"},"seasonal_0_train_loss":0.7256104917985046,"_runtime":13.928223954,"seasonal_3_valid_loss":0.2877046370671855,"trend_valid_loss":0.07407371974172625,"_wandb":{"runtime":13},"predicted_seasonal_0_stock_price":1.9298807382583618,"real_seasonal_1_stock_price":2.721535027645758,"seasonal_1_train_loss":0.6635569987738296,"predicted_seasonal_3_stock_price":3.4993746280670166,"trend_train_loss":0.31272316670252703,"_timestamp":1.7367476006634834e+09,"predicted_seasonal_1_stock_price":3.295581102371216,"real_stock_price":218.94000244140625,"predicted_trend_stock_price":146.77835083007812,"real_seasonal_2_stock_price":16.307195141839433,"rmse":54.700897216796875,"mae":54.700897216796875,"periods":[252,504,756,1260]}