{"resid_train_loss":0.6563025290703045,"predicted_seasonal_1_stock_price":0.3771810531616211,"real_trend_stock_price":167.5354913342489,"real_seasonal_3_stock_price":9.210042698987007,"predicted_resid_stock_price":8.07376480102539,"real_resid_stock_price":30.052430487608945,"periods":[252,504,756,1260],"predicted_seasonal_0_stock_price":-2.0321974754333496,"predicted_seasonal_3_stock_price":1.823838472366333,"predicted_seasonal_2_stock_price":20.605295181274414,"seasonal_2_train_loss":0.8422806709723062,"rmse":55.06278991699219,"trend_train_loss":1.258619044520924,"dim":128,"resid_valid_loss":0.3239448409454495,"seasonal_3_train_loss":1.0964601355369032,"mse":3031.9108334428165,"_step":9,"final_predicted_stock_price":163.87721252441406,"seasonal_0_train_loss":1.0889963770219366,"depth":4,"real_seasonal_1_stock_price":2.721535027645758,"seasonal_1_valid_loss":0.3665437419864713,"real_stock_price":218.94000244140625,"real_seasonal_2_stock_price":16.307195141839433,"seasonal_0_valid_loss":1.37518310546875,"_timestamp":1.736711814428455e+09,"mae":55.06278991699219,"seasonal_1_train_loss":1.1684339521275726,"seasonal_2_valid_loss":0.35732379158649324,"seasonal_3_valid_loss":0.875264335755379,"Runtime (seconds)":4.852814197540283,"real_seasonal_0_stock_price":-6.886692248923765,"_runtime":9.977314286,"trend_valid_loss":0.3209124739887645,"predicted_trend_stock_price":135.02932739257812,"AMZN Stock Price Prediction by iTransformer":{"size":48194,"path":"media/images/AMZN Stock Price Prediction by iTransformer_8_351db7c13961886c5780.png","format":"png","width":1000,"height":600,"_type":"image-file","sha256":"351db7c13961886c57800b19909ccf4be09dcff3bb3b6f106fc127d27eba4fee"},"_wandb":{"runtime":9}}