{"seasonal_3_train_loss":1.8122485204930037,"Runtime (seconds)":3.599320650100708,"seasonal_0_train_loss":0.40686160375325825,"_step":9,"_timestamp":1.7367100399245884e+09,"predicted_seasonal_3_stock_price":3.0034499168395996,"trend_valid_loss":6.121183904121098,"real_trend_stock_price":221.26011234683054,"real_resid_stock_price":9.055699688841912,"real_stock_price":236.85000610351562,"mse":54346.30918565985,"seasonal_0_valid_loss":0.29830994839450703,"depth":4,"periods":[252,504,756,1260],"AAPL Stock Price Prediction by iTransformer":{"width":1000,"height":600,"_type":"image-file","sha256":"cf727d6abebd73195395575f82c23c79bc922af9bf12a1c8f7235f02dd2f838f","size":44644,"path":"media/images/AAPL Stock Price Prediction by iTransformer_8_cf727d6abebd73195395.png","format":"png"},"real_seasonal_1_stock_price":-3.14067569474796,"seasonal_3_valid_loss":1.4710070224908682,"mae":233.1229486465454,"_runtime":7.6296206600000005,"real_seasonal_3_stock_price":4.670779331879781,"predicted_resid_stock_price":-1.0598047971725464,"seasonal_2_train_loss":0.9313815442615487,"dim":128,"resid_valid_loss":1.4684205453542736,"seasonal_1_train_loss":0.27209414426569073,"real_seasonal_2_stock_price":7.340471692542069,"predicted_trend_stock_price":3.043182373046875,"rmse":233.1229486465454,"predicted_seasonal_1_stock_price":-3.328023910522461,"seasonal_2_valid_loss":0.5961395445466041,"seasonal_1_valid_loss":0.14097321764478143,"trend_train_loss":1.6156676344921965,"real_seasonal_0_stock_price":-2.336381261830734,"predicted_seasonal_0_stock_price":1.104509711265564,"_wandb":{"runtime":7},"predicted_seasonal_2_stock_price":0.9637441039085388,"resid_train_loss":0.8553591960402049,"final_predicted_stock_price":3.727057456970215}