{"_wandb":{"runtime":15},"trend_train_loss":3.3192232196981255,"depth":4,"_timestamp":1.7367482147733479e+09,"predicted_seasonal_1_stock_price":-3.4564013481140137,"real_trend_stock_price":221.26011189356717,"seasonal_2_valid_loss":0.0695338167166442,"mae":210.87554931640625,"seasonal_0_valid_loss":0.14708447654288,"_runtime":15.008908398,"seasonal_3_valid_loss":0.8991372588108171,"final_predicted_stock_price":25.974456787109375,"real_seasonal_1_stock_price":-3.140673880771534,"real_seasonal_3_stock_price":4.670787726965003,"seasonal_0_train_loss":0.6503731970403621,"predicted_resid_stock_price":4.066431999206543,"seasonal_1_train_loss":1.0948486095840202,"periods":[252,504,756,1260],"Runtime (seconds)":7.1114583015441895,"AAPL Stock Price Prediction by iTransformer":{"format":"png","width":1000,"height":600,"_type":"image-file","sha256":"19ef09e6ea57e0bfb51249417d000cbd28c35afcba1548092e36dd3adbdfaf22","size":44564,"path":"media/images/AAPL Stock Price Prediction by iTransformer_8_19ef09e6ea57e0bfb512.png"},"real_seasonal_0_stock_price":-2.3363821832369718,"predicted_trend_stock_price":21.424728393554688,"predicted_seasonal_0_stock_price":0.5284026861190796,"_step":9,"dim":128,"rmse":210.87554931640625,"predicted_seasonal_3_stock_price":-2.4943184852600098,"real_resid_stock_price":9.055695198054764,"predicted_seasonal_2_stock_price":5.905612945556641,"trend_valid_loss":6.226091585341533,"mse":44468.497299496084,"resid_train_loss":0.840749851512638,"resid_valid_loss":0.4838144910058484,"real_stock_price":236.85000610351562,"seasonal_1_valid_loss":0.2834094348758789,"seasonal_3_train_loss":2.3777499728315457,"real_seasonal_2_stock_price":7.340467348937177,"seasonal_2_train_loss":0.15552959417432083}