{"seasonal_1_valid_loss":0.416599775170646,"real_seasonal_2_stock_price":16.307195141839433,"AMZN Stock Price Prediction by iTransformer":{"format":"png","width":1000,"height":600,"_type":"image-file","sha256":"d6784b0360f8e614dabcd87510e57321f252bd44ba71c36ec021e3fa1184b324","size":50916,"path":"media/images/AMZN Stock Price Prediction by iTransformer_8_d6784b0360f8e614dabc.png"},"seasonal_3_valid_loss":0.232170495216207,"resid_valid_loss":0.4088357078428028,"_timestamp":1.7367290330168417e+09,"seasonal_2_valid_loss":0.11327918737076452,"periods":[252,504,756,1260],"real_seasonal_0_stock_price":-6.886692248923765,"real_seasonal_1_stock_price":2.721535027645758,"predicted_trend_stock_price":146.30088806152344,"seasonal_0_valid_loss":0.22164800612916868,"seasonal_1_train_loss":0.831758476414923,"rmse":23.783294677734375,"predicted_seasonal_1_stock_price":2.454739809036255,"predicted_resid_stock_price":35.979923248291016,"final_predicted_stock_price":195.15670776367188,"_step":9,"dim":128,"seasonal_0_train_loss":0.45782336136959134,"real_seasonal_3_stock_price":9.210042698987007,"predicted_seasonal_2_stock_price":8.70315933227539,"trend_valid_loss":0.05133720420441833,"predicted_seasonal_3_stock_price":8.577696800231934,"real_trend_stock_price":167.5354913342489,"depth":4,"_runtime":11.321626087,"_wandb":{"runtime":11},"mae":23.783294677734375,"mse":565.6451057279482,"real_resid_stock_price":30.052430487608945,"seasonal_2_train_loss":0.40968994442579776,"trend_train_loss":0.835659193528935,"real_stock_price":218.94000244140625,"resid_train_loss":0.9086482190398435,"predicted_seasonal_0_stock_price":-6.8596954345703125,"Runtime (seconds)":6.720533132553101,"seasonal_3_train_loss":0.7628311882810902}