{"predicted_seasonal_3_stock_price":11.736905097961426,"trend_train_loss":0.3913503013379519,"seasonal_0_train_loss":0.9901333062975238,"predicted_resid_stock_price":4.557498931884766,"real_seasonal_0_stock_price":-2.336377388108884,"periods":[252,504,756,1260],"_wandb":{"runtime":14},"real_resid_stock_price":9.055692090245799,"predicted_trend_stock_price":154.83810424804688,"predicted_seasonal_0_stock_price":0.3422447443008423,"mse":4400.159020448336,"predicted_seasonal_2_stock_price":1.0030617713928223,"real_trend_stock_price":221.26011201592644,"trend_valid_loss":0.48603898931193995,"seasonal_1_train_loss":0.9317727031214105,"real_seasonal_1_stock_price":-3.140676374425813,"seasonal_3_train_loss":0.6202925098104187,"_runtime":14.349804962,"resid_train_loss":0.5324814062454513,"resid_valid_loss":0.5984719592039702,"predicted_seasonal_1_stock_price":-1.9614988565444946,"seasonal_3_valid_loss":0.27827924728937536,"real_seasonal_2_stock_price":7.340471324755216,"AAPL Stock Price Prediction by iTransformer":{"format":"png","width":1000,"height":600,"_type":"image-file","sha256":"813d071e5164a65226aead1cb71c615e1e86893c7c6d96b45611a27ae6014e44","size":46298,"path":"media/images/AAPL Stock Price Prediction by iTransformer_8_813d071e5164a65226ae.png"},"seasonal_2_train_loss":0.6961509361497314,"real_stock_price":236.85000610351562,"seasonal_2_valid_loss":0.7107921698548663,"mae":66.33369445800781,"Runtime (seconds)":5.941401720046997,"rmse":66.33369445800781,"depth":4,"_timestamp":1.73674666264262e+09,"real_seasonal_3_stock_price":4.670784435122867,"_step":9,"seasonal_1_valid_loss":0.2246086225800571,"final_predicted_stock_price":170.5163116455078,"dim":128,"seasonal_0_valid_loss":1.7854963541030884}