{"final_predicted_stock_price":107.01182556152344,"real_seasonal_0_stock_price":-6.886692248923765,"seasonal_3_valid_loss":0.7428970171345605,"rmse":111.92817687988281,"trend_valid_loss":2.2166452407836914,"seasonal_1_train_loss":1.5941111016874636,"periods":[252,504,756,1260],"resid_train_loss":0.5073567858629486,"_runtime":10.976705738,"seasonal_2_train_loss":1.3793861725625984,"mse":12527.916779654333,"real_resid_stock_price":30.052430487608945,"mae":111.92817687988281,"dim":128,"_timestamp":1.7367268954348276e+09,"_wandb":{"runtime":10},"predicted_seasonal_3_stock_price":-7.354576110839844,"predicted_resid_stock_price":28.841773986816406,"predicted_trend_stock_price":88.72473907470703,"predicted_seasonal_0_stock_price":-7.460216999053955,"seasonal_0_train_loss":0.2455350088530639,"Runtime (seconds)":4.78815484046936,"_step":9,"real_seasonal_3_stock_price":9.210042698987007,"resid_valid_loss":1.5893284264532193,"real_seasonal_2_stock_price":16.307195141839433,"AMZN Stock Price Prediction by iTransformer":{"height":600,"_type":"image-file","sha256":"391cc92b8f20952addecd8c92afed78243e89a6de29d985aede2bee6b0f5bf6c","size":46315,"path":"media/images/AMZN Stock Price Prediction by iTransformer_8_391cc92b8f20952addec.png","format":"png","width":1000},"seasonal_3_train_loss":0.7401194399044809,"depth":4,"predicted_seasonal_2_stock_price":5.672818660736084,"seasonal_1_valid_loss":1.7177095122453643,"real_seasonal_1_stock_price":2.721535027645758,"real_stock_price":218.94000244140625,"seasonal_0_valid_loss":0.16564553801264334,"trend_train_loss":1.2916629592170128,"predicted_seasonal_1_stock_price":-1.4127134084701538,"real_trend_stock_price":167.5354913342489,"seasonal_2_valid_loss":1.0300984412136645}