{"trend_train_loss":0.2077860823026566,"predicted_seasonal_2_stock_price":10.226095199584961,"real_stock_price":218.94000244140625,"_wandb":{"runtime":19},"real_seasonal_2_stock_price":16.307195141839433,"real_seasonal_3_stock_price":9.210042698987007,"predicted_seasonal_1_stock_price":2.1678807735443115,"dim":128,"_timestamp":1.736745611992904e+09,"real_seasonal_1_stock_price":2.721535027645758,"real_seasonal_0_stock_price":-6.886692248923765,"seasonal_2_valid_loss":0.2131334645629494,"_step":9,"mse":2417.24757857644,"seasonal_3_valid_loss":0.6525486491731616,"predicted_resid_stock_price":11.971297264099121,"predicted_trend_stock_price":156.2039794921875,"depth":4,"real_trend_stock_price":167.5354913342489,"seasonal_1_train_loss":0.5118109346334764,"AMZN Stock Price Prediction by iTransformer":{"path":"media/images/AMZN Stock Price Prediction by iTransformer_8_b64d5cd1b4c3a3805bcc.png","format":"png","width":1000,"height":600,"_type":"image-file","sha256":"b64d5cd1b4c3a3805bccf6fef719af38374e623622aba7b6a84833223d64bcd9","size":48562},"resid_valid_loss":0.2938778715446418,"predicted_seasonal_3_stock_price":-8.8700590133667,"seasonal_0_valid_loss":0.49380368996510465,"_runtime":19.583020105,"predicted_seasonal_0_stock_price":-1.9247039556503296,"seasonal_1_valid_loss":0.364316612701513,"Runtime (seconds)":8.328325271606445,"seasonal_0_train_loss":0.6020032439330979,"seasonal_3_train_loss":1.4169954987807447,"rmse":49.16551208496094,"final_predicted_stock_price":169.7744903564453,"seasonal_2_train_loss":0.4155917587440188,"mae":49.16551208496094,"real_resid_stock_price":30.052430487608945,"periods":[252,504,756,1260],"resid_train_loss":0.6721393198091933,"trend_valid_loss":0.02322445802238523}