{"seasonal_2_valid_loss":0.5317056973373444,"final_predicted_stock_price":149.4502716064453,"mse":4828.822691515321,"seasonal_0_valid_loss":1.3816952756846075,"dim":128,"trend_train_loss":0.5617839689639855,"predicted_seasonal_2_stock_price":4.346535682678223,"_timestamp":1.7367082734566758e+09,"real_seasonal_0_stock_price":-6.886692248923765,"predicted_seasonal_3_stock_price":9.514037132263184,"predicted_seasonal_1_stock_price":-3.1765763759613037,"seasonal_1_train_loss":1.8852171079296518,"real_seasonal_3_stock_price":9.210042698987007,"real_seasonal_1_stock_price":2.721535027645758,"resid_valid_loss":1.3891337070059269,"_step":9,"rmse":69.48973083496094,"seasonal_3_train_loss":0.9681482288500537,"seasonal_3_valid_loss":0.7316537780152319,"_runtime":11.760898996,"seasonal_1_valid_loss":1.9004624977852533,"real_stock_price":218.94000244140625,"real_resid_stock_price":30.052430487608945,"periods":[252,504,756,1260],"real_trend_stock_price":167.5354913342489,"Runtime (seconds)":5.299669027328491,"predicted_resid_stock_price":35.59355926513672,"mae":69.48973083496094,"seasonal_2_train_loss":0.5561652083938606,"AMZN Stock Price Prediction by iTransformer":{"sha256":"8efa349b43552d5246f440bc3b36285d72359f3fc3a9f7fe72787882892edb22","size":48936,"path":"media/images/AMZN Stock Price Prediction by iTransformer_8_8efa349b43552d5246f4.png","format":"png","width":1000,"height":600,"_type":"image-file"},"real_seasonal_2_stock_price":16.307195141839433,"_wandb":{"runtime":11},"seasonal_0_train_loss":1.3438468076970937,"trend_valid_loss":1.2295163294258902,"predicted_trend_stock_price":99.88154602050781,"predicted_seasonal_0_stock_price":3.291167736053467,"resid_train_loss":1.121249564837765,"depth":4}