{"mae":1.39453125,"resid_valid_loss":0.009971029746035734,"periods":[252,504,756,1260],"seasonal_2_train_loss":0.0001928608603662172,"_timestamp":1.7386258261672912e+09,"trend_train_loss":0.0005291563648083645,"predicted_resid_stock_price":1.5421168804168701,"predicted_seasonal_0_stock_price":0.3327382802963257,"_step":1627,"seasonal_0_valid_loss":0.0004114886398064741,"real_seasonal_1_stock_price":1.657598142979449,"real_stock_price":119.97000122070312,"mse":1.9447174072265625,"_runtime":28559.467565167,"depth":4,"Runtime (seconds)":1718.0766022205353,"seasonal_3_valid_loss":0.003817138150739281,"real_seasonal_3_stock_price":6.890838913974587,"dim":128,"predicted_seasonal_1_stock_price":1.7386747598648071,"_wandb":{"runtime":28559},"real_seasonal_2_stock_price":-0.2066812865345954,"real_resid_stock_price":1.3993135067927938,"final_predicted_stock_price":118.57546997070312,"seasonal_3_train_loss":0.004710383732192487,"seasonal_0_train_loss":6.59689441868263e-05,"trend_valid_loss":0.004644836559891701,"real_seasonal_0_stock_price":0.06723061643775874,"resid_train_loss":0.00826353153677042,"predicted_seasonal_2_stock_price":0.5205633044242859,"real_trend_stock_price":110.16170132705312,"predicted_seasonal_3_stock_price":6.2446770668029785,"XOM Stock Price Prediction by iTransformer":{"path":"media/images/XOM Stock Price Prediction by iTransformer_1626_fadfde0548abec4d484d.png","format":"png","width":1000,"height":600,"_type":"image-file","sha256":"fadfde0548abec4d484de0069bb11af04983e77071d7e96c86e1cbbb02ae288b","size":63696},"seasonal_1_train_loss":0.00015001970215125596,"rmse":1.39453125,"seasonal_1_valid_loss":0.0005305085466729839,"predicted_trend_stock_price":108.19670104980469,"seasonal_2_valid_loss":0.00022722716676071286}