{"_step":9,"real_stock_price":218.94000244140625,"mse":176.27164973318577,"AMZN Stock Price Prediction by iTransformer":{"size":51446,"path":"media/images/AMZN Stock Price Prediction by iTransformer_8_d4bc448e2f42a2a5e63c.png","format":"png","width":1000,"height":600,"_type":"image-file","sha256":"d4bc448e2f42a2a5e63cc4eaba6c91a781efe35f10e1d277170a1f7ea432c252"},"real_seasonal_2_stock_price":16.307195141839433,"_runtime":11.396017498,"seasonal_3_train_loss":0.8136279251512522,"periods":[252,504,756,1260],"rmse":13.2767333984375,"resid_valid_loss":0.48753285327954077,"real_seasonal_0_stock_price":-6.886692248923765,"seasonal_1_valid_loss":0.6578285018248218,"seasonal_0_train_loss":1.3842428798833604,"real_resid_stock_price":30.052430487608945,"trend_train_loss":0.28759721147916123,"_timestamp":1.7367167219416986e+09,"real_trend_stock_price":167.5354913342489,"real_seasonal_3_stock_price":9.210042698987007,"final_predicted_stock_price":205.66326904296875,"seasonal_2_train_loss":1.0459124208578179,"seasonal_0_valid_loss":1.9301351308822632,"predicted_seasonal_3_stock_price":12.861976623535156,"Runtime (seconds)":5.143773794174194,"predicted_resid_stock_price":10.019414901733398,"trend_valid_loss":0.00295542370851921,"seasonal_1_train_loss":0.9654284718496199,"resid_train_loss":0.9288127616207451,"predicted_seasonal_1_stock_price":0.6481547951698303,"predicted_trend_stock_price":162.89517211914062,"mae":13.2767333984375,"seasonal_2_valid_loss":0.3472602833426276,"predicted_seasonal_0_stock_price":2.289522171020508,"_wandb":{"runtime":11},"real_seasonal_1_stock_price":2.721535027645758,"seasonal_3_valid_loss":0.3853258899952236,"depth":4,"dim":128,"predicted_seasonal_2_stock_price":16.94903564453125}