{"BA Stock Price Prediction by iTransformer":{"sha256":"199f8be8e517635b90b3fd6500c56ac6c135fc5dd5a8a0ca48cd63417f1c13a1","size":53809,"path":"media/images/BA Stock Price Prediction by iTransformer_1779_199f8be8e517635b90b3.png","format":"png","width":1000,"height":600,"_type":"image-file"},"_timestamp":1.738540948954856e+09,"predicted_resid_stock_price":-17.060714721679688,"_wandb":{"runtime":21860},"_runtime":21860.209323035,"periods":[252,504,756,1260],"depth":4,"real_resid_stock_price":-10.108714920764058,"trend_train_loss":0.01560643060504155,"mse":49.65350115695037,"seasonal_2_train_loss":0.01985379868337689,"seasonal_3_train_loss":0.023238970198729468,"seasonal_0_train_loss":0.03264497648693921,"real_seasonal_1_stock_price":-18.208885215567175,"predicted_trend_stock_price":113.59001159667969,"rmse":7.0465240478515625,"trend_valid_loss":0.022000504193722077,"real_seasonal_3_stock_price":43.800509251414596,"seasonal_3_valid_loss":0.03274232123605191,"mae":7.0465240478515625,"final_predicted_stock_price":142.24346923828125,"predicted_seasonal_2_stock_price":15.259626388549805,"predicted_seasonal_0_stock_price":12.42741584777832,"real_stock_price":149.2899932861328,"resid_valid_loss":0.03528759659277004,"real_seasonal_2_stock_price":12.498910323836665,"seasonal_1_train_loss":0.0006621963470926334,"dim":128,"real_trend_stock_price":112.2175256352424,"predicted_seasonal_3_stock_price":38.544288635253906,"seasonal_1_valid_loss":0.02314006995163427,"Runtime (seconds)":1569.980212688446,"resid_train_loss":0.01693161986492364,"seasonal_0_valid_loss":0.034560889356519374,"seasonal_2_valid_loss":0.022543041626127754,"predicted_seasonal_1_stock_price":-20.51715660095215,"_step":1780,"real_seasonal_0_stock_price":9.090648211970409}