{"periods":[252,504,756,1260],"mse":4270.114760270575,"predicted_seasonal_1_stock_price":2.7551822662353516,"seasonal_1_valid_loss":0.08225241899490357,"resid_train_loss":0.9756940378245372,"real_seasonal_0_stock_price":-6.886692248923765,"dim":128,"resid_valid_loss":0.3962287563085556,"AMZN Stock Price Prediction by iTransformer":{"width":1000,"height":600,"_type":"image-file","sha256":"49d808bfdcb18cd53af86b8e30fd762adddfd277d8a6717a66bf44b0b67bbd62","size":48917,"path":"media/images/AMZN Stock Price Prediction by iTransformer_8_49d808bfdcb18cd53af8.png","format":"png"},"depth":4,"real_seasonal_3_stock_price":9.210042698987007,"seasonal_3_valid_loss":0.4259378148761501,"trend_train_loss":0.22957741337262894,"mae":65.34611511230469,"final_predicted_stock_price":153.59388732910156,"real_resid_stock_price":30.052430487608945,"_wandb":{"runtime":13},"seasonal_2_valid_loss":0.15761545347293635,"seasonal_3_train_loss":0.5400797711533992,"_timestamp":1.7367129138467295e+09,"seasonal_2_train_loss":0.24092111453647808,"real_seasonal_2_stock_price":16.307195141839433,"_step":9,"predicted_seasonal_3_stock_price":6.178640842437744,"real_seasonal_1_stock_price":2.721535027645758,"_runtime":13.922818187,"predicted_trend_stock_price":116.97789764404297,"real_stock_price":218.94000244140625,"seasonal_0_valid_loss":0.2431622112411201,"rmse":65.34611511230469,"predicted_seasonal_2_stock_price":14.090486526489258,"predicted_resid_stock_price":18.784013748168945,"trend_valid_loss":0.3585395882031116,"predicted_seasonal_0_stock_price":-5.192331790924072,"seasonal_1_train_loss":0.2981139493667374,"real_trend_stock_price":167.5354913342489,"seasonal_0_train_loss":0.4668758270454658,"Runtime (seconds)":6.452500820159912}