{"_wandb":{"runtime":19},"mae":25.446701049804688,"_step":9,"real_seasonal_0_stock_price":-2.3363794505864135,"real_seasonal_3_stock_price":4.670789879033048,"periods":[252,504,756,1260],"Runtime (seconds)":9.92357063293457,"_timestamp":1.7367132157890444e+09,"predicted_trend_stock_price":201.74859619140625,"resid_train_loss":0.6984612268112999,"real_seasonal_1_stock_price":-3.1406811802229937,"predicted_resid_stock_price":0.5328044891357422,"seasonal_2_train_loss":0.3281709545666741,"AAPL Stock Price Prediction by iTransformer":{"sha256":"3fea1613bdb57d1e902e7bc9d4ae9f6e35bd5ca7d5ee1edad6e2c7c0e3c0a209","size":48650,"path":"media/images/AAPL Stock Price Prediction by iTransformer_8_3fea1613bdb57d1e902e.png","format":"png","width":1000,"height":600,"_type":"image-file"},"depth":4,"predicted_seasonal_0_stock_price":2.6020984649658203,"rmse":25.446701049804688,"trend_valid_loss":0.04140448461358364,"seasonal_0_train_loss":0.2983295224793354,"final_predicted_stock_price":211.40330505371094,"real_stock_price":236.85000610351562,"_runtime":19.350092225,"trend_train_loss":0.01936785032182627,"mse":647.534594318131,"real_trend_stock_price":221.2601118044911,"seasonal_1_valid_loss":0.4456865194930808,"predicted_seasonal_2_stock_price":5.295188903808594,"seasonal_2_valid_loss":0.12633896435974007,"resid_valid_loss":2.121519774747884,"real_resid_stock_price":9.055690439948194,"real_seasonal_2_stock_price":7.340474610852704,"predicted_seasonal_3_stock_price":1.4092204570770264,"seasonal_0_valid_loss":0.4031417639766421,"seasonal_1_train_loss":0.593302772098731,"seasonal_3_train_loss":1.3697054739274235,"dim":128,"seasonal_3_valid_loss":0.7608681184346558,"predicted_seasonal_1_stock_price":-0.1846132129430771}