{"_wandb":{"runtime":8},"real_stock_price":218.94000244140625,"mse":9009.1745766534,"trend_valid_loss":0.3298863910328761,"Runtime (seconds)":4.661456108093262,"predicted_resid_stock_price":-0.4628610908985138,"_timestamp":1.7367201042194061e+09,"resid_train_loss":0.8497170423825213,"predicted_seasonal_1_stock_price":-0.06265749037265778,"dim":128,"seasonal_3_valid_loss":0.5611822417422907,"seasonal_3_train_loss":0.5792387939025734,"AMZN Stock Price Prediction by iTransformer":{"format":"png","width":1000,"height":600,"_type":"image-file","sha256":"358a89c18562427b53f1082a68a17b14ddbcea86dada1307228cfa9e0ecbb036","size":46395,"path":"media/images/AMZN Stock Price Prediction by iTransformer_8_358a89c18562427b53f1.png"},"rmse":94.91667175292969,"predicted_seasonal_0_stock_price":-8.139238357543945,"real_seasonal_0_stock_price":-6.886692248923765,"final_predicted_stock_price":124.02333068847656,"seasonal_1_valid_loss":0.6992421155133524,"predicted_seasonal_2_stock_price":-6.960938453674316,"seasonal_1_train_loss":0.7277565948589544,"seasonal_2_valid_loss":2.202716380278691,"mae":94.91667175292969,"seasonal_2_train_loss":2.712336836073825,"depth":4,"periods":[252,504,756,1260],"real_seasonal_2_stock_price":16.307195141839433,"real_resid_stock_price":30.052430487608945,"seasonal_0_valid_loss":0.28329163339680136,"_runtime":8.908583567,"trend_train_loss":0.19944049027240238,"predicted_seasonal_3_stock_price":8.849796295166016,"_step":9,"real_seasonal_3_stock_price":9.210042698987007,"resid_valid_loss":0.7850091364331196,"real_seasonal_1_stock_price":2.721535027645758,"seasonal_0_train_loss":0.3378216469224306,"predicted_trend_stock_price":130.79922485351562,"real_trend_stock_price":167.5354913342489}