{"real_seasonal_1_stock_price":2.721535027645758,"real_seasonal_0_stock_price":-6.886692248923765,"real_stock_price":218.94000244140625,"mse":5928.945953492308,"seasonal_2_train_loss":2.2484577872299383,"predicted_resid_stock_price":3.126892566680908,"seasonal_3_valid_loss":0.5787649589267498,"_wandb":{"runtime":12},"seasonal_0_valid_loss":0.34272433831630383,"mae":76.99964904785156,"depth":4,"predicted_seasonal_1_stock_price":0.577781081199646,"real_trend_stock_price":167.5354913342489,"trend_valid_loss":0.17086751071306375,"seasonal_3_train_loss":0.9548694138776282,"rmse":76.99964904785156,"predicted_trend_stock_price":144.32437133789062,"seasonal_1_valid_loss":0.9599714128926582,"_timestamp":1.7367154460568705e+09,"_runtime":12.793858783,"real_seasonal_3_stock_price":9.210042698987007,"final_predicted_stock_price":141.9403533935547,"real_seasonal_2_stock_price":16.307195141839433,"predicted_seasonal_3_stock_price":3.599087953567505,"seasonal_0_train_loss":0.35655299072509533,"seasonal_1_train_loss":0.8221685876765211,"predicted_seasonal_2_stock_price":-3.2116646766662598,"trend_train_loss":0.6385688196164212,"resid_valid_loss":1.6382772224472169,"resid_train_loss":0.7402567882249269,"_step":9,"dim":128,"predicted_seasonal_0_stock_price":-6.476109981536865,"AMZN Stock Price Prediction by iTransformer":{"path":"media/images/AMZN Stock Price Prediction by iTransformer_8_de4573c9d677f24cf5b1.png","format":"png","width":1000,"height":600,"_type":"image-file","sha256":"de4573c9d677f24cf5b1e837d385c0be714f1c2b43ba70aaff0468104c9a7ca2","size":45985},"real_resid_stock_price":30.052430487608945,"periods":[252,504,756,1260],"Runtime (seconds)":6.325108289718628,"seasonal_2_valid_loss":2.255739235174117}