{"Runtime (seconds)":4.857689380645752,"seasonal_0_valid_loss":2.071843894020829,"seasonal_1_valid_loss":0.5594451773551202,"seasonal_2_valid_loss":1.207957486895954,"mae":141.57286834716797,"_runtime":11.226905506,"final_predicted_stock_price":95.27713775634766,"real_seasonal_2_stock_price":7.340470029710255,"real_trend_stock_price":221.260112259299,"predicted_seasonal_1_stock_price":-1.364675760269165,"seasonal_3_train_loss":1.003319512306526,"_step":9,"depth":4,"resid_valid_loss":1.411146591298275,"seasonal_3_valid_loss":0.863861487757775,"resid_train_loss":1.0072589790369473,"predicted_seasonal_3_stock_price":1.222658395767212,"predicted_seasonal_0_stock_price":-1.4443004131317139,"real_seasonal_0_stock_price":-2.3363780695671763,"real_seasonal_3_stock_price":4.670784416611841,"AAPL Stock Price Prediction by iTransformer":{"format":"png","width":1000,"height":600,"_type":"image-file","sha256":"20ca2618239008b369b4e626e9e89803b90743c1f0dd6cea15f52a284843b257","size":46093,"path":"media/images/AAPL Stock Price Prediction by iTransformer_8_20ca2618239008b369b4.png"},"real_resid_stock_price":9.055693864007537,"_wandb":{"runtime":11},"_timestamp":1.7367197526987004e+09,"seasonal_0_train_loss":0.8710035498722508,"rmse":141.57286834716797,"predicted_seasonal_2_stock_price":1.908542275428772,"predicted_resid_stock_price":7.604461669921875,"periods":[252,504,756,1260],"real_seasonal_1_stock_price":-3.1406763965458184,"real_stock_price":236.85000610351562,"mse":20042.877052044554,"seasonal_1_train_loss":0.5482966841922866,"trend_valid_loss":3.593058826446533,"seasonal_2_train_loss":2.0639002839898506,"dim":128,"trend_train_loss":0.9107431943414103,"predicted_trend_stock_price":87.35045623779297}