{"predicted_trend_stock_price":119.22660827636719,"seasonal_0_valid_loss":0.4385818557542877,"seasonal_1_train_loss":1.089578534665129,"seasonal_0_train_loss":0.2322124520322879,"seasonal_2_train_loss":0.6175677644712289,"seasonal_2_valid_loss":0.19175132309707502,"trend_valid_loss":1.512989314610526,"real_resid_stock_price":9.055697703819646,"seasonal_3_train_loss":2.0830463524416634,"seasonal_3_valid_loss":0.13598787675878143,"predicted_seasonal_3_stock_price":1.239978551864624,"periods":[252,504,756,1260],"_runtime":11.103094785,"_step":9,"trend_train_loss":0.289663142906272,"real_trend_stock_price":221.2601116707817,"resid_valid_loss":0.48251697145529326,"real_seasonal_2_stock_price":7.3404710320021325,"_timestamp":1.736749759973978e+09,"final_predicted_stock_price":134.0115509033203,"resid_train_loss":0.8179751231069117,"predicted_resid_stock_price":2.7195584774017334,"real_stock_price":236.85000610351562,"real_seasonal_1_stock_price":-3.1406737150239183,"AAPL Stock Price Prediction by iTransformer":{"height":600,"_type":"image-file","sha256":"abc2590618167c40bc46023e73053023c17986b0ff154a4e0d695ad706a4c7fc","size":46835,"path":"media/images/AAPL Stock Price Prediction by iTransformer_8_abc2590618167c40bc46.png","format":"png","width":1000},"real_seasonal_3_stock_price":4.670786529914519,"predicted_seasonal_0_stock_price":0.11138938367366791,"predicted_seasonal_1_stock_price":-0.5809116363525391,"real_seasonal_0_stock_price":-2.3363871179784734,"dim":128,"mse":10575.747867962578,"depth":4,"predicted_seasonal_2_stock_price":11.294927597045898,"mae":102.83845520019531,"Runtime (seconds)":5.290910243988037,"_wandb":{"runtime":11},"seasonal_1_valid_loss":1.3916512951254845,"rmse":102.83845520019531}