{"trend_train_loss":0.3062183759737072,"real_seasonal_0_stock_price":-6.886692248923765,"real_stock_price":218.94000244140625,"real_resid_stock_price":30.052430487608945,"real_trend_stock_price":167.5354913342489,"AMZN Stock Price Prediction by iTransformer":{"path":"media/images/AMZN Stock Price Prediction by iTransformer_8_8ef89fa9c06a398f35af.png","format":"png","width":1000,"height":600,"_type":"image-file","sha256":"8ef89fa9c06a398f35afc85900fb55e6decd245df41c9d4ea8f995a5912a9209","size":48236},"_runtime":14.008991648,"real_seasonal_2_stock_price":16.307195141839433,"_step":9,"predicted_trend_stock_price":143.750732421875,"predicted_resid_stock_price":14.75437068939209,"resid_train_loss":1.1446873136440125,"_wandb":{"runtime":14},"seasonal_1_valid_loss":1.0187067985534668,"seasonal_3_train_loss":1.166358563198794,"seasonal_2_valid_loss":0.6644558137790724,"seasonal_0_valid_loss":0.6005545847039474,"seasonal_2_train_loss":1.1902173722633906,"rmse":55.068389892578125,"mae":55.068389892578125,"predicted_seasonal_1_stock_price":-0.501940906047821,"predicted_seasonal_3_stock_price":1.5082676410675049,"resid_valid_loss":0.48171470822656853,"_timestamp":1.7367173534453607e+09,"seasonal_0_train_loss":0.554753472612294,"mse":3032.5275653610006,"trend_valid_loss":0.1742480117827654,"final_predicted_stock_price":163.87161254882812,"predicted_seasonal_0_stock_price":-2.959040641784668,"real_seasonal_3_stock_price":9.210042698987007,"predicted_seasonal_2_stock_price":7.319234371185303,"depth":4,"periods":[252,504,756,1260],"dim":128,"real_seasonal_1_stock_price":2.721535027645758,"seasonal_1_train_loss":1.831042083217828,"seasonal_3_valid_loss":0.7303204113335321,"Runtime (seconds)":6.816612005233765}