{"real_seasonal_0_stock_price":-6.886692248923765,"predicted_resid_stock_price":9.499960899353027,"rmse":137.00717163085938,"AMZN Stock Price Prediction by iTransformer":{"sha256":"43f933fa58e3a1514bf5f05d1e119414bf0bbc0e446d3938ed1282cbe7f88702","size":47064,"path":"media/images/AMZN Stock Price Prediction by iTransformer_8_43f933fa58e3a1514bf5.png","format":"png","width":1000,"height":600,"_type":"image-file"},"trend_train_loss":1.809434417749054,"real_seasonal_3_stock_price":9.210042698987007,"final_predicted_stock_price":81.93283081054688,"seasonal_3_valid_loss":0.7322289542782874,"predicted_trend_stock_price":76.58175659179688,"periods":[252,504,756,1260],"predicted_seasonal_0_stock_price":-5.442049503326416,"_timestamp":1.7367383460732932e+09,"seasonal_0_train_loss":0.6332220043767431,"seasonal_3_train_loss":1.6043238498250274,"real_stock_price":218.94000244140625,"trend_valid_loss":2.5067602092796086,"seasonal_1_train_loss":1.182416466369874,"real_seasonal_2_stock_price":16.307195141839433,"predicted_seasonal_2_stock_price":8.735563278198242,"real_resid_stock_price":30.052430487608945,"predicted_seasonal_3_stock_price":-8.591575622558594,"real_trend_stock_price":167.5354913342489,"depth":4,"real_seasonal_1_stock_price":2.721535027645758,"seasonal_0_valid_loss":0.22247090472451436,"mae":137.00717163085938,"seasonal_2_valid_loss":0.2865793167782778,"dim":128,"seasonal_2_train_loss":0.8357182664289913,"Runtime (seconds)":6.225834846496582,"predicted_seasonal_1_stock_price":1.1491694450378418,"resid_valid_loss":0.27953661339623587,"_step":9,"mse":18770.965078287758,"resid_train_loss":2.38654669609509,"seasonal_1_valid_loss":1.181068953301044,"_wandb":{"runtime":13},"_runtime":13.393005482}