{"seasonal_0_valid_loss":0.618505597114563,"rmse":50.40309143066406,"resid_valid_loss":2.2231826782226562,"dim":128,"predicted_resid_stock_price":-0.11161112785339355,"seasonal_3_train_loss":1.2551416974659815,"_step":9,"depth":4,"AAPL Stock Price Prediction by iTransformer":{"format":"png","width":1000,"height":600,"_type":"image-file","sha256":"26eb833e1aa8390ee554f69fe3fa5f7637dc48f538812b27dcbddb1ea962986d","size":48962,"path":"media/images/AAPL Stock Price Prediction by iTransformer_8_26eb833e1aa8390ee554.png"},"seasonal_0_train_loss":0.6115766036532503,"seasonal_3_valid_loss":1.6395719521126504,"_runtime":11.429277035,"mse":2540.471625767881,"real_stock_price":236.85000610351562,"seasonal_2_valid_loss":0.18842866096426458,"real_seasonal_0_stock_price":-2.336375832078045,"real_seasonal_1_stock_price":-3.1406778699942066,"seasonal_2_train_loss":0.6344538286712333,"resid_train_loss":0.8757868369215542,"real_trend_stock_price":221.26011194329695,"_wandb":{"runtime":11},"predicted_seasonal_3_stock_price":-3.9778852462768555,"periods":[252,504,756,1260],"real_seasonal_3_stock_price":4.670788943032783,"predicted_seasonal_1_stock_price":-1.5314204692840576,"final_predicted_stock_price":186.44691467285156,"_timestamp":1.7367322731351442e+09,"trend_valid_loss":0.09535942933396667,"predicted_seasonal_2_stock_price":3.881171703338623,"real_resid_stock_price":9.055688331001647,"seasonal_1_train_loss":0.3207613206631883,"Runtime (seconds)":5.369338512420654,"mae":50.40309143066406,"seasonal_1_valid_loss":0.20748097409388264,"trend_train_loss":0.15342807301879513,"predicted_seasonal_0_stock_price":0.08111877739429474,"real_seasonal_2_stock_price":7.340470588256499,"predicted_trend_stock_price":188.10556030273438}