{"predicted_seasonal_0_stock_price":-2.9144845008850098,"seasonal_2_train_loss":1.523722002326056,"real_seasonal_0_stock_price":-6.886692248923765,"real_seasonal_3_stock_price":9.210042698987007,"_timestamp":1.7367220389198132e+09,"real_seasonal_2_stock_price":16.307195141839433,"_wandb":{"runtime":11},"seasonal_1_train_loss":0.7069705836806609,"resid_train_loss":1.903079054320668,"_step":9,"trend_train_loss":0.4892485378199824,"seasonal_0_train_loss":0.3457797932156764,"mae":111.94097900390625,"_runtime":11.817647121,"real_resid_stock_price":30.052430487608945,"mse":12530.78278035298,"real_seasonal_1_stock_price":2.721535027645758,"predicted_seasonal_1_stock_price":2.045193672180176,"predicted_resid_stock_price":-0.653765857219696,"predicted_seasonal_3_stock_price":-8.751290321350098,"dim":128,"seasonal_2_valid_loss":0.20733122004800622,"predicted_seasonal_2_stock_price":14.085022926330566,"seasonal_0_valid_loss":0.18983516097068787,"final_predicted_stock_price":106.9990234375,"resid_valid_loss":1.8733119206393467,"trend_valid_loss":1.0664227884410864,"predicted_trend_stock_price":103.18833923339844,"rmse":111.94097900390625,"seasonal_1_valid_loss":0.8052374852485344,"seasonal_3_train_loss":2.9322945326451273,"periods":[252,504,756,1260],"seasonal_3_valid_loss":1.1267433455213904,"real_trend_stock_price":167.5354913342489,"AMZN Stock Price Prediction by iTransformer":{"format":"png","width":1000,"height":600,"_type":"image-file","sha256":"d16f9008160ba4e99ffb86897f9b822cc877fd024d3d0eba7e97bf79c5844319","size":46351,"path":"media/images/AMZN Stock Price Prediction by iTransformer_8_d16f9008160ba4e99ffb.png"},"Runtime (seconds)":5.647866249084473,"real_stock_price":218.94000244140625,"depth":4}