{"seasonal_3_train_loss":1.5971887323555183,"predicted_seasonal_3_stock_price":-2.4820592403411865,"_timestamp":1.7367478546147244e+09,"AAPL Stock Price Prediction by iTransformer":{"_type":"image-file","sha256":"6226e9c73798f90e03a0d14b02eaeed6cffe8027c2c661d606a92a0fccfbe517","size":48127,"path":"media/images/AAPL Stock Price Prediction by iTransformer_8_6226e9c73798f90e03a0.png","format":"png","width":1000,"height":600},"_wandb":{"runtime":13},"resid_valid_loss":0.5547157526016235,"predicted_resid_stock_price":11.086505889892578,"seasonal_2_valid_loss":0.5226775520847857,"real_seasonal_0_stock_price":-2.3363783964996125,"mse":559.1273583322763,"real_stock_price":236.85000610351562,"seasonal_0_train_loss":0.5849860320017943,"seasonal_2_train_loss":1.3499446262174577,"real_seasonal_1_stock_price":-3.1406776281342568,"_step":9,"trend_valid_loss":0.02135923235216957,"seasonal_1_valid_loss":0.32914941476451026,"final_predicted_stock_price":213.20413208007812,"trend_train_loss":0.07678174178544189,"predicted_seasonal_0_stock_price":0.8740532398223877,"periods":[252,504,756,1260],"seasonal_0_valid_loss":0.3129301352320977,"predicted_seasonal_2_stock_price":2.677485704421997,"real_trend_stock_price":221.2601117251553,"Runtime (seconds)":6.3791632652282715,"real_seasonal_2_stock_price":7.340468682145446,"predicted_seasonal_1_stock_price":-1.6728613376617432,"rmse":23.6458740234375,"real_seasonal_3_stock_price":4.670791158232337,"_runtime":13.47104715,"predicted_trend_stock_price":202.72100830078125,"seasonal_1_train_loss":0.9502232214497052,"real_resid_stock_price":9.055690562616405,"dim":128,"seasonal_3_valid_loss":0.5463675020755022,"mae":23.6458740234375,"depth":4,"resid_train_loss":0.734142405080259}