{"depth":4,"predicted_resid_stock_price":-6.554952621459961,"seasonal_1_train_loss":0.44616753375254686,"mse":10116.657529245189,"_timestamp":1.736714479221929e+09,"predicted_seasonal_2_stock_price":6.40913200378418,"predicted_trend_stock_price":112.62384033203125,"Runtime (seconds)":7.109504699707031,"resid_valid_loss":1.093312783558902,"predicted_seasonal_3_stock_price":10.62668228149414,"mae":100.58159637451172,"trend_valid_loss":0.8409352941789489,"real_seasonal_3_stock_price":9.210042698987007,"seasonal_3_valid_loss":0.5349669384242742,"seasonal_1_valid_loss":0.15244617982503564,"real_trend_stock_price":167.5354913342489,"seasonal_0_valid_loss":0.13626213852274283,"_wandb":{"runtime":14},"seasonal_0_train_loss":0.2423517497478475,"real_seasonal_1_stock_price":2.721535027645758,"real_seasonal_2_stock_price":16.307195141839433,"real_stock_price":218.94000244140625,"dim":128,"_runtime":14.3534379,"AMZN Stock Price Prediction by iTransformer":{"_type":"image-file","sha256":"e97c07640d359ee735deaad658a0b011fc622d9565ad931f9379cfea50c12ad1","size":46335,"path":"media/images/AMZN Stock Price Prediction by iTransformer_8_e97c07640d359ee735de.png","format":"png","width":1000,"height":600},"predicted_seasonal_1_stock_price":2.616694450378418,"rmse":100.58159637451172,"seasonal_2_valid_loss":0.2117308725573821,"resid_train_loss":1.0901459268138969,"seasonal_2_train_loss":0.4752231695014855,"predicted_seasonal_0_stock_price":-7.362995147705078,"real_resid_stock_price":30.052430487608945,"real_seasonal_0_stock_price":-6.886692248923765,"final_predicted_stock_price":118.35840606689453,"trend_train_loss":0.5055742176486359,"seasonal_3_train_loss":0.7604805144815628,"_step":9,"periods":[252,504,756,1260]}