{"Runtime (seconds)":6.3487772941589355,"depth":4,"AAPL Stock Price Prediction by iTransformer":{"format":"png","width":1000,"height":600,"_type":"image-file","sha256":"302c44d205232a44f8cf01872cdca080009ced933f3e0af2c6563d6bdd06c1fc","size":48209,"path":"media/images/AAPL Stock Price Prediction by iTransformer_8_302c44d205232a44f8cf.png"},"_timestamp":1.736745168314329e+09,"seasonal_2_train_loss":0.5609206130384858,"real_stock_price":236.85000610351562,"real_resid_stock_price":9.05569563471721,"final_predicted_stock_price":212.38876342773438,"_step":9,"predicted_seasonal_3_stock_price":3.202092170715332,"rmse":24.46124267578125,"seasonal_2_valid_loss":0.2746434575122482,"predicted_resid_stock_price":-12.927813529968262,"seasonal_1_train_loss":1.0950467068953125,"_wandb":{"runtime":13},"predicted_trend_stock_price":210.92124938964844,"resid_valid_loss":4.934366437683172,"real_seasonal_1_stock_price":-3.14067559975759,"trend_valid_loss":0.0070910270598421735,"trend_train_loss":0.13477180487775833,"seasonal_3_train_loss":0.9204695362468105,"resid_train_loss":4.459219634565624,"seasonal_0_train_loss":0.6072442244471805,"predicted_seasonal_0_stock_price":1.0999046564102173,"mse":598.3523932434618,"_runtime":13.191960477,"dim":128,"predicted_seasonal_1_stock_price":-0.17090241611003876,"mae":24.46124267578125,"real_seasonal_3_stock_price":4.670788452248562,"real_seasonal_0_stock_price":-2.336384947762033,"periods":[252,504,756,1260],"seasonal_0_valid_loss":1.6267869018638546,"predicted_seasonal_2_stock_price":10.264232635498047,"real_seasonal_2_stock_price":7.3404707204286,"seasonal_3_valid_loss":0.2302740591061688,"seasonal_1_valid_loss":0.8918232321739197,"real_trend_stock_price":221.26011184364089}