{"predicted_trend_stock_price":25.387332916259766,"AAPL Stock Price Prediction by iTransformer":{"sha256":"591a4accf4c1c3607fd02bcd8d085f03eda3fdc0889b52880e38e355c9ca77e6","size":44525,"path":"media/images/AAPL Stock Price Prediction by iTransformer_8_591a4accf4c1c3607fd0.png","format":"png","width":1000,"height":600,"_type":"image-file"},"seasonal_0_valid_loss":1.2924941069931928,"predicted_seasonal_2_stock_price":7.759235858917236,"predicted_resid_stock_price":15.623345375061035,"seasonal_0_train_loss":0.4982891781923306,"Runtime (seconds)":3.8885607719421387,"seasonal_3_train_loss":1.0438164837039483,"predicted_seasonal_3_stock_price":-0.8345867991447449,"real_seasonal_0_stock_price":-2.336382689684763,"real_seasonal_3_stock_price":4.670781591281649,"resid_valid_loss":0.7875377017012715,"mae":187.9256706237793,"real_trend_stock_price":221.2601118979691,"trend_train_loss":2.2210547673988015,"_runtime":8.319982965,"real_stock_price":236.85000610351562,"seasonal_3_valid_loss":0.9744831722120048,"seasonal_1_valid_loss":1.7421021946405961,"depth":4,"trend_valid_loss":8.08305164662803,"mse":35316.057679397185,"final_predicted_stock_price":48.92433547973633,"seasonal_2_train_loss":1.9919067660007335,"_timestamp":1.7367332164197083e+09,"dim":128,"_wandb":{"runtime":8},"real_seasonal_2_stock_price":7.3404723180419085,"real_seasonal_1_stock_price":-3.1406715182532605,"real_resid_stock_price":9.05569450416101,"seasonal_1_train_loss":1.9633487378539591,"predicted_seasonal_1_stock_price":0.6177999973297119,"resid_train_loss":0.7365278738588095,"seasonal_2_valid_loss":0.1398642318403701,"_step":9,"rmse":187.9256706237793,"predicted_seasonal_0_stock_price":0.37120771408081055,"periods":[252,504,756,1260]}