{"depth":4,"predicted_resid_stock_price":-5.687088966369629,"rmse":145.24250030517578,"seasonal_3_train_loss":0.9911295737423788,"real_seasonal_3_stock_price":4.670790191674348,"predicted_seasonal_0_stock_price":2.582456111907959,"_wandb":{"runtime":12},"seasonal_0_train_loss":0.3351388506716677,"mae":145.24250030517578,"dim":128,"trend_valid_loss":3.232401905613141,"seasonal_2_valid_loss":0.7292559146881104,"mse":21095.383894898987,"predicted_seasonal_1_stock_price":-0.8590821027755737,"AAPL Stock Price Prediction by iTransformer":{"format":"png","width":1000,"height":600,"_type":"image-file","sha256":"9c1557b26806f7879e88ee2fe5a1589b5505759777a73739bff1642a2b9c652d","size":45927,"path":"media/images/AAPL Stock Price Prediction by iTransformer_8_9c1557b26806f7879e88.png"},"real_resid_stock_price":9.055693047155671,"seasonal_1_valid_loss":1.0858289459367023,"final_predicted_stock_price":91.60750579833984,"_step":9,"real_seasonal_1_stock_price":-3.1406787084606282,"periods":[252,504,756,1260],"real_trend_stock_price":221.26011102210154,"Runtime (seconds)":4.953150510787964,"resid_train_loss":1.8138205075419154,"seasonal_2_train_loss":0.6729996995288084,"_runtime":12.437135916,"resid_valid_loss":1.5698490842693447,"predicted_seasonal_3_stock_price":2.461796760559082,"_timestamp":1.7367576280720465e+09,"predicted_seasonal_2_stock_price":1.6794638633728027,"real_seasonal_2_stock_price":7.340470846095507,"seasonal_0_valid_loss":0.30843585729599,"predicted_trend_stock_price":91.4299545288086,"seasonal_3_valid_loss":0.1645454718253674,"real_stock_price":236.85000610351562,"real_seasonal_0_stock_price":-2.3363802950508186,"seasonal_1_train_loss":1.1670643849137388,"trend_train_loss":0.5598308147858077}