{"r2_score":NaN,"_step":302,"depth":4,"_timestamp":1.738638638398069e+09,"rmse":3.5219268798828125,"mse":12.403968947241083,"Runtime (seconds)":208.6319179534912,"predicted_stock_price":111.53192901611328,"mae":3.5219268798828125,"_wandb":{"runtime":2971},"XOM Stock Price Prediction by iTransformer(no MSTL)":{"format":"png","width":1000,"height":600,"_type":"image-file","sha256":"60cc050ce27e8aa0fd840bd533e6d4ca1128f91e18aac7492093d7d4813b636d","size":51498,"path":"media/images/XOM Stock Price Prediction by iTransformer(no MSTL)_301_60cc050ce27e8aa0fd84.png"},"real_stock_price":108.01000213623047,"train_loss":0.028679073406383395,"dim":128,"_runtime":2971.530868665,"valid_loss":0.03362273126840591}