{"real_stock_price":236.85000610351562,"rmse":112.7088851928711,"seasonal_3_train_loss":0.8583467944848294,"final_predicted_stock_price":124.14112091064453,"mse":12703.292801419797,"dim":128,"_step":9,"real_resid_stock_price":9.055694569961275,"trend_valid_loss":3.221657227067386,"predicted_seasonal_2_stock_price":4.94118070602417,"predicted_resid_stock_price":7.5413103103637695,"Runtime (seconds)":9.037264347076416,"predicted_trend_stock_price":103.68605041503906,"real_seasonal_1_stock_price":-3.14067594039605,"seasonal_0_train_loss":0.5995494816483103,"seasonal_2_valid_loss":0.193986682055725,"seasonal_0_valid_loss":1.4993361787775816,"_runtime":19.892141941,"seasonal_1_valid_loss":0.5823065711770739,"_timestamp":1.7367110043718464e+09,"real_seasonal_0_stock_price":-2.336379641001215,"seasonal_2_train_loss":0.23595401621741613,"_wandb":{"runtime":19},"real_seasonal_3_stock_price":4.670788685882837,"predicted_seasonal_0_stock_price":-0.22668202221393585,"seasonal_3_valid_loss":0.8524889510919513,"resid_train_loss":0.8173545197258998,"real_seasonal_2_stock_price":7.340467195277284,"seasonal_1_train_loss":0.5861014604810598,"mae":112.7088851928711,"real_trend_stock_price":221.2601112337915,"predicted_seasonal_3_stock_price":10.382804870605469,"periods":[252,504,756,1260],"resid_valid_loss":0.42120446732152883,"predicted_seasonal_1_stock_price":-2.1835410594940186,"depth":4,"trend_train_loss":1.3570259639113282,"AAPL Stock Price Prediction by iTransformer":{"height":600,"_type":"image-file","sha256":"50e418fd54e75ef47624ac18f9590a8f646b72e6b9d96ff0ec85faafa8f410fe","size":47277,"path":"media/images/AAPL Stock Price Prediction by iTransformer_8_50e418fd54e75ef47624.png","format":"png","width":1000}}