{"periods":[252,504,756,1260],"trend_train_loss":0.6613522094117174,"real_resid_stock_price":30.052430487608945,"predicted_seasonal_2_stock_price":8.491348266601562,"real_seasonal_2_stock_price":16.307195141839433,"real_trend_stock_price":167.5354913342489,"seasonal_3_valid_loss":1.5957639022180212,"real_seasonal_0_stock_price":-6.886692248923765,"predicted_seasonal_3_stock_price":-3.4969863891601562,"seasonal_0_valid_loss":1.817880391258083,"trend_valid_loss":1.5032973463336627,"seasonal_0_train_loss":1.4698564400710907,"seasonal_2_valid_loss":0.244418329950692,"depth":4,"real_stock_price":218.94000244140625,"dim":128,"predicted_seasonal_0_stock_price":0.5754818916320801,"rmse":108.2663345336914,"resid_valid_loss":0.2754126508111899,"final_predicted_stock_price":110.67366790771484,"mse":11721.59919336118,"seasonal_1_valid_loss":1.2578074699267745,"real_seasonal_3_stock_price":9.210042698987007,"resid_train_loss":0.3814998747073022,"seasonal_2_train_loss":0.7334118309220293,"mae":108.2663345336914,"Runtime (seconds)":3.6938955783843994,"predicted_seasonal_1_stock_price":-2.6039767265319824,"AMZN Stock Price Prediction by iTransformer":{"_type":"image-file","sha256":"4042005aa2ed14619dd0649f15311064b3e2a6ff142de23557c2ece2df363edf","size":46328,"path":"media/images/AMZN Stock Price Prediction by iTransformer_8_4042005aa2ed14619dd0.png","format":"png","width":1000,"height":600},"_timestamp":1.7367152905951245e+09,"_runtime":8.745445752,"_wandb":{"runtime":8},"_step":9,"seasonal_1_train_loss":1.2274628740650464,"predicted_resid_stock_price":10.851476669311523,"seasonal_3_train_loss":1.5489317540311718,"predicted_trend_stock_price":96.85631561279297,"real_seasonal_1_stock_price":2.721535027645758}