{"trend_valid_loss":0.6444580952326456,"resid_valid_loss":0.592657208442688,"final_predicted_stock_price":181.361572265625,"predicted_seasonal_3_stock_price":5.63060998916626,"real_stock_price":236.85000610351562,"seasonal_3_valid_loss":0.5800651610969639,"predicted_seasonal_0_stock_price":2.4738807678222656,"seasonal_3_train_loss":0.547392788305907,"real_seasonal_0_stock_price":-2.3363806539455316,"depth":4,"_step":9,"periods":[252,504,756,1260],"predicted_trend_stock_price":159.546875,"mse":3078.9662897819653,"real_trend_stock_price":221.26011169942507,"seasonal_0_valid_loss":1.1816476249232113,"_wandb":{"runtime":13},"predicted_seasonal_1_stock_price":-2.269648551940918,"real_resid_stock_price":9.055697027089053,"_timestamp":1.7367441777467465e+09,"_runtime":13.843165289,"Runtime (seconds)":5.586198806762695,"real_seasonal_1_stock_price":-3.1406765853099228,"AAPL Stock Price Prediction by iTransformer":{"_type":"image-file","sha256":"fe2dc854d594eb3b0c4797d8b9b0bdaf68ed9776c381e1975ab31004bf5e4be0","size":49513,"path":"media/images/AAPL Stock Price Prediction by iTransformer_8_fe2dc854d594eb3b0c47.png","format":"png","width":1000,"height":600},"seasonal_2_train_loss":1.0725790870725864,"seasonal_1_valid_loss":0.2701088641352414,"dim":128,"predicted_seasonal_2_stock_price":8.777026176452637,"predicted_resid_stock_price":7.202829360961914,"seasonal_1_train_loss":0.629587012222641,"seasonal_0_train_loss":0.4333883490231472,"real_seasonal_3_stock_price":4.670782323208739,"seasonal_2_valid_loss":0.27831495516300203,"real_seasonal_2_stock_price":7.340472293048248,"mae":55.488433837890625,"rmse":55.488433837890625,"resid_train_loss":1.0113064255433795,"trend_train_loss":0.17396382733229643}