{"real_seasonal_2_stock_price":16.307195141839433,"_wandb":{"runtime":14},"real_seasonal_3_stock_price":9.210042698987007,"seasonal_2_valid_loss":1.11054288634706,"seasonal_2_train_loss":0.9241300776808234,"Runtime (seconds)":8.514006614685059,"_timestamp":1.736739617665095e+09,"predicted_seasonal_3_stock_price":7.101779937744141,"real_stock_price":218.94000244140625,"_step":9,"rmse":30.409912109375,"seasonal_3_train_loss":0.43852373355037566,"predicted_seasonal_2_stock_price":-0.20357820391654968,"trend_train_loss":0.35261314841598224,"_runtime":14.748629203,"real_seasonal_1_stock_price":2.721535027645758,"seasonal_0_train_loss":0.18935198018725,"seasonal_0_valid_loss":0.22696915147954436,"predicted_resid_stock_price":11.199821472167969,"seasonal_1_train_loss":0.485032728242182,"mae":30.409912109375,"predicted_trend_stock_price":174.96495056152344,"trend_valid_loss":0.044840550336700216,"real_resid_stock_price":30.052430487608945,"real_seasonal_0_stock_price":-6.886692248923765,"real_trend_stock_price":167.5354913342489,"final_predicted_stock_price":188.53009033203125,"periods":[252,504,756,1260],"seasonal_1_valid_loss":0.16951066936021084,"seasonal_3_valid_loss":0.2847363285977265,"resid_train_loss":0.5538388840569902,"dim":128,"predicted_seasonal_1_stock_price":2.8036487102508545,"resid_valid_loss":0.4408010822534561,"depth":4,"predicted_seasonal_0_stock_price":-7.336533546447754,"AMZN Stock Price Prediction by iTransformer":{"sha256":"c676bd12199beaeb091a02f2a29eacf2b1870af37b58b187e4fadce330db4c60","size":50505,"path":"media/images/AMZN Stock Price Prediction by iTransformer_8_c676bd12199beaeb091a.png","format":"png","width":1000,"height":600,"_type":"image-file"},"mse":924.7627544999123}