{"mae":9.06719970703125,"seasonal_3_valid_loss":0.00012015437096124515,"depth":4,"_step":1803,"real_seasonal_3_stock_price":1.9247153727721353,"real_resid_stock_price":12.219209007158753,"predicted_resid_stock_price":10.835050582885742,"predicted_seasonal_1_stock_price":1.2635928392410278,"_wandb":{"runtime":20159},"seasonal_0_valid_loss":0.0024206868640461623,"predicted_trend_stock_price":209.57510375976562,"seasonal_2_train_loss":0.003045825450236817,"_runtime":20159.791351989,"real_trend_stock_price":216.6874787742945,"trend_valid_loss":0.006606928375775664,"Runtime (seconds)":1918.4221284389496,"dim":128,"predicted_seasonal_2_stock_price":7.0260772705078125,"real_seasonal_0_stock_price":2.4408980283822665,"seasonal_1_train_loss":0.0001410560933453478,"predicted_seasonal_0_stock_price":2.1614317893981934,"final_predicted_stock_price":233.97279357910156,"AAPL Stock Price Prediction by iTransformer":{"size":51500,"path":"media/images/AAPL Stock Price Prediction by iTransformer_1802_abc23bba59be0338d06e.png","format":"png","width":1000,"height":600,"_type":"image-file","sha256":"abc23bba59be0338d06eaaab663f66a9ebbcab52390a905893d28f7767aabf7b"},"rmse":9.06719970703125,"_timestamp":1.7370012633270948e+09,"trend_train_loss":0.0013802409005941453,"predicted_seasonal_3_stock_price":3.111527442932129,"real_stock_price":243.0399932861328,"seasonal_3_train_loss":0.00012562334763793528,"mse":82.21411052718759,"real_seasonal_1_stock_price":2.225052960692821,"seasonal_0_train_loss":0.0003290018168495463,"periods":[252,504,756,1260],"seasonal_2_valid_loss":0.0035673175007104874,"seasonal_1_valid_loss":0.0009438655994545398,"resid_valid_loss":0.023805322125554085,"real_seasonal_2_stock_price":7.54263914283233,"resid_train_loss":0.01760888056754964}