{"mse":2990.1619220376015,"real_seasonal_0_stock_price":-6.886692248923765,"seasonal_0_valid_loss":0.45776483187623146,"real_trend_stock_price":167.5354913342489,"real_seasonal_3_stock_price":9.210042698987007,"real_seasonal_1_stock_price":2.721535027645758,"Runtime (seconds)":10.553267478942871,"rmse":54.682373046875,"_timestamp":1.736750487810236e+09,"AMZN Stock Price Prediction by iTransformer":{"width":1000,"height":600,"_type":"image-file","sha256":"1dc0f9822b94cb7d16c0480934b9c54a86e5efe62607c15933cc877093db269c","size":48233,"path":"media/images/AMZN Stock Price Prediction by iTransformer_8_1dc0f9822b94cb7d16c0.png","format":"png"},"seasonal_2_train_loss":2.6572847700507354,"seasonal_3_valid_loss":0.999789817146508,"seasonal_3_train_loss":1.5942346610390545,"trend_train_loss":0.19219209785636357,"predicted_resid_stock_price":15.915120124816895,"seasonal_2_valid_loss":2.613473171750531,"real_stock_price":218.94000244140625,"seasonal_1_train_loss":0.5092763215137325,"resid_valid_loss":1.3122136138350806,"predicted_seasonal_1_stock_price":2.3263041973114014,"depth":4,"real_seasonal_2_stock_price":16.307195141839433,"final_predicted_stock_price":164.25762939453125,"dim":128,"predicted_seasonal_0_stock_price":-6.16509485244751,"resid_train_loss":0.5530999934381198,"real_resid_stock_price":30.052430487608945,"seasonal_0_train_loss":0.3107778454330303,"_step":9,"predicted_seasonal_3_stock_price":3.49652361869812,"periods":[252,504,756,1260],"trend_valid_loss":0.006887253061625999,"seasonal_1_valid_loss":0.207391092908821,"_runtime":20.369275064,"predicted_trend_stock_price":159.1793212890625,"mae":54.682373046875,"_wandb":{"runtime":20},"predicted_seasonal_2_stock_price":-10.494538307189941}