{"seasonal_2_train_loss":0.43335946208713855,"resid_valid_loss":1.7517257899263479,"mse":10848.772346005775,"real_trend_stock_price":221.26011226315623,"_timestamp":1.7367329598977113e+09,"real_seasonal_3_stock_price":4.670783432297787,"real_seasonal_0_stock_price":-2.3363837619792154,"dim":128,"AAPL Stock Price Prediction by iTransformer":{"_type":"image-file","sha256":"6fb17f990b8ed2d52ee20cb2f01eb7a35719929cb4c4fe3e4de6911e1529cbf6","size":46935,"path":"media/images/AAPL Stock Price Prediction by iTransformer_8_6fb17f990b8ed2d52ee2.png","format":"png","width":1000,"height":600},"_step":9,"seasonal_3_valid_loss":0.1989120820662983,"seasonal_1_valid_loss":0.6147888040300026,"seasonal_1_train_loss":0.5855282111749607,"seasonal_0_valid_loss":0.413113039546471,"depth":4,"predicted_seasonal_3_stock_price":10.51070499420166,"real_seasonal_2_stock_price":7.340469517536885,"predicted_seasonal_1_stock_price":-1.1816184520721436,"final_predicted_stock_price":132.69256591796875,"predicted_trend_stock_price":109.71055603027344,"predicted_seasonal_2_stock_price":7.837014675140381,"rmse":104.15744018554688,"real_stock_price":236.85000610351562,"Runtime (seconds)":5.0678675174713135,"real_resid_stock_price":9.05569897805691,"real_seasonal_1_stock_price":-3.14067432555296,"trend_valid_loss":0.9982964113765096,"seasonal_0_train_loss":0.29636440724800667,"resid_train_loss":1.1908702140026435,"predicted_seasonal_0_stock_price":1.9627288579940796,"predicted_resid_stock_price":3.853172540664673,"mae":104.15744018554688,"_runtime":11.17581113,"trend_train_loss":0.08689830323044015,"_wandb":{"runtime":11},"seasonal_2_valid_loss":0.14945385303046252,"periods":[252,504,756,1260],"seasonal_3_train_loss":0.8455303885724628}