{"_runtime":45.577915658,"_wandb":{"runtime":45},"Runtime (seconds)":43.771276235580444,"_timestamp":1.7287581004257388e+09,"Validation Loss (Trend)":0.012226523831486702,"Train Loss (Trend)":0.012268546291372993,"Train Loss (Resid)":0.05339928580956026,"_step":101,"Apple Stock Price Prediction":{"path":"media/images/Apple Stock Price Prediction_100_72d18e84f34d7f723cb3.png","format":"png","width":1000,"height":600,"_type":"image-file","sha256":"72d18e84f34d7f723cb37bd9d903f29d184211c5acbbc1ccad1855e075a5277e","size":55783},"Train Loss (Seasonal)":0.028808758170767265,"Validation Loss (Seasonal)":0.08797550201416016,"Validation Loss (Resid)":0.09025926142930984}