{"seasonal_2_train_loss":0.8831022165584773,"mae":68.78266906738281,"real_seasonal_2_stock_price":16.307195141839433,"real_stock_price":218.94000244140625,"_step":9,"mse":4731.0555640331,"_timestamp":1.7367092036639042e+09,"seasonal_1_train_loss":1.169977168771847,"depth":4,"dim":128,"trend_train_loss":0.36139314004646694,"resid_valid_loss":1.1544889615490692,"resid_train_loss":1.0543639971831134,"real_seasonal_3_stock_price":9.210042698987007,"final_predicted_stock_price":150.15733337402344,"real_trend_stock_price":167.5354913342489,"_wandb":{"runtime":12},"Runtime (seconds)":5.5658135414123535,"predicted_resid_stock_price":5.227430820465088,"_runtime":12.300190967,"seasonal_0_train_loss":1.3101256359275895,"predicted_seasonal_3_stock_price":7.5477094650268555,"real_resid_stock_price":30.052430487608945,"predicted_seasonal_0_stock_price":-1.911780595779419,"predicted_seasonal_2_stock_price":8.250429153442383,"rmse":68.78266906738281,"AMZN Stock Price Prediction by iTransformer":{"path":"media/images/AMZN Stock Price Prediction by iTransformer_8_7585a09eebb38e9e5153.png","format":"png","width":1000,"height":600,"_type":"image-file","sha256":"7585a09eebb38e9e5153931bdfece902b7c221679a529f849bc39e7c78908c70","size":48916},"real_seasonal_0_stock_price":-6.886692248923765,"seasonal_2_valid_loss":0.2054544968526581,"seasonal_3_train_loss":0.8277446212015883,"seasonal_3_valid_loss":0.03839395195245743,"trend_valid_loss":0.14454892002684866,"predicted_trend_stock_price":132.52005004882812,"seasonal_1_valid_loss":1.2884173910516754,"real_seasonal_1_stock_price":2.721535027645758,"periods":[252,504,756,1260],"predicted_seasonal_1_stock_price":-1.476516842842102,"seasonal_0_valid_loss":1.2731440076231957}