{"real_seasonal_2_stock_price":16.307195141839433,"predicted_seasonal_0_stock_price":-0.7716975212097168,"real_seasonal_3_stock_price":9.210042698987007,"periods":[252,504,756,1260],"seasonal_2_valid_loss":1.0404012005497945,"mse":23155.654938379826,"dim":128,"resid_valid_loss":0.9956831753253936,"seasonal_0_train_loss":0.9936204050740594,"seasonal_1_valid_loss":0.9957035322522008,"_wandb":{"runtime":14},"mae":152.1698226928711,"_timestamp":1.736729225924095e+09,"predicted_seasonal_1_stock_price":1.7627278566360474,"_runtime":14.260027893,"depth":4,"real_stock_price":218.94000244140625,"_step":9,"resid_train_loss":1.0492687249364274,"Runtime (seconds)":7.618894815444946,"real_resid_stock_price":30.052430487608945,"real_trend_stock_price":167.5354913342489,"real_seasonal_1_stock_price":2.721535027645758,"rmse":152.1698226928711,"seasonal_3_train_loss":0.6785253099231472,"seasonal_3_valid_loss":0.21565078037816124,"AMZN Stock Price Prediction by iTransformer":{"path":"media/images/AMZN Stock Price Prediction by iTransformer_8_6f26a320e277d041335e.png","format":"png","width":1000,"height":600,"_type":"image-file","sha256":"6f26a320e277d041335e17a18ec04237907e38f8fb21b7c33a25abe172937392","size":47287},"seasonal_0_valid_loss":0.9140119770398507,"trend_valid_loss":4.292045593261719,"predicted_seasonal_3_stock_price":4.106077671051025,"predicted_trend_stock_price":62.03792190551758,"predicted_seasonal_2_stock_price":-4.57621431350708,"seasonal_2_train_loss":1.410271835184179,"predicted_resid_stock_price":4.211357593536377,"final_predicted_stock_price":66.77017974853516,"seasonal_1_train_loss":1.281906071670786,"real_seasonal_0_stock_price":-6.886692248923765,"trend_train_loss":2.0010149133181425}