{"seasonal_0_valid_loss":0.2407723259760529,"AMZN Stock Price Prediction by iTransformer":{"_type":"image-file","sha256":"5aece074c70e7c6f55cdacca2d6a728126f6d7bb89e4d5876ab0a8674b72d585","size":46263,"path":"media/images/AMZN Stock Price Prediction by iTransformer_8_5aece074c70e7c6f55cd.png","format":"png","width":1000,"height":600},"real_stock_price":218.94000244140625,"seasonal_1_valid_loss":0.6640566471335175,"seasonal_3_valid_loss":0.6745698180794716,"real_seasonal_0_stock_price":-6.886692248923765,"rmse":75.30540466308594,"real_trend_stock_price":167.5354913342489,"resid_train_loss":0.3121228264901069,"dim":128,"final_predicted_stock_price":143.6345977783203,"real_resid_stock_price":30.052430487608945,"trend_train_loss":0.13542877626840513,"real_seasonal_3_stock_price":9.210042698987007,"real_seasonal_2_stock_price":16.307195141839433,"seasonal_1_train_loss":0.6773548249891854,"predicted_seasonal_3_stock_price":1.24920654296875,"mae":75.30540466308594,"periods":[252,504,756,1260],"predicted_seasonal_0_stock_price":-5.521585941314697,"predicted_resid_stock_price":18.468563079833984,"Runtime (seconds)":4.428461074829102,"real_seasonal_1_stock_price":2.721535027645758,"_step":9,"predicted_seasonal_2_stock_price":5.780106067657471,"_timestamp":1.736755853084219e+09,"_runtime":8.640237507,"predicted_trend_stock_price":122.64968872070312,"_wandb":{"runtime":8},"seasonal_0_train_loss":0.6826272582618407,"seasonal_2_valid_loss":0.8093038879125146,"predicted_seasonal_1_stock_price":1.0086232423782349,"resid_valid_loss":0.20252724289068555,"mse":5670.903971471125,"seasonal_2_train_loss":0.8891163741654154,"seasonal_3_train_loss":1.0918927126650695,"trend_valid_loss":0.45696401852564733,"depth":4}