{"real_stock_price":236.85000610351562,"seasonal_3_train_loss":0.7016048307375555,"seasonal_2_train_loss":0.8967037934493429,"_runtime":9.614116143,"seasonal_1_train_loss":1.0936853467093575,"dim":128,"seasonal_0_valid_loss":4.265071195248422,"seasonal_2_valid_loss":0.08739956330669962,"resid_valid_loss":0.3523529474114329,"seasonal_1_valid_loss":0.8904380272353105,"real_seasonal_0_stock_price":-2.336371765082962,"rmse":145.7739715576172,"trend_train_loss":0.7920920386960887,"_step":9,"predicted_seasonal_0_stock_price":-1.550057053565979,"predicted_resid_stock_price":10.748604774475098,"depth":4,"seasonal_3_valid_loss":0.41790885210744705,"predicted_seasonal_3_stock_price":6.6243133544921875,"periods":[252,504,756,1260],"real_seasonal_2_stock_price":7.34047349260197,"AAPL Stock Price Prediction by iTransformer":{"_type":"image-file","sha256":"569e5efff152a23b342dc4e6a618e698b210a37a2dda857bd62bebd4d46cdeb9","size":46001,"path":"media/images/AAPL Stock Price Prediction by iTransformer_8_569e5efff152a23b342d.png","format":"png","width":1000,"height":600},"real_trend_stock_price":221.26011266754162,"_timestamp":1.7367517921394694e+09,"seasonal_0_train_loss":2.6454605281468284,"resid_train_loss":0.8228358287505436,"trend_valid_loss":3.8720881315954543,"mae":145.7739715576172,"predicted_trend_stock_price":69.96150970458984,"predicted_seasonal_1_stock_price":-0.026977475732564926,"Runtime (seconds)":4.332927227020264,"real_seasonal_3_stock_price":4.670785386073763,"real_seasonal_1_stock_price":-3.1406792267558363,"final_predicted_stock_price":91.07603454589844,"real_resid_stock_price":9.055685549137081,"_wandb":{"runtime":9},"predicted_seasonal_2_stock_price":5.318642616271973,"mse":21250.050783680985}