{"real_seasonal_2_stock_price":7.340470267654448,"depth":4,"seasonal_3_train_loss":0.9826251056064014,"periods":[252,504,756,1260],"real_seasonal_3_stock_price":4.670789543078744,"real_seasonal_0_stock_price":-2.3363726813042134,"seasonal_2_valid_loss":0.39363807771395853,"mse":29784.78398258821,"predicted_trend_stock_price":63.1827392578125,"predicted_seasonal_1_stock_price":-3.0975468158721924,"_timestamp":1.7367501274768934e+09,"predicted_seasonal_3_stock_price":-1.935897946357727,"resid_valid_loss":1.010146860768195,"seasonal_1_train_loss":0.3603037975420039,"_wandb":{"runtime":15},"mae":172.5826873779297,"seasonal_2_train_loss":0.5971305516171963,"final_predicted_stock_price":64.26731872558594,"seasonal_3_valid_loss":1.145230252775539,"predicted_seasonal_2_stock_price":2.8565285205841064,"real_trend_stock_price":221.2601121284236,"trend_train_loss":0.5936328854247187,"dim":128,"seasonal_0_valid_loss":1.7214418037189283,"_runtime":15.143203382,"AAPL Stock Price Prediction by iTransformer":{"format":"png","width":1000,"height":600,"_type":"image-file","sha256":"cba2c2bb33856b007136ff587e6e1d9da8d48a81af445c26ec3e9ec73174e4dd","size":46405,"path":"media/images/AAPL Stock Price Prediction by iTransformer_8_cba2c2bb33856b007136.png"},"_step":9,"rmse":172.5826873779297,"predicted_resid_stock_price":0.8150460720062256,"Runtime (seconds)":6.892115831375122,"resid_train_loss":1.6428418982466426,"trend_valid_loss":3.4915496857750496,"real_resid_stock_price":9.055686527587909,"real_seasonal_1_stock_price":-3.1406796819248495,"seasonal_1_valid_loss":0.2631480395793915,"seasonal_0_train_loss":0.7671462669904652,"real_stock_price":236.85000610351562,"predicted_seasonal_0_stock_price":2.4464480876922607}