{"seasonal_1_valid_loss":0.6901580691337585,"dim":128,"rmse":73.7498779296875,"final_predicted_stock_price":145.19012451171875,"AMZN Stock Price Prediction by iTransformer":{"height":600,"_type":"image-file","sha256":"85fe0c891a4f4a1bf8836a669f1168fa43263df3606ffc19496fa702d7320fc9","size":45677,"path":"media/images/AMZN Stock Price Prediction by iTransformer_8_85fe0c891a4f4a1bf883.png","format":"png","width":1000},"seasonal_0_train_loss":0.3785031833937437,"seasonal_2_valid_loss":0.3578883788865341,"resid_train_loss":0.8114605072120046,"real_seasonal_2_stock_price":16.307195141839433,"seasonal_2_train_loss":0.6971893428410819,"mae":73.7498779296875,"resid_valid_loss":0.5821913415666952,"trend_valid_loss":0.17227396240990075,"predicted_seasonal_1_stock_price":0.19990646839141846,"real_seasonal_3_stock_price":9.210042698987007,"mse":5439.044494643807,"_wandb":{"runtime":15},"predicted_seasonal_2_stock_price":7.313098907470703,"periods":[252,504,756,1260],"_step":9,"predicted_seasonal_0_stock_price":-5.872100353240967,"real_stock_price":218.94000244140625,"real_trend_stock_price":167.5354913342489,"seasonal_0_valid_loss":0.07965314743064698,"real_seasonal_0_stock_price":-6.886692248923765,"_timestamp":1.7367400159341154e+09,"predicted_seasonal_3_stock_price":4.418998718261719,"Runtime (seconds)":7.726146936416626,"real_seasonal_1_stock_price":2.721535027645758,"real_resid_stock_price":30.052430487608945,"trend_train_loss":0.31329516126808626,"seasonal_3_train_loss":0.7744711099024563,"_runtime":15.853989775,"predicted_trend_stock_price":131.90621948242188,"depth":4,"seasonal_1_train_loss":1.5177364139406728,"predicted_resid_stock_price":7.22399377822876,"seasonal_3_valid_loss":0.3911551069023811}