{"Validation Loss (Trend)":3.6949829791410593e-06,"_step":101,"Validation Loss (Seasonal)":5.260229045234155e-06,"Train Loss (Trend)":3.6567666589130217e-06,"_timestamp":1.7294363147976274e+09,"Runtime (seconds)":114.92702221870422,"Train Loss (Seasonal)":5.268523474095692e-06,"Apple Stock Price Prediction":{"format":"png","width":1000,"height":600,"_type":"image-file","sha256":"a3f3ffc4fbf023419f95fbe3a8c6152cc71a5005fe972889d95e601d4e080c4c","size":44867,"path":"media/images/Apple Stock Price Prediction_100_a3f3ffc4fbf023419f95.png"},"_wandb":{"runtime":116},"_runtime":116.90738656,"Validation Loss (Resid)":4.8197616706602275e-05,"Train Loss (Resid)":4.750645286065748e-05}