{"depth":4,"seasonal_0_valid_loss":1.3701234076924893,"predicted_trend_stock_price":122.72611236572266,"seasonal_2_train_loss":0.5021778979727368,"resid_valid_loss":0.5176892395431417,"real_seasonal_1_stock_price":2.721535027645758,"real_stock_price":218.94000244140625,"real_seasonal_2_stock_price":16.307195141839433,"predicted_seasonal_1_stock_price":-0.38739824295043945,"predicted_seasonal_3_stock_price":11.653044700622559,"Runtime (seconds)":4.985093832015991,"seasonal_3_valid_loss":1.0638131961740296,"seasonal_0_train_loss":1.1041765865602076,"predicted_seasonal_2_stock_price":25.99420738220215,"rmse":47.63435363769531,"seasonal_2_valid_loss":0.8874341736350398,"seasonal_1_valid_loss":0.5910126628471036,"_step":9,"real_trend_stock_price":167.5354913342489,"real_seasonal_3_stock_price":9.210042698987007,"mae":47.63435363769531,"real_resid_stock_price":30.052430487608945,"_runtime":10.996207328,"predicted_resid_stock_price":11.194625854492188,"trend_valid_loss":0.5043937197589262,"periods":[252,504,756,1260],"predicted_seasonal_0_stock_price":0.12506356835365295,"resid_train_loss":0.7327194038725577,"_wandb":{"runtime":10},"real_seasonal_0_stock_price":-6.886692248923765,"_timestamp":1.7367542129178133e+09,"seasonal_3_train_loss":1.4511531854206399,"final_predicted_stock_price":171.30564880371094,"mse":2269.0316464810167,"dim":128,"AMZN Stock Price Prediction by iTransformer":{"format":"png","width":1000,"height":600,"_type":"image-file","sha256":"e84324b071f55992f0c4ce0be81fa820fc66addd916731bd455afde38d9b5d4c","size":48656,"path":"media/images/AMZN Stock Price Prediction by iTransformer_8_e84324b071f55992f0c4.png"},"trend_train_loss":0.19476196132037896,"seasonal_1_train_loss":0.8117252737910046}