{"mse":6564.374609841267,"real_seasonal_3_stock_price":9.210042698987007,"real_resid_stock_price":30.052430487608945,"_step":9,"trend_train_loss":0.48346863801431383,"_wandb":{"runtime":7},"seasonal_1_valid_loss":0.14312626558249114,"predicted_seasonal_2_stock_price":14.097761154174805,"depth":4,"_runtime":7.777894928,"_timestamp":1.736712684804081e+09,"predicted_seasonal_3_stock_price":3.403541326522827,"real_seasonal_2_stock_price":16.307195141839433,"real_stock_price":218.94000244140625,"seasonal_2_valid_loss":0.051570724695920944,"seasonal_2_train_loss":0.8919566519228963,"Runtime (seconds)":3.4314026832580566,"seasonal_0_valid_loss":1.6829637139255464,"real_seasonal_0_stock_price":-6.886692248923765,"periods":[252,504,756,1260],"resid_valid_loss":0.3289072992009296,"mae":81.02082824707031,"real_seasonal_1_stock_price":2.721535027645758,"rmse":81.02082824707031,"predicted_seasonal_0_stock_price":1.1549173593521118,"seasonal_0_train_loss":1.4458133349939666,"final_predicted_stock_price":137.91917419433594,"resid_train_loss":0.4092064634357022,"predicted_seasonal_1_stock_price":2.0224156379699707,"AMZN Stock Price Prediction by iTransformer":{"format":"png","width":1000,"height":600,"_type":"image-file","sha256":"0801a286ed18a445099ca0138646fd584e47c576cc1843234a9a935afac31572","size":46170,"path":"media/images/AMZN Stock Price Prediction by iTransformer_8_0801a286ed18a445099c.png"},"seasonal_1_train_loss":0.44550189166982596,"trend_valid_loss":0.6808139942976914,"real_trend_stock_price":167.5354913342489,"seasonal_3_train_loss":0.9198102482727596,"seasonal_3_valid_loss":0.3860010233073108,"dim":128,"predicted_resid_stock_price":9.48864459991455,"predicted_trend_stock_price":107.75189971923828}