{"predicted_trend_stock_price":165.20953369140625,"Runtime (seconds)":7.226902961730957,"seasonal_3_train_loss":0.5028216715409667,"predicted_seasonal_1_stock_price":2.679222583770752,"_wandb":{"runtime":13},"rmse":44.82115173339844,"_step":9,"predicted_resid_stock_price":-2.852515697479248,"dim":128,"resid_valid_loss":1.0986246884524167,"real_stock_price":218.94000244140625,"seasonal_0_valid_loss":0.6253222227096558,"resid_train_loss":1.274524355761279,"mse":2008.9356427083258,"mae":44.82115173339844,"seasonal_2_valid_loss":0.5087482562701626,"trend_valid_loss":0.0005801605864190587,"real_seasonal_1_stock_price":2.721535027645758,"real_trend_stock_price":167.5354913342489,"seasonal_2_train_loss":0.946524051603149,"periods":[252,504,756,1260],"_runtime":13.154478839,"seasonal_1_train_loss":0.4570082540905804,"predicted_seasonal_2_stock_price":7.851967811584473,"_timestamp":1.7367179933464932e+09,"real_resid_stock_price":30.052430487608945,"trend_train_loss":0.06904810222072533,"seasonal_1_valid_loss":0.14004351659254594,"predicted_seasonal_3_stock_price":9.484780311584473,"seasonal_0_train_loss":0.6539056885854007,"predicted_seasonal_0_stock_price":-8.254166603088379,"real_seasonal_2_stock_price":16.307195141839433,"seasonal_3_valid_loss":0.17848537862300873,"final_predicted_stock_price":174.1188507080078,"real_seasonal_0_stock_price":-6.886692248923765,"real_seasonal_3_stock_price":9.210042698987007,"depth":4,"AMZN Stock Price Prediction by iTransformer":{"height":600,"_type":"image-file","sha256":"305e0c0f353ad54c8f592b7d00759655267609694e6991142e0f9680c0307e82","size":48212,"path":"media/images/AMZN Stock Price Prediction by iTransformer_8_305e0c0f353ad54c8f59.png","format":"png","width":1000}}