{"_runtime":3973.574858586,"depth":4,"rmse":0.16617393493652344,"Runtime (seconds)":279.91289043426514,"real_stock_price":25.28203582763672,"r2_score":NaN,"PFE Stock Price Prediction by iTransformer(no MSTL)":{"path":"media/images/PFE Stock Price Prediction by iTransformer(no MSTL)_301_7a1622db9cbcae6b0f37.png","format":"png","width":1000,"height":600,"_type":"image-file","sha256":"7a1622db9cbcae6b0f37c7677cb5aa40aea35aa0df9d66800c5616fe7230d014","size":59939},"valid_loss":0.044676286523186025,"predicted_stock_price":25.115861892700195,"_timestamp":1.738516572454154e+09,"train_loss":0.046741437351754726,"mae":0.16617393493652344,"_wandb":{"runtime":3973},"dim":128,"mse":0.027613776652287925,"_step":302}