{"trend_train_loss":0.6445442476468798,"final_predicted_stock_price":106.58453369140625,"mse":16969.09330275003,"depth":4,"trend_valid_loss":1.8363708214413734,"mae":130.26547241210938,"seasonal_1_train_loss":0.672489165626402,"_timestamp":1.736734471696886e+09,"seasonal_3_train_loss":1.7399599214200965,"AAPL Stock Price Prediction by iTransformer":{"size":47726,"path":"media/images/AAPL Stock Price Prediction by iTransformer_8_f6e00a02c744f4f8caa1.png","format":"png","width":1000,"height":600,"_type":"image-file","sha256":"f6e00a02c744f4f8caa1f6a436aa08b7277506b2243b3c7e89e2b3410d0e46b4"},"real_seasonal_0_stock_price":-2.336381154792791,"real_resid_stock_price":9.055696174703684,"dim":128,"seasonal_1_valid_loss":0.46551156853937536,"seasonal_3_valid_loss":0.47467767130030264,"rmse":130.26547241210938,"predicted_resid_stock_price":10.497002601623535,"_wandb":{"runtime":7},"predicted_seasonal_0_stock_price":2.0976855754852295,"predicted_trend_stock_price":91.52379608154297,"predicted_seasonal_3_stock_price":0.7404091954231262,"seasonal_2_train_loss":2.4467432634583837,"real_stock_price":236.85000610351562,"resid_valid_loss":1.3716280709079651,"_runtime":7.671762974,"seasonal_0_valid_loss":1.3008160998131209,"periods":[252,504,756,1260],"real_seasonal_1_stock_price":-3.1406739218915445,"_step":9,"seasonal_0_train_loss":0.3987907062506689,"predicted_seasonal_2_stock_price":3.0198538303375244,"seasonal_2_valid_loss":0.5641518038947407,"Runtime (seconds)":3.5258352756500244,"real_seasonal_3_stock_price":4.670781084627716,"real_seasonal_2_stock_price":7.3404721344823365,"predicted_seasonal_1_stock_price":-1.294209361076355,"real_trend_stock_price":221.26011178638623,"resid_train_loss":0.9289794859423477}