{"seasonal_1_train_loss":0.6439675665145798,"predicted_seasonal_1_stock_price":-2.332843542098999,"seasonal_2_valid_loss":0.5047999625905938,"mae":63.09356689453125,"_runtime":15.318378768,"mse":3980.7981834746897,"predicted_resid_stock_price":5.378653526306152,"resid_valid_loss":0.839559763836461,"real_seasonal_1_stock_price":-3.1406740376233198,"seasonal_0_train_loss":1.0558329633455765,"seasonal_0_valid_loss":2.3349778712458082,"seasonal_3_train_loss":1.0087074993104055,"seasonal_2_train_loss":0.5588514963008838,"seasonal_1_valid_loss":0.282856792587719,"rmse":63.09356689453125,"real_seasonal_3_stock_price":4.670784319592656,"predicted_seasonal_2_stock_price":3.7223119735717773,"trend_valid_loss":0.22411426187294428,"_timestamp":1.7367317966061504e+09,"trend_train_loss":0.21918332138987182,"real_stock_price":236.85000610351562,"real_trend_stock_price":221.2601116055089,"predicted_seasonal_3_stock_price":-5.022357940673828,"real_seasonal_0_stock_price":-2.3363762922721008,"AAPL Stock Price Prediction by iTransformer":{"sha256":"c2dfd1d516d0112c5bdbc5e1b42e3ab40bed5ee43628f4056da27dae253083ff","size":46401,"path":"media/images/AAPL Stock Price Prediction by iTransformer_8_c2dfd1d516d0112c5bdb.png","format":"png","width":1000,"height":600,"_type":"image-file"},"predicted_trend_stock_price":173.6197509765625,"predicted_seasonal_0_stock_price":-1.6090631484985352,"periods":[252,504,756,1260],"dim":128,"real_resid_stock_price":9.055690258192328,"final_predicted_stock_price":173.75643920898438,"resid_train_loss":0.4042387450515809,"depth":4,"seasonal_3_valid_loss":0.5021595585549998,"_wandb":{"runtime":15},"real_seasonal_2_stock_price":7.34047025011714,"_step":9,"Runtime (seconds)":7.528273344039917}