{"_runtime":12.986543585,"seasonal_3_valid_loss":1.7749040834088945,"seasonal_3_train_loss":1.6753717512615676,"predicted_trend_stock_price":85.7898178100586,"real_trend_stock_price":167.5354913342489,"real_seasonal_0_stock_price":-6.886692248923765,"resid_train_loss":0.8608087252793245,"real_seasonal_2_stock_price":16.307195141839433,"seasonal_0_train_loss":0.3261677913887556,"Runtime (seconds)":5.999330997467041,"depth":4,"seasonal_1_train_loss":2.2022967771126836,"_wandb":{"runtime":12},"AMZN Stock Price Prediction by iTransformer":{"path":"media/images/AMZN Stock Price Prediction by iTransformer_8_e365d6689c4bec64d9bc.png","format":"png","width":1000,"height":600,"_type":"image-file","sha256":"e365d6689c4bec64d9bca93cc9ca3c5c3f32f0d79c97ea65587200495943a875","size":46446},"real_seasonal_3_stock_price":9.210042698987007,"seasonal_2_valid_loss":0.7221885970954237,"predicted_seasonal_2_stock_price":7.503110885620117,"trend_train_loss":1.2265060539810546,"real_seasonal_1_stock_price":2.721535027645758,"_timestamp":1.7367565384196303e+09,"predicted_seasonal_3_stock_price":4.675189018249512,"seasonal_2_train_loss":0.8696403180759761,"predicted_seasonal_1_stock_price":-0.39130842685699463,"seasonal_0_valid_loss":0.15401496143871649,"predicted_seasonal_0_stock_price":-5.604996681213379,"real_stock_price":218.94000244140625,"rmse":109.90443420410156,"periods":[252,504,756,1260],"trend_valid_loss":2.5423667430877686,"mse":12078.98465772369,"resid_valid_loss":0.38019112059656457,"real_resid_stock_price":30.052430487608945,"final_predicted_stock_price":109.03556823730469,"predicted_resid_stock_price":17.063758850097656,"dim":128,"seasonal_1_valid_loss":2.314239879762094,"mae":109.90443420410156,"_step":9}