{"_step":101,"Apple Stock Price Prediction":{"width":1000,"height":600,"_type":"image-file","sha256":"5063ebfc1b0791d25c28b0c601ca79c2fc24fde64072115597d184659f5d2558","size":47332,"path":"media/images/Apple Stock Price Prediction_100_5063ebfc1b0791d25c28.png","format":"png"},"Runtime (seconds)":32.38059973716736,"_wandb":{"runtime":34},"Train Loss":0.014149532147695846,"Validation Loss":0.020980059337544155,"_timestamp":1.7285488350691493e+09,"_runtime":34.684354526}