{"real_seasonal_3_stock_price":5.021717884930734,"real_resid_stock_price":26.21751548435961,"mse":5053.709477820434,"real_seasonal_2_stock_price":16.426641107443064,"rmse":71.08944702148438,"_wandb":{"runtime":97},"Stock_Price_Prediction":{"sha256":"98759996feb58e842b7b6b72908c5310e856ed6fbe5a6676b32c7b05ae5592d9","size":39517,"path":"media/images/Stock_Price_Prediction_7_98759996feb58e842b7b.png","format":"png","width":1000,"height":600,"_type":"image-file"},"trend_train_loss":4.342519957048507,"_step":8,"seasonal_0_valid_loss":0.683796747862048,"seasonal_3_valid_loss":0.9466167688369751,"predicted_seasonal_1_stock_price":1.2995429039001465,"real_stock_price":210.0500030517578,"seasonal_2_valid_loss":0.4351731425599207,"predicted_resid_stock_price":10.772068977355957,"predicted_seasonal_2_stock_price":14.891353607177734,"resid_train_loss":1.0736847177784667,"seasonal_1_train_loss":0.6428702613581782,"real_seasonal_0_stock_price":-1.3074917254161995,"_timestamp":1.7358365587725778e+09,"predicted_seasonal_3_stock_price":2.8623361587524414,"predicted_seasonal_0_stock_price":-0.16176307201385498,"final_predicted_stock_price":138.96055603027344,"resid_valid_loss":1.2864922238672447,"seasonal_0_train_loss":0.5991753632828795,"seasonal_3_train_loss":1.4316244015620063,"mae":71.08944702148438,"real_seasonal_1_stock_price":4.220048846647695,"seasonal_2_train_loss":0.8109027922445294,"Runtime (seconds)":51.02420616149902,"trend_valid_loss":1.2375137490638788,"seasonal_1_valid_loss":1.1006618054289568,"predicted_trend_stock_price":109.29702758789062,"real_trend_stock_price":159.47157145379293,"_runtime":97.712652015}