{"seasonal_1_valid_loss":1.2355026919441414,"predicted_trend_stock_price":139.26800537109375,"_timestamp":1.736754442365035e+09,"predicted_seasonal_3_stock_price":2.6778383255004883,"predicted_seasonal_0_stock_price":-0.011403601616621017,"predicted_seasonal_1_stock_price":1.7241761684417725,"real_seasonal_0_stock_price":-2.3363822951779,"trend_valid_loss":0.5135544433912281,"seasonal_3_valid_loss":0.27730122374636784,"final_predicted_stock_price":155.83438110351562,"predicted_resid_stock_price":6.594752311706543,"_wandb":{"runtime":17},"real_trend_stock_price":221.2601115970146,"mae":81.015625,"seasonal_2_valid_loss":0.13979745970573276,"trend_train_loss":0.12126702774950732,"periods":[252,504,756,1260],"resid_train_loss":1.2057699726288578,"predicted_seasonal_2_stock_price":5.58099889755249,"seasonal_1_train_loss":2.0603412719755214,"seasonal_2_train_loss":0.9235649670948062,"seasonal_3_train_loss":0.5792275633164278,"_runtime":17.549423815,"depth":4,"rmse":81.015625,"real_seasonal_1_stock_price":-3.1406750100245393,"AAPL Stock Price Prediction by iTransformer":{"height":600,"_type":"image-file","sha256":"e2abb8799108b3aa5af1e20476350e909da59fdb7a70be0e544c84b554bf918f","size":46518,"path":"media/images/AAPL Stock Price Prediction by iTransformer_8_e2abb8799108b3aa5af1.png","format":"png","width":1000},"seasonal_0_valid_loss":0.2693751476065147,"real_seasonal_2_stock_price":7.340473995664758,"real_resid_stock_price":9.05569507244897,"resid_valid_loss":1.0194433073997498,"mse":6563.531494140625,"seasonal_0_train_loss":0.5153382360839267,"Runtime (seconds)":8.8285391330719,"_step":9,"real_seasonal_3_stock_price":4.670782743589728,"real_stock_price":236.85000610351562,"dim":128}