{"trend_valid_loss":3.69199120373159,"seasonal_0_valid_loss":0.22691104155162284,"_step":9,"rmse":169.9708251953125,"resid_valid_loss":0.5808229040219841,"periods":[252,504,756,1260],"real_resid_stock_price":9.055693760091629,"real_seasonal_2_stock_price":7.340471348105878,"predicted_seasonal_1_stock_price":-2.210782051086426,"dim":128,"real_seasonal_1_stock_price":-3.140674751735092,"real_trend_stock_price":221.26011290514927,"_timestamp":1.7367152055485592e+09,"real_stock_price":236.85000610351562,"mae":169.9708251953125,"mse":28890.08141757548,"seasonal_1_valid_loss":0.19357720203697681,"seasonal_3_train_loss":1.1813409596891717,"_runtime":11.511313272,"resid_train_loss":1.5359263419321978,"predicted_seasonal_3_stock_price":-5.132118225097656,"trend_train_loss":1.1765613801076222,"predicted_seasonal_2_stock_price":4.898288249969482,"final_predicted_stock_price":66.87918090820312,"AAPL Stock Price Prediction by iTransformer":{"sha256":"1a427fe7bde6c03e8c108913e1b13269676c710dc47a63247df164b589214cf1","size":46434,"path":"media/images/AAPL Stock Price Prediction by iTransformer_8_1a427fe7bde6c03e8c10.png","format":"png","width":1000,"height":600,"_type":"image-file"},"predicted_resid_stock_price":15.730299949645996,"real_seasonal_3_stock_price":4.6707843665887685,"seasonal_2_train_loss":0.7808941247445104,"seasonal_3_valid_loss":0.8914867907762527,"seasonal_2_valid_loss":0.15959628534448497,"_wandb":{"runtime":11},"seasonal_0_train_loss":0.2073608242775783,"predicted_trend_stock_price":51.90219497680664,"real_seasonal_0_stock_price":-2.336381524684814,"seasonal_1_train_loss":0.4195374085144563,"depth":4,"Runtime (seconds)":5.392878293991089,"predicted_seasonal_0_stock_price":1.6912939548492432}