{"depth":4,"_timestamp":1.7367432008514974e+09,"AAPL Stock Price Prediction by iTransformer":{"_type":"image-file","sha256":"5ebf1e2d43ee8dd9fd4b19267302d010fc56c8a210edf776be6dc79eda073a27","size":46560,"path":"media/images/AAPL Stock Price Prediction by iTransformer_8_5ebf1e2d43ee8dd9fd4b.png","format":"png","width":1000,"height":600},"final_predicted_stock_price":56.23180389404297,"predicted_resid_stock_price":-2.1229631900787354,"_runtime":8.913258258,"real_stock_price":236.85000610351562,"predicted_seasonal_0_stock_price":1.898876667022705,"seasonal_2_valid_loss":0.3099278382252197,"seasonal_1_valid_loss":1.2020398537317911,"real_trend_stock_price":221.26011178496,"Runtime (seconds)":3.759769916534424,"trend_valid_loss":4.337068789605876,"real_resid_stock_price":9.055693989710846,"real_seasonal_3_stock_price":4.670782221982144,"predicted_trend_stock_price":55.1568717956543,"_wandb":{"runtime":8},"periods":[252,504,756,1260],"seasonal_3_valid_loss":0.3688388764858246,"seasonal_0_train_loss":0.16814888629568628,"trend_train_loss":0.6528304939054623,"mse":32622.934969381953,"dim":128,"resid_train_loss":0.8654934722315621,"mae":180.61820220947266,"predicted_seasonal_2_stock_price":3.1759579181671143,"rmse":180.61820220947266,"predicted_seasonal_1_stock_price":-0.5614848136901855,"real_seasonal_0_stock_price":-2.3363796141513853,"resid_valid_loss":2.06714850047539,"seasonal_1_train_loss":1.1245335190352812,"real_seasonal_2_stock_price":7.340469581928495,"_step":9,"predicted_seasonal_3_stock_price":-1.3154537677764893,"real_seasonal_1_stock_price":-3.1406718609144564,"seasonal_2_train_loss":0.7618308811867575,"seasonal_3_train_loss":0.9155449033601255,"seasonal_0_valid_loss":0.33840319514274597}