{"real_seasonal_0_stock_price":-2.3363741443330053,"real_seasonal_3_stock_price":4.670790005482887,"periods":[252,504,756,1260],"predicted_trend_stock_price":204.02206420898438,"_timestamp":1.73673765432166e+09,"seasonal_2_valid_loss":0.08120109833707319,"predicted_seasonal_2_stock_price":7.436351776123047,"seasonal_3_train_loss":1.1962075274711275,"real_seasonal_2_stock_price":7.340470648341118,"resid_train_loss":1.0678931796680626,"dim":128,"_wandb":{"runtime":15},"rmse":12.666427612304688,"real_trend_stock_price":221.26011177433583,"predicted_seasonal_0_stock_price":-1.223007321357727,"predicted_resid_stock_price":11.83933162689209,"resid_valid_loss":0.848522312704335,"seasonal_2_train_loss":0.2547256849478094,"trend_valid_loss":0.02526969344101169,"real_seasonal_1_stock_price":-3.1406798897984527,"seasonal_3_valid_loss":1.2287984145734145,"mae":12.666427612304688,"trend_train_loss":0.08065252056117025,"_step":9,"depth":4,"seasonal_0_valid_loss":2.0223387952758234,"real_stock_price":236.85000610351562,"seasonal_1_valid_loss":1.6017556443126924,"seasonal_0_train_loss":0.8845125056572027,"Runtime (seconds)":7.479462385177612,"predicted_seasonal_3_stock_price":1.205661654472351,"_runtime":15.671463754,"predicted_seasonal_1_stock_price":0.9031854867935181,"seasonal_1_train_loss":1.8411184535303928,"AAPL Stock Price Prediction by iTransformer":{"width":1000,"height":600,"_type":"image-file","sha256":"f61309f65c6de40d86abc776f91b59b94eaf6badc31633d8c92fbe21bc648956","size":50377,"path":"media/images/AAPL Stock Price Prediction by iTransformer_8_f61309f65c6de40d86ab.png","format":"png"},"mse":160.43838845775463,"real_resid_stock_price":9.055687709487245,"final_predicted_stock_price":224.18357849121094}