{"dim":128,"depth":4,"rmse":71.39759826660156,"final_predicted_stock_price":147.5424041748047,"seasonal_2_valid_loss":0.3598398373818354,"real_trend_stock_price":167.5354913342489,"resid_valid_loss":0.32387455063355847,"seasonal_0_train_loss":1.0985770300030708,"predicted_seasonal_3_stock_price":12.347272872924805,"periods":[252,504,756,1260],"_runtime":15.521076847,"real_seasonal_3_stock_price":9.210042698987007,"predicted_resid_stock_price":12.705583572387695,"predicted_seasonal_0_stock_price":-1.8055330514907837,"real_seasonal_2_stock_price":16.307195141839433,"mse":5097.617038239026,"_timestamp":1.736727864620286e+09,"real_seasonal_1_stock_price":2.721535027645758,"trend_valid_loss":1.1169718309525014,"predicted_trend_stock_price":101.87185668945312,"seasonal_2_train_loss":0.8740952255917956,"trend_train_loss":0.8074049577807378,"_step":9,"Runtime (seconds)":6.35068154335022,"_wandb":{"runtime":15},"real_stock_price":218.94000244140625,"seasonal_0_valid_loss":0.6306613825938918,"predicted_seasonal_2_stock_price":19.751882553100586,"mae":71.39759826660156,"AMZN Stock Price Prediction by iTransformer":{"path":"media/images/AMZN Stock Price Prediction by iTransformer_8_6dd3a3839bfa8f11cb8f.png","format":"png","width":1000,"height":600,"_type":"image-file","sha256":"6dd3a3839bfa8f11cb8f6bbedf35ffd411022d751759abd3d1754cc2eb107296","size":48858},"seasonal_3_train_loss":1.0301239413599814,"resid_train_loss":0.5395612534583851,"seasonal_3_valid_loss":0.18762895149680284,"real_resid_stock_price":30.052430487608945,"predicted_seasonal_1_stock_price":2.6713404655456543,"seasonal_1_valid_loss":0.30048581203782415,"real_seasonal_0_stock_price":-6.886692248923765,"seasonal_1_train_loss":1.3905892788988596}