{"seasonal_0_train_loss":0.23064054131163944,"real_seasonal_0_stock_price":-6.886692248923765,"seasonal_3_train_loss":1.0831294395233113,"resid_train_loss":0.2969330648476042,"predicted_seasonal_2_stock_price":-1.0827114582061768,"trend_train_loss":0.5293221820975751,"seasonal_3_valid_loss":1.181308476592219,"predicted_trend_stock_price":154.1815643310547,"predicted_resid_stock_price":15.707352638244629,"real_seasonal_1_stock_price":2.721535027645758,"_wandb":{"runtime":8},"real_stock_price":218.94000244140625,"final_predicted_stock_price":164.193359375,"predicted_seasonal_1_stock_price":0.26140937209129333,"_step":9,"real_trend_stock_price":167.5354913342489,"seasonal_1_train_loss":0.9615756955424124,"trend_valid_loss":0.02798286805532581,"real_resid_stock_price":30.052430487608945,"real_seasonal_2_stock_price":16.307195141839433,"real_seasonal_3_stock_price":9.210042698987007,"predicted_seasonal_3_stock_price":-0.8602191209793091,"rmse":54.74664306640625,"AMZN Stock Price Prediction by iTransformer":{"_type":"image-file","sha256":"ccc17ce1ce71beee6110c381d1f651826b60a49c8603e309333c0d2ef7cf3136","size":48281,"path":"media/images/AMZN Stock Price Prediction by iTransformer_8_ccc17ce1ce71beee6110.png","format":"png","width":1000,"height":600},"mae":54.74664306640625,"seasonal_1_valid_loss":0.8657679515225547,"predicted_seasonal_0_stock_price":-4.014031410217285,"Runtime (seconds)":3.872529983520508,"resid_valid_loss":0.3248102111013039,"depth":4,"_timestamp":1.7367189264535515e+09,"mse":2997.1949270404875,"seasonal_0_valid_loss":0.2157598153070813,"seasonal_2_valid_loss":1.2561718584778152,"_runtime":8.305029777,"dim":128,"periods":[252,504,756,1260],"seasonal_2_train_loss":1.3850132354947882}