{"real_seasonal_2_stock_price":7.340473335717862,"real_stock_price":236.85000610351562,"seasonal_1_train_loss":0.40142237452628743,"real_trend_stock_price":221.26011189725097,"real_seasonal_0_stock_price":-2.3363774812139373,"trend_valid_loss":1.965032545803803,"dim":128,"predicted_seasonal_1_stock_price":-1.7437292337417603,"resid_valid_loss":0.3761737720312806,"predicted_trend_stock_price":111.15228271484375,"depth":4,"AAPL Stock Price Prediction by iTransformer":{"format":"png","width":1000,"height":600,"_type":"image-file","sha256":"633949c7c16380f9facf3e19fca3fd75717bf0adb07ee3bed2cc836dd5868a7f","size":47329,"path":"media/images/AAPL Stock Price Prediction by iTransformer_8_633949c7c16380f9facf.png"},"predicted_seasonal_3_stock_price":1.9140715599060059,"seasonal_2_valid_loss":0.13067092892027712,"seasonal_3_valid_loss":0.30446622157414927,"real_resid_stock_price":9.055690864851584,"_timestamp":1.7367529710038853e+09,"Runtime (seconds)":8.805241346359253,"real_seasonal_3_stock_price":4.670789703486644,"_step":9,"_runtime":19.514629025,"periods":[252,504,756,1260],"seasonal_3_train_loss":0.9209006400368012,"final_predicted_stock_price":125.05712890625,"real_seasonal_1_stock_price":-3.1406822165774875,"seasonal_0_train_loss":1.4025535037605366,"mse":12497.647392042913,"seasonal_0_valid_loss":3.004111584602741,"trend_train_loss":0.2060069324152568,"predicted_seasonal_2_stock_price":4.994974613189697,"mae":111.79287719726562,"_wandb":{"runtime":19},"rmse":111.79287719726562,"predicted_resid_stock_price":9.15613079071045,"resid_train_loss":0.4595718076816899,"predicted_seasonal_0_stock_price":-0.4165944755077362,"seasonal_1_valid_loss":0.21533031744567577,"seasonal_2_train_loss":0.25690334596944764}