{"mse":15948.890693804773,"seasonal_0_valid_loss":2.0655241016968864,"predicted_seasonal_2_stock_price":9.234082221984863,"_wandb":{"runtime":13},"_timestamp":1.7367396588381882e+09,"seasonal_1_train_loss":1.3790403722429085,"seasonal_2_valid_loss":0.2877910362858346,"predicted_resid_stock_price":10.476301193237305,"seasonal_1_valid_loss":1.0966239122862227,"mae":126.2889175415039,"resid_valid_loss":2.874790443991907,"seasonal_3_valid_loss":0.3301832260472522,"dim":128,"predicted_seasonal_0_stock_price":-0.14299435913562775,"real_seasonal_1_stock_price":-3.1406770029435145,"trend_valid_loss":2.9632265388324694,"predicted_seasonal_3_stock_price":4.33043098449707,"depth":4,"_step":9,"predicted_trend_stock_price":86.81443786621094,"_runtime":13.03779289,"resid_train_loss":0.9877753637069886,"seasonal_0_train_loss":0.9657257853393096,"seasonal_3_train_loss":1.2581702513628568,"real_resid_stock_price":9.055693181520894,"real_seasonal_2_stock_price":7.340472003640825,"seasonal_2_train_loss":0.5636639545027324,"periods":[252,504,756,1260],"real_seasonal_0_stock_price":-2.3363766487059525,"Runtime (seconds)":5.634190082550049,"AAPL Stock Price Prediction by iTransformer":{"path":"media/images/AAPL Stock Price Prediction by iTransformer_8_8dd12ed4b91287da82e3.png","format":"png","width":1000,"height":600,"_type":"image-file","sha256":"8dd12ed4b91287da82e3af2b6fa25d9329130350938c28ddc41d1eb0f45d47f3","size":47207},"real_trend_stock_price":221.26011160387057,"real_stock_price":236.85000610351562,"final_predicted_stock_price":110.56108856201172,"real_seasonal_3_stock_price":4.670782966132817,"trend_train_loss":0.6963633755175375,"predicted_seasonal_1_stock_price":-0.15116997063159943,"rmse":126.2889175415039}