{"predicted_seasonal_3_stock_price":2.1878535747528076,"Runtime (seconds)":5.733729124069214,"resid_train_loss":2.5932620160830213,"seasonal_2_train_loss":1.330005433535586,"real_seasonal_3_stock_price":4.6707833801465934,"seasonal_0_valid_loss":0.34414854645729065,"seasonal_2_valid_loss":1.1412808518307132,"periods":[252,504,756,1260],"predicted_seasonal_0_stock_price":0.8668543100357056,"predicted_trend_stock_price":94.37921905517578,"predicted_seasonal_2_stock_price":-1.4279669523239136,"real_stock_price":236.85000610351562,"real_resid_stock_price":9.055698590169612,"_timestamp":1.736707636036742e+09,"predicted_seasonal_1_stock_price":-0.09594178944826126,"_step":9,"real_seasonal_1_stock_price":-3.140675638324955,"trend_valid_loss":1.5077182450758564,"_runtime":10.711413308000001,"real_trend_stock_price":221.2601120077768,"seasonal_3_train_loss":0.48313636174647817,"resid_valid_loss":5.695648193359375,"depth":4,"seasonal_1_train_loss":1.2746395834331405,"_wandb":{"runtime":10},"seasonal_0_train_loss":0.31914874850140124,"mae":148.4355010986328,"trend_train_loss":0.042739454845973045,"real_seasonal_0_stock_price":-2.336386050533783,"seasonal_1_valid_loss":1.2431762778320508,"mse":22033.097986402223,"AAPL Stock Price Prediction by iTransformer":{"width":1000,"height":600,"_type":"image-file","sha256":"fb3a117c0878ffcba57c5a5b5871804dc2dc88952be6c1699eb1bfef9ba5e03f","size":46030,"path":"media/images/AAPL Stock Price Prediction by iTransformer_8_fb3a117c0878ffcba57c.png","format":"png"},"seasonal_3_valid_loss":0.6429990120837515,"dim":128,"real_seasonal_2_stock_price":7.340473814281349,"predicted_resid_stock_price":-7.495514869689941,"rmse":148.4355010986328,"final_predicted_stock_price":88.41450500488281}