{"_wandb":{"runtime":11},"final_predicted_stock_price":194.3980255126953,"seasonal_0_valid_loss":2.5911024177775666,"predicted_seasonal_1_stock_price":-1.0132328271865845,"seasonal_0_train_loss":1.2581252859897367,"dim":128,"_timestamp":1.7367281198595061e+09,"mae":42.45198059082031,"real_stock_price":236.85000610351562,"_step":9,"predicted_trend_stock_price":184.9406280517578,"mse":1802.1706560833845,"periods":[252,504,756,1260],"resid_valid_loss":1.4509143850538466,"trend_train_loss":0.07942891330406521,"real_seasonal_1_stock_price":-3.1406782364632178,"Runtime (seconds)":5.594827890396118,"seasonal_1_valid_loss":1.6269171832398297,"predicted_seasonal_3_stock_price":8.856874465942383,"real_seasonal_2_stock_price":7.340469309648591,"_runtime":11.733065333999999,"real_seasonal_3_stock_price":4.670787874945866,"seasonal_3_valid_loss":0.5277525952256663,"seasonal_1_train_loss":1.8894103795262425,"real_trend_stock_price":221.26011137129572,"real_seasonal_0_stock_price":-2.336380945322446,"seasonal_3_train_loss":1.5252390374042388,"seasonal_2_train_loss":0.6878884621090564,"seasonal_2_valid_loss":0.7684807741092892,"predicted_resid_stock_price":-0.758130669593811,"predicted_seasonal_0_stock_price":-0.5721806287765503,"AAPL Stock Price Prediction by iTransformer":{"path":"media/images/AAPL Stock Price Prediction by iTransformer_8_809224610d748ec45134.png","format":"png","width":1000,"height":600,"_type":"image-file","sha256":"809224610d748ec45134e94d8afe47c6da24c0f8ebd3d101d735121bccde54c0","size":48463},"depth":4,"predicted_seasonal_2_stock_price":2.9440548419952393,"trend_valid_loss":0.10999816205257958,"rmse":42.45198059082031,"real_resid_stock_price":9.055696729411125,"resid_train_loss":0.6896526997739618}