{"seasonal_0_train_loss":0.9671529947376963,"real_seasonal_2_stock_price":7.340470540971509,"seasonal_0_valid_loss":0.9975129961967468,"_runtime":10.660709792,"predicted_trend_stock_price":74.8836898803711,"AAPL Stock Price Prediction by iTransformer":{"sha256":"88546f24921d3e7d379ccde56db98dc174acc05c2d832808e92b65c29d6faaa0","size":46433,"path":"media/images/AAPL Stock Price Prediction by iTransformer_8_88546f24921d3e7d379c.png","format":"png","width":1000,"height":600,"_type":"image-file"},"predicted_resid_stock_price":0.25722837448120117,"mae":162.03789520263672,"seasonal_1_train_loss":0.515308640176695,"predicted_seasonal_2_stock_price":5.770326614379883,"seasonal_3_train_loss":1.2135670850841684,"real_seasonal_3_stock_price":4.6707839082683345,"seasonal_2_train_loss":0.33721757636798416,"trend_train_loss":1.1004453288002067,"dim":128,"seasonal_2_valid_loss":0.1510365499849737,"real_stock_price":236.85000610351562,"seasonal_3_valid_loss":1.6555839261075236,"Runtime (seconds)":4.061477422714233,"_wandb":{"runtime":10},"mse":26256.27948170068,"final_predicted_stock_price":74.8121109008789,"trend_valid_loss":4.149193269180439,"depth":4,"_timestamp":1.7367348854312117e+09,"_step":9,"real_trend_stock_price":221.2601119032719,"periods":[252,504,756,1260],"real_seasonal_1_stock_price":-3.1406761029507178,"rmse":162.03789520263672,"real_resid_stock_price":9.055694622334414,"predicted_seasonal_3_stock_price":-4.218993663787842,"seasonal_1_valid_loss":0.5002045404267891,"predicted_seasonal_1_stock_price":-3.251896858215332,"real_seasonal_0_stock_price":-2.3363787683798454,"resid_valid_loss":5.979015010248167,"predicted_seasonal_0_stock_price":1.371762990951538,"resid_train_loss":1.1515008100439097}