{"mae":98.6578369140625,"resid_valid_loss":0.5179774482451861,"predicted_seasonal_2_stock_price":4.993586540222168,"seasonal_1_valid_loss":1.2445047583511408,"real_seasonal_1_stock_price":-3.140673216020741,"trend_train_loss":0.24699212945113053,"final_predicted_stock_price":138.19216918945312,"seasonal_0_train_loss":1.053182904233128,"Runtime (seconds)":4.069187879562378,"trend_valid_loss":0.8095967654545454,"seasonal_3_train_loss":2.1924212481372605,"real_seasonal_0_stock_price":-2.3363859802327203,"dim":128,"seasonal_2_train_loss":0.7949858684217501,"real_trend_stock_price":221.2601117853262,"predicted_trend_stock_price":123.63255310058594,"AAPL Stock Price Prediction by iTransformer":{"width":1000,"height":600,"_type":"image-file","sha256":"02dfbd5484540ce8f9f242030172b700e5778a9e3d6350f0dac84a329c330e00","size":47002,"path":"media/images/AAPL Stock Price Prediction by iTransformer_8_02dfbd5484540ce8f9f2.png","format":"png"},"_runtime":8.446001732,"real_resid_stock_price":9.055697814240517,"predicted_resid_stock_price":6.196165084838867,"_timestamp":1.736718937230851e+09,"seasonal_0_valid_loss":1.640972236437457,"predicted_seasonal_0_stock_price":1.3864866495132446,"real_seasonal_3_stock_price":4.67078806295828,"predicted_seasonal_1_stock_price":0.13552507758140564,"_wandb":{"runtime":8},"depth":4,"predicted_seasonal_3_stock_price":1.8478448390960693,"periods":[252,504,756,1260],"resid_train_loss":0.8450573567767495,"real_seasonal_2_stock_price":7.340467637244094,"seasonal_3_valid_loss":1.6658228990685848,"rmse":98.6578369140625,"real_stock_price":236.85000610351562,"_step":9,"mse":9733.368784561753,"seasonal_2_valid_loss":0.13066969388455618,"seasonal_1_train_loss":1.1359207579134039}