{"dim":128,"mse":11.904374158242717,"predicted_seasonal_0_stock_price":0.8567207455635071,"_wandb":{"runtime":41890},"final_predicted_stock_price":226.4197235107422,"Runtime (seconds)":2345.3712294101715,"seasonal_3_valid_loss":0.01090367790311575,"real_seasonal_0_stock_price":1.6151295034068154,"trend_train_loss":0.00483724300573006,"depth":4,"periods":[252,504,756,1260],"resid_train_loss":0.020748381336566476,"seasonal_1_valid_loss":0.035172613888559204,"predicted_seasonal_3_stock_price":-0.06488054990768433,"predicted_seasonal_2_stock_price":4.622178554534912,"AAPL Stock Price Prediction by Transformer":{"_type":"image-file","sha256":"2373ec7a54174cc7f102d5fba0d468235a5d371aab00b0f15b68d0350cec41da","size":54569,"path":"media/images/AAPL Stock Price Prediction by Transformer_1624_2373ec7a54174cc7f102.png","format":"png","width":1000,"height":600},"seasonal_0_train_loss":0.0531715513664469,"_timestamp":1.7379208159129825e+09,"real_seasonal_2_stock_price":5.867501615331663,"seasonal_2_valid_loss":0.008152992464601994,"real_stock_price":229.8699951171875,"real_trend_stock_price":215.27057276339661,"real_seasonal_1_stock_price":0.39513014685320996,"predicted_resid_stock_price":7.388676643371582,"seasonal_1_train_loss":0.02848001585605635,"seasonal_2_train_loss":0.015221028435178332,"trend_valid_loss":0.00023742631713724444,"rmse":3.4502716064453125,"seasonal_3_train_loss":0.022747192387570343,"real_seasonal_3_stock_price":-0.12117222619647361,"predicted_seasonal_1_stock_price":0.5744538903236389,"_step":1625,"seasonal_0_valid_loss":0.0484342947602272,"real_resid_stock_price":6.842833314395676,"resid_valid_loss":0.023987498518095507,"predicted_trend_stock_price":213.04258728027344,"mae":3.4502716064453125,"_runtime":41890.62694255}