{"trend_train_loss":0.6647422752419782,"predicted_seasonal_0_stock_price":-2.0533456802368164,"seasonal_3_valid_loss":1.244036603545278,"predicted_trend_stock_price":94.9098892211914,"mse":18212.181209936738,"Runtime (seconds)":8.230125427246094,"periods":[252,504,756,1260],"real_seasonal_3_stock_price":4.670788103104499,"seasonal_2_valid_loss":2.460918664932251,"real_seasonal_1_stock_price":-3.14068019513104,"dim":128,"_wandb":{"runtime":16},"mae":134.9525146484375,"depth":4,"predicted_resid_stock_price":6.687274932861328,"real_seasonal_0_stock_price":-2.3363759478790396,"trend_valid_loss":3.098877488897088,"real_trend_stock_price":221.26011225592922,"_runtime":16.072340168,"seasonal_3_train_loss":0.5563763202957414,"rmse":134.9525146484375,"real_resid_stock_price":9.055692033281531,"resid_valid_loss":0.1843693929258734,"_step":9,"predicted_seasonal_3_stock_price":9.417460441589355,"real_seasonal_2_stock_price":7.340469854210472,"seasonal_0_train_loss":1.149477587748452,"seasonal_1_train_loss":0.44411045925079523,"_timestamp":1.7367232953377278e+09,"seasonal_0_valid_loss":2.27191610376077,"final_predicted_stock_price":101.89749145507812,"AAPL Stock Price Prediction by iTransformer":{"_type":"image-file","sha256":"30ec181050085b234d9a56632f18758a39a6a89f685fcc54abaf1592a61d701e","size":47569,"path":"media/images/AAPL Stock Price Prediction by iTransformer_8_30ec181050085b234d9a.png","format":"png","width":1000,"height":600},"seasonal_2_train_loss":1.9727528617445347,"resid_train_loss":1.1101892510353948,"predicted_seasonal_2_stock_price":-4.502776622772217,"real_stock_price":236.85000610351562,"predicted_seasonal_1_stock_price":-2.5610084533691406,"seasonal_1_valid_loss":0.3002550501101123}