{"predicted_seasonal_0_stock_price":0.19544479250907898,"seasonal_3_train_loss":2.135400192614297,"seasonal_1_train_loss":0.33445952570620896,"resid_train_loss":0.263777126731228,"mae":149.96002197265625,"real_trend_stock_price":221.2601122375423,"predicted_seasonal_1_stock_price":-2.0551376342773438,"seasonal_1_valid_loss":0.11694443070888519,"mse":22488.008190039545,"predicted_trend_stock_price":85.84443664550781,"real_resid_stock_price":9.05569564605122,"seasonal_3_valid_loss":0.8429780038416991,"seasonal_2_valid_loss":1.1253112433942531,"rmse":149.96002197265625,"real_seasonal_1_stock_price":-3.1406741135404834,"real_stock_price":236.85000610351562,"predicted_resid_stock_price":7.556135177612305,"real_seasonal_0_stock_price":-2.336384206104121,"_step":9,"_wandb":{"runtime":13},"Runtime (seconds)":7.230072498321533,"trend_valid_loss":1.6029593001223836,"_runtime":13.48363583,"depth":4,"seasonal_0_train_loss":0.2557418580223361,"real_seasonal_3_stock_price":4.6707861681952085,"predicted_seasonal_3_stock_price":-5.652563095092773,"seasonal_2_train_loss":1.2355711263689129,"predicted_seasonal_2_stock_price":1.001667857170105,"AAPL Stock Price Prediction by iTransformer":{"sha256":"c59b0edd391584b94c48714b8a22f733f2012f87177e295df124d2cf5e0129cc","size":46148,"path":"media/images/AAPL Stock Price Prediction by iTransformer_8_c59b0edd391584b94c48.png","format":"png","width":1000,"height":600,"_type":"image-file"},"resid_valid_loss":0.23706329217301078,"periods":[252,504,756,1260],"seasonal_0_valid_loss":0.5483910036350482,"dim":128,"_timestamp":1.736736203103995e+09,"trend_train_loss":0.47212793868345704,"final_predicted_stock_price":86.88998413085938,"real_seasonal_2_stock_price":7.340470371371505}