{"mse":5563.128082232783,"trend_train_loss":0.3058247389896375,"final_predicted_stock_price":144.35362243652344,"seasonal_0_train_loss":0.26048135956540003,"real_resid_stock_price":30.052430487608945,"real_seasonal_2_stock_price":16.307195141839433,"predicted_trend_stock_price":126.1834716796875,"_wandb":{"runtime":14},"seasonal_1_train_loss":1.002254113882853,"depth":4,"real_seasonal_3_stock_price":9.210042698987007,"predicted_resid_stock_price":17.588016510009766,"real_seasonal_1_stock_price":2.721535027645758,"predicted_seasonal_1_stock_price":1.7614725828170776,"rmse":74.58638000488281,"seasonal_2_train_loss":0.7917447443035854,"seasonal_1_valid_loss":0.7897837418709358,"seasonal_3_train_loss":0.9246273691779924,"resid_train_loss":0.8809462054555814,"AMZN Stock Price Prediction by iTransformer":{"size":45649,"path":"media/images/AMZN Stock Price Prediction by iTransformer_8_f26cb8ff8a721aab36df.png","format":"png","width":1000,"height":600,"_type":"image-file","sha256":"f26cb8ff8a721aab36df3c08f1b99b5f27f302f4beeb323c11776f546f926cfe"},"_timestamp":1.736741786759416e+09,"real_stock_price":218.94000244140625,"seasonal_2_valid_loss":0.2805896127074333,"resid_valid_loss":1.0750563535584163,"periods":[252,504,756,1260],"_step":9,"Runtime (seconds)":6.139486074447632,"seasonal_0_valid_loss":0.2876254645253591,"real_seasonal_0_stock_price":-6.886692248923765,"dim":128,"real_trend_stock_price":167.5354913342489,"trend_valid_loss":0.4673529630631543,"predicted_seasonal_0_stock_price":-4.986539840698242,"mae":74.58638000488281,"predicted_seasonal_2_stock_price":5.76860237121582,"_runtime":14.183784082,"seasonal_3_valid_loss":0.8683664798736572,"predicted_seasonal_3_stock_price":-1.961400032043457}