{"real_trend_stock_price":221.26011186681646,"seasonal_2_train_loss":2.8194871830364447,"Runtime (seconds)":7.731103420257568,"seasonal_1_train_loss":0.4306515115661686,"predicted_trend_stock_price":106.416748046875,"predicted_seasonal_0_stock_price":1.2398470640182495,"real_seasonal_0_stock_price":-2.3363831629033673,"real_seasonal_2_stock_price":7.340471151795189,"AAPL Stock Price Prediction by iTransformer":{"path":"media/images/AAPL Stock Price Prediction by iTransformer_8_5b40f64b660cad14b2f8.png","format":"png","width":1000,"height":600,"_type":"image-file","sha256":"5b40f64b660cad14b2f86260d99c82a8074b8ff2ce2c085448a4854e2bda1503","size":47239},"seasonal_3_train_loss":0.7555172543107616,"mse":16194.230446850474,"_wandb":{"runtime":16},"seasonal_1_valid_loss":0.41362489192511265,"predicted_seasonal_1_stock_price":-3.503769874572754,"mae":127.25655364990234,"predicted_resid_stock_price":0.7301197052001953,"predicted_seasonal_3_stock_price":8.862272262573242,"rmse":127.25655364990234,"_runtime":16.318179174,"_step":9,"dim":128,"real_seasonal_3_stock_price":4.670782586815189,"trend_valid_loss":1.1939155192419884,"depth":4,"final_predicted_stock_price":109.59345245361328,"_timestamp":1.736744300891941e+09,"seasonal_3_valid_loss":0.80426585686652,"real_resid_stock_price":9.055699351840303,"seasonal_0_valid_loss":0.5216834291598345,"resid_train_loss":0.6927239086768942,"resid_valid_loss":1.8825358824820078,"seasonal_0_train_loss":0.3687718362005606,"real_seasonal_1_stock_price":-3.1406756908481195,"seasonal_2_valid_loss":2.7122050989023716,"real_stock_price":236.85000610351562,"periods":[252,504,756,1260],"predicted_seasonal_2_stock_price":-4.151767253875732,"trend_train_loss":0.04110949247314784}