{"predicted_trend_stock_price":106.1657943725586,"periods":[252,504,756,1260],"mae":123.79479217529297,"seasonal_2_train_loss":1.057076580286026,"predicted_seasonal_1_stock_price":-0.25552496314048767,"_wandb":{"runtime":14},"predicted_resid_stock_price":9.311278343200684,"mse":15325.150569723977,"predicted_seasonal_0_stock_price":0.470892995595932,"real_seasonal_3_stock_price":4.670788253956721,"_runtime":14.373413734,"real_seasonal_1_stock_price":-3.1406766119281144,"seasonal_1_train_loss":2.754356910882474,"rmse":123.79479217529297,"_step":9,"final_predicted_stock_price":113.05521392822266,"seasonal_0_train_loss":0.19721652754826094,"depth":4,"real_stock_price":236.85000610351562,"predicted_seasonal_3_stock_price":-2.167788028717041,"trend_valid_loss":2.8803918495984147,"seasonal_1_valid_loss":2.8841607052346934,"seasonal_3_train_loss":0.9540047202380779,"Runtime (seconds)":7.764292240142822,"seasonal_3_valid_loss":0.41244746309664737,"seasonal_0_valid_loss":0.3808260551520756,"_timestamp":1.7367106078567448e+09,"dim":128,"resid_train_loss":0.29878449680563113,"real_resid_stock_price":9.055696313903638,"real_seasonal_0_stock_price":-2.3363885014000654,"AAPL Stock Price Prediction by iTransformer":{"height":600,"_type":"image-file","sha256":"b71e43a582cd22ad50f47f5a5dafb6a9aaa7e7961316c414af5916f26ccf9637","size":47176,"path":"media/images/AAPL Stock Price Prediction by iTransformer_8_b71e43a582cd22ad50f4.png","format":"png","width":1000},"seasonal_2_valid_loss":1.1190282915152756,"trend_train_loss":0.9116823812705611,"real_seasonal_2_stock_price":7.340475127148713,"resid_valid_loss":0.348244574076618,"predicted_seasonal_2_stock_price":-0.4694426953792572,"real_trend_stock_price":221.26011152183472}