{"_timestamp":1.7388820709603481e+09,"predicted_seasonal_0_stock_price":-1.696388602256775,"trend_valid_loss":0.03446869661260133,"periods":[252,504,756,1260],"real_seasonal_1_stock_price":-2.8721774721355646,"predicted_seasonal_2_stock_price":9.665461540222168,"seasonal_3_train_loss":0.06552818739087199,"seasonal_2_valid_loss":0.029932227619784944,"rmse":4.9577178955078125,"Runtime (seconds)":1942.3197121620178,"GOOG Stock Price Prediction by iTransformer":{"path":"media/images/GOOG Stock Price Prediction by iTransformer_1462_b6d47dfe783a4783c3da.png","format":"png","width":1000,"height":600,"_type":"image-file","sha256":"b6d47dfe783a4783c3da8fd3fbec859c13a9d7cb390da98b0c752002740c39b5","size":52191},"seasonal_3_valid_loss":0.03316056209872341,"real_seasonal_3_stock_price":3.188593594337936,"seasonal_1_train_loss":0.06973417884777781,"predicted_resid_stock_price":8.16319751739502,"predicted_trend_stock_price":157.02865600585938,"predicted_seasonal_1_stock_price":-4.834682941436768,"resid_valid_loss":0.029547467827796936,"dim":128,"final_predicted_stock_price":170.9327392578125,"seasonal_1_valid_loss":0.03766719412948913,"real_trend_stock_price":156.38564946107692,"_wandb":{"runtime":29030},"seasonal_0_train_loss":0.060819774346028484,"_step":1463,"mse":24.578966731438413,"real_resid_stock_price":9.802934165677755,"seasonal_2_train_loss":0.03917217498349252,"resid_train_loss":0.05746685675545228,"real_seasonal_2_stock_price":10.971489300053754,"seasonal_0_valid_loss":0.03885912447375186,"_runtime":29030.154696043,"predicted_seasonal_3_stock_price":2.6065125465393066,"depth":4,"mae":4.9577178955078125,"trend_train_loss":0.0334867016904673,"real_seasonal_0_stock_price":-1.5860318956904609,"real_stock_price":175.8904571533203}