{"_runtime":10.050453852,"real_seasonal_1_stock_price":2.721535027645758,"resid_train_loss":1.354085646412796,"real_stock_price":218.94000244140625,"seasonal_1_train_loss":0.5733724134383753,"real_seasonal_0_stock_price":-6.886692248923765,"real_trend_stock_price":167.5354913342489,"_timestamp":1.7367393792764223e+09,"seasonal_2_valid_loss":1.4245138633541945,"final_predicted_stock_price":101.64873504638672,"real_seasonal_3_stock_price":9.210042698987007,"real_seasonal_2_stock_price":16.307195141839433,"predicted_seasonal_2_stock_price":1.3579336404800415,"mse":13757.241407129972,"real_resid_stock_price":30.052430487608945,"rmse":117.29126739501953,"seasonal_3_valid_loss":0.2828561047350403,"seasonal_2_train_loss":0.9206890698567213,"trend_train_loss":0.8107421030349369,"depth":4,"seasonal_3_train_loss":1.008266331518781,"predicted_seasonal_0_stock_price":-1.6735560894012451,"dim":128,"predicted_seasonal_3_stock_price":11.466187477111816,"seasonal_0_valid_loss":0.706549668996528,"predicted_trend_stock_price":92.1952133178711,"seasonal_0_train_loss":0.9730632313599823,"resid_valid_loss":1.0090124123091115,"_wandb":{"runtime":10},"trend_valid_loss":1.5805507791398767,"seasonal_1_valid_loss":0.2589917778968811,"AMZN Stock Price Prediction by iTransformer":{"_type":"image-file","sha256":"855963a4d16dec923dd0b56e458f71e7701aa62e6d1334bb9e14fd945ee08a3e","size":46851,"path":"media/images/AMZN Stock Price Prediction by iTransformer_8_855963a4d16dec923dd0.png","format":"png","width":1000,"height":600},"_step":9,"predicted_resid_stock_price":-4.695910453796387,"predicted_seasonal_1_stock_price":2.9988644123077393,"periods":[252,504,756,1260],"Runtime (seconds)":4.065481662750244,"mae":117.29126739501953}