{"_runtime":84.725600599,"_step":101,"Apple Stock Price Prediction":{"width":1000,"height":600,"_type":"image-file","sha256":"2d73e9561036348057c2793fa32cc8648109d68d3730adf693c32a0ee9d7ca67","size":51056,"path":"media/images/Apple Stock Price Prediction_100_2d73e9561036348057c2.png","format":"png"},"Train Loss (Seasonal)":0.01272474771196192,"_timestamp":1.7287587824985864e+09,"Validation Loss (Seasonal)":0.07844502478837967,"Validation Loss (Resid)":0.10827017036906209,"_wandb":{"runtime":84},"Validation Loss (Trend)":0.013089313171803951,"Runtime (seconds)":82.67666363716125,"Train Loss (Trend)":0.01179762760346586,"Train Loss (Resid)":0.04283459675617707}