{"train_loss":0.03593697592378554,"depth":4,"mae":3.6116790771484375,"valid_loss":0.028023303938452263,"dim":128,"_wandb":{"runtime":5371},"_timestamp":1.7360029195103517e+09,"predicted_stock_price":204.2783203125,"Runtime (seconds)":316.75463676452637,"mse":13.04422575631179,"_step":302,"r2_score":NaN,"_runtime":5371.763828562,"real_stock_price":207.88999938964844,"AMZN Stock Price Prediction by iTransformer(no MSTL)":{"_type":"image-file","sha256":"ed09218207f60c510c0b183864241f6a4f88e2654c5e96a57340ede3cb3f3cdc","size":57456,"path":"media/images/AMZN Stock Price Prediction by iTransformer(no MSTL)_301_ed09218207f60c510c0b.png","format":"png","width":1000,"height":600},"rmse":3.6116790771484375}