{"_wandb":{"runtime":15},"rmse":144.62789916992188,"predicted_seasonal_0_stock_price":-0.5982379913330078,"AAPL Stock Price Prediction by iTransformer":{"_type":"image-file","sha256":"bd49503fa764abdcad89a449e1c20a8f7ac3ada2b74d88a2c8186b4d4df67dea","size":46045,"path":"media/images/AAPL Stock Price Prediction by iTransformer_8_bd49503fa764abdcad89.png","format":"png","width":1000,"height":600},"predicted_seasonal_1_stock_price":-1.2320564985275269,"seasonal_3_train_loss":0.6127826160157729,"real_seasonal_2_stock_price":7.340468511656214,"seasonal_3_valid_loss":0.17364285849467959,"predicted_seasonal_2_stock_price":3.0315520763397217,"seasonal_1_train_loss":0.7932135202202268,"real_seasonal_0_stock_price":-2.336379195989656,"seasonal_1_valid_loss":0.3901124518425738,"_runtime":15.54557161,"real_stock_price":236.85000610351562,"real_trend_stock_price":221.26011198062128,"resid_train_loss":1.1052360797778005,"_step":9,"mae":144.62789916992188,"predicted_resid_stock_price":10.079950332641602,"seasonal_2_valid_loss":0.7196485596322901,"real_seasonal_3_stock_price":4.670786322059142,"real_seasonal_1_stock_price":-3.1406766190426825,"dim":128,"resid_valid_loss":0.7191199153933482,"predicted_seasonal_3_stock_price":3.709193468093872,"trend_valid_loss":2.9182444823415654,"seasonal_0_valid_loss":0.2156416124135034,"_timestamp":1.7367216720563753e+09,"final_predicted_stock_price":92.22210693359375,"Runtime (seconds)":7.422302961349487,"trend_train_loss":1.0092787507766805,"seasonal_0_train_loss":0.2463094135945903,"predicted_trend_stock_price":77.23170471191406,"seasonal_2_train_loss":0.8098461493549682,"periods":[252,504,756,1260],"mse":20917.22921830509,"real_resid_stock_price":9.055695104211338,"depth":4}