{"dim":128,"predicted_seasonal_1_stock_price":0.9790602922439575,"_wandb":{"runtime":14},"Runtime (seconds)":7.2671239376068115,"rmse":162.58206176757812,"predicted_seasonal_3_stock_price":3.723496198654175,"_timestamp":1.7367063676270366e+09,"mse":26432.92680859659,"_step":9,"real_trend_stock_price":219.1003007030766,"real_resid_stock_price":17.75314229081002,"seasonal_1_train_loss":1.450548179494789,"predicted_trend_stock_price":84.86830139160156,"resid_valid_loss":0.2687544623171359,"seasonal_3_valid_loss":0.23021158536798075,"predicted_seasonal_2_stock_price":-2.155104160308838,"predicted_resid_stock_price":5.228960037231445,"_runtime":14.393468924,"mae":162.58206176757812,"seasonal_0_valid_loss":1.295959540561735,"seasonal_2_train_loss":2.088331000753707,"seasonal_2_valid_loss":0.77280592918396,"final_predicted_stock_price":92.68794250488281,"real_seasonal_1_stock_price":0.5375245861420191,"trend_train_loss":0.7301208427776803,"predicted_seasonal_0_stock_price":0.04323383420705795,"real_stock_price":255.27000427246094,"real_seasonal_0_stock_price":1.3587077538630032,"trend_valid_loss":3.764770030975342,"depth":4,"seasonal_3_train_loss":0.5553074817790405,"seasonal_0_train_loss":0.6272790983555809,"seasonal_1_valid_loss":0.9660763780572521,"resid_train_loss":0.9480196667472909,"real_seasonal_3_stock_price":7.273181420957052,"periods":[252,504,756,1260],"AAPL Stock Price Prediction by iTransformer":{"format":"png","width":1000,"height":600,"_type":"image-file","sha256":"3400d85873fcf49fda02fa3596c538a41b149a45c1230df3cf26272fcf3d7c69","size":47011,"path":"media/images/AAPL Stock Price Prediction by iTransformer_8_3400d85873fcf49fda02.png"},"real_seasonal_2_stock_price":9.247147517612238}