{"trend_train_loss":0.027910715404133528,"seasonal_1_valid_loss":0.9317281262072029,"real_resid_stock_price":30.052430487608945,"Runtime (seconds)":8.657643795013428,"periods":[252,504,756,1260],"seasonal_1_train_loss":1.350167771410351,"predicted_trend_stock_price":138.8404083251953,"real_stock_price":218.94000244140625,"mae":77.35676574707031,"dim":128,"resid_train_loss":0.4630329794158441,"seasonal_2_valid_loss":1.616508548570216,"mse":5984.069206847111,"_timestamp":1.7367216133703341e+09,"real_seasonal_2_stock_price":16.307195141839433,"trend_valid_loss":0.1101274140306709,"depth":4,"predicted_seasonal_0_stock_price":-7.555686950683594,"predicted_resid_stock_price":13.275328636169434,"resid_valid_loss":1.3508309771024116,"seasonal_0_train_loss":0.44957731119517624,"predicted_seasonal_2_stock_price":-4.938403129577637,"final_predicted_stock_price":141.58323669433594,"predicted_seasonal_1_stock_price":1.5220801830291748,"seasonal_3_train_loss":0.8082635420909005,"real_seasonal_3_stock_price":9.210042698987007,"real_seasonal_1_stock_price":2.721535027645758,"_wandb":{"runtime":19},"seasonal_3_valid_loss":0.20379221439361572,"AMZN Stock Price Prediction by iTransformer":{"sha256":"2e0c3ec6b621da4a5937d7c245821c6d7b5168c6ba8d44130f1917766d16d563","size":46269,"path":"media/images/AMZN Stock Price Prediction by iTransformer_8_2e0c3ec6b621da4a5937.png","format":"png","width":1000,"height":600,"_type":"image-file"},"seasonal_2_train_loss":1.1320107717580732,"predicted_seasonal_3_stock_price":0.4394923448562622,"real_trend_stock_price":167.5354913342489,"seasonal_0_valid_loss":0.25254250764846803,"real_seasonal_0_stock_price":-6.886692248923765,"rmse":77.35676574707031,"_step":9,"_runtime":19.036649262}