{"real_resid_stock_price":9.055691164589774,"predicted_seasonal_2_stock_price":-0.994989812374115,"predicted_seasonal_1_stock_price":-2.38930344581604,"predicted_seasonal_3_stock_price":-0.28338101506233215,"real_seasonal_1_stock_price":-3.1406809926415695,"resid_train_loss":0.8659094199790793,"seasonal_1_train_loss":0.8739256512484918,"predicted_seasonal_0_stock_price":1.3576370477676392,"mae":156.29544067382812,"Runtime (seconds)":6.386618375778198,"resid_valid_loss":1.139725018632616,"seasonal_3_train_loss":0.7129752458584319,"seasonal_3_valid_loss":0.15804397657819508,"trend_valid_loss":2.5767105735179,"_step":9,"predicted_trend_stock_price":65.92855072021484,"trend_train_loss":0.2802315830902199,"seasonal_1_valid_loss":0.7615345235918183,"seasonal_2_train_loss":1.0621370164326258,"real_seasonal_3_stock_price":4.670791524453318,"rmse":156.29544067382812,"_runtime":13.735637829,"real_seasonal_2_stock_price":7.340473259848288,"seasonal_0_train_loss":0.31312416065287263,"depth":4,"mse":24428.264775426127,"dim":128,"periods":[252,504,756,1260],"final_predicted_stock_price":80.5545654296875,"real_stock_price":236.85000610351562,"AAPL Stock Price Prediction by iTransformer":{"size":46382,"path":"media/images/AAPL Stock Price Prediction by iTransformer_8_11f221ed5bb3f8c3e1ce.png","format":"png","width":1000,"height":600,"_type":"image-file","sha256":"11f221ed5bb3f8c3e1ce4cd7dadd4f54ba8fa56c75b0e95bfc13e25574f3ac83"},"predicted_resid_stock_price":16.936059951782227,"_wandb":{"runtime":13},"seasonal_2_valid_loss":1.262101309640067,"_timestamp":1.7367519515392992e+09,"seasonal_0_valid_loss":0.18611477389193998,"real_trend_stock_price":221.26011202188107,"real_seasonal_0_stock_price":-2.33638087461525}