{"seasonal_1_valid_loss":0.47654145098489015,"seasonal_1_train_loss":0.7462838900873082,"seasonal_0_train_loss":0.5481857824858795,"predicted_seasonal_1_stock_price":-1.6135996580123901,"real_trend_stock_price":221.2601114117607,"depth":4,"dim":128,"AAPL Stock Price Prediction by iTransformer":{"_type":"image-file","sha256":"45b6aa38a78a555aa9c1cbecf6016b01ab8ff948fd33132d9951f8c931fbc689","size":46199,"path":"media/images/AAPL Stock Price Prediction by iTransformer_8_45b6aa38a78a555aa9c1.png","format":"png","width":1000,"height":600},"predicted_trend_stock_price":74.93736267089844,"final_predicted_stock_price":81.47078704833984,"real_resid_stock_price":9.055699105926607,"real_seasonal_2_stock_price":7.340472949741452,"predicted_seasonal_0_stock_price":1.020337700843811,"resid_valid_loss":2.2216495476270977,"predicted_resid_stock_price":-3.217180013656616,"mae":155.37921905517578,"real_stock_price":236.85000610351562,"rmse":155.37921905517578,"seasonal_3_train_loss":0.9396651202144846,"_timestamp":1.7367283095870934e+09,"trend_valid_loss":2.9245980444796746,"predicted_seasonal_2_stock_price":6.26479959487915,"trend_train_loss":0.5384662229087518,"seasonal_0_valid_loss":0.7704596122105917,"Runtime (seconds)":7.2408201694488525,"_wandb":{"runtime":15},"_step":9,"seasonal_3_valid_loss":0.7298040245063299,"predicted_seasonal_3_stock_price":4.079065799713135,"real_seasonal_0_stock_price":-2.3363895202777893,"seasonal_2_valid_loss":0.3175689970786648,"seasonal_2_train_loss":0.9069647069987882,"periods":[252,504,756,1260],"mse":24142.7017141963,"real_seasonal_1_stock_price":-3.140673816912768,"_runtime":15.080788283,"real_seasonal_3_stock_price":4.670785973277425,"resid_train_loss":1.0991147583311214}