{"rmse":134.00189971923828,"_wandb":{"runtime":11},"dim":128,"predicted_seasonal_2_stock_price":6.501234531402588,"real_seasonal_0_stock_price":-2.336380038858437,"trend_train_loss":0.41437211504172633,"resid_train_loss":0.9886791205432505,"predicted_trend_stock_price":77.05714416503906,"seasonal_0_train_loss":0.2755462820376686,"_step":9,"seasonal_2_train_loss":0.962121092532082,"final_predicted_stock_price":102.84810638427734,"AAPL Stock Price Prediction by iTransformer":{"size":47781,"path":"media/images/AAPL Stock Price Prediction by iTransformer_8_6e9b9a0ae67b20d25cb4.png","format":"png","width":1000,"height":600,"_type":"image-file","sha256":"6e9b9a0ae67b20d25cb4c2904e9e4346d6a6929460c94b5fd349fda5736b4c80"},"mae":134.00189971923828,"real_trend_stock_price":221.2601106365335,"real_seasonal_3_stock_price":4.670780216170529,"_timestamp":1.73674281364661e+09,"predicted_seasonal_1_stock_price":0.08857990056276321,"mse":17956.509128364793,"real_stock_price":236.85000610351562,"predicted_seasonal_3_stock_price":7.4349684715271,"seasonal_3_valid_loss":0.33477694153785703,"real_seasonal_2_stock_price":7.3404718563538545,"seasonal_1_valid_loss":0.43051649890840055,"seasonal_3_train_loss":0.28084972758501736,"Runtime (seconds)":4.772804498672485,"resid_valid_loss":2.3181259330566153,"trend_valid_loss":2.3986682005990563,"seasonal_0_valid_loss":0.26930345408844225,"predicted_resid_stock_price":10.811933517456055,"_runtime":11.41310724,"real_seasonal_1_stock_price":-3.1406715158081244,"predicted_seasonal_0_stock_price":0.9542484879493713,"seasonal_1_train_loss":0.8918552002035903,"depth":4,"real_resid_stock_price":9.055694949124302,"periods":[252,504,756,1260],"seasonal_2_valid_loss":0.25911512517068586}