{"trend_train_loss":1.9418004085622924,"seasonal_3_train_loss":2.108636166812595,"_step":9,"seasonal_0_train_loss":1.2124911984340858,"resid_valid_loss":1.4848932195625095,"_runtime":8.725327217,"real_seasonal_0_stock_price":-6.886692248923765,"_wandb":{"runtime":8},"real_seasonal_2_stock_price":16.307195141839433,"predicted_trend_stock_price":175.2666015625,"real_resid_stock_price":30.052430487608945,"seasonal_2_valid_loss":0.14739247629624355,"dim":128,"rmse":22.900100708007812,"Runtime (seconds)":3.5854811668395996,"predicted_seasonal_0_stock_price":0.10595501959323883,"mse":524.4146124368999,"real_stock_price":218.94000244140625,"seasonal_2_train_loss":0.7309188852141811,"final_predicted_stock_price":196.03990173339844,"AMZN Stock Price Prediction by iTransformer":{"sha256":"7fd1fd2cc7ee8650e6a2fefa22b7a6742614dfc1f47369c31645358f25f838ec","size":51152,"path":"media/images/AMZN Stock Price Prediction by iTransformer_8_7fd1fd2cc7ee8650e6a2.png","format":"png","width":1000,"height":600,"_type":"image-file"},"mae":22.900100708007812,"real_trend_stock_price":167.5354913342489,"predicted_seasonal_1_stock_price":-2.4338104724884033,"real_seasonal_3_stock_price":9.210042698987007,"predicted_resid_stock_price":12.71993350982666,"_timestamp":1.7367228919124298e+09,"seasonal_1_valid_loss":2.6923923790966056,"predicted_seasonal_2_stock_price":10.635214805603027,"seasonal_1_train_loss":2.5112844286328655,"periods":[252,504,756,1260],"depth":4,"resid_train_loss":1.0558219267528621,"real_seasonal_1_stock_price":2.721535027645758,"predicted_seasonal_3_stock_price":-0.2539956271648407,"seasonal_0_valid_loss":1.2270507130947412,"trend_valid_loss":0.16704548589749546,"seasonal_3_valid_loss":2.4994375388259473}