{"dim":128,"Runtime (seconds)":5.788265943527222,"predicted_seasonal_3_stock_price":4.37535285949707,"seasonal_2_valid_loss":0.32401024184763055,"seasonal_0_train_loss":0.37855261808812585,"AAPL Stock Price Prediction by iTransformer":{"format":"png","width":1000,"height":600,"_type":"image-file","sha256":"8c4d8388faa8a3142808d8d15739f3ff050120fff65cdd5bb038c832c3ebc33c","size":49083,"path":"media/images/AAPL Stock Price Prediction by iTransformer_8_8c4d8388faa8a3142808.png"},"seasonal_1_valid_loss":0.4878036081790924,"seasonal_0_valid_loss":0.46795121583989674,"_step":9,"mse":2195.240487590432,"real_seasonal_0_stock_price":-2.3363847704361387,"real_seasonal_2_stock_price":7.340472927347089,"rmse":46.8533935546875,"real_trend_stock_price":221.26011155183988,"real_resid_stock_price":9.055696511520608,"seasonal_2_train_loss":1.322458967491274,"trend_valid_loss":0.17414124444541004,"seasonal_1_train_loss":0.3662571488943448,"predicted_seasonal_1_stock_price":-3.008451461791992,"_runtime":11.582825259,"resid_valid_loss":2.9624295939098704,"mae":46.8533935546875,"predicted_trend_stock_price":172.57876586914062,"resid_train_loss":0.873670635300841,"_wandb":{"runtime":11},"depth":4,"final_predicted_stock_price":189.99661254882812,"_timestamp":1.736732200203477e+09,"trend_train_loss":0.05257622314401884,"real_seasonal_1_stock_price":-3.140674340722428,"predicted_seasonal_2_stock_price":8.603702545166016,"seasonal_3_valid_loss":0.07396606355905533,"predicted_seasonal_0_stock_price":1.890089988708496,"real_seasonal_3_stock_price":4.670784223966626,"real_stock_price":236.85000610351562,"seasonal_3_train_loss":0.4862600342576135,"periods":[252,504,756,1260],"predicted_resid_stock_price":5.55715274810791}