{"_timestamp":1.736738158145658e+09,"resid_valid_loss":0.7909356886058337,"depth":4,"mse":1212.541299954988,"predicted_seasonal_0_stock_price":-5.933600425720215,"seasonal_0_train_loss":0.3515468504133736,"seasonal_3_valid_loss":1.7739396658662248,"real_seasonal_2_stock_price":16.307195141839433,"AMZN Stock Price Prediction by iTransformer":{"sha256":"fa9b0c2ce090f8005231837fb26789a4ac3ab2e22668696d0594827f467f55ba","size":47760,"path":"media/images/AMZN Stock Price Prediction by iTransformer_8_fa9b0c2ce090f8005231.png","format":"png","width":1000,"height":600,"_type":"image-file"},"seasonal_0_valid_loss":0.2056928128004074,"real_seasonal_1_stock_price":2.721535027645758,"seasonal_2_valid_loss":2.1385665764297106,"real_seasonal_0_stock_price":-6.886692248923765,"predicted_seasonal_1_stock_price":3.270003318786621,"predicted_trend_stock_price":173.1988525390625,"periods":[252,504,756,1260],"real_stock_price":218.94000244140625,"Runtime (seconds)":4.963895082473755,"trend_train_loss":0.33448820755209535,"_wandb":{"runtime":10},"predicted_resid_stock_price":16.194732666015625,"_step":9,"seasonal_3_train_loss":1.3340128069818729,"seasonal_1_train_loss":1.5308291926348299,"seasonal_2_train_loss":1.882433512966283,"resid_train_loss":0.7837542924143919,"predicted_seasonal_3_stock_price":3.75744366645813,"mae":34.821563720703125,"trend_valid_loss":0.02468089945614338,"predicted_seasonal_2_stock_price":-6.36900520324707,"rmse":34.821563720703125,"_runtime":10.671589272,"seasonal_1_valid_loss":1.365279575940725,"real_trend_stock_price":167.5354913342489,"final_predicted_stock_price":184.11843872070312,"real_resid_stock_price":30.052430487608945,"dim":128,"real_seasonal_3_stock_price":9.210042698987007}