{"final_predicted_stock_price":148.4534454345703,"seasonal_3_valid_loss":0.6409884996501057,"_wandb":{"runtime":20},"seasonal_0_train_loss":0.3960951590959284,"AAPL Stock Price Prediction by iTransformer":{"path":"media/images/AAPL Stock Price Prediction by iTransformer_8_7ba6e3ef5c91cac72421.png","format":"png","width":1000,"height":600,"_type":"image-file","sha256":"7ba6e3ef5c91cac7242115d7028cf22da3a5ef93667b0872ab37e21f3e07c8f9","size":46399},"seasonal_0_valid_loss":0.19580986648025908,"seasonal_2_train_loss":0.6558748273519832,"periods":[252,504,756,1260],"real_seasonal_1_stock_price":-3.1406757210773066,"seasonal_2_valid_loss":0.5645554255434247,"predicted_trend_stock_price":156.79342651367188,"dim":128,"predicted_resid_stock_price":-1.8275902271270752,"_step":9,"predicted_seasonal_0_stock_price":0.528104841709137,"seasonal_1_train_loss":0.8552698202493967,"seasonal_1_valid_loss":0.4976995881971482,"Runtime (seconds)":9.742812871932983,"trend_valid_loss":0.6353637872980191,"_timestamp":1.736733756104708e+09,"_runtime":20.694953689,"predicted_seasonal_1_stock_price":-1.8485528230667114,"real_trend_stock_price":221.2601117657479,"depth":4,"predicted_seasonal_2_stock_price":0.9939397573471069,"mae":88.39656066894531,"trend_train_loss":0.3504008132271223,"real_seasonal_3_stock_price":4.670785294515175,"seasonal_3_train_loss":0.825416191004035,"rmse":88.39656066894531,"predicted_seasonal_3_stock_price":-6.185890197753906,"real_resid_stock_price":9.0556892622632,"real_stock_price":236.85000610351562,"mse":7813.951938098529,"resid_train_loss":1.2009578909392908,"real_seasonal_0_stock_price":-2.3363759215011357,"real_seasonal_2_stock_price":7.340471423567796,"resid_valid_loss":1.8905349039906607}