{"Train Loss (Seasonal)":0.0839362158742066,"Validation Loss (Trend)":0.06385328878749566,"Train Loss (Resid)":0.10968698167872824,"_timestamp":1.7287522837810578e+09,"Train Loss (Trend)":0.03506021937959424,"Validation Loss (Resid)":0.14480982056583266,"_wandb":{"runtime":10},"_step":9,"_runtime":10.616046184,"Validation Loss (Seasonal)":0.16894808411598206}