{"real_seasonal_3_stock_price":9.210042698987007,"trend_valid_loss":0.0052107833325862885,"predicted_resid_stock_price":15.362332344055176,"_timestamp":1.7367281693670647e+09,"trend_train_loss":0.41914626003598626,"rmse":47.834503173828125,"predicted_seasonal_2_stock_price":6.728935241699219,"periods":[252,504,756,1260],"depth":4,"_wandb":{"runtime":13},"seasonal_0_valid_loss":0.2636681636343303,"predicted_seasonal_3_stock_price":-9.214693069458008,"seasonal_1_valid_loss":0.17430792279125212,"seasonal_2_train_loss":1.4600897492921872,"seasonal_2_valid_loss":0.3204699107842852,"predicted_trend_stock_price":161.45272827148438,"final_predicted_stock_price":171.10549926757812,"mae":47.834503173828125,"seasonal_3_valid_loss":3.1743886795770107,"_step":9,"resid_valid_loss":0.2349874318788919,"real_stock_price":218.94000244140625,"real_seasonal_1_stock_price":2.721535027645758,"resid_train_loss":0.5669535436704499,"seasonal_0_train_loss":0.5027919483034551,"real_resid_stock_price":30.052430487608945,"real_seasonal_0_stock_price":-6.886692248923765,"seasonal_3_train_loss":2.668150571619639,"mse":2288.139693886973,"predicted_seasonal_1_stock_price":2.5641136169433594,"Runtime (seconds)":6.537952661514282,"dim":128,"real_trend_stock_price":167.5354913342489,"seasonal_1_train_loss":0.6069847896560623,"real_seasonal_2_stock_price":16.307195141839433,"AMZN Stock Price Prediction by iTransformer":{"format":"png","width":1000,"height":600,"_type":"image-file","sha256":"47817e1fa131e2a39aa3f1fb867c2ad0fc7906a4582705a90c60d94f9f0481a6","size":48655,"path":"media/images/AMZN Stock Price Prediction by iTransformer_8_47817e1fa131e2a39aa3.png"},"_runtime":13.256058842,"predicted_seasonal_0_stock_price":-5.787937164306641}