{"predicted_seasonal_3_stock_price":2.602632761001587,"_runtime":10.807210803,"mae":141.30707550048828,"real_trend_stock_price":167.5354913342489,"real_seasonal_1_stock_price":2.721535027645758,"_wandb":{"runtime":10},"predicted_seasonal_1_stock_price":0.905987560749054,"seasonal_0_valid_loss":0.2906016318824528,"resid_train_loss":0.5126200138011319,"trend_valid_loss":2.737517449953785,"Runtime (seconds)":5.23675537109375,"seasonal_3_train_loss":0.8986156001148453,"depth":4,"final_predicted_stock_price":77.63292694091797,"real_seasonal_2_stock_price":16.307195141839433,"real_seasonal_3_stock_price":9.210042698987007,"real_stock_price":218.94000244140625,"seasonal_3_valid_loss":0.4866670239828304,"seasonal_0_train_loss":0.43172313381137783,"predicted_seasonal_0_stock_price":-6.653000354766846,"seasonal_1_valid_loss":0.9281052483550227,"predicted_trend_stock_price":78.619140625,"dim":128,"predicted_seasonal_2_stock_price":-4.8829145431518555,"real_resid_stock_price":30.052430487608945,"seasonal_1_train_loss":1.3372532064149603,"trend_train_loss":0.8286257482037169,"periods":[252,504,756,1260],"mse":19967.689586500695,"_timestamp":1.7367572340944932e+09,"_step":9,"AMZN Stock Price Prediction by iTransformer":{"_type":"image-file","sha256":"ede66a22659876df64ca214d5528db5f293e34cfba6b2810a897816af840794d","size":47110,"path":"media/images/AMZN Stock Price Prediction by iTransformer_8_ede66a22659876df64ca.png","format":"png","width":1000,"height":600},"rmse":141.30707550048828,"seasonal_2_train_loss":1.4186146899828544,"seasonal_2_valid_loss":1.3885488736179639,"predicted_resid_stock_price":7.041074275970459,"resid_valid_loss":0.5324113994247193,"real_seasonal_0_stock_price":-6.886692248923765}