{"periods":[252,504,756,1260],"final_predicted_stock_price":136.02853393554688,"seasonal_0_train_loss":1.122038302436967,"Runtime (seconds)":6.291915655136108,"dim":128,"seasonal_1_valid_loss":1.4707888361998775,"seasonal_3_train_loss":0.45461921313136633,"seasonal_1_train_loss":1.7823137375088145,"mae":82.91146850585938,"rmse":82.91146850585938,"real_seasonal_2_stock_price":16.307195141839433,"predicted_seasonal_2_stock_price":8.195022583007812,"real_stock_price":218.94000244140625,"predicted_trend_stock_price":119.48653411865234,"real_seasonal_1_stock_price":2.721535027645758,"trend_valid_loss":0.879571259021759,"seasonal_3_valid_loss":0.11661241948604584,"seasonal_2_valid_loss":0.35829137489350765,"resid_train_loss":2.033167800393291,"real_trend_stock_price":167.5354913342489,"real_resid_stock_price":30.052430487608945,"mse":6874.311609798111,"seasonal_2_train_loss":0.6650943756700586,"_step":9,"real_seasonal_3_stock_price":9.210042698987007,"predicted_seasonal_0_stock_price":-0.9649661779403687,"real_seasonal_0_stock_price":-6.886692248923765,"predicted_seasonal_1_stock_price":2.0169730186462402,"AMZN Stock Price Prediction by iTransformer":{"height":600,"_type":"image-file","sha256":"518b8ad9b2afd5e7d0e73162f999aad6224fc5bf3598cec4c4484ac43bd5874c","size":46001,"path":"media/images/AMZN Stock Price Prediction by iTransformer_8_518b8ad9b2afd5e7d0e7.png","format":"png","width":1000},"_timestamp":1.7367425765625904e+09,"_runtime":12.684777654,"resid_valid_loss":2.225241289489644,"trend_train_loss":0.8114574820515426,"seasonal_0_valid_loss":1.3188279642551777,"predicted_seasonal_3_stock_price":14.063380241394043,"depth":4,"_wandb":{"runtime":12},"predicted_resid_stock_price":-6.768409729003906}