{"seasonal_2_train_loss":1.3900495259605148,"Runtime (seconds)":7.881119251251221,"predicted_seasonal_3_stock_price":0.10557061433792114,"depth":4,"dim":128,"predicted_trend_stock_price":133.96630859375,"_runtime":17.760123914,"_wandb":{"runtime":17},"predicted_resid_stock_price":6.388263702392578,"real_seasonal_2_stock_price":7.34047052043827,"real_trend_stock_price":221.26011202650898,"seasonal_0_valid_loss":1.559803104918936,"seasonal_2_valid_loss":0.15597437423678626,"real_stock_price":236.85000610351562,"real_seasonal_1_stock_price":-3.1406733741777026,"real_seasonal_3_stock_price":4.670780252127703,"real_seasonal_0_stock_price":-2.3363807433558783,"seasonal_1_train_loss":0.3351596855171084,"seasonal_3_valid_loss":0.23943158660245978,"mse":8252.880783789791,"_timestamp":1.736729001122615e+09,"predicted_seasonal_1_stock_price":-2.5477821826934814,"trend_train_loss":0.20360406471185769,"final_predicted_stock_price":146.004638671875,"resid_valid_loss":0.15430120441873194,"seasonal_1_valid_loss":0.10649399113280295,"predicted_seasonal_2_stock_price":7.633950710296631,"real_resid_stock_price":9.055697421974259,"trend_valid_loss":0.7174229275155375,"resid_train_loss":0.2339112978564306,"mae":90.84536743164062,"_step":9,"periods":[252,504,756,1260],"AAPL Stock Price Prediction by iTransformer":{"size":46212,"path":"media/images/AAPL Stock Price Prediction by iTransformer_8_92345d20576552107f81.png","format":"png","width":1000,"height":600,"_type":"image-file","sha256":"92345d20576552107f8140e37a4bd53ab020ba7601b4cab42480afd531221a49"},"predicted_seasonal_0_stock_price":0.45831701159477234,"seasonal_3_train_loss":0.39242194935330016,"rmse":90.84536743164062,"seasonal_0_train_loss":1.1441296670966472}