{"real_stock_price":236.85000610351562,"seasonal_0_valid_loss":0.35939291973494036,"seasonal_3_valid_loss":0.8781400803238788,"Runtime (seconds)":7.493547677993774,"trend_train_loss":0.02659985287404638,"mse":163.53319064364769,"dim":128,"predicted_seasonal_1_stock_price":-2.6578855514526367,"predicted_trend_stock_price":215.87393188476562,"predicted_resid_stock_price":8.237601280212402,"_runtime":15.934625335,"predicted_seasonal_3_stock_price":-1.2402408123016357,"resid_valid_loss":0.5429685238910757,"AAPL Stock Price Prediction by iTransformer":{"path":"media/images/AAPL Stock Price Prediction by iTransformer_8_de90d5063ad98db41387.png","format":"png","width":1000,"height":600,"_type":"image-file","sha256":"de90d5063ad98db413878120744608721b319e2296bf72ccf6b1e5a265308da7","size":50461},"_timestamp":1.7367184634390712e+09,"periods":[252,504,756,1260],"seasonal_2_train_loss":0.8553863259631476,"_wandb":{"runtime":15},"seasonal_2_valid_loss":0.2495966587979824,"real_seasonal_0_stock_price":-2.3363824888727214,"real_seasonal_1_stock_price":-3.140672806723297,"trend_valid_loss":0.001908685197122395,"rmse":12.788009643554688,"seasonal_1_valid_loss":0.15258965087788445,"mae":12.788009643554688,"real_seasonal_3_stock_price":4.670784383694302,"predicted_seasonal_2_stock_price":2.5868725776672363,"seasonal_3_train_loss":1.2910712317401516,"seasonal_1_train_loss":0.31044838234083727,"resid_train_loss":0.5734269652147836,"_step":9,"seasonal_0_train_loss":0.3940400704261208,"real_trend_stock_price":221.26011184321123,"final_predicted_stock_price":224.06199645996094,"predicted_seasonal_0_stock_price":1.2617127895355225,"depth":4,"real_resid_stock_price":9.055697397598095,"real_seasonal_2_stock_price":7.3404677746080065}