{"_timestamp":1.736711197825549e+09,"real_seasonal_2_stock_price":7.340470442429009,"predicted_trend_stock_price":113.23623657226562,"predicted_resid_stock_price":9.738235473632812,"real_trend_stock_price":221.260111563306,"resid_train_loss":1.246340956267519,"seasonal_2_train_loss":0.5844481535866612,"seasonal_0_valid_loss":1.529587077983418,"_runtime":14.75001845,"mae":104.37332153320312,"dim":128,"Runtime (seconds)":7.16318416595459,"periods":[252,504,756,1260],"seasonal_3_valid_loss":1.2175111078304663,"seasonal_0_train_loss":0.6084230815632301,"predicted_seasonal_3_stock_price":4.498412132263184,"trend_valid_loss":1.4751552864146313,"real_resid_stock_price":9.055693436794371,"seasonal_3_train_loss":0.8696836848082409,"final_predicted_stock_price":132.4766845703125,"real_seasonal_0_stock_price":-2.3363800213912898,"predicted_seasonal_2_stock_price":6.622507572174072,"depth":4,"seasonal_1_valid_loss":0.10259071330022172,"seasonal_2_valid_loss":0.19083380302809694,"mse":10893.790247873403,"_wandb":{"runtime":14},"predicted_seasonal_1_stock_price":-2.9715259075164795,"real_seasonal_1_stock_price":-3.1406738594308643,"AAPL Stock Price Prediction by iTransformer":{"sha256":"e9d61681cac8445ee8e2b49a5b1e42959259b4096196b4643d964c77ce0f0f00","size":46922,"path":"media/images/AAPL Stock Price Prediction by iTransformer_8_e9d61681cac8445ee8e2.png","format":"png","width":1000,"height":600,"_type":"image-file"},"real_seasonal_3_stock_price":4.670784541808412,"resid_valid_loss":0.4951346516609192,"predicted_seasonal_0_stock_price":1.352810263633728,"rmse":104.37332153320312,"trend_train_loss":0.15007699969977406,"seasonal_1_train_loss":0.24183999882296578,"_step":9,"real_stock_price":236.85000610351562}