{"resid_train_loss":2.2356905175696693,"real_trend_stock_price":221.26011208434497,"rmse":131.84610748291016,"real_seasonal_0_stock_price":-2.336379011102595,"_step":9,"Runtime (seconds)":3.870213747024536,"real_stock_price":236.85000610351562,"_wandb":{"runtime":8},"predicted_seasonal_3_stock_price":-4.092576503753662,"real_seasonal_3_stock_price":4.670780068476146,"dim":128,"seasonal_2_valid_loss":2.3594141006469727,"predicted_seasonal_0_stock_price":-0.030414201319217682,"seasonal_0_train_loss":1.0413186731049047,"seasonal_3_valid_loss":1.6138611227746993,"seasonal_1_valid_loss":0.18625289495103062,"trend_valid_loss":0.6607969205109151,"predicted_seasonal_2_stock_price":-3.038303852081299,"predicted_resid_stock_price":-5.350667476654053,"_timestamp":1.736727476235596e+09,"_runtime":8.927905716,"real_seasonal_2_stock_price":7.340478218250439,"seasonal_2_train_loss":1.9520277165109825,"AAPL Stock Price Prediction by iTransformer":{"size":47664,"path":"media/images/AAPL Stock Price Prediction by iTransformer_8_1fa7fb8eac59ac3374d2.png","format":"png","width":1000,"height":600,"_type":"image-file","sha256":"1fa7fb8eac59ac3374d2eac19b4a5a585be43fa3d1ee1627d0d8e55515d540b3"},"real_seasonal_1_stock_price":-3.1406759107539615,"predicted_trend_stock_price":121.03667449951172,"trend_train_loss":0.031101901149330424,"predicted_seasonal_1_stock_price":-3.5208113193511963,"seasonal_3_train_loss":2.7220019872218932,"seasonal_1_train_loss":0.33344177084781795,"final_predicted_stock_price":105.00389862060547,"mae":131.84610748291016,"seasonal_0_valid_loss":2.2194094144907153,"depth":4,"real_resid_stock_price":9.05569065430069,"resid_valid_loss":2.3224084101624993,"periods":[252,504,756,1260],"mse":17383.396058395097}