{"mse":3066.399074560264,"trend_valid_loss":0.01837974775480021,"real_stock_price":218.94000244140625,"real_trend_stock_price":167.5354913342489,"depth":4,"mae":55.37507629394531,"real_seasonal_3_stock_price":9.210042698987007,"predicted_trend_stock_price":154.14996337890625,"predicted_seasonal_3_stock_price":6.928181171417236,"seasonal_3_valid_loss":0.17674712898658584,"dim":128,"real_seasonal_2_stock_price":16.307195141839433,"seasonal_3_train_loss":0.6994464994131995,"periods":[252,504,756,1260],"resid_train_loss":1.0701002450673507,"seasonal_2_valid_loss":1.1933666738130713,"trend_train_loss":0.06818238439699606,"predicted_resid_stock_price":-2.6676278114318848,"seasonal_1_train_loss":0.5778446635597965,"_step":9,"real_seasonal_0_stock_price":-6.886692248923765,"seasonal_2_train_loss":1.1140491760974474,"predicted_seasonal_0_stock_price":0.1667986810207367,"seasonal_0_train_loss":1.1979867582814485,"final_predicted_stock_price":163.56492614746094,"real_seasonal_1_stock_price":2.721535027645758,"resid_valid_loss":1.0966144710991559,"predicted_seasonal_2_stock_price":-0.4010763466358185,"_runtime":11.439888709,"_wandb":{"runtime":11},"rmse":55.37507629394531,"seasonal_1_valid_loss":0.22661000730745462,"AMZN Stock Price Prediction by iTransformer":{"format":"png","width":1000,"height":600,"_type":"image-file","sha256":"97f3c95de00b8f469b1c5d6fa38153426cdf227de2b976f405bdce766feeb37f","size":48077,"path":"media/images/AMZN Stock Price Prediction by iTransformer_8_97f3c95de00b8f469b1c.png"},"Runtime (seconds)":5.734248161315918,"real_resid_stock_price":30.052430487608945,"predicted_seasonal_1_stock_price":5.388708591461182,"seasonal_0_valid_loss":1.1821031824366688,"_timestamp":1.7367563024147272e+09}