{"real_resid_stock_price":9.055692755349241,"resid_valid_loss":0.5758080254237553,"seasonal_2_train_loss":0.7655096449554668,"real_seasonal_0_stock_price":-2.3363771562323046,"real_trend_stock_price":221.26011173292798,"seasonal_2_valid_loss":0.5391623322157267,"_timestamp":1.7367437887078562e+09,"final_predicted_stock_price":77.12484741210938,"seasonal_0_train_loss":0.3062084396046946,"predicted_resid_stock_price":1.0056560039520264,"resid_train_loss":0.6163796107002579,"mae":159.72515869140625,"predicted_seasonal_3_stock_price":6.7367706298828125,"trend_valid_loss":2.7461060694219084,"real_seasonal_2_stock_price":7.3404696806548975,"_step":9,"seasonal_1_train_loss":1.7209189035716594,"Runtime (seconds)":7.28897762298584,"real_seasonal_1_stock_price":-3.140673362123399,"_wandb":{"runtime":13},"AAPL Stock Price Prediction by iTransformer":{"format":"png","width":1000,"height":600,"_type":"image-file","sha256":"9da3c5554dfc12d72274abb2eb9cfdb17851fd17e551599194364e4b0d84157a","size":46394,"path":"media/images/AAPL Stock Price Prediction by iTransformer_8_9da3c5554dfc12d72274.png"},"mse":25512.12631899491,"_runtime":13.772775858,"predicted_seasonal_0_stock_price":2.663440704345703,"predicted_seasonal_1_stock_price":-0.03551758825778961,"seasonal_3_valid_loss":0.18376772677957862,"real_stock_price":236.85000610351562,"trend_train_loss":1.0157887187380945,"rmse":159.72515869140625,"real_seasonal_3_stock_price":4.6707824529392115,"periods":[252,504,756,1260],"predicted_trend_stock_price":63.674991607666016,"depth":4,"seasonal_3_train_loss":0.371918978936532,"dim":128,"predicted_seasonal_2_stock_price":3.0795047283172607,"seasonal_0_valid_loss":0.42524597301321515,"seasonal_1_valid_loss":1.7884446215708079}