{"resid_train_loss":0.3694292093240112,"mse":65195.362733024085,"seasonal_1_valid_loss":0.7356173064215068,"predicted_resid_stock_price":6.094797134399414,"seasonal_3_valid_loss":0.6420822729030052,"real_resid_stock_price":9.055698394780336,"AAPL Stock Price Prediction by iTransformer":{"_type":"image-file","sha256":"9fe1f55e2dcbb16cfcc4cfc6a3f5c5281fb6d0a3c271b67ae6bdbca2e1767c9d","size":44578,"path":"media/images/AAPL Stock Price Prediction by iTransformer_8_9fe1f55e2dcbb16cfcc4.png","format":"png","width":1000,"height":600},"predicted_seasonal_1_stock_price":0.617074191570282,"predicted_seasonal_3_stock_price":-0.098316490650177,"rmse":255.33382606506348,"trend_train_loss":2.659497484914027,"real_stock_price":236.85000610351562,"real_seasonal_3_stock_price":4.670782379672683,"real_seasonal_0_stock_price":-2.3363851046530195,"seasonal_0_valid_loss":1.478402245137478,"depth":4,"_timestamp":1.7367571696934876e+09,"predicted_trend_stock_price":-29.12659454345703,"periods":[252,504,756,1260],"real_seasonal_2_stock_price":7.340475315354007,"_wandb":{"runtime":10},"real_seasonal_1_stock_price":-3.1406758813404068,"seasonal_0_train_loss":0.6881717500339138,"resid_valid_loss":0.36121864815861543,"Runtime (seconds)":4.992161512374878,"seasonal_2_train_loss":1.0296140296909089,"final_predicted_stock_price":-18.48381996154785,"_runtime":10.445781135,"mae":255.33382606506348,"real_trend_stock_price":221.26011099970202,"_step":9,"dim":128,"trend_valid_loss":11.067854978512788,"seasonal_3_train_loss":1.4613243761817052,"predicted_seasonal_2_stock_price":4.565529823303223,"predicted_seasonal_0_stock_price":-0.5363103151321411,"seasonal_2_valid_loss":0.4996968378000154,"seasonal_1_train_loss":1.0905589276185914}