{"real_seasonal_1_stock_price":2.721535027645758,"predicted_trend_stock_price":54.018341064453125,"mse":25571.10434990382,"real_seasonal_2_stock_price":16.307195141839433,"predicted_seasonal_3_stock_price":11.756388664245605,"periods":[252,504,756,1260],"resid_valid_loss":1.497517115170402,"depth":4,"trend_valid_loss":3.335863778671383,"_step":9,"_wandb":{"runtime":10},"real_resid_stock_price":30.052430487608945,"rmse":159.90967559814453,"predicted_seasonal_1_stock_price":3.6110570430755615,"seasonal_2_train_loss":1.145916055225156,"predicted_resid_stock_price":-10.990242958068848,"final_predicted_stock_price":59.03032684326172,"seasonal_1_train_loss":0.6734027989990803,"_timestamp":1.736753539126674e+09,"real_seasonal_3_stock_price":9.210042698987007,"AMZN Stock Price Prediction by iTransformer":{"height":600,"_type":"image-file","sha256":"091cc9bff0423216c49653f6d1ec29810985fcba088015a11fb33ee4a78d0684","size":45763,"path":"media/images/AMZN Stock Price Prediction by iTransformer_8_091cc9bff0423216c496.png","format":"png","width":1000},"seasonal_2_valid_loss":1.3960369606407321,"mae":159.90967559814453,"real_trend_stock_price":167.5354913342489,"_runtime":10.674146569,"trend_train_loss":2.075586468828758,"seasonal_3_train_loss":0.4594129655579648,"real_stock_price":218.94000244140625,"predicted_seasonal_0_stock_price":0.37825533747673035,"seasonal_3_valid_loss":0.23642771142650637,"dim":128,"Runtime (seconds)":4.966170310974121,"predicted_seasonal_2_stock_price":0.25652867555618286,"seasonal_1_valid_loss":0.14971911229870535,"real_seasonal_0_stock_price":-6.886692248923765,"resid_train_loss":1.2817818319912633,"seasonal_0_train_loss":0.9873139194436947,"seasonal_0_valid_loss":1.4199835889257668}