{"mse":693.0030542016029,"periods":[252,504,756,1260],"predicted_seasonal_1_stock_price":-2.333190441131592,"depth":4,"real_trend_stock_price":221.2601120370715,"seasonal_2_valid_loss":0.16770340948834184,"seasonal_2_train_loss":0.6477491434791864,"real_seasonal_1_stock_price":-3.140679208553926,"trend_valid_loss":0.04749719498138274,"mae":26.324951171875,"predicted_resid_stock_price":7.452261924743652,"_timestamp":1.7367460078305252e+09,"final_predicted_stock_price":210.52505493164062,"predicted_trend_stock_price":194.13653564453125,"real_seasonal_3_stock_price":4.670786048161552,"seasonal_0_train_loss":0.7960124553494914,"dim":128,"AAPL Stock Price Prediction by iTransformer":{"height":600,"_type":"image-file","sha256":"f04ed58743d6cedf4d0f7b18e1ed0de7379ea9f509c35d35d9dec94e08c05514","size":48518,"path":"media/images/AAPL Stock Price Prediction by iTransformer_8_f04ed58743d6cedf4d0f.png","format":"png","width":1000},"seasonal_3_valid_loss":0.23732524674113203,"trend_train_loss":0.3798619390284197,"seasonal_3_train_loss":0.8465046654758457,"resid_train_loss":0.8022469961766115,"real_seasonal_0_stock_price":-2.336375254384299,"_runtime":12.173395891,"predicted_seasonal_2_stock_price":5.870276927947998,"rmse":26.324951171875,"seasonal_1_valid_loss":0.09685760973327195,"predicted_seasonal_0_stock_price":0.567879319190979,"seasonal_1_train_loss":0.29536325383360085,"resid_valid_loss":0.37599684098391856,"_step":9,"predicted_seasonal_3_stock_price":4.831295013427734,"_wandb":{"runtime":12},"seasonal_0_valid_loss":1.6724514049642227,"real_stock_price":236.85000610351562,"real_resid_stock_price":9.055688060235724,"real_seasonal_2_stock_price":7.340474420985099,"Runtime (seconds)":5.095262765884399}