{"rmse":43.5692138671875,"dim":128,"seasonal_3_train_loss":0.6199928183998131,"seasonal_2_valid_loss":0.602809463110235,"Runtime (seconds)":4.379444360733032,"real_trend_stock_price":221.26011189214486,"seasonal_1_valid_loss":1.3695758736296877,"real_seasonal_3_stock_price":4.670784223641213,"trend_train_loss":0.2616540349687663,"final_predicted_stock_price":193.28079223632812,"AAPL Stock Price Prediction by iTransformer":{"size":49363,"path":"media/images/AAPL Stock Price Prediction by iTransformer_8_c90dcdb183ad78f50385.png","format":"png","width":1000,"height":600,"_type":"image-file","sha256":"c90dcdb183ad78f5038547de29aa37dc878068dbbd7e93fccb86673b50d0ca38"},"_wandb":{"runtime":9},"periods":[252,504,756,1260],"predicted_trend_stock_price":192.0649871826172,"mae":43.5692138671875,"resid_train_loss":0.8454938448973223,"trend_valid_loss":0.08124540267367614,"_step":9,"seasonal_1_train_loss":1.500439804326278,"predicted_seasonal_2_stock_price":1.640865683555603,"real_seasonal_0_stock_price":-2.3363825057530465,"predicted_seasonal_1_stock_price":-0.819394052028656,"predicted_seasonal_3_stock_price":3.4400227069854736,"seasonal_2_train_loss":1.6985508837195433,"real_seasonal_2_stock_price":7.34046996044825,"depth":4,"_runtime":9.220908952,"seasonal_0_train_loss":0.9559339227797582,"predicted_seasonal_0_stock_price":-0.7967014908790588,"real_resid_stock_price":9.055698390038856,"seasonal_0_valid_loss":1.5768511772502805,"mse":1898.2763970047235,"resid_valid_loss":0.998525162145918,"predicted_resid_stock_price":-2.2489731311798096,"real_seasonal_1_stock_price":-3.1406758570044926,"seasonal_3_valid_loss":0.8739399487743401,"_timestamp":1.7367298297419517e+09,"real_stock_price":236.85000610351562}