{"_timestamp":1.7360778801990788e+09,"mae":7.8084716796875,"valid_loss":0.08762774356412438,"dim":128,"train_loss":0.061618274596687735,"Runtime (seconds)":1263.636058330536,"_step":302,"depth":4,"rmse":7.8084716796875,"_wandb":{"runtime":15114},"mse":60.97222997248173,"predicted_stock_price":222.0615234375,"real_stock_price":229.8699951171875,"AAPL Stock Price Prediction by Transformer(no MSTL)":{"height":600,"_type":"image-file","sha256":"be1da7c0bb5da167b29b37d9b786fc1d6ad928b1e45fffd71d4cc9f801eb0f70","size":56408,"path":"media/images/AAPL Stock Price Prediction by Transformer(no MSTL)_301_be1da7c0bb5da167b29b.png","format":"png","width":1000},"r2_score":NaN,"_runtime":15114.294989161}