{"_wandb":{"runtime":14},"_timestamp":1.736748612559863e+09,"depth":4,"seasonal_1_train_loss":1.468990575849778,"_runtime":14.089363244,"seasonal_1_valid_loss":1.6221579307180536,"predicted_seasonal_2_stock_price":-2.1924996376037598,"dim":128,"seasonal_0_valid_loss":0.115769903500466,"real_resid_stock_price":30.052430487608945,"seasonal_2_train_loss":1.1286420712443512,"predicted_seasonal_0_stock_price":-6.146163463592529,"seasonal_2_valid_loss":1.0778154096619448,"predicted_seasonal_1_stock_price":-1.0742824077606201,"trend_valid_loss":0.1954716444015503,"real_seasonal_3_stock_price":9.210042698987007,"trend_train_loss":0.17962945108943662,"final_predicted_stock_price":148.548095703125,"mse":4955.020534250885,"real_seasonal_0_stock_price":-6.886692248923765,"seasonal_3_valid_loss":0.6897058486938477,"resid_train_loss":1.5806574545575958,"rmse":70.39190673828125,"periods":[252,504,756,1260],"real_seasonal_1_stock_price":2.721535027645758,"predicted_resid_stock_price":17.374250411987305,"resid_valid_loss":0.617093769436431,"predicted_trend_stock_price":144.25869750976562,"real_stock_price":218.94000244140625,"_step":9,"AMZN Stock Price Prediction by iTransformer":{"size":48882,"path":"media/images/AMZN Stock Price Prediction by iTransformer_8_86cc6bccb12a9d63b6fc.png","format":"png","width":1000,"height":600,"_type":"image-file","sha256":"86cc6bccb12a9d63b6fc72ab490ec1da17dce53253de618f32ffb81d34503c1d"},"mae":70.39190673828125,"predicted_seasonal_3_stock_price":-3.6718993186950684,"seasonal_3_train_loss":1.7890126357466873,"Runtime (seconds)":7.193653106689453,"real_seasonal_2_stock_price":16.307195141839433,"real_trend_stock_price":167.5354913342489,"seasonal_0_train_loss":0.2394466218630756}