{"resid_train_loss":0.059531332364234954,"seasonal_0_valid_loss":2.0116612841101253,"predicted_trend_stock_price":152.6835174560547,"_runtime":22700.159871383,"real_stock_price":197.1199951171875,"final_predicted_stock_price":193.22714233398438,"trend_train_loss":0.09192253241703015,"depth":32,"real_seasonal_3_stock_price":1.518853140326739,"real_seasonal_0_stock_price":-4.429295570694552,"real_resid_stock_price":21.380741872772603,"_wandb":{"runtime":22700},"predicted_seasonal_1_stock_price":3.391205072402954,"predicted_seasonal_3_stock_price":2.4508700370788574,"_step":1670,"mse":15.154302791692317,"trend_valid_loss":0.0660651010072347,"predicted_seasonal_0_stock_price":-0.058603428304195404,"real_trend_stock_price":161.1927386538149,"predicted_seasonal_2_stock_price":13.593843460083008,"seasonal_2_valid_loss":0.04554840237201758,"dim":256,"AMZN Stock Price Prediction by iTransformer":{"size":49725,"path":"media/images/AMZN Stock Price Prediction by iTransformer_1669_e8c1bd123b793d499ff4.png","format":"png","width":1000,"height":600,"_type":"image-file","sha256":"e8c1bd123b793d499ff42d7b8da04f70509b1b5d3c48f5c95f573c205ade83fa"},"seasonal_1_valid_loss":0.03738973289728165,"seasonal_0_train_loss":0.9247683524235821,"rmse":3.892852783203125,"seasonal_2_train_loss":0.03791390635254204,"seasonal_3_valid_loss":0.03377299223627363,"Runtime (seconds)":4596.653164148331,"predicted_resid_stock_price":21.16632652282715,"seasonal_3_train_loss":0.03124337956213362,"_timestamp":1.7365533426668603e+09,"resid_valid_loss":0.05017346143722534,"real_seasonal_2_stock_price":15.445359088880148,"real_seasonal_1_stock_price":2.011597932087691,"seasonal_1_train_loss":0.06991190900395354,"mae":3.892852783203125}