{"dim":128,"final_predicted_stock_price":128.29519653320312,"mae":90.64480590820312,"real_trend_stock_price":167.5354913342489,"real_seasonal_1_stock_price":2.721535027645758,"seasonal_1_train_loss":0.5081845020546633,"seasonal_0_train_loss":2.6621042514260584,"seasonal_3_train_loss":0.49575371780895583,"periods":[252,504,756,1260],"real_stock_price":218.94000244140625,"resid_train_loss":1.1159928123246814,"seasonal_0_valid_loss":2.709185487629912,"AMZN Stock Price Prediction by iTransformer":{"format":"png","width":1000,"height":600,"_type":"image-file","sha256":"3b0b156b3abc727434280aaf7489a7437b01d9defc0bde0e1746d3b3f5728d45","size":45950,"path":"media/images/AMZN Stock Price Prediction by iTransformer_8_3b0b156b3abc72743428.png"},"predicted_seasonal_3_stock_price":9.7493314743042,"seasonal_3_valid_loss":0.30133985898818466,"rmse":90.64480590820312,"predicted_seasonal_1_stock_price":3.0665454864501953,"seasonal_1_valid_loss":0.21171778089147272,"real_seasonal_2_stock_price":16.307195141839433,"predicted_trend_stock_price":96.85736846923828,"_wandb":{"runtime":10},"seasonal_2_train_loss":1.205442562350288,"depth":4,"trend_valid_loss":1.8799216747283936,"_runtime":10.687639474000001,"trend_train_loss":1.2038797378432256,"predicted_resid_stock_price":6.370277404785156,"predicted_seasonal_2_stock_price":9.830431938171387,"resid_valid_loss":0.7910500312483074,"_timestamp":1.7367558894516015e+09,"predicted_seasonal_0_stock_price":2.421250581741333,"mse":8216.480838135816,"seasonal_2_valid_loss":0.35633309790189716,"_step":9,"real_seasonal_3_stock_price":9.210042698987007,"real_seasonal_0_stock_price":-6.886692248923765,"real_resid_stock_price":30.052430487608945,"Runtime (seconds)":4.874136209487915}