{"predicted_trend_stock_price":172.47653198242188,"predicted_seasonal_3_stock_price":2.5599653720855713,"real_stock_price":236.85000610351562,"depth":4,"seasonal_1_train_loss":0.38318593155930547,"real_seasonal_3_stock_price":4.6707821461996595,"periods":[252,504,756,1260],"seasonal_0_valid_loss":1.8380845045521312,"final_predicted_stock_price":174.9603729248047,"_timestamp":1.7367214442437158e+09,"_step":9,"_runtime":9.751785125,"real_trend_stock_price":221.26011151356613,"trend_valid_loss":0.15465469451606018,"predicted_seasonal_2_stock_price":7.686722278594971,"predicted_resid_stock_price":-5.7567901611328125,"rmse":61.88963317871094,"real_resid_stock_price":9.055695147139119,"seasonal_1_valid_loss":0.18877107512603686,"resid_train_loss":1.056029068436169,"mse":3830.3266949953977,"Runtime (seconds)":4.073955774307251,"real_seasonal_2_stock_price":7.340471212991787,"seasonal_3_valid_loss":0.31419818190967336,"predicted_seasonal_1_stock_price":-2.5323774814605713,"predicted_seasonal_0_stock_price":0.5263269543647766,"dim":128,"real_seasonal_0_stock_price":-2.33637913811854,"seasonal_2_train_loss":1.0556065054972967,"trend_train_loss":0.4528090426659522,"_wandb":{"runtime":9},"real_seasonal_1_stock_price":-3.140674778262544,"mae":61.88963317871094,"seasonal_3_train_loss":0.6617069740537015,"AAPL Stock Price Prediction by iTransformer":{"_type":"image-file","sha256":"631672693e1c138f5b22f409aa6bf7238c6f6d096253246168806a4d30bc122c","size":46456,"path":"media/images/AAPL Stock Price Prediction by iTransformer_8_631672693e1c138f5b22.png","format":"png","width":1000,"height":600},"seasonal_0_train_loss":1.0406490363697014,"seasonal_2_valid_loss":0.24468551763640284,"resid_valid_loss":2.5911505222320557}