{"real_seasonal_3_stock_price":4.670782539502476,"seasonal_3_train_loss":0.5436247096738623,"real_seasonal_1_stock_price":-3.1406730264878067,"rmse":125.55916595458984,"depth":4,"real_resid_stock_price":9.0556913177127,"seasonal_1_train_loss":0.5444659438036697,"predicted_trend_stock_price":99.46529388427734,"periods":[252,504,756,1260],"_runtime":9.217738695,"resid_train_loss":0.5325504294954814,"trend_train_loss":0.37764964186039324,"seasonal_0_valid_loss":3.822540521621704,"predicted_seasonal_1_stock_price":-2.841428756713867,"dim":128,"predicted_seasonal_3_stock_price":2.3824915885925293,"trend_valid_loss":1.6101293066652809,"resid_valid_loss":0.48751746142586144,"_timestamp":1.7367545551788375e+09,"predicted_seasonal_2_stock_price":4.037994384765625,"real_stock_price":236.85000610351562,"mse":15765.104155212233,"real_seasonal_2_stock_price":7.340469659033336,"seasonal_3_valid_loss":0.5444175083092536,"_wandb":{"runtime":9},"seasonal_2_train_loss":0.933651500853211,"seasonal_1_valid_loss":0.6385843448695683,"predicted_seasonal_0_stock_price":-1.7775777578353882,"real_seasonal_0_stock_price":-2.336375953225241,"mae":125.55916595458984,"seasonal_0_train_loss":1.90027865112917,"predicted_resid_stock_price":10.024072647094727,"_step":9,"Runtime (seconds)":4.204612731933594,"real_trend_stock_price":221.26011156698013,"final_predicted_stock_price":111.29084014892578,"AAPL Stock Price Prediction by iTransformer":{"sha256":"d044d6ef62b72c484d7ce3e6aaefb2ef8b263351ef8f5c7fc6b4bcfc3d452932","size":47218,"path":"media/images/AAPL Stock Price Prediction by iTransformer_8_d044d6ef62b72c484d7c.png","format":"png","width":1000,"height":600,"_type":"image-file"},"seasonal_2_valid_loss":0.7262924452622731}