{"resid_train_loss":0.6496052469903942,"depth":4,"real_seasonal_3_stock_price":9.210042698987007,"Runtime (seconds)":6.564478158950806,"dim":128,"real_seasonal_0_stock_price":-6.886692248923765,"resid_valid_loss":0.6599850044884813,"mse":3853.6197193826083,"seasonal_1_train_loss":0.9665001922701774,"AMZN Stock Price Prediction by iTransformer":{"size":48526,"path":"media/images/AMZN Stock Price Prediction by iTransformer_8_00afae0ac340c3205820.png","format":"png","width":1000,"height":600,"_type":"image-file","sha256":"00afae0ac340c3205820637a1e3b936cf53678559c6e9f4803b6ec05267c322d"},"real_trend_stock_price":167.5354913342489,"_step":9,"seasonal_3_valid_loss":0.5094207907994333,"_runtime":13.048616336,"mae":62.07752990722656,"_wandb":{"runtime":13},"seasonal_0_train_loss":1.9546867656351097,"real_stock_price":218.94000244140625,"real_seasonal_1_stock_price":2.721535027645758,"predicted_seasonal_1_stock_price":4.473419189453125,"predicted_seasonal_3_stock_price":9.822283744812012,"final_predicted_stock_price":156.8624725341797,"periods":[252,504,756,1260],"predicted_trend_stock_price":117.8971176147461,"seasonal_0_valid_loss":2.2591914385557175,"predicted_resid_stock_price":10.79833698272705,"trend_valid_loss":0.5043438090647442,"predicted_seasonal_0_stock_price":0.8442701101303101,"real_resid_stock_price":30.052430487608945,"trend_train_loss":1.2639867855862752,"rmse":62.07752990722656,"real_seasonal_2_stock_price":16.307195141839433,"seasonal_3_train_loss":0.37391834121480316,"seasonal_2_valid_loss":0.1399383734777031,"predicted_seasonal_2_stock_price":13.027050018310547,"seasonal_1_valid_loss":0.2613874655460643,"seasonal_2_train_loss":0.3065039859293333,"_timestamp":1.7367182568995697e+09}