{"seasonal_3_valid_loss":0.872071997949693,"final_predicted_stock_price":70.42753601074219,"seasonal_3_train_loss":1.7575396860171082,"real_resid_stock_price":9.055693116024514,"seasonal_0_train_loss":0.3633859637086121,"seasonal_2_train_loss":0.4216905199594898,"predicted_resid_stock_price":7.57383918762207,"trend_train_loss":1.4704115820345114,"predicted_seasonal_0_stock_price":1.1950700283050537,"resid_valid_loss":0.36032669431081527,"real_seasonal_1_stock_price":-3.1406797057845086,"Runtime (seconds)":4.442215919494629,"periods":[252,504,756,1260],"trend_valid_loss":5.734825134277344,"dim":128,"seasonal_0_valid_loss":0.3697810471057892,"real_seasonal_2_stock_price":7.34047518087609,"predicted_seasonal_2_stock_price":5.888880729675293,"mse":27696.43855178007,"rmse":166.42247009277344,"seasonal_2_valid_loss":0.10267519757036314,"seasonal_1_valid_loss":0.7562656772136688,"depth":4,"_runtime":9.069114161,"seasonal_1_train_loss":1.0214407954630482,"resid_train_loss":0.5923370307669071,"predicted_seasonal_3_stock_price":-1.7543411254882812,"real_seasonal_0_stock_price":-2.3363812044302756,"real_seasonal_3_stock_price":4.670787509786364,"_timestamp":1.7367169710964794e+09,"mae":166.42247009277344,"real_stock_price":236.85000610351562,"predicted_trend_stock_price":58.86174011230469,"_step":9,"real_trend_stock_price":221.26011120704342,"AAPL Stock Price Prediction by iTransformer":{"height":600,"_type":"image-file","sha256":"3c25af2c9a855429be54adebf6865f85f3698eab5c6dbf16bb66f027f1d25864","size":46225,"path":"media/images/AAPL Stock Price Prediction by iTransformer_8_3c25af2c9a855429be54.png","format":"png","width":1000},"predicted_seasonal_1_stock_price":-1.3376448154449463,"_wandb":{"runtime":9}}