{"trend_train_loss":0.027714721468804784,"_step":9,"_wandb":{"runtime":10},"real_seasonal_0_stock_price":-4.839596450156973,"seasonal_1_train_loss":1.1206893041686228,"_runtime":10.774728321,"predicted_seasonal_2_stock_price":5.3744378089904785,"predicted_seasonal_0_stock_price":2.539342164993286,"real_trend_stock_price":164.7409131061787,"real_seasonal_2_stock_price":16.525470090661848,"seasonal_2_train_loss":0.3472418115395969,"seasonal_2_valid_loss":0.5168112405510836,"depth":4,"AMZN Stock Price Prediction by iTransformer":{"height":600,"_type":"image-file","sha256":"0bdf4feae34db1bcfa676730960555c3372c24bfb454cb60ec6b3238f61e00d8","size":48715,"path":"media/images/AMZN Stock Price Prediction by iTransformer_8_0bdf4feae34db1bcfa67.png","format":"png","width":1000},"resid_train_loss":1.359539227549009,"seasonal_1_valid_loss":1.345445159854725,"predicted_seasonal_1_stock_price":-0.032673172652721405,"seasonal_0_valid_loss":1.570542650773213,"seasonal_3_train_loss":1.4070541216354622,"final_predicted_stock_price":157.6322784423828,"real_stock_price":223.2899932861328,"real_seasonal_3_stock_price":8.144329377592427,"_timestamp":1.7367062228932068e+09,"Runtime (seconds)":4.30747389793396,"predicted_seasonal_3_stock_price":9.19347858428955,"predicted_resid_stock_price":-14.136270523071289,"dim":128,"real_seasonal_1_stock_price":5.156685578093933,"seasonal_0_train_loss":1.1848891542229838,"real_resid_stock_price":33.56219158376285,"mae":65.65771484375,"mse":4310.935518503189,"seasonal_3_valid_loss":0.3133894023228818,"trend_valid_loss":0.01396829286490434,"predicted_trend_stock_price":154.6939697265625,"resid_valid_loss":6.345923900604248,"rmse":65.65771484375,"periods":[252,504,756,1260]}