{"real_seasonal_1_stock_price":2.721535027645758,"seasonal_1_train_loss":0.30140184392461755,"seasonal_0_valid_loss":0.3982484010250672,"real_stock_price":218.94000244140625,"final_predicted_stock_price":63.249229431152344,"real_seasonal_2_stock_price":16.307195141839433,"seasonal_0_train_loss":0.46917632368567563,"Runtime (seconds)":6.307977676391602,"trend_valid_loss":3.9687615348892886,"predicted_seasonal_2_stock_price":2.8075060844421387,"seasonal_1_valid_loss":0.12668238115361613,"periods":[252,504,756,1260],"rmse":155.6907730102539,"depth":4,"real_trend_stock_price":167.5354913342489,"predicted_seasonal_1_stock_price":3.732001543045044,"real_resid_stock_price":30.052430487608945,"predicted_seasonal_0_stock_price":-6.478332996368408,"mse":24239.616800530406,"seasonal_2_valid_loss":0.802052783198832,"seasonal_3_valid_loss":0.9592016804580615,"predicted_resid_stock_price":14.68466854095459,"predicted_trend_stock_price":50.809600830078125,"predicted_seasonal_3_stock_price":-2.306217670440674,"dim":128,"resid_train_loss":0.585572309729251,"resid_valid_loss":0.29301606436990235,"real_seasonal_3_stock_price":9.210042698987007,"trend_train_loss":2.991829780527234,"seasonal_3_train_loss":0.822060036320041,"real_seasonal_0_stock_price":-6.886692248923765,"mae":155.6907730102539,"_timestamp":1.7367188928450632e+09,"_runtime":13.529680734,"seasonal_2_train_loss":0.8272566853216348,"_step":9,"AMZN Stock Price Prediction by iTransformer":{"width":1000,"height":600,"_type":"image-file","sha256":"7d5c9ff267d5f4c32cc919b3a127877498ebe50433f595c90e294203bde0e822","size":45698,"path":"media/images/AMZN Stock Price Prediction by iTransformer_8_7d5c9ff267d5f4c32cc9.png","format":"png"},"_wandb":{"runtime":13}}