{"_step":302,"r2_score":NaN,"_wandb":{"runtime":5598},"predicted_stock_price":233.96719360351562,"_runtime":5598.680914089,"depth":4,"valid_loss":0.05104304105043411,"AAPL Stock Price Prediction by Transformer(no MSTL)":{"sha256":"6a5f5de6055a04ae240715230e5bcf509ca62ebfeb2e65dbd6a1fbf2e59db1e9","size":51949,"path":"media/images/AAPL Stock Price Prediction by Transformer(no MSTL)_301_6a5f5de6055a04ae2407.png","format":"png","width":1000,"height":600,"_type":"image-file"},"Runtime (seconds)":150.25705075263977,"train_loss":0.06153159998396007,"dim":128,"_timestamp":1.7361630238803406e+09,"real_stock_price":243.0399932861328,"mse":82.31569408089854,"rmse":9.072799682617188,"mae":9.072799682617188}