{"_step":9,"resid_train_loss":1.2927697022447622,"mse":10492.573919105867,"rmse":102.43326568603516,"final_predicted_stock_price":116.5067367553711,"trend_valid_loss":0.4929815712437201,"periods":[252,504,756,1260],"seasonal_2_valid_loss":0.5609304256091906,"seasonal_0_valid_loss":0.30714426073732976,"dim":128,"seasonal_3_valid_loss":0.41469985246658325,"_runtime":13.031801389,"seasonal_1_train_loss":2.2514674046656467,"real_seasonal_0_stock_price":-6.886692248923765,"real_seasonal_3_stock_price":9.210042698987007,"predicted_seasonal_2_stock_price":-0.7788983583450317,"_timestamp":1.736735847411066e+09,"real_trend_stock_price":167.5354913342489,"predicted_seasonal_1_stock_price":-1.6822632551193237,"real_seasonal_2_stock_price":16.307195141839433,"real_resid_stock_price":30.052430487608945,"resid_valid_loss":0.5387886197781493,"real_stock_price":218.94000244140625,"predicted_resid_stock_price":6.017824172973633,"predicted_seasonal_3_stock_price":7.110189914703369,"seasonal_3_train_loss":0.5317370460529602,"trend_train_loss":0.12899728482167272,"seasonal_1_valid_loss":2.445220322129829,"Runtime (seconds)":6.659030914306641,"seasonal_2_train_loss":1.091116486798099,"predicted_trend_stock_price":112.49036407470703,"real_seasonal_1_stock_price":2.721535027645758,"seasonal_0_train_loss":0.273752462166953,"mae":102.43326568603516,"depth":4,"_wandb":{"runtime":13},"AMZN Stock Price Prediction by iTransformer":{"_type":"image-file","sha256":"905320ab8f11f36d7ba28611507776ec2f8c88d4abc153ae5a144d966758c57d","size":46413,"path":"media/images/AMZN Stock Price Prediction by iTransformer_8_905320ab8f11f36d7ba2.png","format":"png","width":1000,"height":600},"predicted_seasonal_0_stock_price":-6.650474548339844}