{"periods":[252,504,756,1260],"trend_valid_loss":2.6853951608780586,"real_trend_stock_price":221.26011204256736,"_timestamp":1.7367434798390443e+09,"seasonal_1_valid_loss":0.2800818397121525,"_runtime":17.64844463,"resid_train_loss":1.1885195906931685,"trend_train_loss":0.8521121233743199,"seasonal_3_train_loss":2.2724519811178507,"predicted_seasonal_2_stock_price":-4.837885856628418,"dim":128,"real_resid_stock_price":9.055689747202791,"predicted_seasonal_1_stock_price":-1.706021785736084,"predicted_resid_stock_price":-3.9820330142974854,"real_stock_price":236.85000610351562,"predicted_seasonal_0_stock_price":-0.9028809070587158,"seasonal_3_valid_loss":1.9019926197921173,"predicted_trend_stock_price":69.0473403930664,"seasonal_2_train_loss":2.7656385607835725,"seasonal_0_valid_loss":2.9769259709906524,"rmse":184.06621551513672,"mse":33880.37169406476,"resid_valid_loss":1.63519544446284,"_wandb":{"runtime":17},"Runtime (seconds)":8.68923544883728,"predicted_seasonal_3_stock_price":-4.834729194641113,"mae":184.06621551513672,"real_seasonal_0_stock_price":-2.336376433759995,"seasonal_0_train_loss":1.4253348688964154,"AAPL Stock Price Prediction by iTransformer":{"path":"media/images/AAPL Stock Price Prediction by iTransformer_8_c01845af24441c26de1f.png","format":"png","width":1000,"height":600,"_type":"image-file","sha256":"c01845af24441c26de1fdc9c4386709ec1f3fde95e3f45cc845d5d668f16d5ca","size":44602},"depth":4,"final_predicted_stock_price":52.783790588378906,"seasonal_2_valid_loss":2.046224136534807,"seasonal_1_train_loss":0.7470357919557639,"real_seasonal_1_stock_price":-3.1406789217624578,"_step":9,"real_seasonal_3_stock_price":4.670784338586426,"real_seasonal_2_stock_price":7.340475330681488}