{"seasonal_2_train_loss":1.6585700205630727,"seasonal_1_train_loss":0.44187083192031495,"predicted_trend_stock_price":233.87925720214844,"real_stock_price":236.85000610351562,"seasonal_3_valid_loss":0.8630177075580016,"predicted_seasonal_1_stock_price":-2.1771349906921387,"dim":128,"_runtime":14.061886138,"resid_valid_loss":1.4413089679419921,"resid_train_loss":1.7728628428414221,"depth":4,"seasonal_2_valid_loss":1.748135346836514,"predicted_seasonal_3_stock_price":1.6771466732025146,"final_predicted_stock_price":229.0219268798828,"real_seasonal_2_stock_price":7.34047117381678,"Runtime (seconds)":7.046167373657227,"seasonal_0_train_loss":0.9806738049314275,"real_seasonal_3_stock_price":4.6707855681757735,"mae":7.8280792236328125,"AAPL Stock Price Prediction by iTransformer":{"height":600,"_type":"image-file","sha256":"04b82590fc184c3b38420e2e5b40d40e514cdcb69687ea79cdc0a68117904da7","size":50316,"path":"media/images/AAPL Stock Price Prediction by iTransformer_8_04b82590fc184c3b3842.png","format":"png","width":1000},"seasonal_1_valid_loss":0.22656275087692698,"periods":[252,504,756,1260],"trend_valid_loss":0.0625680536031723,"_step":9,"seasonal_3_train_loss":1.1732214150729872,"predicted_seasonal_2_stock_price":-0.49372899532318115,"seasonal_0_valid_loss":1.797178904633773,"real_trend_stock_price":221.26011220331824,"mse":61.2788243314717,"rmse":7.8280792236328125,"real_seasonal_1_stock_price":-3.140675836835035,"predicted_resid_stock_price":-3.9503421783447266,"_timestamp":1.7367095290134623e+09,"trend_train_loss":0.2243754696078881,"predicted_seasonal_0_stock_price":0.08675320446491241,"real_seasonal_0_stock_price":-2.3363769303189654,"real_resid_stock_price":9.055689925358848,"_wandb":{"runtime":14}}