{"_runtime":8.454010693,"rmse":150.46051025390625,"seasonal_1_valid_loss":0.40512654185295105,"trend_train_loss":1.105857997520023,"periods":[252,504,756,1260],"dim":128,"_step":9,"mae":150.46051025390625,"resid_train_loss":0.6061084428924391,"predicted_seasonal_3_stock_price":6.838703155517578,"predicted_seasonal_0_stock_price":-0.251052588224411,"predicted_seasonal_1_stock_price":-3.3082892894744873,"seasonal_3_valid_loss":0.2305982699251081,"real_seasonal_1_stock_price":-3.1406769123065734,"seasonal_3_train_loss":0.6926730457948242,"predicted_resid_stock_price":7.68263053894043,"real_seasonal_2_stock_price":7.340471964803688,"seasonal_0_valid_loss":2.5019354149823183,"Runtime (seconds)":4.132231950759888,"seasonal_1_train_loss":0.48023065113371394,"trend_valid_loss":4.673954150715812,"real_seasonal_3_stock_price":4.670782260965383,"AAPL Stock Price Prediction by iTransformer":{"format":"png","width":1000,"height":600,"_type":"image-file","sha256":"27cb70172647787ebf457a3294ed495e05f1c907b3b218e0d734d66f1a7294ff","size":45942,"path":"media/images/AAPL Stock Price Prediction by iTransformer_8_27cb70172647787ebf45.png"},"real_trend_stock_price":221.26011150063275,"mse":22638.365145865828,"_timestamp":1.7367373857120433e+09,"predicted_trend_stock_price":70.6960220336914,"final_predicted_stock_price":86.38949584960938,"real_seasonal_0_stock_price":-2.3363783037664034,"seasonal_0_train_loss":1.312873807673653,"seasonal_2_valid_loss":0.19135325462039973,"depth":4,"predicted_seasonal_2_stock_price":4.731476306915283,"seasonal_2_train_loss":0.3100159746637393,"real_resid_stock_price":9.055695593186755,"real_stock_price":236.85000610351562,"_wandb":{"runtime":8},"resid_valid_loss":0.6042952849856162}