{"periods":[252,504,756,1260],"seasonal_2_train_loss":0.5949015272546286,"predicted_seasonal_2_stock_price":5.494501113891602,"trend_train_loss":0.5078988652177517,"real_seasonal_0_stock_price":-2.3363811959187113,"resid_train_loss":0.8190132249110356,"seasonal_1_valid_loss":1.2603787776238904,"seasonal_0_train_loss":1.630920833797196,"seasonal_2_valid_loss":0.10124144558202136,"final_predicted_stock_price":39.073326110839844,"_timestamp":1.7367164489817684e+09,"dim":128,"_wandb":{"runtime":13},"mse":39115.61514892528,"_runtime":13.084789625,"real_resid_stock_price":9.055693213614632,"Runtime (seconds)":6.314769268035889,"real_trend_stock_price":221.26011122766417,"rmse":197.77667999267578,"real_seasonal_2_stock_price":7.340475848321314,"predicted_trend_stock_price":33.06100845336914,"predicted_seasonal_3_stock_price":-1.155689001083374,"trend_valid_loss":3.9504837569190947,"seasonal_0_valid_loss":2.8994114596372955,"seasonal_3_valid_loss":0.5313034014971325,"predicted_seasonal_0_stock_price":-0.413093239068985,"_step":9,"real_stock_price":236.85000610351562,"seasonal_3_train_loss":0.9223056416898678,"real_seasonal_3_stock_price":4.670781795946791,"resid_valid_loss":0.7016307180055272,"AAPL Stock Price Prediction by iTransformer":{"path":"media/images/AAPL Stock Price Prediction by iTransformer_8_b43ce7cffc640b65cb4f.png","format":"png","width":1000,"height":600,"_type":"image-file","sha256":"b43ce7cffc640b65cb4fd9f38ddeb96c3be65dc4e57712ada99b157a840daf6d","size":44499},"seasonal_1_train_loss":1.46185263387996,"predicted_resid_stock_price":2.619455575942993,"depth":4,"real_seasonal_1_stock_price":-3.1406747861125757,"mae":197.77667999267578,"predicted_seasonal_1_stock_price":-0.5328581929206848}