{"depth":4,"AMZN Stock Price Prediction by iTransformer":{"_type":"image-file","sha256":"44061e270659580e27b02c914d758855a8008ec072725d07955ce170630626dd","size":46144,"path":"media/images/AMZN Stock Price Prediction by iTransformer_8_44061e270659580e27b0.png","format":"png","width":1000,"height":600},"predicted_seasonal_1_stock_price":-0.5963677167892456,"real_stock_price":218.94000244140625,"rmse":108.47880554199219,"real_trend_stock_price":167.5354913342489,"seasonal_1_valid_loss":1.1347076593812415,"Runtime (seconds)":6.16085410118103,"predicted_trend_stock_price":95.89594268798828,"seasonal_0_valid_loss":0.344394631454969,"_step":9,"predicted_resid_stock_price":9.087211608886719,"predicted_seasonal_3_stock_price":10.939776420593262,"real_seasonal_1_stock_price":2.721535027645758,"seasonal_3_valid_loss":0.26049467770282914,"_timestamp":1.736733785969537e+09,"seasonal_2_valid_loss":0.6762073705999219,"_wandb":{"runtime":12},"real_seasonal_0_stock_price":-6.886692248923765,"resid_valid_loss":1.3097078087293579,"real_resid_stock_price":30.052430487608945,"seasonal_2_train_loss":0.5407499249207658,"real_seasonal_3_stock_price":9.210042698987007,"resid_train_loss":1.0049497424339762,"real_seasonal_2_stock_price":16.307195141839433,"seasonal_1_train_loss":1.4326672568089431,"trend_train_loss":0.764774450389421,"periods":[252,504,756,1260],"trend_valid_loss":1.0983456201874153,"predicted_seasonal_0_stock_price":-8.048734664916992,"mse":11767.651251817355,"final_predicted_stock_price":110.46119689941406,"seasonal_0_train_loss":0.38850572986332527,"_runtime":12.311391554,"dim":128,"predicted_seasonal_2_stock_price":3.1833724975585938,"seasonal_3_train_loss":0.5535807058742908,"mae":108.47880554199219}