{"predicted_trend_stock_price":157.35897827148438,"seasonal_2_train_loss":0.6175307149305442,"real_trend_stock_price":167.5354913342489,"predicted_seasonal_1_stock_price":1.2277553081512451,"mae":27.186874389648438,"AMZN Stock Price Prediction by iTransformer":{"_type":"image-file","sha256":"89e4ac734316c74193492236eaf376a8b4581cdb0fee53aacf5a82810ac5abad","size":51139,"path":"media/images/AMZN Stock Price Prediction by iTransformer_8_89e4ac734316c7419349.png","format":"png","width":1000,"height":600},"resid_train_loss":0.416772400195504,"real_resid_stock_price":30.052430487608945,"seasonal_3_valid_loss":0.36430600309298816,"rmse":27.186874389648438,"predicted_seasonal_2_stock_price":5.356810092926025,"dim":128,"seasonal_2_valid_loss":0.5489296862865374,"real_seasonal_0_stock_price":-6.886692248923765,"seasonal_3_train_loss":0.705108491248864,"depth":4,"final_predicted_stock_price":191.7531280517578,"predicted_seasonal_0_stock_price":-6.5684380531311035,"real_seasonal_2_stock_price":16.307195141839433,"real_seasonal_3_stock_price":9.210042698987007,"predicted_seasonal_3_stock_price":20.267974853515625,"seasonal_0_valid_loss":0.35865479668504313,"_runtime":14.737923616,"real_seasonal_1_stock_price":2.721535027645758,"resid_valid_loss":0.4268140038280557,"seasonal_0_train_loss":0.4543661969959369,"trend_valid_loss":0.013824313221131127,"periods":[252,504,756,1260],"_step":9,"seasonal_1_valid_loss":0.6938327970328154,"seasonal_1_train_loss":1.2160120347444745,"_wandb":{"runtime":14},"real_stock_price":218.94000244140625,"Runtime (seconds)":7.826796054840088,"_timestamp":1.7367148119458518e+09,"mse":739.1261390785221,"predicted_resid_stock_price":14.1100435256958,"trend_train_loss":0.08091764110647161}