{"predicted_seasonal_1_stock_price":2.8541572093963623,"real_stock_price":218.94000244140625,"mae":108.26020812988281,"predicted_seasonal_3_stock_price":9.073423385620117,"trend_train_loss":1.126604443101527,"_timestamp":1.7367381220713766e+09,"seasonal_3_valid_loss":0.23081808548183658,"predicted_seasonal_2_stock_price":-4.960172653198242,"seasonal_1_train_loss":0.579009944052237,"_wandb":{"runtime":11},"seasonal_0_valid_loss":0.534913019733126,"depth":4,"predicted_trend_stock_price":86.11329650878906,"real_trend_stock_price":167.5354913342489,"_step":9,"AMZN Stock Price Prediction by iTransformer":{"sha256":"04e8a7231844aad608d73eefc9267d58ebc51c3b06e34478fb9fd50b4e317b35","size":46338,"path":"media/images/AMZN Stock Price Prediction by iTransformer_8_04e8a7231844aad608d7.png","format":"png","width":1000,"height":600,"_type":"image-file"},"real_seasonal_3_stock_price":9.210042698987007,"real_seasonal_0_stock_price":-6.886692248923765,"seasonal_3_train_loss":0.5301538702548226,"rmse":108.26020812988281,"seasonal_1_valid_loss":0.36433221370566127,"predicted_resid_stock_price":21.067296981811523,"seasonal_0_train_loss":0.6767545028946393,"seasonal_2_valid_loss":1.6325472055313137,"_runtime":11.766499371,"real_seasonal_1_stock_price":2.721535027645758,"mse":11720.272664325545,"periods":[252,504,756,1260],"resid_valid_loss":0.682219538781432,"Runtime (seconds)":5.482596158981323,"trend_valid_loss":1.590212422784066,"seasonal_2_train_loss":2.135310841193867,"real_seasonal_2_stock_price":16.307195141839433,"final_predicted_stock_price":110.67979431152344,"predicted_seasonal_0_stock_price":-3.468209743499756,"real_resid_stock_price":30.052430487608945,"resid_train_loss":1.3608912048665807,"dim":128}