{"_runtime":11.324731102,"predicted_seasonal_2_stock_price":-4.585970878601074,"predicted_resid_stock_price":1.2797373533248901,"seasonal_3_train_loss":0.6239196642166855,"real_stock_price":218.94000244140625,"dim":128,"seasonal_1_valid_loss":0.1419035643339157,"Runtime (seconds)":5.407493829727173,"final_predicted_stock_price":105.31596374511719,"_wandb":{"runtime":11},"resid_train_loss":0.9569676023731277,"predicted_seasonal_1_stock_price":4.803012371063232,"real_resid_stock_price":30.052430487608945,"real_seasonal_1_stock_price":2.721535027645758,"real_seasonal_0_stock_price":-6.886692248923765,"_step":9,"seasonal_2_train_loss":1.0939622797204764,"depth":4,"seasonal_0_train_loss":0.684279968802418,"AMZN Stock Price Prediction by iTransformer":{"height":600,"_type":"image-file","sha256":"3a3a2a464470af7f96fee3c3d0e17f6b80ef490cc74105dc968c3006fb6da5dc","size":46823,"path":"media/images/AMZN Stock Price Prediction by iTransformer_8_3a3a2a464470af7f96fe.png","format":"png","width":1000},"_timestamp":1.7367104399793746e+09,"seasonal_2_valid_loss":1.0945232280214672,"seasonal_0_valid_loss":0.8557722245311924,"seasonal_1_train_loss":0.44767964249551606,"mse":12910.422169655794,"trend_valid_loss":1.957626330981483,"predicted_seasonal_0_stock_price":-0.23620276153087616,"periods":[252,504,756,1260],"real_seasonal_3_stock_price":9.210042698987007,"predicted_trend_stock_price":85.21247100830078,"rmse":113.62403869628906,"resid_valid_loss":0.7380696437558381,"predicted_seasonal_3_stock_price":18.84292221069336,"real_trend_stock_price":167.5354913342489,"seasonal_3_valid_loss":1.5321235023023472,"real_seasonal_2_stock_price":16.307195141839433,"trend_train_loss":0.6258539569823448,"mae":113.62403869628906}