{"resid_train_loss":0.7559312103628999,"AAPL Stock Price Prediction by iTransformer":{"_type":"image-file","sha256":"42e17773b155824a61d5c536210386c09af26b4082948ef6d5801e139dfb7cef","size":46971,"path":"media/images/AAPL Stock Price Prediction by iTransformer_8_42e17773b155824a61d5.png","format":"png","width":1000,"height":600},"mae":104.59597778320312,"predicted_resid_stock_price":1.883986234664917,"seasonal_2_train_loss":1.2274704077462366,"resid_valid_loss":0.4182985237826711,"real_seasonal_3_stock_price":4.670785016624881,"seasonal_2_valid_loss":1.1223914469374674,"_step":9,"real_resid_stock_price":9.055700337124534,"seasonal_1_train_loss":0.9553801162576865,"_wandb":{"runtime":10},"dim":128,"periods":[252,504,756,1260],"final_predicted_stock_price":132.2540283203125,"depth":4,"trend_train_loss":0.12150787777518532,"_runtime":10.283406748,"real_seasonal_0_stock_price":-2.3363844976027215,"Runtime (seconds)":4.776524066925049,"predicted_seasonal_2_stock_price":0.5251311659812927,"trend_valid_loss":1.5455235490551242,"predicted_seasonal_0_stock_price":2.1938672065734863,"real_seasonal_2_stock_price":7.340465406712042,"predicted_seasonal_1_stock_price":-1.0549830198287964,"seasonal_0_valid_loss":2.0533191051748063,"seasonal_1_valid_loss":0.20849108695983887,"predicted_seasonal_3_stock_price":2.83103084564209,"seasonal_3_valid_loss":0.13980574973604895,"mse":10940.318568424322,"seasonal_0_train_loss":1.063143233895399,"seasonal_3_train_loss":0.5909437659957418,"real_trend_stock_price":221.2601124074378,"real_seasonal_1_stock_price":-3.1406725667808923,"real_stock_price":236.85000610351562,"rmse":104.59597778320312,"_timestamp":1.7367270915528908e+09,"predicted_trend_stock_price":125.875}