{"rmse":1.5408878326416016,"dim":128,"PFE Stock Price Prediction by iTransformer(no MSTL)":{"width":1000,"height":600,"_type":"image-file","sha256":"ac23e938a676d428a310f90358d5814a9137959ec6a0e14d05859b8cc5f49be1","size":53645,"path":"media/images/PFE Stock Price Prediction by iTransformer(no MSTL)_301_ac23e938a676d428a310.png","format":"png"},"depth":4,"Runtime (seconds)":215.00194716453552,"_wandb":{"runtime":3926},"valid_loss":0.042613383401468925,"predicted_stock_price":24.203502655029297,"real_stock_price":25.7443904876709,"_runtime":3926.996510613,"_step":302,"r2_score":NaN,"_timestamp":1.738489506114419e+09,"mae":1.5408878326416016,"mse":2.3743353127829323,"train_loss":0.03180016580343696}