{"trend_valid_loss":0.9311294604461188,"_step":9,"mae":114.95855712890625,"real_seasonal_0_stock_price":-2.336378660695516,"seasonal_2_train_loss":3.3179270090021613,"mse":13215.469857160002,"seasonal_0_valid_loss":1.3409560674162053,"resid_valid_loss":0.8087207362400536,"final_predicted_stock_price":121.89144897460938,"predicted_seasonal_0_stock_price":0.28087785840034485,"seasonal_3_train_loss":0.5468120411834979,"seasonal_1_train_loss":0.41419864151338376,"resid_train_loss":0.9660468268043855,"real_stock_price":236.85000610351562,"depth":4,"predicted_trend_stock_price":114.77825927734375,"real_seasonal_2_stock_price":7.340472475100375,"trend_train_loss":0.05981704428533748,"predicted_seasonal_1_stock_price":-2.5750975608825684,"real_resid_stock_price":9.055690490829733,"predicted_seasonal_2_stock_price":-5.859973430633545,"_runtime":12.984523256,"Runtime (seconds)":6.740947246551514,"real_seasonal_1_stock_price":-3.140677925308405,"seasonal_3_valid_loss":0.30729381934801736,"real_trend_stock_price":221.26011190757396,"periods":[252,504,756,1260],"dim":128,"_wandb":{"runtime":12},"predicted_seasonal_3_stock_price":3.7442924976348877,"seasonal_1_valid_loss":0.1282397622777068,"predicted_resid_stock_price":11.523082733154297,"seasonal_2_valid_loss":2.585551267788734,"_timestamp":1.7367256100560887e+09,"AAPL Stock Price Prediction by iTransformer":{"format":"png","width":1000,"height":600,"_type":"image-file","sha256":"b69a3fba2195e31801c13558ed340d18b3e2433a76b4bb25d662b2cbf604a576","size":47302,"path":"media/images/AAPL Stock Price Prediction by iTransformer_8_b69a3fba2195e31801c1.png"},"seasonal_0_train_loss":0.596219450915043,"real_seasonal_3_stock_price":4.670787816015492,"rmse":114.95855712890625}