{"_wandb":{"runtime":11},"_step":9,"depth":4,"resid_valid_loss":1.8031041416628608,"real_trend_stock_price":221.26011212545367,"AAPL Stock Price Prediction by iTransformer":{"sha256":"9e93372a511095a0d7e6130e7f13b130fca5f27ee8867b482910950fd735453b","size":46459,"path":"media/images/AAPL Stock Price Prediction by iTransformer_8_9e93372a511095a0d7e6.png","format":"png","width":1000,"height":600,"_type":"image-file"},"real_seasonal_2_stock_price":7.340470515351929,"real_seasonal_3_stock_price":4.6707887945823785,"Runtime (seconds)":5.411541700363159,"trend_valid_loss":2.5421659179127234,"seasonal_1_train_loss":0.3538374045386878,"resid_train_loss":1.7010141746471514,"seasonal_1_valid_loss":0.21534197656253767,"predicted_seasonal_1_stock_price":-2.574117660522461,"periods":[252,504,756,1260],"trend_train_loss":0.6654194840782259,"seasonal_0_train_loss":0.7555590486686008,"_runtime":11.804486923,"mse":26002.08658482466,"mae":161.25162506103516,"predicted_resid_stock_price":-10.115592956542969,"predicted_seasonal_2_stock_price":5.905077934265137,"_timestamp":1.7367583863660386e+09,"real_resid_stock_price":9.05569374270263,"seasonal_0_valid_loss":1.7725831968862502,"seasonal_3_train_loss":1.2042471176914828,"rmse":161.25162506103516,"predicted_trend_stock_price":82.81761932373047,"dim":128,"seasonal_2_valid_loss":0.22116728984863207,"predicted_seasonal_0_stock_price":1.6066325902938843,"seasonal_3_valid_loss":0.8823206865633023,"final_predicted_stock_price":75.59838104248047,"real_seasonal_1_stock_price":-3.1406772908212117,"real_seasonal_0_stock_price":-2.3363817837537835,"seasonal_2_train_loss":0.5184474105809607,"real_stock_price":236.85000610351562,"predicted_seasonal_3_stock_price":-2.041236400604248}