{"seasonal_1_valid_loss":1.5544455012967509,"trend_valid_loss":1.1688105330504046,"predicted_seasonal_2_stock_price":13.279207229614258,"seasonal_2_valid_loss":0.7887479502464009,"mse":7515.934340679087,"Runtime (seconds)":7.540625333786011,"_runtime":16.73623891,"seasonal_3_train_loss":1.862689921332989,"predicted_seasonal_1_stock_price":-1.1364237070083618,"seasonal_0_valid_loss":2.794043132362553,"predicted_trend_stock_price":139.0733642578125,"real_seasonal_0_stock_price":-2.3363788471397426,"seasonal_2_train_loss":0.44438331167291484,"predicted_seasonal_0_stock_price":1.792691946029663,"periods":[252,504,756,1260],"predicted_resid_stock_price":-3.6215803623199463,"trend_train_loss":0.1814091033677895,"_wandb":{"runtime":16},"_timestamp":1.7367428990378706e+09,"resid_valid_loss":1.6247133938165812,"seasonal_1_train_loss":1.657563294666222,"AAPL Stock Price Prediction by iTransformer":{"size":46551,"path":"media/images/AAPL Stock Price Prediction by iTransformer_8_1b2addbfa6a7443c3905.png","format":"png","width":1000,"height":600,"_type":"image-file","sha256":"1b2addbfa6a7443c39050b6de07d22626ac579e1060ed4376cb0473a7b244bf5"},"predicted_seasonal_3_stock_price":0.7682580947875977,"rmse":86.69448852539062,"seasonal_3_valid_loss":0.6055244277762148,"final_predicted_stock_price":150.155517578125,"dim":128,"mae":86.69448852539062,"seasonal_0_train_loss":1.6250201226578684,"resid_train_loss":1.0132316463259798,"real_stock_price":236.85000610351562,"real_trend_stock_price":221.26011190315424,"real_seasonal_2_stock_price":7.340469368325553,"real_seasonal_3_stock_price":4.670791554765753,"_step":9,"depth":4,"real_resid_stock_price":9.055692827761845,"real_seasonal_1_stock_price":-3.140680703352007}