{"resid_valid_loss":1.4291792320168537,"final_predicted_stock_price":188.66259765625,"seasonal_0_train_loss":0.8612627491719633,"predicted_seasonal_3_stock_price":3.208287239074707,"trend_valid_loss":0.12818944129017118,"mse":3374.146311044693,"periods":[252,504,756,1260],"predicted_seasonal_2_stock_price":4.864987373352051,"seasonal_3_train_loss":2.7675507793528062,"dim":128,"predicted_resid_stock_price":2.10959792137146,"real_seasonal_3_stock_price":3.885586682892298,"trend_train_loss":0.08969085528582196,"_runtime":18.11014598,"seasonal_2_train_loss":0.3562848362429389,"seasonal_3_valid_loss":1.0338569054680486,"seasonal_2_valid_loss":0.10848712411156312,"real_stock_price":246.75,"real_trend_stock_price":217.0713866533332,"_wandb":{"runtime":18},"predicted_trend_stock_price":176.86209106445312,"real_seasonal_0_stock_price":2.0251140913440815,"AAPL Stock Price Prediction by Transformer":{"size":54947,"path":"media/images/AAPL Stock Price Prediction by Transformer_8_21b53d2fd95f1ce8cee6.png","format":"png","width":1000,"height":600,"_type":"image-file","sha256":"21b53d2fd95f1ce8cee60f4bd994f2ad1ecc8c6b669a582f1f3008da84e44961"},"mae":58.08740234375,"resid_train_loss":1.9695415874312878,"predicted_seasonal_0_stock_price":-0.41130581498146057,"seasonal_0_valid_loss":2.156038442934592,"real_seasonal_1_stock_price":1.7934320233842533,"seasonal_1_train_loss":0.2912987800645492,"predicted_seasonal_1_stock_price":2.028933048248291,"_step":9,"_timestamp":1.7367855153244207e+09,"real_resid_stock_price":13.508767250102352,"Runtime (seconds)":9.261833190917969,"seasonal_1_valid_loss":0.10469303129456979,"depth":4,"rmse":58.08740234375,"real_seasonal_2_stock_price":8.465713298943816}