{"predicted_seasonal_0_stock_price":1.742011308670044,"trend_train_loss":0.6452949898341748,"trend_valid_loss":1.559314053472338,"seasonal_3_train_loss":1.6113358030581797,"predicted_seasonal_3_stock_price":5.468907356262207,"real_stock_price":236.85000610351562,"resid_valid_loss":0.6661664401181042,"dim":128,"_wandb":{"runtime":10},"Runtime (seconds)":5.117866039276123,"real_seasonal_3_stock_price":4.670785085269909,"resid_train_loss":0.5216314780215422,"seasonal_0_valid_loss":1.243281495371025,"seasonal_0_train_loss":0.5776193979597982,"seasonal_1_train_loss":1.247574719701931,"depth":4,"predicted_resid_stock_price":1.4183824062347412,"real_seasonal_2_stock_price":7.340467848880695,"rmse":112.24191284179688,"seasonal_1_valid_loss":0.5444835687315227,"real_seasonal_0_stock_price":-2.3363846771051064,"seasonal_3_valid_loss":0.863077871752077,"real_seasonal_1_stock_price":-3.140673081860022,"AAPL Stock Price Prediction by iTransformer":{"path":"media/images/AAPL Stock Price Prediction by iTransformer_8_a0c4f41b77fc0872fca9.png","format":"png","width":1000,"height":600,"_type":"image-file","sha256":"a0c4f41b77fc0872fca9da9a9d38901ede40fdf51c326031cef869ba6dfe216e","size":47341},"_timestamp":1.7367238939416175e+09,"predicted_seasonal_1_stock_price":-2.386303663253784,"final_predicted_stock_price":124.60809326171875,"_runtime":10.721019579,"predicted_seasonal_2_stock_price":5.189571857452393,"periods":[252,504,756,1260],"real_resid_stock_price":9.055698852713363,"seasonal_2_train_loss":0.45577337440346216,"mae":112.24191284179688,"mse":12598.246998385526,"predicted_trend_stock_price":113.17552185058594,"seasonal_2_valid_loss":0.11594685834954935,"real_trend_stock_price":221.2601120756168,"_step":9}