{"Runtime (seconds)":5.107842922210693,"real_resid_stock_price":30.052430487608945,"predicted_seasonal_3_stock_price":3.1759839057922363,"seasonal_0_valid_loss":2.2974448495631594,"predicted_seasonal_2_stock_price":0.5087749361991882,"seasonal_3_valid_loss":0.6791211806915023,"resid_valid_loss":0.9947962164878845,"predicted_seasonal_0_stock_price":0.3303543031215668,"real_trend_stock_price":167.5354913342489,"seasonal_2_train_loss":1.2774343265262174,"predicted_resid_stock_price":17.049835205078125,"real_seasonal_1_stock_price":2.721535027645758,"predicted_seasonal_1_stock_price":0.6410126686096191,"real_stock_price":218.94000244140625,"trend_valid_loss":2.2341312378230382,"periods":[252,504,756,1260],"seasonal_0_train_loss":2.1883824367618048,"predicted_trend_stock_price":79.28255462646484,"mae":117.95148468017578,"_step":9,"_wandb":{"runtime":12},"AMZN Stock Price Prediction by iTransformer":{"_type":"image-file","sha256":"bcc4be3d63c832c1c11ad2cb12ec5009f75c0121ceab8835c78e7d3d22c9e711","size":46834,"path":"media/images/AMZN Stock Price Prediction by iTransformer_8_bcc4be3d63c832c1c11a.png","format":"png","width":1000,"height":600},"real_seasonal_3_stock_price":9.210042698987007,"seasonal_3_train_loss":1.1662473954020365,"final_predicted_stock_price":100.98851776123047,"dim":128,"depth":4,"resid_train_loss":0.4676602817954243,"real_seasonal_0_stock_price":-6.886692248923765,"_runtime":12.203526243,"real_seasonal_2_stock_price":16.307195141839433,"seasonal_1_train_loss":0.45669041485748424,"seasonal_2_valid_loss":1.1071332573890686,"_timestamp":1.7367249045811524e+09,"mse":13912.552738257742,"rmse":117.95148468017578,"seasonal_1_valid_loss":0.3632348385634343,"trend_train_loss":1.336239805576316}