{"_wandb":{"runtime":9},"predicted_seasonal_0_stock_price":1.2767854928970337,"_step":9,"real_seasonal_1_stock_price":-3.140678657966691,"Runtime (seconds)":4.023352861404419,"seasonal_1_valid_loss":0.13961641011268364,"real_trend_stock_price":221.26011188749962,"seasonal_0_train_loss":0.5069701676086954,"seasonal_2_valid_loss":0.43922849536343456,"_runtime":9.012369797,"seasonal_3_train_loss":1.2131090537405873,"trend_train_loss":0.2093818396824645,"AAPL Stock Price Prediction by iTransformer":{"path":"media/images/AAPL Stock Price Prediction by iTransformer_8_381caeab1819d583d78a.png","format":"png","width":1000,"height":600,"_type":"image-file","sha256":"381caeab1819d583d78a542b1b4fec4aefba3d803118f5fc3f48682865388486","size":47761},"seasonal_1_train_loss":0.5909152002026129,"periods":[252,504,756,1260],"predicted_resid_stock_price":7.488287925720215,"real_stock_price":236.85000610351562,"mse":17012.894514929736,"final_predicted_stock_price":106.41651916503906,"seasonal_3_valid_loss":0.48191018444839573,"resid_valid_loss":0.6453115336763883,"seasonal_2_train_loss":0.805129407807489,"real_seasonal_3_stock_price":4.670787577212144,"_timestamp":1.736719383537188e+09,"predicted_seasonal_1_stock_price":-3.3557493686676025,"mae":130.43348693847656,"dim":128,"seasonal_0_valid_loss":0.9140857142674459,"predicted_seasonal_2_stock_price":3.0032553672790527,"depth":4,"real_resid_stock_price":9.055692226075081,"real_seasonal_2_stock_price":7.340470406272786,"predicted_seasonal_3_stock_price":-0.3061584532260895,"resid_train_loss":2.1031554433457464,"rmse":130.43348693847656,"predicted_trend_stock_price":98.31009674072266,"trend_valid_loss":1.408464309993986,"real_seasonal_0_stock_price":-2.3363773355772874}