{"seasonal_1_valid_loss":0.320403624300299,"real_stock_price":218.94000244140625,"seasonal_0_train_loss":1.2806698742722926,"real_seasonal_2_stock_price":16.307195141839433,"real_seasonal_3_stock_price":9.210042698987007,"mae":62.66534423828125,"_wandb":{"runtime":9},"_runtime":9.035614398,"AMZN Stock Price Prediction by iTransformer":{"_type":"image-file","sha256":"751a9c87b8dc4b9e09171148cfcb37f56b389e9626da1565fc653fcb1ee9ecc3","size":48515,"path":"media/images/AMZN Stock Price Prediction by iTransformer_8_751a9c87b8dc4b9e0917.png","format":"png","width":1000,"height":600},"predicted_seasonal_2_stock_price":6.494835376739502,"resid_valid_loss":1.7180414140991898,"seasonal_2_valid_loss":0.38449478157408246,"predicted_trend_stock_price":120.01641845703125,"dim":128,"depth":4,"predicted_seasonal_0_stock_price":3.3929331302642822,"trend_valid_loss":0.7550922632217407,"real_seasonal_1_stock_price":2.721535027645758,"seasonal_2_train_loss":1.2528753488093314,"resid_train_loss":1.1365584045898216,"predicted_resid_stock_price":19.347103118896484,"seasonal_3_valid_loss":0.59447700571095,"seasonal_1_train_loss":0.5231181712275962,"trend_train_loss":0.24220453345068235,"predicted_seasonal_3_stock_price":4.1905198097229,"predicted_seasonal_1_stock_price":2.8328418731689453,"real_resid_stock_price":30.052430487608945,"final_predicted_stock_price":156.274658203125,"periods":[252,504,756,1260],"_step":9,"Runtime (seconds)":4.33451771736145,"mse":3926.945368502289,"rmse":62.66534423828125,"seasonal_3_train_loss":0.9975715569114383,"real_seasonal_0_stock_price":-6.886692248923765,"real_trend_stock_price":167.5354913342489,"_timestamp":1.7367143674622493e+09,"seasonal_0_valid_loss":1.445944905281067}