{"seasonal_2_valid_loss":0.9311129419683049,"final_predicted_stock_price":182.2542724609375,"seasonal_2_train_loss":1.1291920039636554,"real_resid_stock_price":30.052430487608945,"predicted_trend_stock_price":169.70263671875,"_runtime":10.805632387,"real_seasonal_1_stock_price":2.721535027645758,"seasonal_1_valid_loss":0.1365354509781236,"seasonal_0_train_loss":0.20511559447878366,"trend_valid_loss":0.01219769193790853,"seasonal_1_train_loss":0.5563536488369045,"Runtime (seconds)":5.229136228561401,"predicted_seasonal_3_stock_price":18.84249496459961,"real_seasonal_3_stock_price":9.210042698987007,"seasonal_3_valid_loss":1.039812953780881,"_timestamp":1.736717166451619e+09,"mse":1345.8427841998637,"real_seasonal_0_stock_price":-6.886692248923765,"real_seasonal_2_stock_price":16.307195141839433,"predicted_seasonal_1_stock_price":2.5230586528778076,"dim":128,"resid_train_loss":1.7647681583365171,"periods":[252,504,756,1260],"resid_valid_loss":2.2066724017114923,"_step":9,"trend_train_loss":0.28112759518408637,"AMZN Stock Price Prediction by iTransformer":{"format":"png","width":1000,"height":600,"_type":"image-file","sha256":"8269fc4f92859d92ee31d8ac3d23d00d6799f1a53c14c111f367a14541ffbfed","size":48135,"path":"media/images/AMZN Stock Price Prediction by iTransformer_8_8269fc4f92859d92ee31.png"},"_wandb":{"runtime":10},"depth":4,"seasonal_0_valid_loss":0.1728469209019796,"predicted_resid_stock_price":-3.5406718254089355,"seasonal_3_train_loss":0.9187074064368933,"predicted_seasonal_2_stock_price":2.182253837585449,"real_stock_price":218.94000244140625,"rmse":36.68572998046875,"mae":36.68572998046875,"predicted_seasonal_0_stock_price":-7.455504894256592,"real_trend_stock_price":167.5354913342489}