{"predicted_resid_stock_price":2.37150239944458,"dim":128,"mae":158.3594207763672,"real_resid_stock_price":30.052430487608945,"Runtime (seconds)":4.0388805866241455,"depth":4,"AMZN Stock Price Prediction by iTransformer":{"path":"media/images/AMZN Stock Price Prediction by iTransformer_8_4072fa5ac2752ba5dd11.png","format":"png","width":1000,"height":600,"_type":"image-file","sha256":"4072fa5ac2752ba5dd1138f39f7f7f26403112a4ad45e3d173f8d498a28df92c","size":45747},"predicted_trend_stock_price":63.59430694580078,"mse":25077.706148626516,"seasonal_1_valid_loss":0.24998609149716172,"predicted_seasonal_0_stock_price":-7.970487117767334,"real_seasonal_3_stock_price":9.210042698987007,"real_stock_price":218.94000244140625,"resid_valid_loss":0.7435442114962186,"seasonal_1_train_loss":0.5679801010773396,"trend_train_loss":1.4193228025822078,"rmse":158.3594207763672,"_runtime":9.378952371,"seasonal_0_train_loss":0.35481356642250045,"seasonal_0_valid_loss":0.4054960614704824,"periods":[252,504,756,1260],"resid_train_loss":0.9848418682813644,"trend_valid_loss":3.0355265140533447,"real_seasonal_1_stock_price":2.721535027645758,"seasonal_3_valid_loss":2.9276329710676863,"real_trend_stock_price":167.5354913342489,"predicted_seasonal_1_stock_price":1.5787291526794434,"final_predicted_stock_price":60.58058166503906,"seasonal_3_train_loss":2.4783253814871555,"_timestamp":1.7367244855549648e+09,"seasonal_2_train_loss":0.7233353596379254,"predicted_seasonal_3_stock_price":-6.864588260650635,"seasonal_2_valid_loss":0.30427482156192553,"real_seasonal_0_stock_price":-6.886692248923765,"real_seasonal_2_stock_price":16.307195141839433,"_wandb":{"runtime":9},"_step":9,"predicted_seasonal_2_stock_price":7.871123790740967}