{"seasonal_2_valid_loss":1.775395135211337,"mse":14605.197893425415,"seasonal_3_valid_loss":0.23622831444595463,"predicted_trend_stock_price":90.33336639404297,"real_stock_price":218.94000244140625,"mae":120.85196685791016,"_timestamp":1.7367254166775646e+09,"seasonal_2_train_loss":1.433231699633302,"seasonal_0_valid_loss":0.5282644840238029,"_step":9,"real_trend_stock_price":167.5354913342489,"_wandb":{"runtime":13},"AMZN Stock Price Prediction by iTransformer":{"height":600,"_type":"image-file","sha256":"74716fa7f42fd688cbcf4773cc4d0e8d045a25d9bb32d06693bd509262ce8458","size":46655,"path":"media/images/AMZN Stock Price Prediction by iTransformer_8_74716fa7f42fd688cbcf.png","format":"png","width":1000},"predicted_resid_stock_price":6.585484981536865,"seasonal_1_valid_loss":0.4505300641548438,"_runtime":13.735980625,"predicted_seasonal_2_stock_price":-3.1077489852905273,"real_seasonal_3_stock_price":9.210042698987007,"final_predicted_stock_price":98.0880355834961,"predicted_seasonal_1_stock_price":0.7236309051513672,"predicted_seasonal_0_stock_price":-5.883070945739746,"rmse":120.85196685791016,"trend_train_loss":0.9398523325484897,"Runtime (seconds)":5.81224250793457,"seasonal_1_train_loss":0.7940254250126677,"trend_valid_loss":1.6337656271262246,"resid_valid_loss":0.42421006703071307,"resid_train_loss":0.5412651900775841,"real_resid_stock_price":30.052430487608945,"seasonal_3_train_loss":0.44727045740683,"real_seasonal_0_stock_price":-6.886692248923765,"periods":[252,504,756,1260],"depth":4,"real_seasonal_2_stock_price":16.307195141839433,"seasonal_0_train_loss":0.7581552374527403,"real_seasonal_1_stock_price":2.721535027645758,"predicted_seasonal_3_stock_price":9.436371803283691,"dim":128}