{"rmse":26.696441650390625,"_runtime":7098.099310014,"train_loss":0.1251787113300728,"valid_loss":0.12668336927890778,"r2_score":NaN,"_timestamp":1.7361574030208304e+09,"Runtime (seconds)":126.66805076599121,"mse":712.6999967927113,"mae":26.696441650390625,"depth":4,"_step":148,"_wandb":{"runtime":7098},"real_stock_price":243.00999450683594,"predicted_stock_price":216.3135528564453,"dim":128,"AAPL Stock Price Prediction by Transformer(no MSTL)":{"_type":"image-file","sha256":"356908591ffe59088ddd4e2053af4b2530483e7c61175b02cfe6bee4b2dc867e","size":49011,"path":"media/images/AAPL Stock Price Prediction by Transformer(no MSTL)_147_356908591ffe59088ddd.png","format":"png","width":1000,"height":600}}