{"depth":4,"mae":18.863815307617188,"mse":355.8435279598925,"rmse":18.863815307617188,"_timestamp":1.736240656544984e+09,"_step":302,"r2_score":NaN,"dim":128,"Runtime (seconds)":336.84621000289917,"valid_loss":0.09799188965310653,"_wandb":{"runtime":8017},"predicted_stock_price":234.61618041992188,"_runtime":8017.037902708,"real_stock_price":253.47999572753906,"AAPL Stock Price Prediction by Transformer(no MSTL)":{"height":600,"_type":"image-file","sha256":"fc9aa0d840148a507ef5d2feacf6c624f35f88a933a2cb2d2ca747d5e0331697","size":52130,"path":"media/images/AAPL Stock Price Prediction by Transformer(no MSTL)_301_fc9aa0d840148a507ef5.png","format":"png","width":1000},"train_loss":0.08290708505424295}