{"r2_score":NaN,"train_loss":0.021113502566925606,"_wandb":{"runtime":6471},"depth":4,"mae":6.8521881103515625,"rmse":6.8521881103515625,"valid_loss":0.02646022161800096,"_runtime":6471.416082287,"_timestamp":1.738532673095555e+09,"mse":46.95248189964332,"dim":128,"real_stock_price":150.75999450683594,"BA Stock Price Prediction by iTransformer(no MSTL)":{"size":54715,"path":"media/images/BA Stock Price Prediction by iTransformer(no MSTL)_261_1b95472ac7fca5f1c6b5.png","format":"png","width":1000,"height":600,"_type":"image-file","sha256":"1b95472ac7fca5f1c6b5a0c778639c5d36301c0047be1705ab8bc90569eff05d"},"Runtime (seconds)":440.4411964416504,"_step":262,"predicted_stock_price":143.90780639648438}