{"real_stock_price":218.94000244140625,"Runtime (seconds)":6.810207366943359,"real_seasonal_3_stock_price":9.210042698987007,"real_seasonal_2_stock_price":16.307195141839433,"seasonal_1_valid_loss":0.07341092708520591,"_timestamp":1.7367151835693538e+09,"predicted_seasonal_0_stock_price":1.3664582967758179,"_step":9,"predicted_seasonal_1_stock_price":3.460089683532715,"_runtime":13.369011782,"real_resid_stock_price":30.052430487608945,"seasonal_1_train_loss":0.4775491281804163,"AMZN Stock Price Prediction by iTransformer":{"size":45797,"path":"media/images/AMZN Stock Price Prediction by iTransformer_8_3e021b7872eebdd9925e.png","format":"png","width":1000,"height":600,"_type":"image-file","sha256":"3e021b7872eebdd9925ed9171632e3844c589f85c2a5b25f264b38ff24e6d711"},"seasonal_0_train_loss":1.7690479685306741,"mae":93.6334228515625,"final_predicted_stock_price":125.30657958984375,"predicted_seasonal_3_stock_price":-2.5318996906280518,"dim":128,"trend_train_loss":0.7543832092139786,"resid_valid_loss":1.5233067883113276,"seasonal_0_valid_loss":1.8522025649633003,"trend_valid_loss":1.7023070085616339,"seasonal_3_valid_loss":1.352029335077347,"seasonal_2_valid_loss":0.23965008604911067,"mse":8767.217874899507,"resid_train_loss":1.319177413455785,"real_seasonal_0_stock_price":-6.886692248923765,"predicted_resid_stock_price":16.869646072387695,"predicted_seasonal_2_stock_price":8.461389541625977,"seasonal_2_train_loss":0.7587061115204,"periods":[252,504,756,1260],"rmse":93.6334228515625,"depth":4,"real_seasonal_1_stock_price":2.721535027645758,"predicted_trend_stock_price":97.68090057373047,"real_trend_stock_price":167.5354913342489,"_wandb":{"runtime":13},"seasonal_3_train_loss":0.9720723566309619}