{"predicted_trend_stock_price":100.219970703125,"_runtime":10.837362752,"periods":[252,504,756,1260],"seasonal_0_train_loss":1.556640704465062,"trend_valid_loss":1.540069183950758,"seasonal_3_valid_loss":0.2450503706932068,"Runtime (seconds)":4.840569734573364,"seasonal_3_train_loss":1.0761213042915327,"real_seasonal_2_stock_price":16.307195141839433,"seasonal_0_valid_loss":1.85873747047256,"real_trend_stock_price":167.5354913342489,"seasonal_1_train_loss":1.0831988455482544,"real_resid_stock_price":30.052430487608945,"_step":9,"predicted_resid_stock_price":25.049028396606445,"real_stock_price":218.94000244140625,"resid_train_loss":0.7468679881594994,"mse":5825.982666015625,"_wandb":{"runtime":10},"seasonal_1_valid_loss":1.0465742599289372,"predicted_seasonal_3_stock_price":3.097860097885132,"real_seasonal_1_stock_price":2.721535027645758,"final_predicted_stock_price":142.61187744140625,"predicted_seasonal_2_stock_price":15.258382797241211,"dim":128,"resid_valid_loss":0.42848019672267007,"mae":76.328125,"predicted_seasonal_0_stock_price":0.9879689812660217,"depth":4,"seasonal_2_valid_loss":0.17457154537296882,"predicted_seasonal_1_stock_price":-2.001335382461548,"rmse":76.328125,"AMZN Stock Price Prediction by iTransformer":{"_type":"image-file","sha256":"a30ea6bcf21ec77f4e2b6a9cefa81259e2f71aff57dc2d0c63deffdea1413b82","size":46066,"path":"media/images/AMZN Stock Price Prediction by iTransformer_8_a30ea6bcf21ec77f4e2b.png","format":"png","width":1000,"height":600},"real_seasonal_3_stock_price":9.210042698987007,"trend_train_loss":0.5121337008943068,"real_seasonal_0_stock_price":-6.886692248923765,"_timestamp":1.7367510918869388e+09,"seasonal_2_train_loss":0.7353509991684064}