{"seasonal_3_train_loss":1.1916265641046269,"trend_valid_loss":7.858574093458895,"real_seasonal_1_stock_price":-3.1406752624978065,"final_predicted_stock_price":32.557884216308594,"real_seasonal_3_stock_price":4.670788084314483,"predicted_seasonal_3_stock_price":-0.5205265283584595,"dim":128,"real_seasonal_0_stock_price":-2.336384425398698,"real_stock_price":236.85000610351562,"seasonal_0_valid_loss":1.9727266639633316,"Runtime (seconds)":7.202778339385986,"periods":[252,504,756,1260],"mse":41735.271065177454,"predicted_seasonal_1_stock_price":-0.18536701798439026,"seasonal_1_train_loss":0.682182926279608,"rmse":204.29212188720703,"real_trend_stock_price":221.26011169620438,"real_resid_stock_price":9.055694130051364,"seasonal_2_valid_loss":0.9329815656277134,"_wandb":{"runtime":12},"predicted_trend_stock_price":24.974414825439453,"predicted_seasonal_0_stock_price":0.19203399121761322,"_timestamp":1.7367115352106066e+09,"trend_train_loss":3.5252240695568346,"real_seasonal_2_stock_price":7.34047188084189,"resid_valid_loss":1.3507429475515662,"predicted_seasonal_2_stock_price":-1.2070845365524292,"seasonal_3_valid_loss":0.8349011612318354,"seasonal_2_train_loss":0.9292704876013628,"mae":204.29212188720703,"resid_train_loss":0.6397484565238675,"_step":9,"depth":4,"predicted_resid_stock_price":9.304415702819824,"seasonal_0_train_loss":0.7181069986772673,"AAPL Stock Price Prediction by iTransformer":{"sha256":"56e233010928fdc079fe30df362446092f65abd53765b3c7440e81eb6dd28654","size":44602,"path":"media/images/AAPL Stock Price Prediction by iTransformer_8_56e233010928fdc079fe.png","format":"png","width":1000,"height":600,"_type":"image-file"},"seasonal_1_valid_loss":0.5319151124272351,"_runtime":12.751719274}