{"real_trend_stock_price":167.5354913342489,"predicted_resid_stock_price":8.8661527633667,"resid_valid_loss":0.5128741527430749,"trend_valid_loss":0.3925937564717126,"predicted_trend_stock_price":128.81871032714844,"rmse":63.2906494140625,"seasonal_2_valid_loss":0.15538634359836578,"real_seasonal_3_stock_price":9.210042698987007,"seasonal_3_train_loss":0.9384869963627426,"real_seasonal_0_stock_price":-6.886692248923765,"resid_train_loss":0.44066032989926673,"seasonal_3_valid_loss":0.44364123869035943,"seasonal_0_train_loss":1.0719677468365278,"seasonal_1_valid_loss":0.1737219630887634,"final_predicted_stock_price":155.64935302734375,"_timestamp":1.7367265871760125e+09,"Runtime (seconds)":5.7269134521484375,"seasonal_2_train_loss":1.0579871924311413,"_step":9,"_runtime":12.219667391,"predicted_seasonal_3_stock_price":-0.9779990911483765,"AMZN Stock Price Prediction by iTransformer":{"height":600,"_type":"image-file","sha256":"c0ae56e7c56ba2dbde39355e1bd640f5f0a8d9286971a4b56919d09338009f4e","size":48528,"path":"media/images/AMZN Stock Price Prediction by iTransformer_8_c0ae56e7c56ba2dbde39.png","format":"png","width":1000},"seasonal_0_valid_loss":1.1565978210266323,"real_seasonal_2_stock_price":16.307195141839433,"depth":4,"_wandb":{"runtime":12},"real_seasonal_1_stock_price":2.721535027645758,"mae":63.2906494140625,"real_resid_stock_price":30.052430487608945,"predicted_seasonal_2_stock_price":18.095909118652344,"periods":[252,504,756,1260],"predicted_seasonal_0_stock_price":-0.7134047150611877,"dim":128,"mse":4005.70630325377,"predicted_seasonal_1_stock_price":1.559980869293213,"seasonal_1_train_loss":0.49240687005410944,"real_stock_price":218.94000244140625,"trend_train_loss":0.10646882658727493}