{"trend_train_loss":0.43896588645875456,"resid_valid_loss":0.5188379072956254,"predicted_seasonal_0_stock_price":0.14656318724155426,"seasonal_2_train_loss":0.5394572067728229,"AAPL Stock Price Prediction by iTransformer":{"width":1000,"height":600,"_type":"image-file","sha256":"b985f101fa6f932b7efac8d383a3cd4c13681098f1cb2ec91c024a402d89ef2b","size":47239,"path":"media/images/AAPL Stock Price Prediction by iTransformer_8_b985f101fa6f932b7efa.png","format":"png"},"real_seasonal_3_stock_price":4.670785299888015,"trend_valid_loss":1.6328574153374165,"_step":9,"_timestamp":1.7367240885953946e+09,"predicted_seasonal_1_stock_price":-1.2568697929382324,"seasonal_1_valid_loss":0.8988261860519463,"_wandb":{"runtime":11},"real_resid_stock_price":9.055696725644623,"mse":14598.447589430958,"_runtime":11.813739948,"mae":120.82403564453125,"predicted_trend_stock_price":101.22648620605469,"seasonal_0_train_loss":0.7595320602649116,"seasonal_0_valid_loss":1.880291427408725,"seasonal_3_train_loss":1.0914533063600393,"real_seasonal_2_stock_price":7.340466297764516,"final_predicted_stock_price":116.02597045898438,"seasonal_2_valid_loss":0.20707403999148755,"depth":4,"real_seasonal_0_stock_price":-2.3363787585316986,"resid_train_loss":0.4397277334768374,"dim":128,"real_stock_price":236.85000610351562,"real_trend_stock_price":221.2601117336957,"seasonal_3_valid_loss":0.5230228900909424,"predicted_seasonal_3_stock_price":9.528106689453125,"predicted_seasonal_2_stock_price":4.0817484855651855,"rmse":120.82403564453125,"Runtime (seconds)":6.356541156768799,"seasonal_1_train_loss":0.8403043919079436,"predicted_resid_stock_price":2.299931764602661,"periods":[252,504,756,1260],"real_seasonal_1_stock_price":-3.140675194945539}