{"real_stock_price":197.1199951171875,"AMZN Stock Price Prediction by Transformer(no MSTL)":{"sha256":"de53882597246a83f692aceb344af95eaa8279432297d85e5c6a42b1c2917d70","size":51048,"path":"media/images/AMZN Stock Price Prediction by Transformer(no MSTL)_301_de53882597246a83f692.png","format":"png","width":1000,"height":600,"_type":"image-file"},"r2_score":NaN,"train_loss":0.09076979986311477,"_step":302,"mse":33.06302643031813,"_wandb":{"runtime":6767},"depth":4,"valid_loss":0.10306903719902039,"_timestamp":1.736068950477665e+09,"Runtime (seconds)":582.2687170505524,"rmse":5.7500457763671875,"predicted_stock_price":191.3699493408203,"_runtime":6767.569562697,"dim":128,"mae":5.7500457763671875}