{"seasonal_3_valid_loss":0.6026416935774618,"seasonal_3_train_loss":0.7891863630682517,"real_seasonal_2_stock_price":7.34047438484558,"Runtime (seconds)":4.614357233047485,"rmse":124.00115203857422,"AAPL Stock Price Prediction by iTransformer":{"size":47217,"path":"media/images/AAPL Stock Price Prediction by iTransformer_8_1857ced38a6b6a1eb0ce.png","format":"png","width":1000,"height":600,"_type":"image-file","sha256":"1857ced38a6b6a1eb0ce1c0bcf2908aecf682a40751536b5e52ccbdc0bfec7a8"},"trend_train_loss":0.701925469060651,"predicted_resid_stock_price":0.4188573360443115,"dim":128,"mae":124.00115203857422,"predicted_seasonal_1_stock_price":-2.055516242980957,"predicted_trend_stock_price":112.76799011230469,"real_resid_stock_price":9.055695586984456,"resid_train_loss":1.168427390638555,"_runtime":9.909582565000001,"real_seasonal_1_stock_price":-3.140675259021737,"_timestamp":1.7367187935598233e+09,"mse":15376.2857068936,"trend_valid_loss":1.9970043152570724,"predicted_seasonal_3_stock_price":-0.44376254081726074,"real_stock_price":236.85000610351562,"predicted_seasonal_2_stock_price":2.1519081592559814,"seasonal_2_valid_loss":0.4249584769371256,"seasonal_1_valid_loss":0.43731841971869406,"depth":4,"real_trend_stock_price":221.2601113828327,"real_seasonal_3_stock_price":4.670784650989497,"real_seasonal_0_stock_price":-2.33638464311485,"seasonal_0_train_loss":0.659127447342638,"periods":[252,504,756,1260],"resid_valid_loss":2.288630247116089,"predicted_seasonal_0_stock_price":0.00938405655324459,"_step":9,"seasonal_1_train_loss":0.5520513536858147,"seasonal_2_train_loss":0.6374772799326983,"seasonal_0_valid_loss":0.5902134776115417,"_wandb":{"runtime":9},"final_predicted_stock_price":112.8488540649414}