{"real_seasonal_2_stock_price":16.307195141839433,"predicted_resid_stock_price":0.24091672897338867,"predicted_seasonal_1_stock_price":2.9499804973602295,"resid_valid_loss":2.299407408954887,"seasonal_0_valid_loss":0.43595845097004887,"_timestamp":1.736713965191292e+09,"seasonal_1_valid_loss":0.7011895283975237,"seasonal_3_train_loss":0.5276755304912283,"mae":63.207977294921875,"seasonal_1_train_loss":0.9402696402518304,"seasonal_2_valid_loss":0.1077478900551796,"seasonal_3_valid_loss":0.1710140826903722,"dim":128,"real_seasonal_3_stock_price":9.210042698987007,"_runtime":14.937245442,"predicted_seasonal_0_stock_price":-6.819417953491211,"real_seasonal_1_stock_price":2.721535027645758,"mse":3995.2483937153593,"rmse":63.207977294921875,"real_seasonal_0_stock_price":-6.886692248923765,"_step":9,"final_predicted_stock_price":155.73202514648438,"real_resid_stock_price":30.052430487608945,"AMZN Stock Price Prediction by iTransformer":{"width":1000,"height":600,"_type":"image-file","sha256":"eebb5b5e76723292319f1a15b830a3076830cb7d62c1d5da09ddaf65b61aed61","size":48343,"path":"media/images/AMZN Stock Price Prediction by iTransformer_8_eebb5b5e76723292319f.png","format":"png"},"real_stock_price":218.94000244140625,"predicted_trend_stock_price":139.41200256347656,"trend_train_loss":0.7592579503341915,"predicted_seasonal_2_stock_price":12.126863479614258,"predicted_seasonal_3_stock_price":7.82166862487793,"Runtime (seconds)":7.720057487487793,"_wandb":{"runtime":14},"seasonal_0_train_loss":0.46865251206566766,"resid_train_loss":0.9758114497656131,"depth":4,"real_trend_stock_price":167.5354913342489,"seasonal_2_train_loss":0.6632917580379566,"trend_valid_loss":0.16592536955525022,"periods":[252,504,756,1260]}