{"resid_train_loss":1.1569144435079304,"real_stock_price":236.85000610351562,"real_seasonal_2_stock_price":7.340471779086764,"seasonal_0_train_loss":0.4454605710409258,"real_trend_stock_price":221.2601120185788,"real_seasonal_1_stock_price":-3.1406736285497843,"_step":9,"predicted_seasonal_3_stock_price":3.889859437942505,"seasonal_3_valid_loss":1.432863301512391,"resid_valid_loss":0.9953527741051299,"Runtime (seconds)":5.599591016769409,"trend_valid_loss":2.536597862041931,"_timestamp":1.7367579338522842e+09,"dim":128,"depth":4,"predicted_seasonal_0_stock_price":-0.36540380120277405,"mae":168.62165069580078,"real_resid_stock_price":9.05569371884502,"predicted_trend_stock_price":64.63481140136719,"seasonal_2_valid_loss":0.5825490609459255,"mse":28433.261083376652,"seasonal_3_train_loss":1.204210319746298,"AAPL Stock Price Prediction by iTransformer":{"height":600,"_type":"image-file","sha256":"5c7a566b233e3bca8e81b0bb344c926e14a06f4631138c38fb4021d4a4604202","size":46410,"path":"media/images/AAPL Stock Price Prediction by iTransformer_8_5c7a566b233e3bca8e81.png","format":"png","width":1000},"_runtime":11.067523816,"real_seasonal_0_stock_price":-2.3363799092186595,"final_predicted_stock_price":68.22835540771484,"predicted_resid_stock_price":-2.5505785942077637,"predicted_seasonal_1_stock_price":-0.8625221252441406,"rmse":168.62165069580078,"seasonal_2_train_loss":1.4647774907501838,"seasonal_1_valid_loss":1.5645016447808116,"trend_train_loss":0.2254270979205072,"seasonal_1_train_loss":1.6210912629292618,"predicted_seasonal_2_stock_price":3.4821832180023193,"seasonal_0_valid_loss":1.0675289280518723,"_wandb":{"runtime":11},"real_seasonal_3_stock_price":4.670782124773519,"periods":[252,504,756,1260]}