{"predicted_trend_stock_price":75.96450805664062,"AAPL Stock Price Prediction by iTransformer":{"height":600,"_type":"image-file","sha256":"94ef382d24502c557a6543d1ba9bf956c4e53cda85c5b64d05a3ac29533e33a6","size":46323,"path":"media/images/AAPL Stock Price Prediction by iTransformer_8_94ef382d24502c557a65.png","format":"png","width":1000},"depth":4,"resid_train_loss":0.3629896579344164,"rmse":160.8636016845703,"seasonal_3_valid_loss":0.9524833470883995,"real_seasonal_0_stock_price":-2.3363812587254635,"seasonal_2_valid_loss":0.10763231313859041,"real_stock_price":236.85000610351562,"dim":128,"_step":9,"real_seasonal_1_stock_price":-3.140676081251369,"seasonal_2_train_loss":0.23618516411502347,"predicted_seasonal_3_stock_price":-7.850983619689941,"seasonal_1_train_loss":0.33736657097381667,"Runtime (seconds)":5.83154296875,"mae":160.8636016845703,"final_predicted_stock_price":75.98640441894531,"real_seasonal_3_stock_price":4.670783952362305,"periods":[252,504,756,1260],"real_trend_stock_price":221.26011218602378,"real_resid_stock_price":9.055693204848808,"_wandb":{"runtime":14},"predicted_seasonal_0_stock_price":1.8868787288665771,"seasonal_1_valid_loss":0.2399657796028302,"trend_valid_loss":4.947652339935303,"seasonal_0_train_loss":1.4105516095449657,"_runtime":14.188752957,"predicted_seasonal_1_stock_price":-2.764946222305298,"predicted_resid_stock_price":2.789935827255249,"real_seasonal_2_stock_price":7.340474100257511,"resid_valid_loss":0.31046279798692433,"_timestamp":1.7367386100017188e+09,"predicted_seasonal_2_stock_price":5.961015224456787,"mse":25877.098346932093,"trend_train_loss":0.9679401884723301,"seasonal_0_valid_loss":2.49251838838845,"seasonal_3_train_loss":1.9403553842715888}