{"final_predicted_stock_price":114.4897689819336,"predicted_seasonal_0_stock_price":-4.4184722900390625,"predicted_seasonal_2_stock_price":5.813138008117676,"AMZN Stock Price Prediction by iTransformer":{"size":46243,"path":"media/images/AMZN Stock Price Prediction by iTransformer_8_3d1ca272899bed192774.png","format":"png","width":1000,"height":600,"_type":"image-file","sha256":"3d1ca272899bed1927747e4c4f684e7acf7bb21546a01e0c0636573f478377c0"},"real_trend_stock_price":167.5354913342489,"_timestamp":1.7367171299437494e+09,"real_resid_stock_price":30.052430487608945,"predicted_seasonal_1_stock_price":-0.02255392074584961,"seasonal_1_valid_loss":1.0180472741361524,"seasonal_2_train_loss":0.8640212871804225,"seasonal_3_valid_loss":0.41924782785791637,"real_stock_price":218.94000244140625,"seasonal_2_valid_loss":0.6044116110719719,"_wandb":{"runtime":12},"depth":4,"seasonal_1_train_loss":1.1344556768600853,"predicted_seasonal_3_stock_price":18.510690689086914,"real_seasonal_1_stock_price":2.721535027645758,"mse":10909.851269738341,"seasonal_0_valid_loss":0.1673224676665061,"predicted_trend_stock_price":87.10826110839844,"seasonal_0_train_loss":0.28523632158319673,"rmse":104.45023345947266,"dim":128,"periods":[252,504,756,1260],"real_seasonal_2_stock_price":16.307195141839433,"_step":9,"_runtime":12.001178012,"predicted_resid_stock_price":7.498703479766846,"trend_train_loss":0.8027076075002401,"trend_valid_loss":1.4033908856465906,"Runtime (seconds)":6.030975580215454,"seasonal_3_train_loss":0.4102815642284775,"real_seasonal_0_stock_price":-6.886692248923765,"resid_train_loss":0.5837036503668889,"resid_valid_loss":0.6267914604446659,"real_seasonal_3_stock_price":9.210042698987007,"mae":104.45023345947266}