{"trend_valid_loss":0.8122651394024266,"rmse":96.42512512207031,"mse":9297.804754806915,"resid_valid_loss":0.6797558566592387,"predicted_seasonal_0_stock_price":1.4169269800186157,"AAPL Stock Price Prediction by iTransformer":{"format":"png","width":1000,"height":600,"_type":"image-file","sha256":"aef00385e02a371d9f9a041301ff47b61ed655931880eec151e68458454504d5","size":47009,"path":"media/images/AAPL Stock Price Prediction by iTransformer_8_aef00385e02a371d9f9a.png"},"real_seasonal_2_stock_price":7.34046758169806,"predicted_seasonal_1_stock_price":1.557091236114502,"real_trend_stock_price":221.26011222186995,"resid_train_loss":0.5209596672997115,"periods":[252,504,756,1260],"seasonal_2_valid_loss":0.22066627104037725,"seasonal_1_valid_loss":2.277820956792763,"predicted_seasonal_2_stock_price":6.306267738342285,"seasonal_0_valid_loss":0.33549167206481706,"_runtime":22.359895831,"seasonal_3_valid_loss":0.6611743604120676,"real_seasonal_1_stock_price":-3.1406753419459723,"trend_train_loss":0.017013957351613686,"_timestamp":1.736738076188909e+09,"seasonal_0_train_loss":0.3524209969575394,"Runtime (seconds)":11.939411163330078,"_wandb":{"runtime":22},"mae":96.42512512207031,"real_resid_stock_price":9.055692817558537,"real_seasonal_3_stock_price":4.670782906986592,"final_predicted_stock_price":140.4248809814453,"seasonal_1_train_loss":1.8587720108554857,"depth":4,"predicted_seasonal_3_stock_price":1.9881057739257812,"seasonal_3_train_loss":1.3797946071762153,"real_seasonal_0_stock_price":-2.3363740826515387,"seasonal_2_train_loss":1.4852194328749364,"real_stock_price":236.85000610351562,"predicted_trend_stock_price":123.9774169921875,"predicted_resid_stock_price":5.179058074951172,"_step":9,"dim":128}