{"trend_train_loss":0.11614275000141888,"resid_train_loss":0.643140009416737,"seasonal_0_valid_loss":2.858528698442363,"real_stock_price":236.85000610351562,"trend_valid_loss":1.0788569714115783,"predicted_resid_stock_price":5.725583076477051,"_timestamp":1.7367278594142175e+09,"real_seasonal_2_stock_price":7.340475719185031,"periods":[252,504,756,1260],"seasonal_1_valid_loss":1.0733780417434167,"predicted_seasonal_0_stock_price":1.4336833953857422,"seasonal_3_train_loss":1.9428976687162716,"predicted_seasonal_3_stock_price":8.872879981994629,"dim":128,"_runtime":14.539602323,"mae":72.92753601074219,"real_trend_stock_price":221.26011167142204,"real_seasonal_0_stock_price":-2.3363861320329535,"mse":5318.4255085980985,"Runtime (seconds)":7.1211771965026855,"_wandb":{"runtime":14},"predicted_trend_stock_price":143.3679656982422,"real_seasonal_3_stock_price":4.6707860633445515,"seasonal_0_train_loss":1.4878211263082068,"seasonal_2_train_loss":0.8589893878317866,"seasonal_1_train_loss":0.8871701404701269,"real_resid_stock_price":9.055694375196083,"AAPL Stock Price Prediction by iTransformer":{"path":"media/images/AAPL Stock Price Prediction by iTransformer_8_4f8f70add3fb6f60fccc.png","format":"png","width":1000,"height":600,"_type":"image-file","sha256":"4f8f70add3fb6f60fccce11ac8559bdad64b750379eea82b5eb4ba8233735c2e","size":46787},"predicted_seasonal_2_stock_price":4.838260173797607,"resid_valid_loss":0.8598073046715533,"seasonal_2_valid_loss":0.11145508289337158,"real_seasonal_1_stock_price":-3.14067559359916,"final_predicted_stock_price":163.92247009277344,"rmse":72.92753601074219,"depth":4,"_step":9,"seasonal_3_valid_loss":0.5625191903507649,"predicted_seasonal_1_stock_price":-0.3159065842628479}