{"seasonal_2_train_loss":0.00459659511210799,"real_resid_stock_price":27.054428439220203,"AMZN Stock Price Prediction by iTransformer":{"height":600,"_type":"image-file","sha256":"9051888d4cac2cbf0bfc781b4a3b331c5bff883e074311f833313d4043aa6ee0","size":56019,"path":"media/images/AMZN Stock Price Prediction by iTransformer_1689_9051888d4cac2cbf0bfc.png","format":"png","width":1000},"_timestamp":1.736951608423036e+09,"real_seasonal_3_stock_price":5.028249176505115,"mse":71.17956210765988,"real_seasonal_1_stock_price":4.020895412483937,"_runtime":22256.231947168,"predicted_seasonal_3_stock_price":4.972034931182861,"_wandb":{"runtime":22256},"predicted_seasonal_0_stock_price":-3.4154748916625977,"real_seasonal_0_stock_price":-1.7080909167505227,"depth":4,"mae":8.436798095703125,"Runtime (seconds)":2173.2465953826904,"seasonal_1_train_loss":0.004040874067608067,"seasonal_1_valid_loss":0.006619577033561654,"dim":128,"seasonal_0_valid_loss":0.009242320175413505,"resid_train_loss":0.008155428823298973,"rmse":8.436798095703125,"seasonal_3_valid_loss":0.002890145406126976,"_step":1690,"predicted_seasonal_1_stock_price":3.148059129714966,"seasonal_3_train_loss":0.0022512851133953743,"seasonal_0_train_loss":0.005385779058134909,"seasonal_2_valid_loss":0.004882786315882525,"real_trend_stock_price":162.19843137186024,"trend_train_loss":5.92862799384554e-05,"trend_valid_loss":0.00016091308744552616,"real_stock_price":213.44000244140625,"predicted_seasonal_2_stock_price":14.746417045593262,"real_seasonal_2_stock_price":16.846088958087297,"predicted_resid_stock_price":24.19062042236328,"final_predicted_stock_price":205.00320434570312,"resid_valid_loss":0.011920671568999827,"predicted_trend_stock_price":161.36155700683594,"periods":[252,504,756,1260]}