{"final_predicted_stock_price":177.7109375,"seasonal_1_train_loss":0.658677774289178,"predicted_seasonal_1_stock_price":1.5435748100280762,"mae":41.22906494140625,"real_seasonal_0_stock_price":-6.886692248923765,"real_seasonal_2_stock_price":16.307195141839433,"depth":4,"predicted_seasonal_3_stock_price":4.588655471801758,"real_trend_stock_price":167.5354913342489,"trend_valid_loss":0.14232046499171042,"seasonal_0_valid_loss":1.3608688523574752,"predicted_resid_stock_price":18.394704818725586,"seasonal_0_train_loss":1.001081319163199,"resid_valid_loss":0.24773262492482614,"real_seasonal_3_stock_price":9.210042698987007,"_step":9,"real_stock_price":218.94000244140625,"seasonal_2_valid_loss":0.11753840370772359,"resid_train_loss":1.2686459980676976,"real_resid_stock_price":30.052430487608945,"dim":128,"_runtime":15.400772074,"real_seasonal_1_stock_price":2.721535027645758,"predicted_trend_stock_price":140.58197021484375,"seasonal_3_train_loss":1.0587018262020256,"Runtime (seconds)":6.954729080200195,"seasonal_3_valid_loss":0.5257278084754944,"mse":1699.835795942694,"AMZN Stock Price Prediction by iTransformer":{"_type":"image-file","sha256":"70a93351209b41c722f976363f78dc865e22f5023dbca39a5415d6b6a6053b2c","size":48650,"path":"media/images/AMZN Stock Price Prediction by iTransformer_8_70a93351209b41c722f9.png","format":"png","width":1000,"height":600},"_wandb":{"runtime":15},"seasonal_1_valid_loss":0.37258582081725367,"predicted_seasonal_0_stock_price":-0.6612403988838196,"seasonal_2_train_loss":0.28178214618930625,"rmse":41.22906494140625,"predicted_seasonal_2_stock_price":13.263280868530273,"_timestamp":1.7367414332696636e+09,"periods":[252,504,756,1260],"trend_train_loss":0.2937168499546259}