{"periods":[252,504,756,1260],"mse":694.2022061385214,"real_trend_stock_price":221.26011188177335,"predicted_seasonal_0_stock_price":1.319809913635254,"seasonal_1_train_loss":0.7275060294031797,"depth":4,"_step":9,"seasonal_0_valid_loss":0.40432364915735636,"seasonal_2_valid_loss":0.27168009688038175,"predicted_seasonal_1_stock_price":-0.7069510221481323,"resid_valid_loss":0.8178330878509539,"dim":128,"predicted_trend_stock_price":186.9853515625,"real_resid_stock_price":9.055698555810636,"Runtime (seconds)":5.28070592880249,"real_seasonal_0_stock_price":-2.3363837943238774,"_runtime":10.84728069,"predicted_resid_stock_price":15.30085277557373,"trend_train_loss":0.6023826179545873,"rmse":26.34771728515625,"_wandb":{"runtime":10},"predicted_seasonal_3_stock_price":-0.8607069849967957,"mae":26.34771728515625,"resid_train_loss":1.0409542920118553,"final_predicted_stock_price":210.50228881835938,"seasonal_1_valid_loss":0.4689981440263512,"trend_valid_loss":0.2909005157935369,"real_seasonal_2_stock_price":7.340468738372928,"predicted_seasonal_2_stock_price":8.463930130004883,"AAPL Stock Price Prediction by iTransformer":{"size":48494,"path":"media/images/AAPL Stock Price Prediction by iTransformer_8_de1dbda5b22c4e41f4fc.png","format":"png","width":1000,"height":600,"_type":"image-file","sha256":"de1dbda5b22c4e41f4fc9b0c193c6f1d1ff54fc2606f13e08236c78d225f7f74"},"real_seasonal_1_stock_price":-3.140674941731178,"seasonal_0_train_loss":0.3646639530600391,"real_seasonal_3_stock_price":4.670785663613771,"seasonal_3_valid_loss":0.5658759474754333,"_timestamp":1.7367541668962533e+09,"seasonal_3_train_loss":0.9728218982231375,"seasonal_2_train_loss":0.4274703948109545,"real_stock_price":236.85000610351562}