{"predicted_resid_stock_price":-1.9498169422149658,"_timestamp":1.736740969594038e+09,"resid_train_loss":1.0977920989759944,"seasonal_3_valid_loss":2.3801861155142983,"AAPL Stock Price Prediction by iTransformer":{"format":"png","width":1000,"height":600,"_type":"image-file","sha256":"e9e3b9edc162db9bde3ea4f08dbdf537b226a36f40802607b548e6184d5295da","size":47035,"path":"media/images/AAPL Stock Price Prediction by iTransformer_8_e9e3b9edc162db9bde3e.png"},"final_predicted_stock_price":145.57415771484375,"_runtime":9.234262536,"seasonal_2_valid_loss":0.3302403511537861,"rmse":91.27584838867188,"predicted_seasonal_3_stock_price":9.028006553649902,"real_seasonal_3_stock_price":4.670781993701708,"predicted_seasonal_1_stock_price":-0.7914392948150635,"periods":[252,504,756,1260],"real_trend_stock_price":221.2601120758046,"mse":8331.280499071814,"seasonal_1_valid_loss":1.6326973349538467,"real_seasonal_1_stock_price":-3.1406724827220853,"real_seasonal_0_stock_price":-2.3363845597430513,"trend_train_loss":0.10470919940782979,"mae":91.27584838867188,"real_seasonal_2_stock_price":7.340473118352952,"real_stock_price":236.85000610351562,"predicted_seasonal_2_stock_price":3.7858428955078125,"_wandb":{"runtime":9},"_step":9,"seasonal_2_train_loss":0.4488485058545386,"seasonal_1_train_loss":1.5517663182770614,"seasonal_0_valid_loss":0.3876963257789612,"trend_valid_loss":0.6714906577459153,"dim":128,"seasonal_0_train_loss":0.38532778667941897,"Runtime (seconds)":4.2091264724731445,"depth":4,"predicted_seasonal_0_stock_price":1.603568434715271,"predicted_trend_stock_price":133.89801025390625,"seasonal_3_train_loss":1.8030851617151378,"real_resid_stock_price":9.055695958121532,"resid_valid_loss":0.8850859890359614}