{"real_stock_price":218.94000244140625,"real_seasonal_3_stock_price":9.210042698987007,"Runtime (seconds)":6.00566291809082,"seasonal_2_train_loss":2.1468860674712427,"resid_valid_loss":1.028420207458873,"predicted_seasonal_3_stock_price":-8.024664878845215,"predicted_resid_stock_price":-2.65824031829834,"seasonal_1_valid_loss":0.5998370520273845,"predicted_seasonal_2_stock_price":0.6250987648963928,"real_seasonal_1_stock_price":2.721535027645758,"predicted_seasonal_0_stock_price":-6.189022064208984,"real_seasonal_2_stock_price":16.307195141839433,"seasonal_3_train_loss":1.9908210142065192,"periods":[252,504,756,1260],"seasonal_3_valid_loss":2.2925094612289008,"seasonal_2_valid_loss":1.3822939374617167,"_runtime":12.056211676,"resid_train_loss":1.1988134653840061,"seasonal_0_valid_loss":0.21263068662126466,"predicted_trend_stock_price":157.01681518554688,"_wandb":{"runtime":12},"predicted_seasonal_1_stock_price":1.2923064231872559,"AMZN Stock Price Prediction by iTransformer":{"format":"png","width":1000,"height":600,"_type":"image-file","sha256":"482b0cc4504d57015329afbd145a605982ad1b633c3e957b10dd30395a8bcf48","size":45925,"path":"media/images/AMZN Stock Price Prediction by iTransformer_8_482b0cc4504d57015329.png"},"_timestamp":1.736713103397962e+09,"real_trend_stock_price":167.5354913342489,"mse":5910.180881165201,"dim":128,"seasonal_1_train_loss":0.6445278932069208,"seasonal_0_train_loss":0.3464767922735487,"real_seasonal_0_stock_price":-6.886692248923765,"rmse":76.87770080566406,"real_resid_stock_price":30.052430487608945,"trend_train_loss":0.3484377264143486,"_step":9,"trend_valid_loss":0.01588868430653332,"final_predicted_stock_price":142.0623016357422,"depth":4,"mae":76.87770080566406}