{"real_stock_price":236.85000610351562,"Runtime (seconds)":7.178170442581177,"seasonal_2_train_loss":0.8949252255281257,"resid_valid_loss":0.6474841246133521,"_step":9,"depth":4,"dim":128,"real_resid_stock_price":9.055694484145647,"_wandb":{"runtime":13},"real_seasonal_0_stock_price":-2.3363810770177458,"_runtime":13.142395746,"seasonal_2_valid_loss":0.3365805584644604,"real_trend_stock_price":221.26011151706254,"predicted_seasonal_1_stock_price":-1.0887867212295532,"predicted_seasonal_2_stock_price":1.9575275182724,"rmse":147.25086212158203,"real_seasonal_1_stock_price":-3.140674277971283,"AAPL Stock Price Prediction by iTransformer":{"sha256":"3edf95ae87f42a689f42ed881a436edb7bd356ca3b19862af44b7bf8edee4b7d","size":46122,"path":"media/images/AAPL Stock Price Prediction by iTransformer_8_3edf95ae87f42a689f42.png","format":"png","width":1000,"height":600,"_type":"image-file"},"seasonal_3_valid_loss":0.14377315911379726,"real_seasonal_3_stock_price":4.6707836800060685,"_timestamp":1.7367091560911233e+09,"predicted_resid_stock_price":5.3199567794799805,"trend_valid_loss":1.758030893243089,"seasonal_3_train_loss":0.774204873264542,"seasonal_0_valid_loss":0.1970911138778762,"seasonal_1_train_loss":1.0754748533009717,"real_seasonal_2_stock_price":7.340471777290351,"periods":[252,504,756,1260],"resid_train_loss":0.5342521294870718,"trend_train_loss":0.5736410367926935,"predicted_seasonal_0_stock_price":1.3775358200073242,"final_predicted_stock_price":89.5991439819336,"predicted_seasonal_3_stock_price":4.7688751220703125,"seasonal_1_valid_loss":0.9797400364983303,"seasonal_0_train_loss":0.3388653350174912,"mse":21682.816395549162,"predicted_trend_stock_price":77.2640380859375,"mae":147.25086212158203}