{"seasonal_0_valid_loss":0.16623651813924983,"final_predicted_stock_price":62.76569366455078,"real_trend_stock_price":167.5354913342489,"mse":24390.414721928595,"_wandb":{"runtime":7},"real_seasonal_3_stock_price":9.210042698987007,"Runtime (seconds)":3.750458240509033,"_timestamp":1.7367181460406878e+09,"predicted_seasonal_1_stock_price":1.6781302690505981,"seasonal_0_train_loss":0.30233139601375647,"seasonal_2_train_loss":1.0587956010393584,"depth":4,"seasonal_2_valid_loss":0.7870652736561327,"resid_valid_loss":1.6621615643518053,"trend_train_loss":1.6219245883528255,"real_seasonal_1_stock_price":2.721535027645758,"predicted_seasonal_2_stock_price":4.517064571380615,"predicted_resid_stock_price":-8.181793212890625,"real_seasonal_2_stock_price":16.307195141839433,"_runtime":7.941305408,"dim":128,"seasonal_1_valid_loss":0.4347481787432676,"seasonal_3_valid_loss":0.32462905050970575,"predicted_seasonal_0_stock_price":-6.071778297424316,"real_resid_stock_price":30.052430487608945,"real_stock_price":218.94000244140625,"trend_valid_loss":2.5795412496499575,"periods":[252,504,756,1260],"resid_train_loss":2.6222157216699498,"predicted_seasonal_3_stock_price":-1.2925926446914673,"rmse":156.17430877685547,"mae":156.17430877685547,"_step":9,"AMZN Stock Price Prediction by iTransformer":{"height":600,"_type":"image-file","sha256":"4c48cabe81aa3a69fa36a73911aa424adf9a3a09dfb5135dbc79a7c26c065777","size":45721,"path":"media/images/AMZN Stock Price Prediction by iTransformer_8_4c48cabe81aa3a69fa36.png","format":"png","width":1000},"real_seasonal_0_stock_price":-6.886692248923765,"predicted_trend_stock_price":72.11666107177734,"seasonal_3_train_loss":0.6820068041132412,"seasonal_1_train_loss":0.8280348393006408}