{"trend_train_loss":0.1788871187859848,"seasonal_1_valid_loss":0.1790115030958379,"seasonal_3_valid_loss":0.32889602359398795,"trend_valid_loss":0.4543757195972371,"predicted_trend_stock_price":137.5056915283203,"seasonal_0_valid_loss":2.1438394855808567,"real_seasonal_2_stock_price":7.340471730606741,"mse":6907.751573481597,"_step":9,"real_seasonal_0_stock_price":-2.3363798052582445,"_wandb":{"runtime":8},"predicted_seasonal_1_stock_price":-3.8762309551239014,"predicted_seasonal_2_stock_price":7.386000633239746,"rmse":83.11288452148438,"seasonal_1_train_loss":0.6300631551320354,"Runtime (seconds)":3.7714028358459473,"AAPL Stock Price Prediction by iTransformer":{"width":1000,"height":600,"_type":"image-file","sha256":"d2eac4afd021d553016797100912c62eaf5d285cf148e43eea88557720add31e","size":46519,"path":"media/images/AAPL Stock Price Prediction by iTransformer_8_d2eac4afd021d5530167.png","format":"png"},"resid_train_loss":0.341161384679006,"real_trend_stock_price":221.26011209962627,"real_resid_stock_price":9.055693631912447,"_runtime":8.296044902,"real_stock_price":236.85000610351562,"seasonal_2_valid_loss":0.04578187233098199,"predicted_seasonal_3_stock_price":6.1570844650268555,"periods":[252,504,756,1260],"seasonal_3_train_loss":0.6207048492999695,"seasonal_0_train_loss":0.7509637115047187,"depth":4,"final_predicted_stock_price":153.73712158203125,"dim":128,"predicted_resid_stock_price":5.894186973571777,"resid_valid_loss":0.42301242159945623,"real_seasonal_3_stock_price":4.670783957060788,"real_seasonal_1_stock_price":-3.140675510432381,"mae":83.11288452148438,"seasonal_2_train_loss":0.795089226354638,"_timestamp":1.7367284211189108e+09,"predicted_seasonal_0_stock_price":0.6703900694847107}