{"predicted_stock_price":25.545753479003906,"real_stock_price":25.144309997558594,"train_loss":0.06698697447014261,"depth":4,"_timestamp":1.7385076984963412e+09,"Runtime (seconds)":207.78373217582703,"dim":128,"_step":245,"rmse":0.4014434814453125,"r2_score":NaN,"_runtime":5137.568502545,"valid_loss":0.03453668332543255,"_wandb":{"runtime":5137},"mae":0.4014434814453125,"mse":0.16115686879493296,"PFE Stock Price Prediction by iTransformer(no MSTL)":{"format":"png","width":1000,"height":600,"_type":"image-file","sha256":"60ef9c38cc8a07258f0293b686897a00f837bc89cd4c06807bbcf8ef0208be94","size":56475,"path":"media/images/PFE Stock Price Prediction by iTransformer(no MSTL)_244_60ef9c38cc8a07258f02.png"}}