{"_timestamp":1.736721833834974e+09,"real_stock_price":236.85000610351562,"real_seasonal_3_stock_price":4.67078171492275,"seasonal_1_train_loss":0.31240812901657106,"mae":132.54688262939453,"trend_valid_loss":2.940735101699829,"predicted_seasonal_3_stock_price":-0.8508797883987427,"predicted_seasonal_2_stock_price":2.7763755321502686,"predicted_seasonal_1_stock_price":-2.366396188735962,"seasonal_3_valid_loss":0.28049691485203043,"real_seasonal_0_stock_price":-2.336381463347191,"Runtime (seconds)":8.520919561386108,"real_seasonal_1_stock_price":-3.1406744276173257,"AAPL Stock Price Prediction by iTransformer":{"path":"media/images/AAPL Stock Price Prediction by iTransformer_8_5f932114df51ff9a0b8c.png","format":"png","width":1000,"height":600,"_type":"image-file","sha256":"5f932114df51ff9a0b8c46a46eb095a10762749c42d55eb0dae45e98115d8c3c","size":47627},"predicted_seasonal_0_stock_price":0.0015146806836128235,"seasonal_0_train_loss":1.177804165336918,"_runtime":17.76231315,"seasonal_0_valid_loss":1.9687427688036523,"seasonal_3_train_loss":1.108672385706621,"rmse":132.54688262939453,"seasonal_2_valid_loss":0.35023749547920774,"predicted_resid_stock_price":8.50689697265625,"real_resid_stock_price":9.05569606577447,"real_seasonal_2_stock_price":7.340472166561192,"real_trend_stock_price":221.2601120472217,"trend_train_loss":0.40339886429017946,"mse":17568.67609477049,"seasonal_2_train_loss":0.38762110770149255,"_wandb":{"runtime":17},"depth":4,"_step":9,"resid_valid_loss":0.3091710787949138,"resid_train_loss":0.49423043846380055,"dim":128,"periods":[252,504,756,1260],"seasonal_1_valid_loss":0.161940927835221,"final_predicted_stock_price":104.3031234741211,"predicted_trend_stock_price":96.23561096191406}