{"_runtime":15.111340165,"real_stock_price":236.85000610351562,"real_seasonal_3_stock_price":4.670785658004279,"predicted_trend_stock_price":191.09307861328125,"mse":2501.394847826101,"mae":50.013946533203125,"trend_train_loss":0.6825907811123345,"seasonal_0_train_loss":0.7888355818553944,"depth":4,"periods":[252,504,756,1260],"real_seasonal_1_stock_price":-3.140676706042897,"_step":9,"_wandb":{"runtime":15},"seasonal_2_train_loss":2.5232130059573796,"seasonal_3_train_loss":0.5268718574377573,"seasonal_0_valid_loss":1.6086909064149435,"final_predicted_stock_price":186.8360595703125,"resid_train_loss":0.5295091809928952,"Runtime (seconds)":7.567908048629761,"seasonal_1_valid_loss":0.42740760315209625,"real_trend_stock_price":221.26011188846118,"dim":128,"predicted_seasonal_1_stock_price":-3.313335418701172,"real_seasonal_0_stock_price":-2.336380369174277,"trend_valid_loss":0.05793227019859719,"rmse":50.013946533203125,"predicted_seasonal_2_stock_price":-5.963866710662842,"real_seasonal_2_stock_price":7.340472579871573,"resid_valid_loss":0.5203941278820913,"seasonal_1_train_loss":0.5356068199410892,"predicted_seasonal_3_stock_price":0.3726816177368164,"predicted_seasonal_0_stock_price":1.3931244611740112,"_timestamp":1.7367234494121788e+09,"AAPL Stock Price Prediction by iTransformer":{"_type":"image-file","sha256":"10bf9614281c93163ad6ba825b95a28c301aded45de829444b3bf4c6b8cf06cc","size":49028,"path":"media/images/AAPL Stock Price Prediction by iTransformer_8_10bf9614281c93163ad6.png","format":"png","width":1000,"height":600},"seasonal_3_valid_loss":0.6700005953621805,"predicted_resid_stock_price":3.2543818950653076,"real_resid_stock_price":9.055693052395753,"seasonal_2_valid_loss":2.6679021928588673}