{"seasonal_0_train_loss":0.8159711014392764,"dim":128,"trend_valid_loss":4.102306237238895,"real_seasonal_0_stock_price":-2.336375341689088,"mae":156.32593536376953,"seasonal_1_train_loss":1.5239164009953556,"real_seasonal_3_stock_price":4.6707903612811625,"real_resid_stock_price":9.055690209312786,"trend_train_loss":0.8166536420710169,"real_seasonal_2_stock_price":7.340468831395478,"real_trend_stock_price":221.26011158208013,"predicted_seasonal_1_stock_price":-3.0877628326416016,"seasonal_3_train_loss":0.6603117898485189,"AAPL Stock Price Prediction by iTransformer":{"_type":"image-file","sha256":"b8f024fbbf524beaf7bee70f385b33611a966f8b96f6bf19855ae359c9838f58","size":46363,"path":"media/images/AAPL Stock Price Prediction by iTransformer_8_b8f024fbbf524beaf7be.png","format":"png","width":1000,"height":600},"mse":24437.79806735745,"seasonal_1_valid_loss":1.1191457562642142,"Runtime (seconds)":6.280796766281128,"real_seasonal_1_stock_price":-3.1406795388648283,"seasonal_2_valid_loss":0.31282031878657723,"seasonal_2_train_loss":0.7147420174088971,"predicted_seasonal_3_stock_price":5.925506114959717,"predicted_trend_stock_price":78.3102035522461,"predicted_seasonal_2_stock_price":3.4191231727600098,"_wandb":{"runtime":11},"seasonal_3_valid_loss":0.5759010781505942,"_step":9,"predicted_resid_stock_price":-3.238367795944214,"resid_train_loss":1.2662842218675405,"rmse":156.32593536376953,"seasonal_0_valid_loss":2.255001959004421,"periods":[252,504,756,1260],"resid_valid_loss":1.201449367923267,"_runtime":11.504086823,"final_predicted_stock_price":80.5240707397461,"predicted_seasonal_0_stock_price":-0.8046370148658752,"real_stock_price":236.85000610351562,"_timestamp":1.7367208536501596e+09,"depth":4}