{"seasonal_2_valid_loss":0.3244139915332198,"real_seasonal_2_stock_price":7.340470279928924,"Runtime (seconds)":5.957289934158325,"predicted_seasonal_2_stock_price":3.9240570068359375,"_runtime":13.512218987,"real_resid_stock_price":9.055696841429778,"seasonal_3_valid_loss":1.9179773369265087,"predicted_trend_stock_price":195.28338623046875,"_step":9,"trend_valid_loss":0.04804938654083461,"seasonal_2_train_loss":1.1188282527769846,"resid_valid_loss":1.0087963562980604,"depth":4,"seasonal_1_train_loss":0.5703580881917885,"real_stock_price":236.85000610351562,"mae":39.894561767578125,"predicted_seasonal_0_stock_price":-0.9149933457374573,"real_seasonal_0_stock_price":-2.336380455389185,"mse":1591.5760586271062,"AAPL Stock Price Prediction by iTransformer":{"_type":"image-file","sha256":"b4bc944cf2e8bc780e0a379d3533e4881ab84a5004a26cb995e1f6cda6521a6e","size":48798,"path":"media/images/AAPL Stock Price Prediction by iTransformer_8_b4bc944cf2e8bc780e0a.png","format":"png","width":1000,"height":600},"dim":128,"rmse":39.894561767578125,"trend_train_loss":0.08277595631087419,"real_seasonal_3_stock_price":4.6707861506969905,"predicted_seasonal_1_stock_price":-0.6315919160842896,"real_trend_stock_price":221.26011167471833,"_wandb":{"runtime":13},"real_seasonal_1_stock_price":-3.1406783878692393,"final_predicted_stock_price":196.9554443359375,"periods":[252,504,756,1260],"seasonal_1_valid_loss":0.5461656459102546,"_timestamp":1.7367467414778051e+09,"seasonal_0_valid_loss":1.4162073135375977,"seasonal_3_train_loss":1.378517051985949,"predicted_resid_stock_price":-0.9526723623275757,"seasonal_0_train_loss":0.847388437570266,"resid_train_loss":1.0210939286809873,"predicted_seasonal_3_stock_price":0.24725300073623657}