{"seasonal_2_train_loss":0.2889431932072099,"seasonal_1_train_loss":0.6838144556353498,"_runtime":14.508952397,"mae":112.01036071777344,"trend_valid_loss":1.485202891774946,"real_seasonal_2_stock_price":16.307195141839433,"periods":[252,504,756,1260],"real_trend_stock_price":167.5354913342489,"seasonal_3_valid_loss":0.3769671320915222,"real_seasonal_1_stock_price":2.721535027645758,"resid_valid_loss":2.606297394939672,"predicted_seasonal_1_stock_price":2.5859270095825195,"seasonal_0_valid_loss":1.511618042959755,"_step":9,"predicted_trend_stock_price":86.01095581054688,"final_predicted_stock_price":106.92964172363281,"real_seasonal_3_stock_price":9.210042698987007,"predicted_seasonal_3_stock_price":5.6182122230529785,"resid_train_loss":1.4048938263073365,"_timestamp":1.736746698889614e+09,"predicted_seasonal_0_stock_price":0.9756898880004883,"seasonal_2_valid_loss":0.09396622776985168,"predicted_seasonal_2_stock_price":16.185211181640625,"trend_train_loss":0.8443407999937913,"real_stock_price":218.94000244140625,"rmse":112.01036071777344,"seasonal_0_train_loss":1.527114205407078,"_wandb":{"runtime":14},"predicted_resid_stock_price":-4.446359634399414,"real_resid_stock_price":30.052430487608945,"Runtime (seconds)":7.412491083145142,"seasonal_3_train_loss":1.0177089818293268,"AMZN Stock Price Prediction by iTransformer":{"height":600,"_type":"image-file","sha256":"156580b4b590cdf58b66bfaf29cc3b11a659735a650911c2c4a3a5a7c187d51f","size":46349,"path":"media/images/AMZN Stock Price Prediction by iTransformer_8_156580b4b590cdf58b66.png","format":"png","width":1000},"real_seasonal_0_stock_price":-6.886692248923765,"seasonal_1_valid_loss":0.29244392304930067,"dim":128,"depth":4,"mse":12546.320908125723}