{"AAPL Stock Price Prediction by iTransformer":{"width":1000,"height":600,"_type":"image-file","sha256":"8f84b67b0d436f859f0b2869c0f444f111e8b55cb7c9ea95f1a6e43fa38377b7","size":46635,"path":"media/images/AAPL Stock Price Prediction by iTransformer_8_8f84b67b0d436f859f0b.png","format":"png"},"seasonal_2_train_loss":0.697192149475786,"real_seasonal_2_stock_price":7.340469622050003,"real_seasonal_1_stock_price":-3.1406767011276564,"real_resid_stock_price":9.055690223293453,"final_predicted_stock_price":57.73023223876953,"real_seasonal_3_stock_price":4.670787793168904,"periods":[252,504,756,1260],"mae":179.1197738647461,"real_stock_price":236.85000610351562,"predicted_seasonal_0_stock_price":-0.5938094258308411,"trend_valid_loss":3.396896998087565,"resid_train_loss":1.310151183797467,"_runtime":13.595203049,"predicted_seasonal_1_stock_price":-2.728506565093994,"predicted_resid_stock_price":-3.3898308277130127,"resid_valid_loss":1.5868134821372175,"depth":4,"seasonal_3_train_loss":2.4079329718517353,"seasonal_0_valid_loss":1.477392554283142,"Runtime (seconds)":6.3885133266448975,"predicted_seasonal_3_stock_price":-4.925119400024414,"_timestamp":1.7367489588359463e+09,"real_seasonal_0_stock_price":-2.3363766045762535,"seasonal_3_valid_loss":1.4680836595064926,"_wandb":{"runtime":13},"seasonal_2_valid_loss":0.28174660370933063,"predicted_trend_stock_price":67.27561950683594,"trend_train_loss":0.758165183923662,"seasonal_1_valid_loss":0.26328591882534647,"predicted_seasonal_2_stock_price":2.0918776988983154,"rmse":179.1197738647461,"seasonal_0_train_loss":1.3027004156496458,"dim":128,"real_trend_stock_price":221.26011177070717,"seasonal_1_train_loss":0.50246574022703,"mse":32083.893389357778,"_step":9}