{"real_resid_stock_price":30.052430487608945,"predicted_seasonal_3_stock_price":14.64428997039795,"real_seasonal_0_stock_price":-6.886692248923765,"seasonal_2_valid_loss":0.13863529472314207,"final_predicted_stock_price":195.1634521484375,"real_seasonal_2_stock_price":16.307195141839433,"_wandb":{"runtime":10},"seasonal_2_train_loss":0.5508486857089305,"trend_train_loss":0.3663638224687403,"Runtime (seconds)":4.756200551986694,"real_seasonal_1_stock_price":2.721535027645758,"seasonal_1_train_loss":0.9825336684740108,"predicted_seasonal_2_stock_price":9.610007286071777,"seasonal_0_train_loss":0.9500773955440494,"predicted_resid_stock_price":13.871539115905762,"_timestamp":1.7367208204728823e+09,"real_seasonal_3_stock_price":9.210042698987007,"_step":9,"predicted_seasonal_0_stock_price":-2.833315134048462,"seasonal_0_valid_loss":0.9250716607944638,"seasonal_1_valid_loss":0.5254077675013706,"real_stock_price":218.94000244140625,"predicted_seasonal_1_stock_price":1.8389637470245361,"predicted_trend_stock_price":158.031982421875,"rmse":23.77655029296875,"mae":23.77655029296875,"real_trend_stock_price":167.5354913342489,"dim":128,"depth":4,"trend_valid_loss":0.028656434267759323,"mse":565.3243438340724,"AMZN Stock Price Prediction by iTransformer":{"width":1000,"height":600,"_type":"image-file","sha256":"83be6ee9245608fe5e4569291a02175c5212db1ef63bba4a024bd6bc2677c853","size":50926,"path":"media/images/AMZN Stock Price Prediction by iTransformer_8_83be6ee9245608fe5e45.png","format":"png"},"_runtime":10.545158392,"seasonal_3_train_loss":0.6180163838858292,"periods":[252,504,756,1260],"resid_valid_loss":0.40949523059634474,"seasonal_3_valid_loss":0.3924667679855966,"resid_train_loss":0.7419321090970753}