{"seasonal_1_train_loss":1.3013278203033436,"depth":4,"predicted_resid_stock_price":-1.6267619132995605,"real_stock_price":236.85000610351562,"mse":2712.5554627461825,"rmse":52.08219909667969,"final_predicted_stock_price":184.76780700683594,"real_seasonal_1_stock_price":-3.1406700464093196,"seasonal_0_train_loss":0.3009071475921888,"predicted_seasonal_0_stock_price":1.2598156929016113,"Runtime (seconds)":9.030626058578491,"periods":[252,504,756,1260],"trend_valid_loss":0.1563324701486735,"seasonal_3_train_loss":0.7135701221435569,"_step":9,"dim":128,"predicted_seasonal_3_stock_price":6.518299102783203,"_wandb":{"runtime":18},"resid_train_loss":1.0160447473692702,"seasonal_1_valid_loss":1.5452354772307897,"predicted_trend_stock_price":176.29270935058594,"_runtime":18.444782982,"mae":52.08219909667969,"resid_valid_loss":1.9373473987966625,"AAPL Stock Price Prediction by iTransformer":{"size":48942,"path":"media/images/AAPL Stock Price Prediction by iTransformer_8_9b93dda90e955e4550bb.png","format":"png","width":1000,"height":600,"_type":"image-file","sha256":"9b93dda90e955e4550bb8147a8d6032b2105a54d17175c24f81b62b819d24ab6"},"seasonal_2_valid_loss":0.4245324095127507,"real_seasonal_0_stock_price":-2.3363838232622434,"trend_train_loss":0.029315806400841065,"seasonal_3_valid_loss":0.20725810984853937,"_timestamp":1.7367267285524354e+09,"predicted_seasonal_1_stock_price":-0.8837011456489563,"real_seasonal_3_stock_price":4.670780347476521,"real_trend_stock_price":221.26011227915834,"predicted_seasonal_2_stock_price":3.207446575164795,"real_resid_stock_price":9.055697188878469,"real_seasonal_2_stock_price":7.340470157673867,"seasonal_2_train_loss":0.7810271847136382,"seasonal_0_valid_loss":0.4098382524123379}