{"trend_valid_loss":1.4463079855777323,"seasonal_3_valid_loss":0.11839309759092646,"seasonal_0_train_loss":1.8423125686791708,"real_seasonal_3_stock_price":4.67078593932379,"AAPL Stock Price Prediction by iTransformer":{"_type":"image-file","sha256":"54d91ee6dca4fec941e95979f7b840a4cc2bd072f385565a69d5efaf8e5eb332","size":47170,"path":"media/images/AAPL Stock Price Prediction by iTransformer_8_54d91ee6dca4fec941e9.png","format":"png","width":1000,"height":600},"_runtime":8.920646833,"_wandb":{"runtime":8},"resid_train_loss":0.4234201258377117,"periods":[252,504,756,1260],"dim":128,"depth":4,"trend_train_loss":0.11008740289019704,"rmse":127.78854370117188,"seasonal_1_train_loss":1.4633041623020393,"real_resid_stock_price":9.055694292850774,"mae":127.78854370117188,"real_seasonal_1_stock_price":-3.1406750935283068,"predicted_seasonal_3_stock_price":2.8794755935668945,"final_predicted_stock_price":109.06146240234375,"predicted_seasonal_0_stock_price":0.3360174596309662,"seasonal_1_valid_loss":1.3752476059101724,"predicted_trend_stock_price":99.60456085205078,"Runtime (seconds)":3.9334256649017334,"seasonal_0_valid_loss":3.5231619225970867,"real_seasonal_0_stock_price":-2.336384908110772,"mse":16329.911901266314,"seasonal_2_valid_loss":0.27422013190319827,"_step":9,"real_seasonal_2_stock_price":7.340474483207119,"real_trend_stock_price":221.26011138977304,"predicted_seasonal_2_stock_price":3.039965867996216,"seasonal_2_train_loss":0.8587219526056747,"real_stock_price":236.85000610351562,"predicted_resid_stock_price":3.040242910385132,"seasonal_3_train_loss":0.375225414286603,"_timestamp":1.7367349199300003e+09,"resid_valid_loss":0.33837546488636255,"predicted_seasonal_1_stock_price":0.16120131313800812}