{"trend_train_loss":0.2947014242661743,"predicted_seasonal_0_stock_price":1.0982540845870972,"real_seasonal_1_stock_price":-3.1406770685896674,"resid_valid_loss":0.3767615296397602,"depth":4,"real_seasonal_2_stock_price":7.340471265033377,"predicted_seasonal_1_stock_price":-2.9722297191619873,"seasonal_1_valid_loss":0.18181167251524746,"final_predicted_stock_price":117.36517333984375,"real_resid_stock_price":9.055692649208396,"mae":119.48483276367188,"seasonal_3_train_loss":0.9367022523474028,"dim":128,"real_seasonal_3_stock_price":4.670786621575752,"predicted_seasonal_2_stock_price":5.924272537231445,"mse":14276.625260562636,"seasonal_2_valid_loss":0.12783707795690183,"seasonal_0_train_loss":0.5116838445054724,"seasonal_2_train_loss":0.22618549660602444,"_runtime":14.003087651,"_wandb":{"runtime":14},"seasonal_0_valid_loss":1.19630554818759,"predicted_trend_stock_price":95.5504150390625,"_timestamp":1.7367542435183556e+09,"rmse":119.48483276367188,"periods":[252,504,756,1260],"predicted_resid_stock_price":11.009161949157715,"_step":9,"trend_valid_loss":2.000189671793126,"real_seasonal_0_stock_price":-2.3363791338572275,"seasonal_1_train_loss":0.6126412165293333,"real_trend_stock_price":221.260111770145,"AAPL Stock Price Prediction by iTransformer":{"format":"png","width":1000,"height":600,"_type":"image-file","sha256":"ffb770b0d56c25770c56d310d55a7598ddfefc732e7924eeb9191127a0704222","size":47114,"path":"media/images/AAPL Stock Price Prediction by iTransformer_8_ffb770b0d56c25770c56.png"},"Runtime (seconds)":7.131764650344849,"seasonal_3_valid_loss":0.18451990747063823,"real_stock_price":236.85000610351562,"predicted_seasonal_3_stock_price":6.755303382873535,"resid_train_loss":0.5514973745616285}