{"resid_valid_loss":0.5649549716711044,"dim":128,"real_trend_stock_price":167.5354913342489,"_runtime":12.36921968,"Runtime (seconds)":5.9565253257751465,"predicted_trend_stock_price":96.89620208740234,"seasonal_2_train_loss":1.0630642995658146,"resid_train_loss":0.5707881389229393,"seasonal_3_train_loss":0.9717744059343191,"final_predicted_stock_price":132.59376525878906,"predicted_resid_stock_price":6.043617248535156,"trend_train_loss":0.39651886053713953,"seasonal_0_train_loss":0.43774641897949673,"periods":[252,504,756,1260],"predicted_seasonal_0_stock_price":-7.9420623779296875,"seasonal_0_valid_loss":0.42023117267168486,"real_seasonal_1_stock_price":2.721535027645758,"seasonal_1_valid_loss":0.2019428733272735,"_wandb":{"runtime":12},"mae":86.34623718261719,"_step":9,"real_seasonal_3_stock_price":9.210042698987007,"seasonal_3_valid_loss":0.7202551764685933,"predicted_seasonal_2_stock_price":26.276409149169922,"AMZN Stock Price Prediction by iTransformer":{"size":46052,"path":"media/images/AMZN Stock Price Prediction by iTransformer_8_8241cbdd9379394b89be.png","format":"png","width":1000,"height":600,"_type":"image-file","sha256":"8241cbdd9379394b89bea1bdf4283b3e0e120418bbfe1ff487674db57041fe44"},"depth":4,"mse":7455.672675596783,"real_seasonal_0_stock_price":-6.886692248923765,"real_seasonal_2_stock_price":16.307195141839433,"seasonal_2_valid_loss":1.1469329464853855,"trend_valid_loss":0.9351216267406671,"real_stock_price":218.94000244140625,"predicted_seasonal_3_stock_price":7.642065048217773,"_timestamp":1.7367391227404273e+09,"real_resid_stock_price":30.052430487608945,"predicted_seasonal_1_stock_price":3.677532911300659,"rmse":86.34623718261719,"seasonal_1_train_loss":0.6725336115698084}