{"predicted_seasonal_3_stock_price":14.474357604980469,"trend_valid_loss":0.012517198504930412,"seasonal_2_train_loss":0.4451818572623389,"dim":128,"real_seasonal_1_stock_price":2.721535027645758,"real_trend_stock_price":167.5354913342489,"trend_train_loss":0.1342712918785642,"predicted_resid_stock_price":6.747523307800293,"predicted_seasonal_0_stock_price":-3.7962989807128906,"mae":35.4241943359375,"resid_valid_loss":1.6765689630973388,"seasonal_1_train_loss":1.1869227175716848,"seasonal_0_valid_loss":0.3655533324117246,"real_resid_stock_price":30.052430487608945,"predicted_trend_stock_price":158.6468963623047,"seasonal_2_valid_loss":0.335498870088813,"real_stock_price":218.94000244140625,"real_seasonal_0_stock_price":-6.886692248923765,"depth":4,"seasonal_0_train_loss":0.5454430239241684,"mse":1254.8735443502665,"seasonal_3_valid_loss":0.2672454299671309,"predicted_seasonal_2_stock_price":6.369392395019531,"real_seasonal_3_stock_price":9.210042698987007,"final_predicted_stock_price":183.51580810546875,"predicted_seasonal_1_stock_price":1.0739141702651978,"seasonal_1_valid_loss":1.5738689613342285,"_wandb":{"runtime":16},"resid_train_loss":1.511026559604539,"real_seasonal_2_stock_price":16.307195141839433,"rmse":35.4241943359375,"_runtime":16.627891971,"seasonal_3_train_loss":0.48786549668037454,"periods":[252,504,756,1260],"Runtime (seconds)":7.744579315185547,"_timestamp":1.7367115446833503e+09,"_step":9,"AMZN Stock Price Prediction by iTransformer":{"size":47790,"path":"media/images/AMZN Stock Price Prediction by iTransformer_8_0249952e11180941fe3f.png","format":"png","width":1000,"height":600,"_type":"image-file","sha256":"0249952e11180941fe3f4e4a72c9d5be7e8dbd2db261f872cd4491ccf755c1b6"}}