{"Runtime (seconds)":4.765935897827148,"trend_train_loss":0.04469368260740153,"real_seasonal_0_stock_price":-2.3363829789558963,"real_seasonal_1_stock_price":-3.1406738362836584,"seasonal_1_train_loss":0.5140040488269089,"predicted_resid_stock_price":10.592235565185547,"seasonal_2_valid_loss":0.1821438243676876,"_runtime":11.227574018,"mse":13285.397474863566,"predicted_seasonal_2_stock_price":5.2160139083862305,"_timestamp":1.736749112027051e+09,"seasonal_1_valid_loss":0.31283593172064195,"seasonal_3_train_loss":1.5095055991850348,"periods":[252,504,756,1260],"mae":115.26229858398438,"seasonal_0_train_loss":0.7048318108791969,"AAPL Stock Price Prediction by iTransformer":{"height":600,"_type":"image-file","sha256":"8b3e403b28f44f7006ea689d0ccb75c960f7b0fbb0589aed42118572fbfdf0a7","size":47384,"path":"media/images/AAPL Stock Price Prediction by iTransformer_8_8b3e403b28f44f7006ea.png","format":"png","width":1000},"predicted_seasonal_1_stock_price":-3.305673122406006,"depth":4,"rmse":115.26229858398438,"real_stock_price":236.85000610351562,"dim":128,"seasonal_0_valid_loss":1.4902542868598563,"real_seasonal_3_stock_price":4.670781840964114,"trend_valid_loss":0.9244688153949819,"resid_train_loss":0.5618802137874268,"predicted_trend_stock_price":111.85796356201172,"resid_valid_loss":0.19965410489687876,"seasonal_2_train_loss":0.4173288136242829,"predicted_seasonal_3_stock_price":-1.730370044708252,"real_seasonal_2_stock_price":7.340471892498668,"_step":9,"predicted_seasonal_0_stock_price":-1.0424610376358032,"real_trend_stock_price":221.260111975983,"real_resid_stock_price":9.055697209309443,"seasonal_3_valid_loss":0.42882607554395996,"final_predicted_stock_price":121.58770751953125,"_wandb":{"runtime":11}}