{"seasonal_1_valid_loss":1.0981592473651385,"real_resid_stock_price":9.055695589706573,"predicted_seasonal_1_stock_price":-2.887455940246582,"dim":128,"seasonal_2_valid_loss":0.3081921711767354,"real_seasonal_0_stock_price":-2.3363806101140794,"predicted_trend_stock_price":116.41709899902344,"AAPL Stock Price Prediction by iTransformer":{"_type":"image-file","sha256":"fccbdf30e130ea3dfb168c2230dd7b05b8feac09d0b99af6114735d247472ab1","size":47320,"path":"media/images/AAPL Stock Price Prediction by iTransformer_8_fccbdf30e130ea3dfb16.png","format":"png","width":1000,"height":600},"predicted_seasonal_0_stock_price":3.311445474624634,"seasonal_2_train_loss":1.0540623987288702,"real_trend_stock_price":221.26011270914773,"seasonal_0_valid_loss":3.10038489368445,"predicted_seasonal_3_stock_price":2.9191176891326904,"resid_valid_loss":2.370025932788849,"_wandb":{"runtime":8},"real_seasonal_2_stock_price":7.340471767023375,"trend_train_loss":0.07334934902848039,"resid_train_loss":2.093735031372919,"rmse":114.86735534667969,"mae":114.86735534667969,"final_predicted_stock_price":121.98265075683594,"depth":4,"seasonal_3_valid_loss":0.6236323118209839,"periods":[252,504,756,1260],"_timestamp":1.7367377690123718e+09,"predicted_seasonal_2_stock_price":9.552572250366211,"trend_valid_loss":0.7246419027872101,"real_seasonal_1_stock_price":-3.140675254577476,"real_seasonal_3_stock_price":4.670781902329491,"predicted_resid_stock_price":-7.330122947692871,"_step":9,"seasonal_0_train_loss":1.572885261726554,"seasonal_3_train_loss":1.687989151309513,"seasonal_1_train_loss":1.0910468670955484,"Runtime (seconds)":3.912802219390869,"mse":13194.509324340383,"_runtime":8.516208258,"real_stock_price":236.85000610351562}