{"trend_train_loss":1.1566276766724355,"real_stock_price":236.85000610351562,"real_resid_stock_price":9.055691236370137,"_wandb":{"runtime":13},"predicted_seasonal_0_stock_price":0.8305395245552063,"final_predicted_stock_price":53.709075927734375,"resid_train_loss":0.9644654900023539,"real_seasonal_2_stock_price":7.340471518492032,"mse":33540.60030565038,"resid_valid_loss":1.0790086598148951,"real_seasonal_3_stock_price":4.670784576557578,"seasonal_2_train_loss":1.0000858610429373,"trend_valid_loss":3.1103888152426133,"seasonal_0_valid_loss":0.32657720617743524,"predicted_trend_stock_price":54.49240493774414,"real_trend_stock_price":221.26011175667603,"Runtime (seconds)":5.792105674743652,"_step":9,"predicted_seasonal_3_stock_price":-1.8323925733566284,"seasonal_2_valid_loss":0.17820054102275107,"predicted_seasonal_1_stock_price":-3.8919713497161865,"real_seasonal_1_stock_price":-3.1406817896867145,"_runtime":13.862203133,"seasonal_3_train_loss":1.856906398164702,"seasonal_1_train_loss":0.390528226899373,"predicted_seasonal_2_stock_price":4.485401630401611,"depth":4,"mae":183.14093017578125,"predicted_resid_stock_price":-0.3749048709869385,"AAPL Stock Price Prediction by iTransformer":{"size":44618,"path":"media/images/AAPL Stock Price Prediction by iTransformer_8_6d0438422c97d9bf418f.png","format":"png","width":1000,"height":600,"_type":"image-file","sha256":"6d0438422c97d9bf418f0222e2700e339c5bfa21b4e703a9c133bc14e92ad2e6"},"seasonal_1_valid_loss":0.11845503661668662,"rmse":183.14093017578125,"seasonal_0_train_loss":0.26180265998069036,"periods":[252,504,756,1260],"_timestamp":1.7367105678545399e+09,"seasonal_3_valid_loss":2.432184367951301,"real_seasonal_0_stock_price":-2.3363711948934105,"dim":128}