{"seasonal_2_train_loss":1.7817670781508508,"mse":13735.367169596488,"resid_train_loss":0.6912599736916066,"periods":[252,504,756,1260],"seasonal_1_valid_loss":1.4604097562259994,"rmse":117.19798278808594,"real_seasonal_1_stock_price":2.721535027645758,"_step":9,"seasonal_0_train_loss":0.2827583262948269,"resid_valid_loss":0.4509796230819777,"real_trend_stock_price":167.5354913342489,"real_seasonal_0_stock_price":-6.886692248923765,"_wandb":{"runtime":17},"seasonal_3_train_loss":0.6787134462509047,"predicted_resid_stock_price":10.448115348815918,"real_resid_stock_price":30.052430487608945,"predicted_seasonal_0_stock_price":-4.6481523513793945,"real_seasonal_2_stock_price":16.307195141839433,"predicted_seasonal_1_stock_price":-2.041677951812744,"Runtime (seconds)":8.774553298950195,"mae":117.19798278808594,"final_predicted_stock_price":101.74201965332031,"_runtime":17.407989436,"_timestamp":1.7367557373551202e+09,"seasonal_1_train_loss":1.44686000125574,"real_seasonal_3_stock_price":9.210042698987007,"seasonal_3_valid_loss":0.5452446725452859,"dim":128,"depth":4,"real_stock_price":218.94000244140625,"seasonal_0_valid_loss":0.28090981935974885,"seasonal_2_valid_loss":1.46323579884647,"predicted_trend_stock_price":94.615234375,"trend_valid_loss":1.247506298808574,"predicted_seasonal_3_stock_price":4.176060199737549,"trend_train_loss":0.4952004378897586,"AMZN Stock Price Prediction by iTransformer":{"_type":"image-file","sha256":"9649fae97a9ebe6e24d4d2aafbaaabcef17fe6f5fca645631229cbbbee6cddc2","size":46840,"path":"media/images/AMZN Stock Price Prediction by iTransformer_8_9649fae97a9ebe6e24d4.png","format":"png","width":1000,"height":600},"predicted_seasonal_2_stock_price":-0.8075562119483948}