{"real_stock_price":218.94000244140625,"real_seasonal_1_stock_price":2.721535027645758,"trend_train_loss":2.631522739782686,"dim":128,"real_trend_stock_price":167.5354913342489,"_timestamp":1.7367084753855777e+09,"AMZN Stock Price Prediction by iTransformer":{"width":1000,"height":600,"_type":"image-file","sha256":"71d1df60ba16b98cc8721277d265d991f70d471a0a37cce7885639ab03c4a2c9","size":47024,"path":"media/images/AMZN Stock Price Prediction by iTransformer_8_71d1df60ba16b98cc872.png","format":"png"},"seasonal_3_valid_loss":0.4726559941813645,"final_predicted_stock_price":81.45349884033203,"resid_train_loss":0.9030391682706205,"mse":18902.538672448194,"periods":[252,504,756,1260],"seasonal_0_train_loss":0.41475414595296306,"predicted_resid_stock_price":19.414560317993164,"real_seasonal_0_stock_price":-6.886692248923765,"resid_valid_loss":0.7193510819364477,"mae":137.48650360107422,"seasonal_1_valid_loss":0.991186441094787,"seasonal_3_train_loss":0.6777750219223816,"predicted_seasonal_1_stock_price":-1.1707626581192017,"depth":4,"real_seasonal_2_stock_price":16.307195141839433,"Runtime (seconds)":7.240410327911377,"real_resid_stock_price":30.052430487608945,"_wandb":{"runtime":14},"rmse":137.48650360107422,"_runtime":14.819569484,"predicted_seasonal_2_stock_price":4.257877349853516,"_step":9,"trend_valid_loss":4.503073674800202,"seasonal_1_train_loss":1.5556565933796205,"predicted_seasonal_3_stock_price":10.18446159362793,"predicted_trend_stock_price":53.260440826416016,"predicted_seasonal_0_stock_price":-4.493077754974365,"seasonal_2_train_loss":1.551413770771952,"real_seasonal_3_stock_price":9.210042698987007,"seasonal_0_valid_loss":0.45401840394592013,"seasonal_2_valid_loss":1.0640492945720879}