{"real_seasonal_0_stock_price":-5.506926512978462,"predicted_seasonal_0_stock_price":-0.7851564884185791,"seasonal_0_train_loss":1.2302888185492058,"depth":4,"_runtime":12.454357151,"periods":[252,504,756,1260],"AMZN Stock Price Prediction by iTransformer":{"size":50711,"path":"media/images/AMZN Stock Price Prediction by iTransformer_8_425c013b926aa8740555.png","format":"png","width":1000,"height":600,"_type":"image-file","sha256":"425c013b926aa87405559e693e55a42ead09706e458353124b5019b08d4c4533"},"predicted_seasonal_3_stock_price":9.097738265991211,"dim":128,"predicted_seasonal_2_stock_price":14.141158103942871,"final_predicted_stock_price":197.4390869140625,"_wandb":{"runtime":12},"predicted_trend_stock_price":158.89340209960938,"trend_valid_loss":0.033174791831357804,"real_seasonal_2_stock_price":17.56767793724761,"seasonal_2_train_loss":0.6602779566935357,"mae":31.610916137695312,"seasonal_3_train_loss":0.7070579535710089,"Runtime (seconds)":5.880249500274658,"seasonal_2_valid_loss":0.10851728470406981,"real_seasonal_3_stock_price":9.871913335365377,"real_resid_stock_price":36.283328975086505,"trend_train_loss":0.9628008361248811,"seasonal_3_valid_loss":0.10837451206991472,"predicted_seasonal_1_stock_price":2.3228917121887207,"mse":999.2500190644059,"rmse":31.610916137695312,"_step":9,"real_trend_stock_price":165.41681878110637,"seasonal_1_valid_loss":0.3169925943469441,"real_seasonal_1_stock_price":5.417190535930442,"resid_valid_loss":0.3622069252792471,"seasonal_0_valid_loss":1.4187123838452476,"resid_train_loss":0.6213373355535587,"seasonal_1_train_loss":0.5502473565115444,"predicted_resid_stock_price":13.769061088562012,"real_stock_price":229.0500030517578,"_timestamp":1.736706369323719e+09}