{"seasonal_0_valid_loss":0.04596477390789404,"_runtime":28740.038439864,"_timestamp":1.7362812438307154e+09,"real_seasonal_1_stock_price":-0.7340811807652273,"real_seasonal_3_stock_price":-1.0587608871163803,"seasonal_1_valid_loss":0.040998091250658036,"trend_train_loss":0.08198599551915893,"real_trend_stock_price":193.0089247449829,"dim":128,"predicted_seasonal_1_stock_price":-1.1056691408157349,"real_seasonal_0_stock_price":-1.0390186457008157,"mae":11.764251708984375,"AMZN Stock Price Prediction by iTransformer":{"_type":"image-file","sha256":"c905478e36c05f3b15c356595fc1dfeacf626365759b8529eeffc394d48aeef1","size":56762,"path":"media/images/AMZN Stock Price Prediction by iTransformer_1573_c905478e36c05f3b15c3.png","format":"png","width":1000,"height":600},"resid_train_loss":0.07748076292860959,"_wandb":{"runtime":28740},"real_resid_stock_price":15.014811073191993,"predicted_seasonal_2_stock_price":0.5037615895271301,"seasonal_3_valid_loss":0.025563590100979153,"seasonal_1_train_loss":0.07441414530332534,"predicted_seasonal_0_stock_price":-0.9527887105941772,"seasonal_2_train_loss":0.05773733347119891,"mse":138.3976182723418,"real_stock_price":205.74000549316406,"depth":4,"trend_valid_loss":0.043052288013346054,"final_predicted_stock_price":193.9757537841797,"predicted_resid_stock_price":8.778922080993652,"resid_valid_loss":0.0420693796007864,"predicted_trend_stock_price":189.27926635742188,"rmse":11.764251708984375,"real_seasonal_2_stock_price":0.5481303885716331,"seasonal_3_train_loss":0.043141770817492306,"periods":[63,126,252,504],"_step":1574,"predicted_seasonal_3_stock_price":-2.527747392654419,"seasonal_2_valid_loss":0.030388620329287016,"Runtime (seconds)":2112.7631747722626,"seasonal_0_train_loss":0.07044271718222972}