{"seasonal_3_train_loss":2.0524064246810547,"predicted_seasonal_2_stock_price":-4.674030780792236,"mae":154.9243927001953,"real_seasonal_2_stock_price":7.340467326224661,"seasonal_2_valid_loss":2.36499925369912,"seasonal_2_train_loss":2.5571465282570824,"real_resid_stock_price":9.055692528665901,"real_seasonal_1_stock_price":-3.1406780795328633,"AAPL Stock Price Prediction by iTransformer":{"path":"media/images/AAPL Stock Price Prediction by iTransformer_8_39a24302da98274a3a19.png","format":"png","width":1000,"height":600,"_type":"image-file","sha256":"39a24302da98274a3a1937efe93c3cc34a0283cf3474b7911cfbaf3995d9c199","size":46219},"predicted_seasonal_0_stock_price":-1.0928337574005127,"real_stock_price":236.85000610351562,"real_trend_stock_price":221.26011165202652,"Runtime (seconds)":5.644604206085205,"predicted_seasonal_3_stock_price":-4.84385871887207,"_timestamp":1.736721481540516e+09,"resid_valid_loss":1.0284181215834838,"trend_train_loss":0.680908699548487,"predicted_seasonal_1_stock_price":-0.13966482877731323,"seasonal_3_valid_loss":1.1597154140472412,"_step":9,"predicted_trend_stock_price":96.79242706298828,"seasonal_0_train_loss":0.7722683525938139,"trend_valid_loss":1.270293102851967,"resid_train_loss":0.9940173650105446,"rmse":154.9243927001953,"final_predicted_stock_price":81.92561340332031,"dim":128,"real_seasonal_3_stock_price":4.670791876890911,"predicted_resid_stock_price":-4.116424083709717,"seasonal_0_valid_loss":1.8724550200008527,"periods":[252,504,756,1260],"seasonal_1_valid_loss":2.126545952016657,"real_seasonal_0_stock_price":-2.336379200759475,"_runtime":11.669555697,"_wandb":{"runtime":11},"seasonal_1_train_loss":1.9745030534296573,"mse":24001.56745352433,"depth":4}