{"_runtime":4431.188956714,"mse":112.73017866187729,"valid_loss":0.03683313884304993,"depth":4,"_timestamp":1.7387781077909458e+09,"mae":10.617446899414062,"dim":128,"r2_score":NaN,"real_stock_price":196.7100067138672,"GOOG Stock Price Prediction by iTransformer(no MSTL)":{"width":1000,"height":600,"_type":"image-file","sha256":"d115ad7ecf50eadb2c24e257bc166a4c74f64e72d920afbc39b98956f0e72f79","size":56174,"path":"media/images/GOOG Stock Price Prediction by iTransformer(no MSTL)_301_d115ad7ecf50eadb2c24.png","format":"png"},"Runtime (seconds)":250.68626284599304,"_step":302,"predicted_stock_price":186.09255981445312,"train_loss":0.07262734632952915,"rmse":10.617446899414062,"_wandb":{"runtime":4431}}