{"seasonal_0_train_loss":0.38265227171398647,"dim":128,"seasonal_1_valid_loss":0.1268820384118174,"mse":5117.090836578049,"AMZN Stock Price Prediction by iTransformer":{"format":"png","width":1000,"height":600,"_type":"image-file","sha256":"1938a0cfc7b3db7f0a14c8c70edbbba0bc540c2a74827ca8b5284b08aac17f84","size":48813,"path":"media/images/AMZN Stock Price Prediction by iTransformer_8_1938a0cfc7b3db7f0a14.png"},"mae":71.53384399414062,"real_seasonal_2_stock_price":16.307195141839433,"real_resid_stock_price":30.052430487608945,"Runtime (seconds)":5.179739475250244,"seasonal_1_train_loss":0.4823791875725969,"resid_train_loss":0.8200830141074349,"predicted_trend_stock_price":111.34044647216797,"final_predicted_stock_price":147.40615844726562,"rmse":71.53384399414062,"real_seasonal_1_stock_price":2.721535027645758,"predicted_seasonal_3_stock_price":12.104959487915039,"real_seasonal_3_stock_price":9.210042698987007,"seasonal_3_train_loss":2.075701380027927,"trend_valid_loss":0.5758891784584108,"seasonal_2_valid_loss":0.6328233096239378,"predicted_seasonal_2_stock_price":9.482208251953125,"depth":4,"predicted_resid_stock_price":18.6449031829834,"predicted_seasonal_0_stock_price":-6.39970588684082,"trend_train_loss":0.5957535551876795,"seasonal_0_valid_loss":0.4376301132142544,"seasonal_2_train_loss":0.7026140843999797,"predicted_seasonal_1_stock_price":2.233344316482544,"periods":[252,504,756,1260],"resid_valid_loss":0.28468831082435336,"_runtime":11.049822212,"_step":9,"_timestamp":1.7367483043888237e+09,"real_trend_stock_price":167.5354913342489,"real_seasonal_0_stock_price":-6.886692248923765,"real_stock_price":218.94000244140625,"seasonal_3_valid_loss":2.5940101699773654,"_wandb":{"runtime":11}}