{"seasonal_2_train_loss":0.3136582460810295,"rmse":133.56793975830078,"predicted_seasonal_2_stock_price":5.865721702575684,"final_predicted_stock_price":103.28206634521484,"resid_valid_loss":0.822658360004425,"resid_train_loss":0.7400052167467087,"seasonal_1_train_loss":0.32481003202330083,"_runtime":12.848261218,"real_seasonal_0_stock_price":-2.3363774091476506,"predicted_resid_stock_price":4.403764724731445,"real_seasonal_1_stock_price":-3.1406783374643266,"mae":133.56793975830078,"_step":9,"real_seasonal_2_stock_price":7.34047013010139,"trend_valid_loss":3.624293536674686,"real_resid_stock_price":9.055689901758996,"Runtime (seconds)":6.330794811248779,"real_seasonal_3_stock_price":4.6707899786051605,"dim":128,"AAPL Stock Price Prediction by iTransformer":{"path":"media/images/AAPL Stock Price Prediction by iTransformer_8_9bea9623a99f4ad8675f.png","format":"png","width":1000,"height":600,"_type":"image-file","sha256":"9bea9623a99f4ad8675f0f188d5f17ff931c4791964eed833d106f9dc9db9108","size":47761},"predicted_seasonal_1_stock_price":-2.225477933883667,"predicted_seasonal_0_stock_price":-0.07065524905920029,"predicted_seasonal_3_stock_price":15.099730491638184,"periods":[252,504,756,1260],"real_trend_stock_price":221.26011183966204,"trend_train_loss":0.7548945733468502,"seasonal_1_valid_loss":0.2527195965634754,"seasonal_3_valid_loss":0.8048076386528031,"seasonal_2_valid_loss":0.10073075857571609,"_timestamp":1.7367253332333279e+09,"real_stock_price":236.85000610351562,"depth":4,"seasonal_3_train_loss":1.3401498020397693,"mse":17840.394531277067,"seasonal_0_valid_loss":3.1119708634870555,"predicted_trend_stock_price":80.208984375,"seasonal_0_train_loss":1.5135497725275637,"_wandb":{"runtime":12}}