{"seasonal_3_train_loss":1.1355819113077412,"seasonal_3_valid_loss":0.17105604708194733,"periods":[252,504,756,1260],"predicted_seasonal_0_stock_price":-0.9793579578399658,"real_seasonal_2_stock_price":7.340472637092346,"_runtime":11.602194791,"seasonal_0_train_loss":0.9322893313434492,"predicted_trend_stock_price":105.7099380493164,"trend_train_loss":0.20138753110705562,"trend_valid_loss":1.2995643323778185,"_wandb":{"runtime":11},"seasonal_0_valid_loss":1.48281593139355,"real_stock_price":236.85000610351562,"rmse":112.6648178100586,"predicted_seasonal_1_stock_price":-2.104102611541748,"depth":4,"dim":128,"seasonal_1_train_loss":0.8534830906062097,"seasonal_1_valid_loss":0.7921635898917785,"mse":12693.361172173696,"real_resid_stock_price":9.055690034519728,"Runtime (seconds)":5.514097213745117,"seasonal_2_valid_loss":0.10932040959596634,"real_seasonal_0_stock_price":-2.336376382738974,"real_trend_stock_price":221.26011125290486,"_step":9,"_timestamp":1.7367479347421045e+09,"resid_valid_loss":0.6745193880179833,"mae":112.6648178100586,"predicted_resid_stock_price":4.777429580688477,"predicted_seasonal_2_stock_price":10.2087984085083,"predicted_seasonal_3_stock_price":6.572478294372559,"AAPL Stock Price Prediction by iTransformer":{"height":600,"_type":"image-file","sha256":"6872269495f1bfeee56b636e0adebdcc9fcc229df987cca82dd8d4b8a66d4692","size":47315,"path":"media/images/AAPL Stock Price Prediction by iTransformer_8_6872269495f1bfeee56b.png","format":"png","width":1000},"real_seasonal_3_stock_price":4.67078668226674,"final_predicted_stock_price":124.18518829345703,"real_seasonal_1_stock_price":-3.140678120529079,"resid_train_loss":0.4735508703408034,"seasonal_2_train_loss":1.2167170512085919}