{"resid_valid_loss":0.5797050119492045,"predicted_seasonal_2_stock_price":12.520297050476074,"mse":765.5131173171103,"seasonal_1_train_loss":1.4389612897070132,"predicted_seasonal_1_stock_price":0.5357472896575928,"final_predicted_stock_price":191.2720947265625,"rmse":27.66790771484375,"mae":27.66790771484375,"trend_valid_loss":0.0004746178545904881,"real_seasonal_2_stock_price":16.307195141839433,"seasonal_0_train_loss":0.7330079318823702,"AMZN Stock Price Prediction by iTransformer":{"height":600,"_type":"image-file","sha256":"998092f042cec706ea546a26ef61621b56910ede63fc04f78a906278dee3f85d","size":51122,"path":"media/images/AMZN Stock Price Prediction by iTransformer_8_998092f042cec706ea54.png","format":"png","width":1000},"real_resid_stock_price":30.052430487608945,"seasonal_2_valid_loss":0.1571352902578611,"real_trend_stock_price":167.5354913342489,"_step":9,"seasonal_2_train_loss":0.2643002624856922,"seasonal_1_valid_loss":1.1453499824617728,"seasonal_3_valid_loss":0.7087600172171132,"depth":4,"seasonal_0_valid_loss":0.6896125852626606,"trend_train_loss":0.051940728353206074,"_runtime":20.448711533,"periods":[252,504,756,1260],"dim":128,"_wandb":{"runtime":20},"real_stock_price":218.94000244140625,"real_seasonal_3_stock_price":9.210042698987007,"real_seasonal_1_stock_price":2.721535027645758,"_timestamp":1.7367221197704256e+09,"predicted_resid_stock_price":9.392289161682129,"seasonal_3_train_loss":0.7386238735877663,"predicted_trend_stock_price":165.37191772460938,"predicted_seasonal_0_stock_price":-1.7567391395568848,"Runtime (seconds)":10.39929723739624,"predicted_seasonal_3_stock_price":5.208587169647217,"resid_train_loss":0.7487651670262123,"real_seasonal_0_stock_price":-6.886692248923765}