{"_wandb":{"runtime":11},"dim":128,"seasonal_1_valid_loss":2.1435028284989954,"real_trend_stock_price":167.5354913342489,"predicted_seasonal_1_stock_price":0.9917516708374023,"predicted_trend_stock_price":72.2818832397461,"Runtime (seconds)":5.313606262207031,"resid_train_loss":0.7525597138478632,"predicted_seasonal_3_stock_price":17.94505500793457,"seasonal_3_train_loss":1.1879388096353718,"seasonal_0_valid_loss":1.7228457296264883,"_runtime":11.298695798,"real_seasonal_3_stock_price":9.210042698987007,"real_seasonal_2_stock_price":16.307195141839433,"real_seasonal_0_stock_price":-6.886692248923765,"mse":12684.8219774678,"seasonal_2_valid_loss":0.8288631294853985,"trend_valid_loss":2.3701264969021114,"periods":[252,504,756,1260],"AMZN Stock Price Prediction by iTransformer":{"width":1000,"height":600,"_type":"image-file","sha256":"81ad165102e296de74269f6f0c0360158770be3719d999c4bb3102647e3f320b","size":46249,"path":"media/images/AMZN Stock Price Prediction by iTransformer_8_81ad165102e296de7426.png","format":"png"},"seasonal_0_train_loss":1.5177251928990692,"mae":112.62691497802734,"predicted_seasonal_0_stock_price":2.8405680656433105,"seasonal_2_train_loss":0.7414330160074626,"resid_valid_loss":0.1990357072488086,"trend_train_loss":1.5229496563220195,"real_seasonal_1_stock_price":2.721535027645758,"rmse":112.62691497802734,"real_resid_stock_price":30.052430487608945,"_step":9,"predicted_seasonal_2_stock_price":-0.777986466884613,"predicted_resid_stock_price":13.031811714172363,"depth":4,"seasonal_1_train_loss":2.0929386468410294,"real_stock_price":218.94000244140625,"final_predicted_stock_price":106.3130874633789,"seasonal_3_valid_loss":0.3548591732978821,"_timestamp":1.7367373942471712e+09}