{"trend_valid_loss":0.4885778678820504,"seasonal_1_train_loss":0.5084996749995381,"predicted_resid_stock_price":2.6543376445770264,"real_stock_price":255.58999633789062,"mse":13657.297551069409,"trend_train_loss":0.38909415125758295,"mae":116.86444091796875,"real_seasonal_0_stock_price":1.7934311329425692,"_runtime":11.291480114,"seasonal_0_valid_loss":0.17247617215115502,"_step":9,"seasonal_3_train_loss":0.7483740357434555,"real_seasonal_1_stock_price":0.2908116444479966,"predicted_seasonal_2_stock_price":-1.0723621845245361,"seasonal_0_train_loss":0.34325386832956334,"_wandb":{"runtime":11},"resid_train_loss":0.8479062016123862,"seasonal_1_valid_loss":0.2278796992285627,"predicted_seasonal_1_stock_price":-0.7263059020042419,"_timestamp":1.7367065157881057e+09,"seasonal_2_train_loss":1.324055273562302,"real_resid_stock_price":17.27906819286042,"predicted_trend_stock_price":138.48532104492188,"dim":128,"resid_valid_loss":1.5543515597780546,"predicted_seasonal_3_stock_price":-2.6385087966918945,"periods":[252,504,756,1260],"real_seasonal_2_stock_price":9.101139001840354,"Runtime (seconds)":6.016367197036743,"final_predicted_stock_price":138.72555541992188,"seasonal_3_valid_loss":0.33432796597480774,"rmse":116.86444091796875,"AAPL Stock Price Prediction by iTransformer":{"format":"png","width":1000,"height":600,"_type":"image-file","sha256":"ea052b08c98cb0420fc2ebf68084aa7e6f32cef72b1d6632ef6009224f747573","size":46759,"path":"media/images/AAPL Stock Price Prediction by iTransformer_8_ea052b08c98cb0420fc2.png"},"seasonal_2_valid_loss":1.0472638400596217,"real_trend_stock_price":219.7725978862821,"depth":4,"real_seasonal_3_stock_price":7.352948479517176,"predicted_seasonal_0_stock_price":2.02305269241333}