{"seasonal_2_train_loss":0.5252234702237306,"seasonal_0_valid_loss":2.314548541621158,"seasonal_1_valid_loss":0.14009127598525822,"predicted_seasonal_1_stock_price":-2.7870168685913086,"seasonal_3_valid_loss":1.2729779525192637,"predicted_trend_stock_price":128.97418212890625,"trend_train_loss":0.13014099065584986,"predicted_seasonal_0_stock_price":0.9829807877540588,"resid_train_loss":0.3948605011703951,"_timestamp":1.7367242473756938e+09,"predicted_seasonal_3_stock_price":9.286669731140137,"real_resid_stock_price":9.055696028126306,"seasonal_3_train_loss":0.9771597909095127,"_runtime":16.668816228,"real_trend_stock_price":221.26011162878427,"_step":9,"resid_valid_loss":0.24271852116580825,"rmse":90.79385375976562,"real_seasonal_1_stock_price":-3.1406810097045126,"predicted_seasonal_2_stock_price":1.7388426065444946,"real_seasonal_2_stock_price":7.340474765604016,"seasonal_0_train_loss":1.2100051534151595,"real_seasonal_0_stock_price":-2.3363846292387622,"mse":8243.523880549707,"real_stock_price":236.85000610351562,"dim":128,"depth":4,"AAPL Stock Price Prediction by iTransformer":{"size":46344,"path":"media/images/AAPL Stock Price Prediction by iTransformer_8_56bfd5b47efbd966abd7.png","format":"png","width":1000,"height":600,"_type":"image-file","sha256":"56bfd5b47efbd966abd748bdb02933989ba5f4b5d98da77a4804bc1c68a34f8b"},"mae":90.79385375976562,"Runtime (seconds)":8.47437071800232,"real_seasonal_3_stock_price":4.670789319944269,"trend_valid_loss":0.7864578803759805,"seasonal_2_valid_loss":0.39975433166210467,"_wandb":{"runtime":16},"seasonal_1_train_loss":0.8257999056464908,"final_predicted_stock_price":146.05615234375,"predicted_resid_stock_price":7.860489845275879,"periods":[252,504,756,1260]}