{"dim":128,"real_resid_stock_price":30.052430487608945,"seasonal_3_valid_loss":1.1452181265555437,"real_stock_price":218.94000244140625,"seasonal_1_valid_loss":1.0965178557489932,"depth":4,"_runtime":13.120643121,"AMZN Stock Price Prediction by iTransformer":{"width":1000,"height":600,"_type":"image-file","sha256":"568a5e6b61e076b1d044c1cc9da99621fff06af0b83790b6f464d9bf416ec428","size":48958,"path":"media/images/AMZN Stock Price Prediction by iTransformer_8_568a5e6b61e076b1d044.png","format":"png"},"real_seasonal_3_stock_price":9.210042698987007,"seasonal_1_train_loss":1.1956603432207935,"real_seasonal_1_stock_price":2.721535027645758,"predicted_seasonal_2_stock_price":9.953973770141602,"final_predicted_stock_price":149.3798065185547,"real_seasonal_0_stock_price":-6.886692248923765,"trend_train_loss":0.8353972318927663,"rmse":69.56019592285156,"predicted_resid_stock_price":12.753466606140137,"_step":9,"real_trend_stock_price":167.5354913342489,"seasonal_2_valid_loss":0.2755507826805115,"seasonal_0_valid_loss":0.33183595130824073,"predicted_seasonal_0_stock_price":-7.387875080108643,"seasonal_3_train_loss":1.2518015452495042,"resid_train_loss":0.549687342419692,"predicted_trend_stock_price":145.38677978515625,"predicted_seasonal_3_stock_price":-10.499907493591309,"Runtime (seconds)":7.26491904258728,"real_seasonal_2_stock_price":16.307195141839433,"mse":4838.620856825495,"seasonal_0_train_loss":0.4111668866676493,"_timestamp":1.7367102253764803e+09,"resid_valid_loss":0.36674185298209966,"trend_valid_loss":0.14892271161079407,"mae":69.56019592285156,"periods":[252,504,756,1260],"_wandb":{"runtime":13},"predicted_seasonal_1_stock_price":-0.826632022857666,"seasonal_2_train_loss":0.6664541807540657}