{"predicted_resid_stock_price":13.362250328063965,"real_resid_stock_price":30.052430487608945,"seasonal_1_train_loss":1.1702658339248349,"mse":3315.35293674469,"_wandb":{"runtime":10},"real_seasonal_0_stock_price":-6.886692248923765,"real_trend_stock_price":167.5354913342489,"seasonal_3_valid_loss":0.19904723824676482,"predicted_seasonal_1_stock_price":-1.1929044723510742,"real_seasonal_2_stock_price":16.307195141839433,"rmse":57.5791015625,"seasonal_3_train_loss":0.9917858958271148,"_step":9,"predicted_seasonal_0_stock_price":-10.875334739685059,"predicted_seasonal_2_stock_price":11.637420654296875,"seasonal_0_train_loss":0.32154958248138427,"trend_train_loss":0.4110815219708984,"resid_train_loss":0.5425164910004325,"seasonal_2_valid_loss":0.15772214858811728,"periods":[252,504,756,1260],"seasonal_0_valid_loss":0.4091326589521922,"predicted_seasonal_3_stock_price":8.024898529052734,"dim":128,"_timestamp":1.7367191061666782e+09,"_runtime":10.633510277,"AMZN Stock Price Prediction by iTransformer":{"_type":"image-file","sha256":"721a7db34381d4957a63448bb5adf0568dc9068e25f63d8b5c3121b5e0dda2bc","size":48755,"path":"media/images/AMZN Stock Price Prediction by iTransformer_8_721a7db34381d4957a63.png","format":"png","width":1000,"height":600},"real_stock_price":218.94000244140625,"Runtime (seconds)":5.110774278640747,"depth":4,"mae":57.5791015625,"real_seasonal_3_stock_price":9.210042698987007,"resid_valid_loss":0.5528669340167454,"final_predicted_stock_price":161.36090087890625,"seasonal_1_valid_loss":1.1775839072915744,"seasonal_2_train_loss":0.4761013120264005,"real_seasonal_1_stock_price":2.721535027645758,"predicted_trend_stock_price":140.40457153320312,"trend_valid_loss":0.07623806488406551}