{"real_stock_price":236.85000610351562,"seasonal_2_valid_loss":0.1367447469732288,"seasonal_0_valid_loss":2.753915479549995,"AAPL Stock Price Prediction by iTransformer":{"height":600,"_type":"image-file","sha256":"3792a0a9436cb488341c64fc29c941460b30cd39a29545ed3a8e051985b150a7","size":50709,"path":"media/images/AAPL Stock Price Prediction by iTransformer_8_3792a0a9436cb488341c.png","format":"png","width":1000},"seasonal_0_train_loss":1.606743807595961,"Runtime (seconds)":4.447057008743286,"dim":128,"seasonal_2_train_loss":0.2847343762183473,"_step":9,"real_seasonal_0_stock_price":-2.3363823976992384,"seasonal_1_valid_loss":0.12368764478519473,"seasonal_3_valid_loss":0.29493186708594066,"final_predicted_stock_price":218.73158264160156,"seasonal_1_train_loss":0.4590963624617351,"trend_valid_loss":0.002120174700394273,"resid_valid_loss":0.9547728944604642,"predicted_seasonal_2_stock_price":5.927284240722656,"trend_train_loss":0.7254589476454644,"resid_train_loss":0.7459194404839059,"predicted_seasonal_3_stock_price":-2.3200204372406006,"real_seasonal_2_stock_price":7.340468542593085,"seasonal_3_train_loss":1.233493896014649,"predicted_seasonal_0_stock_price":-1.247197151184082,"predicted_seasonal_1_stock_price":-3.9831790924072266,"real_trend_stock_price":221.26011115972577,"_wandb":{"runtime":9},"_timestamp":1.7367527361902902e+09,"real_seasonal_3_stock_price":4.6707893272107714,"mse":328.27726874523796,"rmse":18.118423461914062,"periods":[252,504,756,1260],"_runtime":9.412339542,"real_seasonal_1_stock_price":-3.1406760008074937,"depth":4,"predicted_resid_stock_price":0.02963709831237793,"mae":18.118423461914062,"real_resid_stock_price":9.055695472492744,"predicted_trend_stock_price":220.3250732421875}