{"_wandb":{"runtime":9},"real_seasonal_3_stock_price":9.210042698987007,"_runtime":9.732116307,"seasonal_0_train_loss":0.4106828689366219,"predicted_resid_stock_price":12.354811668395996,"AMZN Stock Price Prediction by iTransformer":{"_type":"image-file","sha256":"e46be0ddd08878d4b2fec88cd444f63b282776206124126f26a3fc68649155b4","size":46593,"path":"media/images/AMZN Stock Price Prediction by iTransformer_8_e46be0ddd08878d4b2fe.png","format":"png","width":1000,"height":600},"mae":126.03892517089844,"seasonal_1_valid_loss":1.0927515161210213,"seasonal_2_valid_loss":0.3850897069730767,"dim":128,"seasonal_3_valid_loss":0.27627934591061826,"final_predicted_stock_price":92.90107727050781,"_timestamp":1.7367280601678307e+09,"real_trend_stock_price":167.5354913342489,"trend_train_loss":1.225705093427752,"real_seasonal_2_stock_price":16.307195141839433,"seasonal_0_valid_loss":0.3885539397597313,"mse":15885.810658235336,"seasonal_2_train_loss":0.5768998883259637,"predicted_trend_stock_price":68.14501190185547,"predicted_seasonal_2_stock_price":10.81589412689209,"predicted_seasonal_1_stock_price":-0.3502805829048157,"resid_train_loss":1.3029390063192545,"periods":[252,504,756,1260],"depth":4,"rmse":126.03892517089844,"Runtime (seconds)":3.9148056507110596,"predicted_seasonal_0_stock_price":-3.9277403354644775,"trend_valid_loss":2.885603630462749,"real_seasonal_1_stock_price":2.721535027645758,"real_seasonal_0_stock_price":-6.886692248923765,"resid_valid_loss":0.6872179655968642,"real_stock_price":218.94000244140625,"seasonal_1_train_loss":1.500776907625167,"predicted_seasonal_3_stock_price":5.863384246826172,"seasonal_3_train_loss":0.46465161808971633,"_step":9,"real_resid_stock_price":30.052430487608945}