{"Runtime (seconds)":54.54306602478027,"train_loss":0.08900296964722094,"mse":64.32634269096889,"valid_loss":0.05961761077302433,"real_stock_price":170.42665100097656,"mae":8.020370483398438,"depth":4,"_wandb":{"runtime":2174},"_timestamp":1.73866576341892e+09,"_step":193,"r2_score":NaN,"rmse":8.020370483398438,"dim":128,"predicted_stock_price":162.40628051757812,"GOOG Stock Price Prediction by iTransformer(no MSTL)":{"sha256":"941b5005ec33f82d70a02d97c0c7f64d3d7eed2f30f74fcbccab31d627cfc192","size":56698,"path":"media/images/GOOG Stock Price Prediction by iTransformer(no MSTL)_192_941b5005ec33f82d70a0.png","format":"png","width":1000,"height":600,"_type":"image-file"},"_runtime":2174.659436495}