{"_step":9,"real_seasonal_3_stock_price":9.210042698987007,"predicted_seasonal_0_stock_price":-4.394866943359375,"trend_valid_loss":2.1595227977014937,"final_predicted_stock_price":93.76897430419922,"real_seasonal_0_stock_price":-6.886692248923765,"resid_valid_loss":0.643857904602139,"real_trend_stock_price":167.5354913342489,"seasonal_1_valid_loss":0.24233317630007523,"periods":[252,504,756,1260],"real_seasonal_1_stock_price":2.721535027645758,"seasonal_3_train_loss":1.2462930753827095,"seasonal_1_train_loss":0.5982462625597856,"Runtime (seconds)":4.541911363601685,"predicted_resid_stock_price":22.093412399291992,"_wandb":{"runtime":9},"real_stock_price":218.94000244140625,"seasonal_0_valid_loss":0.5310592833559523,"_timestamp":1.7367307679787788e+09,"predicted_seasonal_3_stock_price":-7.215734481811523,"trend_train_loss":1.4169032788148457,"dim":128,"depth":4,"mae":125.17102813720703,"AMZN Stock Price Prediction by iTransformer":{"format":"png","width":1000,"height":600,"_type":"image-file","sha256":"fdf11338283ede15e442cd6669088445950a714ccd37ebd7f0f06ab278a42a80","size":46767,"path":"media/images/AMZN Stock Price Prediction by iTransformer_8_fdf11338283ede15e442.png"},"real_seasonal_2_stock_price":16.307195141839433,"seasonal_2_valid_loss":0.4977531298654243,"rmse":125.17102813720703,"_runtime":9.341447345,"seasonal_2_train_loss":0.5730616922610335,"resid_train_loss":0.892939999857377,"predicted_seasonal_2_stock_price":1.6653246879577637,"real_resid_stock_price":30.052430487608945,"mse":15667.786284925474,"predicted_seasonal_1_stock_price":4.000268459320068,"seasonal_0_train_loss":0.5872130389533826,"predicted_trend_stock_price":77.62057495117188,"seasonal_3_valid_loss":0.4662272121646617}