{"AAPL Stock Price Prediction by iTransformer":{"format":"png","width":1000,"height":600,"_type":"image-file","sha256":"f1fc513ba5b936d23f7a18a3415fd7c370861391005babee657325b44c9bf7ea","size":52213,"path":"media/images/AAPL Stock Price Prediction by iTransformer_1801_f1fc513ba5b936d23f7a.png"},"_timestamp":1.736131386560751e+09,"dim":128,"predicted_seasonal_0_stock_price":0.26086536049842834,"predicted_resid_stock_price":9.429444313049316,"rmse":10.34222412109375,"seasonal_3_valid_loss":0.016225228065417874,"seasonal_3_train_loss":0.02574004043955266,"resid_train_loss":0.05707000867356879,"real_seasonal_1_stock_price":-3.5545028983808105,"seasonal_2_valid_loss":0.02923025405149401,"trend_valid_loss":0.021569617054283372,"mae":10.34222412109375,"final_predicted_stock_price":224.7177734375,"predicted_seasonal_3_stock_price":0.6685557961463928,"periods":[63,126,252,504],"real_seasonal_3_stock_price":0.7664938345771147,"predicted_trend_stock_price":214.785400390625,"predicted_seasonal_1_stock_price":-3.9415054321289062,"real_resid_stock_price":14.325701259885449,"seasonal_1_valid_loss":0.02166992612183094,"_runtime":30665.996774354,"seasonal_0_train_loss":0.03517703034648992,"depth":4,"real_seasonal_0_stock_price":0.326046060176759,"seasonal_2_train_loss":0.06241425600277602,"predicted_seasonal_2_stock_price":3.515014171600342,"trend_train_loss":0.0527831853893821,"seasonal_0_valid_loss":0.06786850515164827,"_step":1802,"real_trend_stock_price":219.41292271928137,"Runtime (seconds)":2497.9748606681824,"real_seasonal_2_stock_price":3.7833365830538455,"seasonal_1_train_loss":0.02773600721477785,"real_stock_price":235.05999755859375,"resid_valid_loss":0.029381834672228116,"_wandb":{"runtime":30665},"mse":106.96159977093339}