{"_runtime":2848.4111121,"_timestamp":1.7384492332281346e+09,"predicted_stock_price":101.14225769042969,"_step":302,"mae":0.36774444580078125,"valid_loss":0.06206398197120353,"real_stock_price":101.51000213623047,"_wandb":{"runtime":2848},"train_loss":0.0671576207206792,"dim":128,"mse":0.13523597741732374,"depth":4,"rmse":0.36774444580078125,"Runtime (seconds)":98.54504799842834,"r2_score":NaN,"SBUX Stock Price Prediction by iTransformer(no MSTL)":{"height":600,"_type":"image-file","sha256":"99ae5540b1cf6346cf5e372bece14b78715fd99a604149daf8b56c38a0773284","size":56101,"path":"media/images/SBUX Stock Price Prediction by iTransformer(no MSTL)_301_99ae5540b1cf6346cf5e.png","format":"png","width":1000}}