{"valid_loss":0.4066902564631568,"_runtime":10.57974748,"_step":3,"_timestamp":1.735975494353937e+09,"AAPL Stock Price Prediction by iTransformer":{"width":1000,"height":600,"_type":"image-file","sha256":"78c7c615de3f2b339b539bdd012587ab318915a3e1545135f716179b91cd5fb8","size":46755,"path":"media/images/AAPL Stock Price Prediction by iTransformer_2_78c7c615de3f2b339b53.png","format":"png"},"dim":128,"rmse":38.971588134765625,"depth":4,"r2_score":NaN,"_wandb":{"runtime":10},"train_loss":0.46230238695199743,"mae":38.971588134765625,"predicted_stock_price":193.89840698242188,"real_stock_price":232.8699951171875,"Runtime (seconds)":2.858853578567505,"mse":1518.7846817458048}