{"real_seasonal_1_stock_price":2.721535027645758,"seasonal_3_train_loss":2.4259465425700646,"predicted_seasonal_3_stock_price":12.679081916809082,"predicted_trend_stock_price":128.93215942382812,"predicted_seasonal_2_stock_price":1.190098762512207,"real_stock_price":218.94000244140625,"resid_valid_loss":0.5754403812067391,"_step":9,"predicted_seasonal_1_stock_price":2.3083629608154297,"predicted_seasonal_0_stock_price":0.6080337166786194,"AMZN Stock Price Prediction by iTransformer":{"height":600,"_type":"image-file","sha256":"fc6437d005699f07593accd0fadb43fd19fd2f9a4259cf1d4a02564b868f5610","size":48567,"path":"media/images/AMZN Stock Price Prediction by iTransformer_8_fc6437d005699f07593a.png","format":"png","width":1000},"_runtime":14.947870278,"Runtime (seconds)":7.992685556411743,"_timestamp":1.736741944336124e+09,"seasonal_1_valid_loss":0.29540701207374875,"real_seasonal_2_stock_price":16.307195141839433,"final_predicted_stock_price":159.74740600585938,"dim":128,"periods":[252,504,756,1260],"real_resid_stock_price":30.052430487608945,"trend_train_loss":0.5145941915719005,"trend_valid_loss":0.23232192103500648,"predicted_resid_stock_price":14.029677391052246,"seasonal_2_valid_loss":0.7138258404907433,"depth":4,"seasonal_2_train_loss":0.6317645634700038,"mse":3503.7634727815166,"resid_train_loss":0.5324091441255419,"real_seasonal_0_stock_price":-6.886692248923765,"mae":59.192596435546875,"seasonal_3_valid_loss":0.24751732948087377,"seasonal_1_train_loss":0.9880113609561127,"real_trend_stock_price":167.5354913342489,"seasonal_0_valid_loss":1.1057125456310644,"real_seasonal_3_stock_price":9.210042698987007,"seasonal_0_train_loss":0.8550232061852638,"rmse":59.192596435546875,"_wandb":{"runtime":14}}