{"_wandb":{"runtime":82},"Validation Loss (Resid)":0.10891259309039059,"_runtime":82.138069528,"_timestamp":1.72875152237515e+09,"Validation Loss (Seasonal)":0.10076876550194729,"Train Loss (Trend)":0.014060131095765583,"Train Loss (Resid)":0.0535780496973977,"Train Loss (Seasonal)":0.021223748931562918,"Validation Loss (Trend)":0.023841900414372064,"_step":99}