{"real_resid_stock_price":9.055693541258165,"real_seasonal_3_stock_price":4.67078561925661,"seasonal_1_train_loss":0.3378277249142747,"_step":9,"real_seasonal_2_stock_price":7.340473020437542,"_timestamp":1.7367245899273098e+09,"periods":[252,504,756,1260],"final_predicted_stock_price":164.73594665527344,"dim":128,"_runtime":9.880872892,"AAPL Stock Price Prediction by iTransformer":{"_type":"image-file","sha256":"d3f1843d5799251e936843292bdd31e298e336ebbe8f90008c8a9f7dce899e53","size":45897,"path":"media/images/AAPL Stock Price Prediction by iTransformer_8_d3f1843d5799251e9368.png","format":"png","width":1000,"height":600},"predicted_seasonal_0_stock_price":0.973711371421814,"seasonal_3_train_loss":1.3900010862930134,"real_seasonal_1_stock_price":-3.140676721220492,"seasonal_3_valid_loss":0.2971709561071649,"predicted_seasonal_2_stock_price":2.2519805431365967,"seasonal_2_train_loss":0.6154240436840498,"seasonal_0_train_loss":0.3202729365329351,"rmse":72.11405944824219,"real_trend_stock_price":221.26011215446357,"seasonal_0_valid_loss":0.45384180002020436,"seasonal_1_valid_loss":0.29065832839562344,"real_seasonal_0_stock_price":-2.3363815106797494,"seasonal_2_valid_loss":0.5348040024638177,"trend_valid_loss":0.2780192257316016,"mse":5200.437570104608,"predicted_seasonal_1_stock_price":-2.521017551422119,"predicted_resid_stock_price":-5.085489273071289,"_wandb":{"runtime":9},"trend_train_loss":0.11639714352319443,"depth":4,"real_stock_price":236.85000610351562,"mae":72.11405944824219,"resid_valid_loss":3.4929285049438477,"predicted_seasonal_3_stock_price":1.5927715301513672,"resid_train_loss":1.9141148956656329,"predicted_trend_stock_price":167.52398681640625,"Runtime (seconds)":4.650110721588135}