{"seasonal_2_valid_loss":0.18831030224614284,"predicted_seasonal_3_stock_price":4.022414684295654,"seasonal_1_valid_loss":0.17885811516380573,"seasonal_0_valid_loss":0.1821504831314087,"periods":[252,504,756,1260],"resid_train_loss":1.257148831984607,"seasonal_3_valid_loss":0.9721165116673555,"mse":5017.206913755275,"mae":70.83224487304688,"depth":4,"seasonal_3_train_loss":0.8843607872870168,"dim":128,"_runtime":10.722186915,"seasonal_2_train_loss":0.5504897413876713,"trend_train_loss":0.09172187375855617,"predicted_seasonal_0_stock_price":-3.9597504138946533,"real_seasonal_2_stock_price":16.307195141839433,"real_trend_stock_price":167.5354913342489,"real_seasonal_0_stock_price":-6.886692248923765,"predicted_trend_stock_price":130.74159240722656,"seasonal_0_train_loss":0.4286558851676319,"predicted_resid_stock_price":-1.4769465923309326,"final_predicted_stock_price":148.10775756835938,"_step":9,"_wandb":{"runtime":10},"real_resid_stock_price":30.052430487608945,"real_seasonal_1_stock_price":2.721535027645758,"seasonal_1_train_loss":0.4303702990612499,"real_seasonal_3_stock_price":9.210042698987007,"trend_valid_loss":0.1924417927284783,"real_stock_price":218.94000244140625,"AMZN Stock Price Prediction by iTransformer":{"size":48772,"path":"media/images/AMZN Stock Price Prediction by iTransformer_8_4b5b86b3ebbf6945b398.png","format":"png","width":1000,"height":600,"_type":"image-file","sha256":"4b5b86b3ebbf6945b398d4a24652f1bbcc79d00e7e060f4088b8eccd419dc8e7"},"predicted_seasonal_1_stock_price":2.1916120052337646,"Runtime (seconds)":5.629456281661987,"_timestamp":1.7367277758067987e+09,"rmse":70.83224487304688,"resid_valid_loss":6.190851211547852,"predicted_seasonal_2_stock_price":16.588830947875977}