{"Validation Loss (Resid)":0.1419725609292467,"_wandb":{"runtime":10},"Train Loss (Trend)":0.039883107126748044,"_runtime":10.258327282,"Validation Loss (Seasonal)":0.18399829264864864,"_timestamp":1.7287519029502838e+09,"_step":9,"Train Loss (Resid)":0.1299612497627106,"Validation Loss (Trend)":0.039913580494831846,"Train Loss (Seasonal)":0.09498616673198401}