{"seasonal_3_valid_loss":1.4332125500071473,"dim":128,"_wandb":{"runtime":12},"final_predicted_stock_price":154.70184326171875,"_timestamp":1.7367104777433515e+09,"seasonal_2_valid_loss":0.6144330701534702,"predicted_seasonal_1_stock_price":-3.534541368484497,"seasonal_1_valid_loss":4.075990200042725,"trend_train_loss":0.08582853273454197,"mse":4126.541094794869,"mae":64.2381591796875,"trend_valid_loss":0.0778931768142553,"real_seasonal_2_stock_price":16.307195141839433,"resid_valid_loss":1.3435451046184257,"seasonal_3_train_loss":0.6115448439422269,"real_stock_price":218.94000244140625,"seasonal_0_valid_loss":0.42727104428583984,"predicted_trend_stock_price":143.3119659423828,"periods":[252,504,756,1260],"predicted_seasonal_3_stock_price":6.492297649383545,"real_resid_stock_price":30.052430487608945,"real_seasonal_0_stock_price":-6.886692248923765,"_runtime":12.388179767,"predicted_seasonal_2_stock_price":1.0330405235290527,"resid_train_loss":1.2612166577845632,"real_seasonal_1_stock_price":2.721535027645758,"predicted_resid_stock_price":12.432459831237793,"seasonal_2_train_loss":0.5382889138279434,"real_seasonal_3_stock_price":9.210042698987007,"real_trend_stock_price":167.5354913342489,"Runtime (seconds)":6.099501609802246,"AMZN Stock Price Prediction by iTransformer":{"path":"media/images/AMZN Stock Price Prediction by iTransformer_8_5e29baf49a7aecc2bb3d.png","format":"png","width":1000,"height":600,"_type":"image-file","sha256":"5e29baf49a7aecc2bb3d667914c0b108f54ff5711ba7372428fe63022b966595","size":48421},"rmse":64.2381591796875,"predicted_seasonal_0_stock_price":-5.033370018005371,"_step":9,"seasonal_1_train_loss":4.371236148819422,"depth":4,"seasonal_0_train_loss":0.45784712036370945}