{"seasonal_3_train_loss":1.0675092918481999,"real_resid_stock_price":9.055695009941019,"real_seasonal_0_stock_price":-2.3363795127131968,"real_seasonal_1_stock_price":-3.1406770045194774,"resid_train_loss":1.5869131141970323,"depth":4,"final_predicted_stock_price":108.397216796875,"rmse":128.45278930664062,"mse":16500.119080656208,"resid_valid_loss":0.5098685026168823,"predicted_trend_stock_price":107.27433776855469,"Runtime (seconds)":6.244548320770264,"_timestamp":1.7367070365253053e+09,"predicted_seasonal_1_stock_price":-0.1189533993601799,"predicted_seasonal_3_stock_price":1.2260828018188477,"real_trend_stock_price":221.26011234410475,"seasonal_3_valid_loss":0.34834340892054816,"seasonal_2_train_loss":3.3075976918015297,"_runtime":13.013817114,"predicted_resid_stock_price":5.877415657043457,"predicted_seasonal_0_stock_price":-0.23018135130405426,"real_seasonal_3_stock_price":4.670783051125051,"_wandb":{"runtime":13},"seasonal_1_train_loss":1.4973017111201328,"_step":9,"periods":[252,504,756,1260],"real_stock_price":236.85000610351562,"trend_valid_loss":0.960415788819208,"seasonal_2_valid_loss":2.8800978540216833,"predicted_seasonal_2_stock_price":-5.631494522094727,"seasonal_1_valid_loss":1.7405350851172676,"trend_train_loss":0.27882089974766194,"mae":128.45278930664062,"real_seasonal_2_stock_price":7.340472215577466,"AAPL Stock Price Prediction by iTransformer":{"height":600,"_type":"image-file","sha256":"a41cf1de3e2d48f1e461d1c0814f4e1199bef106c47360d9bfb7a6975ab66305","size":47087,"path":"media/images/AAPL Stock Price Prediction by iTransformer_8_a41cf1de3e2d48f1e461.png","format":"png","width":1000},"dim":128,"seasonal_0_train_loss":0.9497105062750107,"seasonal_0_valid_loss":1.3694219813723159}