{"mse":14274.468503688055,"seasonal_1_valid_loss":1.493983914877506,"real_seasonal_2_stock_price":16.307195141839433,"resid_valid_loss":0.5147208010708533,"seasonal_3_valid_loss":0.25717278105848057,"rmse":119.4758071899414,"_wandb":{"runtime":12},"periods":[252,504,756,1260],"final_predicted_stock_price":99.46419525146484,"predicted_resid_stock_price":14.560328483581543,"real_seasonal_0_stock_price":-6.886692248923765,"seasonal_2_valid_loss":0.7145097828280238,"dim":128,"Runtime (seconds)":6.12863826751709,"real_seasonal_3_stock_price":9.210042698987007,"trend_valid_loss":3.26548902568899,"seasonal_0_valid_loss":0.832036018371582,"_timestamp":1.7367465441865637e+09,"predicted_seasonal_0_stock_price":-1.8647773265838623,"AMZN Stock Price Prediction by iTransformer":{"_type":"image-file","sha256":"9fbdcbced65420988b446b1f06caa3f39752c4f8c48e5309d2211c643bec69b3","size":46679,"path":"media/images/AMZN Stock Price Prediction by iTransformer_8_9fbdcbced65420988b44.png","format":"png","width":1000,"height":600},"resid_train_loss":0.6139607579342974,"predicted_seasonal_3_stock_price":11.98585319519043,"real_stock_price":218.94000244140625,"seasonal_3_train_loss":0.8024946384909557,"seasonal_2_train_loss":0.870585303511391,"_step":9,"real_trend_stock_price":167.5354913342489,"_runtime":12.964993830000001,"real_seasonal_1_stock_price":2.721535027645758,"mae":119.4758071899414,"depth":4,"predicted_seasonal_1_stock_price":5.788849353790283,"seasonal_0_train_loss":0.5888396874651831,"trend_train_loss":1.817993416678508,"predicted_trend_stock_price":67.12997436523438,"real_resid_stock_price":30.052430487608945,"seasonal_1_train_loss":1.2786369334648888,"predicted_seasonal_2_stock_price":1.863967776298523}