{"rmse":1.013916015625,"resid_valid_loss":0.39399777393083313,"seasonal_3_train_loss":1.1433290678973853,"real_seasonal_2_stock_price":7.34047142300397,"real_seasonal_3_stock_price":4.670791318896801,"seasonal_2_train_loss":0.933753829436205,"predicted_trend_stock_price":217.7650604248047,"seasonal_1_valid_loss":1.1109263049472462,"real_resid_stock_price":9.055695916922957,"_step":9,"_runtime":13.449509961,"_wandb":{"runtime":13},"real_stock_price":236.85000610351562,"trend_valid_loss":0.0009879164329012397,"predicted_resid_stock_price":6.848909378051758,"predicted_seasonal_1_stock_price":0.23619306087493896,"seasonal_2_valid_loss":0.3832045389073236,"real_trend_stock_price":221.26011120364166,"predicted_seasonal_0_stock_price":1.9953826665878296,"AAPL Stock Price Prediction by iTransformer":{"width":1000,"height":600,"_type":"image-file","sha256":"61c542e36cbd9d4a92e9088a8d0e629b37058bc9ea6dd5b9e778e4b19e669b08","size":50812,"path":"media/images/AAPL Stock Price Prediction by iTransformer_8_61c542e36cbd9d4a92e9.png","format":"png"},"_timestamp":1.7367542823559597e+09,"resid_train_loss":0.3770161831297781,"trend_train_loss":0.21648995549901698,"seasonal_3_valid_loss":0.5173378968653628,"Runtime (seconds)":6.749101400375366,"seasonal_0_train_loss":0.353504608901836,"real_seasonal_1_stock_price":-3.1406766526674756,"predicted_seasonal_3_stock_price":-0.6011649966239929,"periods":[252,504,756,1260],"mae":1.013916015625,"depth":4,"seasonal_0_valid_loss":0.8814414242597727,"predicted_seasonal_2_stock_price":9.591719627380371,"seasonal_1_train_loss":1.1539115387620582,"mse":1.0280256867408752,"real_seasonal_0_stock_price":-2.3363871062822654,"dim":128,"final_predicted_stock_price":235.83609008789062}