{"_timestamp":1.736723612182183e+09,"periods":[252,504,756,1260],"real_seasonal_0_stock_price":-6.886692248923765,"trend_train_loss":1.2621474503757943,"predicted_seasonal_2_stock_price":-2.587858200073242,"trend_valid_loss":2.789265891780024,"resid_train_loss":0.6185554048456319,"predicted_trend_stock_price":79.91593933105469,"real_seasonal_2_stock_price":16.307195141839433,"real_seasonal_1_stock_price":2.721535027645758,"predicted_seasonal_0_stock_price":-4.369944095611572,"real_seasonal_3_stock_price":9.210042698987007,"seasonal_1_train_loss":0.9223016809512893,"resid_valid_loss":0.5701848052514209,"mse":19417.116540970805,"rmse":139.3453140258789,"Runtime (seconds)":4.09319281578064,"dim":128,"depth":4,"real_stock_price":218.94000244140625,"seasonal_1_valid_loss":0.8233450569567227,"real_resid_stock_price":30.052430487608945,"seasonal_0_train_loss":0.35500447000862684,"_step":9,"seasonal_3_valid_loss":0.39218359856445645,"_wandb":{"runtime":10},"final_predicted_stock_price":79.59468841552734,"seasonal_3_train_loss":0.6842424869537354,"predicted_seasonal_1_stock_price":-1.1917027235031128,"seasonal_0_valid_loss":0.16444927888360583,"mae":139.3453140258789,"_runtime":10.60956096,"predicted_resid_stock_price":4.470345497131348,"seasonal_2_valid_loss":0.7234942367966086,"seasonal_2_train_loss":0.6104426708058487,"AMZN Stock Price Prediction by iTransformer":{"size":47101,"path":"media/images/AMZN Stock Price Prediction by iTransformer_8_3d5a0d47fdbed9edae92.png","format":"png","width":1000,"height":600,"_type":"image-file","sha256":"3d5a0d47fdbed9edae927f924e272970c886ac96b31f5993ce840e97c4b95e19"},"predicted_seasonal_3_stock_price":3.35791277885437,"real_trend_stock_price":167.5354913342489}