{"seasonal_2_train_loss":0.263096471607785,"real_resid_stock_price":30.052430487608945,"_runtime":11.70894624,"predicted_seasonal_2_stock_price":9.80543327331543,"rmse":80.56222534179688,"predicted_seasonal_0_stock_price":-6.96691370010376,"predicted_resid_stock_price":4.0562825202941895,"Runtime (seconds)":5.763849258422852,"_timestamp":1.736741544788085e+09,"seasonal_2_valid_loss":0.2513855696403356,"real_seasonal_1_stock_price":2.721535027645758,"mse":6490.272152022459,"real_trend_stock_price":167.5354913342489,"seasonal_1_train_loss":0.47073667710504535,"_wandb":{"runtime":11},"predicted_trend_stock_price":119.23934936523438,"mae":80.56222534179688,"resid_valid_loss":0.788106812931647,"real_seasonal_3_stock_price":9.210042698987007,"seasonal_3_valid_loss":0.2642169398782046,"real_seasonal_0_stock_price":-6.886692248923765,"predicted_seasonal_1_stock_price":1.483801245689392,"AMZN Stock Price Prediction by iTransformer":{"size":46138,"path":"media/images/AMZN Stock Price Prediction by iTransformer_8_db8b0b75f1918397d2ae.png","format":"png","width":1000,"height":600,"_type":"image-file","sha256":"db8b0b75f1918397d2ae65055e4be09650e7a8c1516e5b83a3906f13444b30ad"},"real_stock_price":218.94000244140625,"predicted_seasonal_3_stock_price":10.759808540344238,"seasonal_0_train_loss":0.29708890764831636,"seasonal_1_valid_loss":0.23976713624777715,"trend_train_loss":0.9236748263560906,"seasonal_0_valid_loss":0.24414826107916432,"trend_valid_loss":0.41931483590279717,"real_seasonal_2_stock_price":16.307195141839433,"_step":9,"depth":4,"seasonal_3_train_loss":0.4150583523111307,"dim":128,"final_predicted_stock_price":138.37777709960938,"resid_train_loss":0.6584180413163171,"periods":[252,504,756,1260]}