{"rmse":3.3008880615234375,"predicted_seasonal_0_stock_price":-1.695294976234436,"seasonal_3_valid_loss":0.024075331166386604,"GOOG Stock Price Prediction by iTransformer":{"_type":"image-file","sha256":"9b953e5bd7f7964e3b5b5f5d319b5b5e95b530580edb47b99526220ea4a3a8e0","size":51121,"path":"media/images/GOOG Stock Price Prediction by iTransformer_1692_9b953e5bd7f7964e3b5b.png","format":"png","width":1000,"height":600},"resid_train_loss":0.06025185275464108,"predicted_trend_stock_price":155.29827880859375,"real_trend_stock_price":156.501168739983,"seasonal_2_train_loss":0.05489943390467872,"dim":128,"Runtime (seconds)":2991.077702522278,"resid_valid_loss":0.04306036839261651,"mse":10.895861994707957,"real_seasonal_0_stock_price":-1.1003195910838757,"final_predicted_stock_price":170.81158447265625,"seasonal_0_train_loss":0.02195546922004726,"seasonal_1_train_loss":0.06989920830919699,"mae":3.3008880615234375,"real_seasonal_2_stock_price":11.01850940936021,"predicted_resid_stock_price":8.458317756652832,"real_resid_stock_price":8.799016055155533,"seasonal_1_valid_loss":0.03644690782456965,"real_seasonal_3_stock_price":2.301954818627154,"seasonal_3_train_loss":0.05582361396562071,"predicted_seasonal_2_stock_price":10.542377471923828,"_timestamp":1.7389133109082887e+09,"predicted_seasonal_1_stock_price":-4.715299129486084,"seasonal_2_valid_loss":0.04096161950025623,"_runtime":31180.69554325,"_wandb":{"runtime":31180},"real_seasonal_1_stock_price":-3.407856897862329,"depth":4,"_step":1693,"trend_valid_loss":0.02908190531148152,"seasonal_0_valid_loss":0.03787693512790343,"trend_train_loss":0.05769460763264432,"real_stock_price":174.1124725341797,"periods":[252,504,756,1260],"predicted_seasonal_3_stock_price":2.9232194423675537}