{"real_seasonal_0_stock_price":-6.886692248923765,"predicted_trend_stock_price":84.518310546875,"predicted_seasonal_1_stock_price":-0.5250109434127808,"_step":9,"real_trend_stock_price":167.5354913342489,"AMZN Stock Price Prediction by iTransformer":{"path":"media/images/AMZN Stock Price Prediction by iTransformer_8_b5e3f27920cb81581703.png","format":"png","width":1000,"height":600,"_type":"image-file","sha256":"b5e3f27920cb81581703d02aae8b814596101eef7aeb68c146cd601e76cc3b81","size":46889},"real_seasonal_3_stock_price":9.210042698987007,"predicted_seasonal_0_stock_price":-2.4932942390441895,"_timestamp":1.736730077575738e+09,"final_predicted_stock_price":103.94624328613281,"_wandb":{"runtime":11},"rmse":114.99375915527344,"seasonal_1_train_loss":0.7168578026389218,"predicted_resid_stock_price":14.810946464538574,"seasonal_1_valid_loss":0.8234585992405924,"seasonal_2_valid_loss":0.3236149719664279,"seasonal_3_train_loss":2.285704225742171,"depth":4,"mae":114.99375915527344,"_runtime":11.662022922,"resid_valid_loss":0.21418639044039442,"seasonal_2_train_loss":0.7257450380619022,"periods":[252,504,756,1260],"seasonal_0_train_loss":1.0362880767645781,"dim":128,"mse":13223.564644661034,"real_seasonal_2_stock_price":16.307195141839433,"real_seasonal_1_stock_price":2.721535027645758,"predicted_seasonal_2_stock_price":14.641488075256348,"predicted_seasonal_3_stock_price":-7.006196022033691,"Runtime (seconds)":6.111149787902832,"trend_valid_loss":2.466301317790046,"resid_train_loss":0.5166178296019442,"trend_train_loss":1.0271462115172176,"seasonal_3_valid_loss":1.0766747636795044,"seasonal_0_valid_loss":0.823015578668709,"real_resid_stock_price":30.052430487608945,"real_stock_price":218.94000244140625}