{"dim":128,"_step":302,"real_stock_price":156.5399932861328,"predicted_stock_price":150.61624145507812,"depth":4,"Runtime (seconds)":113.43809676170349,"BA Stock Price Prediction by iTransformer(no MSTL)":{"format":"png","width":1000,"height":600,"_type":"image-file","sha256":"e4636b8132a6bfca1f9772477ee91227b5176b614cf8d5b95ecdb2ca2944c900","size":54077,"path":"media/images/BA Stock Price Prediction by iTransformer(no MSTL)_301_e4636b8132a6bfca1f97.png"},"_wandb":{"runtime":2582},"mse":35.09083575592376,"_timestamp":1.7385504849655232e+09,"_runtime":2582.161530313,"valid_loss":0.027879321996710803,"mae":5.9237518310546875,"rmse":5.9237518310546875,"r2_score":NaN,"train_loss":0.023880530800413823}