{"predicted_seasonal_0_stock_price":0.1640762984752655,"seasonal_1_valid_loss":0.1973058369726622,"dim":128,"_wandb":{"runtime":10},"seasonal_0_valid_loss":1.9173938826333767,"seasonal_1_train_loss":0.32421021615013934,"depth":4,"mse":33845.02591384348,"real_resid_stock_price":9.055690413334418,"final_predicted_stock_price":52.87982940673828,"predicted_resid_stock_price":-8.844035148620605,"resid_valid_loss":1.7581169932626477,"mae":183.97017669677734,"real_trend_stock_price":221.26011208038705,"predicted_trend_stock_price":65.66901397705078,"predicted_seasonal_2_stock_price":-0.37709200382232666,"real_seasonal_1_stock_price":-3.1406768691451434,"predicted_seasonal_3_stock_price":-1.81685471534729,"seasonal_3_valid_loss":0.6338692249628058,"Runtime (seconds)":4.702000379562378,"real_seasonal_3_stock_price":4.670782142042417,"seasonal_2_valid_loss":0.9880047937406411,"seasonal_3_train_loss":1.2178662105028286,"real_seasonal_2_stock_price":7.340471167810351,"predicted_seasonal_1_stock_price":-1.915278434753418,"seasonal_2_train_loss":0.9682165663940857,"trend_valid_loss":4.5424381162506835,"resid_train_loss":1.9165115984833023,"_runtime":10.449665405,"seasonal_0_train_loss":1.3019326052320566,"_timestamp":1.7367523598122623e+09,"AAPL Stock Price Prediction by iTransformer":{"width":1000,"height":600,"_type":"image-file","sha256":"d04eb34a38a9b9468cf86931451b8eb8199c6c036fa4a888bd60401825268e3c","size":44570,"path":"media/images/AAPL Stock Price Prediction by iTransformer_8_d04eb34a38a9b9468cf8.png","format":"png"},"trend_train_loss":1.568729201432949,"periods":[252,504,756,1260],"_step":9,"rmse":183.97017669677734,"real_seasonal_0_stock_price":-2.3363728309134637,"real_stock_price":236.85000610351562}