{"_wandb":{"runtime":11},"real_seasonal_1_stock_price":-3.140680476685462,"AAPL Stock Price Prediction by iTransformer":{"width":1000,"height":600,"_type":"image-file","sha256":"65e19439531c828ef06a3f2e7533b6e895e0658ae42d93c34397b3e30df7d311","size":46069,"path":"media/images/AAPL Stock Price Prediction by iTransformer_8_65e19439531c828ef06a.png","format":"png"},"predicted_seasonal_0_stock_price":0.378828227519989,"mse":20866.487109039503,"seasonal_3_train_loss":1.3921808347414957,"predicted_trend_stock_price":89.56382751464844,"depth":4,"Runtime (seconds)":5.759307384490967,"final_predicted_stock_price":92.39763641357422,"real_seasonal_0_stock_price":-2.3363793136652267,"rmse":144.4523696899414,"seasonal_0_train_loss":0.7818578062092398,"real_stock_price":236.85000610351562,"seasonal_2_train_loss":0.5844395562118637,"real_seasonal_2_stock_price":7.3404760916190614,"trend_valid_loss":2.628643240961995,"seasonal_2_valid_loss":0.15079006019133734,"predicted_seasonal_2_stock_price":6.161374092102051,"resid_train_loss":1.09626320991445,"_runtime":11.708934443,"predicted_seasonal_3_stock_price":-3.5786964893341064,"predicted_seasonal_1_stock_price":0.8841636180877686,"seasonal_0_valid_loss":1.7789807883982962,"resid_valid_loss":2.7069573821934436,"_step":9,"mae":144.4523696899414,"_timestamp":1.7367263051643994e+09,"real_resid_stock_price":9.05569009140035,"dim":128,"real_trend_stock_price":221.26011264954778,"predicted_resid_stock_price":-1.0118660926818848,"real_seasonal_3_stock_price":4.670787061299146,"periods":[252,504,756,1260],"seasonal_1_train_loss":2.687193620452419,"seasonal_3_valid_loss":1.336796199067339,"seasonal_1_valid_loss":0.4481610953807831,"trend_train_loss":0.5274059100314319}