{"seasonal_2_valid_loss":0.2630696203973558,"dim":128,"seasonal_0_train_loss":0.18279572513860626,"predicted_seasonal_1_stock_price":3.8350472450256348,"predicted_seasonal_0_stock_price":-5.284904479980469,"periods":[252,504,756,1260],"seasonal_1_train_loss":0.3034955636170086,"_runtime":12.12319476,"trend_valid_loss":4.286429970951404,"predicted_trend_stock_price":49.00060272216797,"real_seasonal_3_stock_price":9.210042698987007,"seasonal_2_train_loss":0.8117299089055873,"predicted_seasonal_2_stock_price":8.479866981506348,"seasonal_1_valid_loss":0.12726768851280212,"_wandb":{"runtime":12},"seasonal_0_valid_loss":0.18831795055183778,"mse":26479.39781555906,"real_stock_price":218.94000244140625,"real_seasonal_2_stock_price":16.307195141839433,"real_seasonal_1_stock_price":2.721535027645758,"trend_train_loss":2.731322839192764,"Runtime (seconds)":5.455268621444702,"_step":9,"resid_train_loss":0.5794189637073315,"mae":162.72491455078125,"predicted_resid_stock_price":8.961824417114258,"final_predicted_stock_price":56.215087890625,"real_trend_stock_price":167.5354913342489,"AMZN Stock Price Prediction by iTransformer":{"width":1000,"height":600,"_type":"image-file","sha256":"eccb3b623abeba367ed59572e572102e7b1f066349b620550b18173a573a7471","size":46241,"path":"media/images/AMZN Stock Price Prediction by iTransformer_8_eccb3b623abeba367ed5.png","format":"png"},"depth":4,"real_resid_stock_price":30.052430487608945,"rmse":162.72491455078125,"resid_valid_loss":0.5747920274734497,"seasonal_3_train_loss":1.2095823973503417,"seasonal_3_valid_loss":0.9719873323278913,"_timestamp":1.7367334732134223e+09,"predicted_seasonal_3_stock_price":-8.77734661102295,"real_seasonal_0_stock_price":-6.886692248923765}