{"resid_valid_loss":0.5490428733646422,"real_seasonal_3_stock_price":4.670783888444508,"real_seasonal_0_stock_price":-2.3363752364584536,"Runtime (seconds)":6.325571537017822,"_timestamp":1.7367212961698918e+09,"real_stock_price":236.85000610351562,"predicted_seasonal_3_stock_price":3.052741050720215,"real_seasonal_2_stock_price":7.340474057090205,"final_predicted_stock_price":119.44392395019531,"seasonal_3_train_loss":0.8314826104922434,"real_seasonal_1_stock_price":-3.1406786769862305,"rmse":117.40608215332031,"_wandb":{"runtime":12},"resid_train_loss":1.0348816528648372,"seasonal_2_train_loss":1.8976877900470386,"predicted_seasonal_0_stock_price":1.2531450986862183,"mae":117.40608215332031,"depth":4,"trend_train_loss":0.14116866155027055,"predicted_trend_stock_price":106.38409423828125,"dim":128,"seasonal_0_train_loss":0.928764999258363,"real_trend_stock_price":221.26011170199703,"periods":[252,504,756,1260],"predicted_seasonal_2_stock_price":-0.7633647918701172,"_runtime":12.887521075,"AAPL Stock Price Prediction by iTransformer":{"path":"media/images/AAPL Stock Price Prediction by iTransformer_8_f2510e91e10cd94c011b.png","format":"png","width":1000,"height":600,"_type":"image-file","sha256":"f2510e91e10cd94c011bb2cf27526a64a30e32347f868393bc642669d2a7c892","size":47354},"_step":9,"mse":13784.188126592198,"trend_valid_loss":1.459611562165347,"predicted_seasonal_1_stock_price":-2.9258370399475098,"real_resid_stock_price":9.05569036942856,"seasonal_3_valid_loss":0.29651998955665565,"predicted_resid_stock_price":12.443143844604492,"seasonal_0_valid_loss":1.7314350729625232,"seasonal_1_valid_loss":0.17381716525701227,"seasonal_2_valid_loss":1.5516626834869385,"seasonal_1_train_loss":0.4054964267593337}