{"real_resid_stock_price":30.052430487608945,"seasonal_0_train_loss":0.8604252531381077,"seasonal_2_train_loss":0.48183659020375796,"seasonal_2_valid_loss":0.1960649406267295,"predicted_seasonal_2_stock_price":14.885871887207031,"real_seasonal_0_stock_price":-6.886692248923765,"dim":128,"trend_valid_loss":0.19717916995451779,"AMZN Stock Price Prediction by iTransformer":{"width":1000,"height":600,"_type":"image-file","sha256":"cfe9a534e73dd2a9cc2405050d6316af05fa2271b3cbadc2bf2f0633c2e610e0","size":48834,"path":"media/images/AMZN Stock Price Prediction by iTransformer_8_cfe9a534e73dd2a9cc24.png","format":"png"},"real_seasonal_2_stock_price":16.307195141839433,"real_seasonal_1_stock_price":2.721535027645758,"_timestamp":1.736709534556921e+09,"predicted_seasonal_0_stock_price":-0.1887282133102417,"depth":4,"seasonal_3_train_loss":0.8874498659300063,"resid_train_loss":3.260158447000362,"Runtime (seconds)":4.469422101974487,"_runtime":10.56598553,"real_trend_stock_price":167.5354913342489,"final_predicted_stock_price":148.19674682617188,"_wandb":{"runtime":10},"resid_valid_loss":2.385874855902887,"predicted_seasonal_3_stock_price":10.818002700805664,"rmse":70.74325561523438,"_step":9,"seasonal_1_train_loss":0.5972370396446068,"seasonal_0_valid_loss":1.240395609423411,"mae":70.74325561523438,"real_stock_price":218.94000244140625,"predicted_trend_stock_price":133.23753356933594,"periods":[252,504,756,1260],"predicted_seasonal_1_stock_price":1.399171233177185,"predicted_resid_stock_price":-11.955123901367188,"trend_train_loss":0.1863165674155937,"seasonal_3_valid_loss":0.5263304489113415,"seasonal_1_valid_loss":0.29081564294488244,"real_seasonal_3_stock_price":9.210042698987007,"mse":5004.60821504239}