{"predicted_trend_stock_price":105.181640625,"_wandb":{"runtime":12},"final_predicted_stock_price":107.14010620117188,"periods":[252,504,756,1260],"dim":128,"real_seasonal_3_stock_price":4.670789105075267,"_timestamp":1.736729903513864e+09,"seasonal_0_valid_loss":2.6578080654144287,"resid_valid_loss":1.9292617068340294,"depth":4,"real_stock_price":236.85000610351562,"predicted_seasonal_3_stock_price":0.6885968446731567,"real_seasonal_1_stock_price":-3.1406740229763384,"resid_train_loss":1.9929681365853296,"predicted_seasonal_1_stock_price":-2.477111577987671,"AAPL Stock Price Prediction by iTransformer":{"height":600,"_type":"image-file","sha256":"90775539ebec2b28455b11952e722691f54a8f588c4f0de98400be011694e2de","size":47671,"path":"media/images/AAPL Stock Price Prediction by iTransformer_8_90775539ebec2b28455b.png","format":"png","width":1000},"_step":9,"mse":16824.658132676035,"seasonal_1_train_loss":0.603309039154957,"real_resid_stock_price":9.05569925294455,"seasonal_3_valid_loss":0.25572100281715393,"seasonal_0_train_loss":1.30971060945384,"trend_train_loss":0.7930818641654701,"predicted_seasonal_0_stock_price":3.729152202606201,"predicted_seasonal_2_stock_price":6.893270969390869,"seasonal_1_valid_loss":0.19256006334072504,"real_trend_stock_price":221.26011143707763,"seasonal_3_train_loss":1.3392516610122496,"rmse":129.70989990234375,"real_seasonal_0_stock_price":-2.3363884336260887,"seasonal_2_train_loss":0.3750983362840874,"_runtime":12.135338081,"trend_valid_loss":2.9417947852698556,"real_seasonal_2_stock_price":7.34046876502061,"Runtime (seconds)":5.2847137451171875,"seasonal_2_valid_loss":0.1885749828514511,"predicted_resid_stock_price":-6.875445365905762,"mae":129.70989990234375}