{"real_seasonal_1_stock_price":2.721535027645758,"seasonal_0_train_loss":0.3197667078286968,"_timestamp":1.7367434819778833e+09,"real_seasonal_3_stock_price":9.210042698987007,"mse":17379.565779471362,"_runtime":18.612802523,"predicted_seasonal_3_stock_price":2.8392345905303955,"AMZN Stock Price Prediction by iTransformer":{"size":46783,"path":"media/images/AMZN Stock Price Prediction by iTransformer_8_07f5cebb17d968f54cc5.png","format":"png","width":1000,"height":600,"_type":"image-file","sha256":"07f5cebb17d968f54cc5fd7c5606fb8bf4d0770c304a2a2954d7f7a74cfb5b41"},"trend_train_loss":0.8234023150078887,"final_predicted_stock_price":87.1084213256836,"real_trend_stock_price":167.5354913342489,"Runtime (seconds)":8.76139235496521,"real_resid_stock_price":30.052430487608945,"seasonal_3_train_loss":1.617414784940037,"rmse":131.83158111572266,"_step":9,"depth":4,"predicted_resid_stock_price":11.88478946685791,"resid_train_loss":0.6477666824641394,"real_seasonal_0_stock_price":-6.886692248923765,"seasonal_1_valid_loss":0.3760503609616732,"seasonal_2_valid_loss":0.3618591604877846,"_wandb":{"runtime":18},"resid_valid_loss":0.42302779601541934,"trend_valid_loss":2.922774241635792,"seasonal_0_valid_loss":0.2984500516161736,"seasonal_1_train_loss":0.5229034827558825,"predicted_seasonal_0_stock_price":-5.1318182945251465,"predicted_trend_stock_price":68.95230102539062,"mae":131.83158111572266,"real_seasonal_2_stock_price":16.307195141839433,"predicted_seasonal_1_stock_price":1.7309995889663696,"periods":[252,504,756,1260],"real_stock_price":218.94000244140625,"seasonal_3_valid_loss":0.300893098115921,"dim":128,"predicted_seasonal_2_stock_price":6.832916736602783,"seasonal_2_train_loss":0.6343315142558276}