{"seasonal_0_valid_loss":2.6153887774957876,"resid_valid_loss":0.7507451207817349,"_step":9,"AAPL Stock Price Prediction by iTransformer":{"height":600,"_type":"image-file","sha256":"5753bb4ca9451565cbe68cbe3e8a42f5e1feaebe783cf6e022f88125bc22d4fc","size":48847,"path":"media/images/AAPL Stock Price Prediction by iTransformer_8_5753bb4ca9451565cbe6.png","format":"png","width":1000},"predicted_seasonal_0_stock_price":-0.7860500812530518,"periods":[252,504,756,1260],"final_predicted_stock_price":197.8553009033203,"seasonal_3_valid_loss":0.07462626695632935,"predicted_trend_stock_price":172.31918334960938,"real_seasonal_0_stock_price":-2.3363864157609675,"_runtime":14.757346679,"real_trend_stock_price":221.2601117826316,"rmse":38.99470520019531,"dim":128,"trend_train_loss":0.30699492299505016,"predicted_seasonal_2_stock_price":6.773526191711426,"predicted_seasonal_3_stock_price":6.442286491394043,"seasonal_0_train_loss":1.4592509515564427,"real_stock_price":236.85000610351562,"real_seasonal_3_stock_price":4.670783306551981,"resid_train_loss":0.8147322604659177,"predicted_seasonal_1_stock_price":0.7928751111030579,"real_seasonal_1_stock_price":-3.140673609736006,"seasonal_1_valid_loss":0.9828019863680789,"seasonal_2_train_loss":0.9374235225415752,"real_resid_stock_price":9.055694880760285,"Runtime (seconds)":7.28648042678833,"mse":1520.5870336501393,"seasonal_1_train_loss":0.9374049142925949,"_timestamp":1.736742146925527e+09,"mae":38.99470520019531,"predicted_resid_stock_price":12.313481330871582,"seasonal_2_valid_loss":0.3354077744778454,"real_seasonal_2_stock_price":7.34047615906872,"trend_valid_loss":0.2030093968818778,"seasonal_3_train_loss":1.800251169007118,"_wandb":{"runtime":14},"depth":4}