{"trend_valid_loss":1.5740877203643322,"real_seasonal_0_stock_price":-6.886692248923765,"_timestamp":1.7367469495507672e+09,"resid_train_loss":0.4432550334647381,"seasonal_0_valid_loss":2.4579311919043594,"real_stock_price":218.94000244140625,"predicted_resid_stock_price":12.436095237731934,"_runtime":8.735089755,"predicted_seasonal_0_stock_price":1.2832211256027222,"periods":[252,504,756,1260],"seasonal_3_train_loss":0.987622214415597,"dim":128,"final_predicted_stock_price":132.74200439453125,"seasonal_1_train_loss":0.6451992793106878,"predicted_trend_stock_price":96.4033203125,"real_seasonal_2_stock_price":16.307195141839433,"seasonal_2_train_loss":0.991638817221848,"real_resid_stock_price":30.052430487608945,"seasonal_1_valid_loss":0.19457139720007316,"seasonal_2_valid_loss":0.7647153509708194,"_wandb":{"runtime":8},"depth":4,"rmse":86.197998046875,"seasonal_3_valid_loss":0.4283692328368916,"predicted_seasonal_3_stock_price":11.25477123260498,"resid_valid_loss":0.5792258977890015,"mae":86.197998046875,"predicted_seasonal_1_stock_price":3.1112303733825684,"trend_train_loss":1.4566487255881935,"real_seasonal_3_stock_price":9.210042698987007,"real_trend_stock_price":167.5354913342489,"mse":7430.094867289066,"AMZN Stock Price Prediction by iTransformer":{"width":1000,"height":600,"_type":"image-file","sha256":"b4ec4cfd54c4642ba9a10ab759d9fc762800692cc3cd6e0af6d4e9e1a681e003","size":46002,"path":"media/images/AMZN Stock Price Prediction by iTransformer_8_b4ec4cfd54c4642ba9a1.png","format":"png"},"seasonal_0_train_loss":2.1923584284541384,"predicted_seasonal_2_stock_price":8.253372192382812,"_step":9,"Runtime (seconds)":3.873180389404297,"real_seasonal_1_stock_price":2.721535027645758}