{"real_seasonal_2_stock_price":16.307195141839433,"seasonal_2_train_loss":0.8243207994080995,"real_stock_price":218.94000244140625,"trend_train_loss":0.5234339049465121,"AMZN Stock Price Prediction by iTransformer":{"size":48552,"path":"media/images/AMZN Stock Price Prediction by iTransformer_8_49046aa6f07bd9b24169.png","format":"png","width":1000,"height":600,"_type":"image-file","sha256":"49046aa6f07bd9b24169bf6029be1cf5b0a75c44a87acab3aed9072603d7159c"},"Runtime (seconds)":6.788583278656006,"real_trend_stock_price":167.5354913342489,"seasonal_3_valid_loss":1.6684360119700432,"final_predicted_stock_price":159.64210510253906,"_step":9,"seasonal_2_valid_loss":0.4402519464492798,"mae":59.29789733886719,"resid_valid_loss":0.8655704439134526,"predicted_seasonal_2_stock_price":11.390323638916016,"resid_train_loss":1.4743230957775761,"predicted_trend_stock_price":114.95316314697266,"real_seasonal_1_stock_price":2.721535027645758,"mse":3516.2406288108323,"real_seasonal_3_stock_price":9.210042698987007,"_wandb":{"runtime":14},"predicted_resid_stock_price":0.3289463520050049,"periods":[252,504,756,1260],"seasonal_0_valid_loss":2.1731773925324283,"_timestamp":1.736758178429587e+09,"trend_valid_loss":0.39857309769822635,"rmse":59.29789733886719,"seasonal_1_train_loss":1.3176380491914101,"dim":128,"predicted_seasonal_3_stock_price":27.551189422607422,"real_seasonal_0_stock_price":-6.886692248923765,"seasonal_3_train_loss":0.6485302883197296,"_runtime":14.476563325,"predicted_seasonal_0_stock_price":2.8019044399261475,"seasonal_0_train_loss":2.533744343608233,"depth":4,"predicted_seasonal_1_stock_price":2.6165714263916016,"seasonal_1_valid_loss":0.39996245322586266,"real_resid_stock_price":30.052430487608945}