{"train_loss":0.024378263846584106,"real_stock_price":117.66999816894531,"r2_score":NaN,"valid_loss":0.030859996982772284,"XOM Stock Price Prediction by iTransformer(no MSTL)":{"size":51755,"path":"media/images/XOM Stock Price Prediction by iTransformer(no MSTL)_301_618818d5672efb0ec228.png","format":"png","width":1000,"height":600,"_type":"image-file","sha256":"618818d5672efb0ec2284039140ce1eaa8dc43e0757eebb2a71827b4bd21bf84"},"mse":6.10098140896298,"_wandb":{"runtime":2147},"_timestamp":1.7385988125746439e+09,"mae":2.4700164794921875,"rmse":2.4700164794921875,"Runtime (seconds)":103.40343260765076,"dim":128,"depth":4,"_runtime":2147.6229417,"predicted_stock_price":115.19998168945312,"_step":302}