{"seasonal_2_valid_loss":0.8400163001964747,"trend_valid_loss":0.11424656569293734,"depth":4,"real_seasonal_1_stock_price":2.721535027645758,"real_resid_stock_price":30.052430487608945,"real_trend_stock_price":167.5354913342489,"trend_train_loss":0.8414415240895968,"seasonal_1_valid_loss":0.3343223279757465,"rmse":60.018402099609375,"Runtime (seconds)":4.917803764343262,"AMZN Stock Price Prediction by iTransformer":{"sha256":"e85d147355f3f50ee3de70636b816480dafdd5024dd28cd7e1403fc2dd643ea9","size":48543,"path":"media/images/AMZN Stock Price Prediction by iTransformer_8_e85d147355f3f50ee3de.png","format":"png","width":1000,"height":600,"_type":"image-file"},"seasonal_3_train_loss":0.6383182879623429,"predicted_seasonal_0_stock_price":-6.644725799560547,"resid_train_loss":1.2220423278436154,"mae":60.018402099609375,"mse":3602.208590590395,"seasonal_2_train_loss":0.9802301970088702,"predicted_seasonal_3_stock_price":12.925745010375977,"predicted_resid_stock_price":14.7537260055542,"real_seasonal_2_stock_price":16.307195141839433,"seasonal_1_train_loss":0.5556628402153111,"predicted_seasonal_2_stock_price":2.198761463165283,"seasonal_3_valid_loss":1.4706421996664814,"_wandb":{"runtime":10},"_timestamp":1.7367370236428385e+09,"_runtime":10.439585891,"predicted_trend_stock_price":134.60055541992188,"final_predicted_stock_price":158.92160034179688,"dim":128,"real_stock_price":218.94000244140625,"real_seasonal_0_stock_price":-6.886692248923765,"predicted_seasonal_1_stock_price":1.087538480758667,"periods":[252,504,756,1260],"resid_valid_loss":1.3494539917731772,"real_seasonal_3_stock_price":9.210042698987007,"_step":9,"seasonal_0_train_loss":0.36853066948077357,"seasonal_0_valid_loss":0.37988215453211915}