{"real_trend_stock_price":167.5354913342489,"seasonal_1_train_loss":0.5717708202044361,"mse":1464.951796666719,"predicted_trend_stock_price":176.81387329101562,"seasonal_1_valid_loss":0.28072770072945524,"seasonal_0_valid_loss":0.2630368029077848,"seasonal_3_train_loss":1.872104190361713,"resid_valid_loss":1.5201671682200917,"_timestamp":1.7367164677208705e+09,"real_resid_stock_price":30.052430487608945,"predicted_seasonal_3_stock_price":-5.167868137359619,"trend_valid_loss":0.08811133887086596,"seasonal_2_train_loss":0.7144837185164183,"resid_train_loss":1.7028350373235115,"real_seasonal_0_stock_price":-6.886692248923765,"periods":[252,504,756,1260],"real_seasonal_1_stock_price":2.721535027645758,"real_seasonal_3_stock_price":9.210042698987007,"predicted_seasonal_0_stock_price":-5.638674736022949,"seasonal_3_valid_loss":0.9484925571484929,"depth":4,"real_seasonal_2_stock_price":16.307195141839433,"seasonal_2_valid_loss":0.8728514313697815,"Runtime (seconds)":5.965051651000977,"predicted_seasonal_2_stock_price":4.993386745452881,"seasonal_0_train_loss":0.24828585037637071,"rmse":38.274688720703125,"_wandb":{"runtime":11},"predicted_seasonal_1_stock_price":2.87669038772583,"trend_train_loss":0.647117198269507,"final_predicted_stock_price":180.66531372070312,"predicted_resid_stock_price":6.787888050079346,"mae":38.274688720703125,"_runtime":11.50203497,"real_stock_price":218.94000244140625,"AMZN Stock Price Prediction by iTransformer":{"sha256":"fff55f9ea600cdaaa77269b115a92345ce5148a90322877ce5131757ad16f10a","size":48061,"path":"media/images/AMZN Stock Price Prediction by iTransformer_8_fff55f9ea600cdaaa772.png","format":"png","width":1000,"height":600,"_type":"image-file"},"dim":128,"_step":9}