{"_step":302,"_wandb":{"runtime":5061},"r2_score":NaN,"train_loss":0.0521914441941302,"GOOG Stock Price Prediction by iTransformer(no MSTL)":{"sha256":"358ebb1e4e0abe24bc7c8939e18ce257abe5852d2e29a893ea2aa8511acf831c","size":62431,"path":"media/images/GOOG Stock Price Prediction by iTransformer(no MSTL)_301_358ebb1e4e0abe24bc7c.png","format":"png","width":1000,"height":600,"_type":"image-file"},"rmse":6.003692626953125,"Runtime (seconds)":810.9576959609985,"mae":6.003692626953125,"depth":4,"dim":128,"predicted_stock_price":199.31369018554688,"valid_loss":0.02848610228236102,"mse":36.044325158931315,"real_stock_price":193.30999755859375,"_runtime":5061.017948612,"_timestamp":1.73891230679326e+09}