{"real_seasonal_1_stock_price":2.721535027645758,"trend_valid_loss":0.5844432437565269,"seasonal_3_train_loss":1.1362342186200929,"real_seasonal_3_stock_price":9.210042698987007,"real_resid_stock_price":30.052430487608945,"seasonal_3_valid_loss":0.8677624515118356,"seasonal_1_train_loss":1.0403607853201697,"resid_valid_loss":0.5829339013213203,"predicted_seasonal_0_stock_price":-1.7237244844436646,"_step":9,"Runtime (seconds)":7.222701787948608,"real_stock_price":218.94000244140625,"predicted_seasonal_2_stock_price":16.840465545654297,"periods":[252,504,756,1260],"trend_train_loss":1.029756258762175,"resid_train_loss":0.567339235707839,"real_trend_stock_price":167.5354913342489,"predicted_resid_stock_price":12.836833000183105,"seasonal_2_train_loss":1.5069558318470142,"AMZN Stock Price Prediction by iTransformer":{"_type":"image-file","sha256":"17254964df5226d0f7f3304873b6800b4c9ee140469a8a95e12106b37a7fab0a","size":49004,"path":"media/images/AMZN Stock Price Prediction by iTransformer_8_17254964df5226d0f7f3.png","format":"png","width":1000,"height":600},"mae":69.06179809570312,"depth":4,"seasonal_1_valid_loss":1.043662262373957,"predicted_trend_stock_price":115.93916320800781,"final_predicted_stock_price":149.87820434570312,"seasonal_0_valid_loss":1.143458585296057,"rmse":69.06179809570312,"dim":128,"real_seasonal_2_stock_price":16.307195141839433,"mse":4769.531956211664,"real_seasonal_0_stock_price":-6.886692248923765,"seasonal_0_train_loss":0.9865436577994521,"_runtime":15.517250118,"_wandb":{"runtime":15},"predicted_seasonal_3_stock_price":5.014591693878174,"_timestamp":1.736707683501058e+09,"predicted_seasonal_1_stock_price":0.9708729982376099,"seasonal_2_valid_loss":0.4048618224939256}