{"mae":56.87367248535156,"predicted_seasonal_1_stock_price":0.11874131858348846,"predicted_trend_stock_price":168.16015625,"real_seasonal_2_stock_price":16.307195141839433,"_step":9,"seasonal_1_valid_loss":2.1710434483109617,"_runtime":12.69747343,"_wandb":{"runtime":12},"dim":128,"real_resid_stock_price":30.052430487608945,"resid_valid_loss":1.6702908837567951,"periods":[252,504,756,1260],"depth":4,"real_seasonal_3_stock_price":9.210042698987007,"predicted_seasonal_0_stock_price":-1.3996517658233643,"seasonal_0_valid_loss":0.7989384807427479,"resid_train_loss":1.553506558455873,"real_seasonal_1_stock_price":2.721535027645758,"seasonal_0_train_loss":0.6843861940706046,"predicted_seasonal_3_stock_price":2.339942455291748,"seasonal_1_train_loss":1.9715760502832702,"seasonal_2_train_loss":1.7817641955039223,"seasonal_3_valid_loss":0.42109420865387737,"real_seasonal_0_stock_price":-6.886692248923765,"_timestamp":1.7367355069476757e+09,"trend_valid_loss":0.1889147951113447,"real_stock_price":218.94000244140625,"seasonal_3_train_loss":0.766032591475076,"AMZN Stock Price Prediction by iTransformer":{"height":600,"_type":"image-file","sha256":"d2e3e1749cb417bf7c17cdcdaf2e90fbee1980bc9aa188a910badf19311e118b","size":48770,"path":"media/images/AMZN Stock Price Prediction by iTransformer_8_d2e3e1749cb417bf7c17.png","format":"png","width":1000},"seasonal_2_valid_loss":0.8536312580108643,"mse":3234.6146219710354,"rmse":56.87367248535156,"Runtime (seconds)":5.902905225753784,"real_trend_stock_price":167.5354913342489,"trend_train_loss":0.8106524085026909,"final_predicted_stock_price":162.0663299560547,"predicted_seasonal_2_stock_price":2.515810489654541,"predicted_resid_stock_price":-9.668652534484863}