{"seasonal_1_valid_loss":0.0007892032760750265,"resid_train_loss":0.01005622420003982,"trend_train_loss":7.452107314495667e-05,"depth":4,"real_resid_stock_price":25.87631537871644,"seasonal_3_valid_loss":0.0016885818913578987,"predicted_seasonal_2_stock_price":16.172422409057617,"predicted_resid_stock_price":21.273235321044922,"final_predicted_stock_price":201.5345916748047,"mse":40.391207221895456,"rmse":6.35540771484375,"real_seasonal_2_stock_price":15.534342385843217,"AMZN Stock Price Prediction by iTransformer":{"_type":"image-file","sha256":"ed0dad4e264541daea74666b64d1987d7d43402138560b8833b9125d7f066a6f","size":57848,"path":"media/images/AMZN Stock Price Prediction by iTransformer_1802_ed0dad4e264541daea74.png","format":"png","width":1000,"height":600},"predicted_seasonal_1_stock_price":3.5709898471832275,"trend_valid_loss":0.00037011717210851325,"real_seasonal_1_stock_price":3.371027947944087,"seasonal_3_train_loss":0.005550414163254774,"_runtime":23496.954843292,"dim":128,"resid_valid_loss":0.012899879934292152,"mae":6.35540771484375,"real_seasonal_0_stock_price":-3.0791040694504392,"seasonal_1_train_loss":0.0002589520644495658,"predicted_seasonal_0_stock_price":-4.251031398773193,"_wandb":{"runtime":23496},"periods":[252,504,756,1260],"real_trend_stock_price":161.85051474910318,"predicted_seasonal_3_stock_price":4.428685665130615,"seasonal_0_train_loss":0.0002602459229387099,"real_stock_price":207.88999938964844,"real_seasonal_3_stock_price":4.336902997491936,"seasonal_0_valid_loss":0.001956584051683238,"_step":1803,"seasonal_2_train_loss":0.0015320327245037725,"seasonal_2_valid_loss":0.0024226242676377296,"predicted_trend_stock_price":160.34030151367188,"_timestamp":1.736910258033037e+09,"Runtime (seconds)":2191.09978723526}