{"final_predicted_stock_price":155.8144073486328,"_step":9,"resid_train_loss":0.9068035915646263,"mae":63.12559509277344,"resid_valid_loss":0.5451994482879267,"predicted_seasonal_0_stock_price":0.7040326595306396,"real_seasonal_3_stock_price":9.210042698987007,"seasonal_3_valid_loss":0.346245030378118,"predicted_seasonal_3_stock_price":11.6568021774292,"predicted_trend_stock_price":130.6117401123047,"predicted_resid_stock_price":2.767916202545166,"trend_train_loss":0.049892353976041186,"_wandb":{"runtime":14},"_runtime":14.656393427,"real_seasonal_2_stock_price":16.307195141839433,"seasonal_0_valid_loss":1.801138363803344,"predicted_seasonal_1_stock_price":-2.080901861190796,"seasonal_1_train_loss":1.4165610101952981,"mse":3984.840755816782,"trend_valid_loss":0.19457138899614293,"real_stock_price":218.94000244140625,"real_resid_stock_price":30.052430487608945,"seasonal_1_valid_loss":1.2449642568431418,"Runtime (seconds)":7.587421417236328,"seasonal_2_valid_loss":0.10283451588491904,"AMZN Stock Price Prediction by iTransformer":{"size":48434,"path":"media/images/AMZN Stock Price Prediction by iTransformer_8_64d6503bfa964f3e0b16.png","format":"png","width":1000,"height":600,"_type":"image-file","sha256":"64d6503bfa964f3e0b16811e55ba2962c07df9dd461f0d0c23be73885f7dce4b"},"real_seasonal_1_stock_price":2.721535027645758,"seasonal_0_train_loss":1.4022246452843905,"seasonal_3_train_loss":0.6044678781590007,"rmse":63.12559509277344,"predicted_seasonal_2_stock_price":12.154834747314453,"depth":4,"dim":128,"_timestamp":1.7367106817035916e+09,"real_seasonal_0_stock_price":-6.886692248923765,"seasonal_2_train_loss":0.2064627948100009,"real_trend_stock_price":167.5354913342489,"periods":[252,504,756,1260]}