{"seasonal_0_valid_loss":1.5474466964068165,"rmse":56.77891540527344,"real_seasonal_2_stock_price":16.307195141839433,"predicted_seasonal_3_stock_price":16.591472625732422,"predicted_resid_stock_price":9.532703399658203,"mae":56.77891540527344,"real_seasonal_0_stock_price":-6.886692248923765,"predicted_seasonal_0_stock_price":0.49015945196151733,"seasonal_2_train_loss":0.711690627384954,"seasonal_2_valid_loss":1.8855819702148438,"predicted_trend_stock_price":134.01576232910156,"_step":9,"resid_train_loss":0.9496610395757497,"real_stock_price":218.94000244140625,"AMZN Stock Price Prediction by iTransformer":{"sha256":"868712ceb02c4514971bd35836156d142352ae3db2d9637f8fea5383a7458c14","size":48740,"path":"media/images/AMZN Stock Price Prediction by iTransformer_8_868712ceb02c4514971b.png","format":"png","width":1000,"height":600,"_type":"image-file"},"_timestamp":1.736742312647655e+09,"seasonal_3_train_loss":0.5534140148682619,"predicted_seasonal_2_stock_price":1.8384668827056885,"mse":3223.8452345991973,"trend_valid_loss":0.12518110255897044,"_runtime":11.132207087,"seasonal_1_train_loss":1.5145640180718085,"depth":4,"final_predicted_stock_price":162.1610870361328,"real_resid_stock_price":30.052430487608945,"trend_train_loss":0.42762683202649926,"seasonal_1_valid_loss":1.5032891035079956,"seasonal_3_valid_loss":0.2702047532105314,"_wandb":{"runtime":11},"Runtime (seconds)":6.210560321807861,"real_trend_stock_price":167.5354913342489,"real_seasonal_1_stock_price":2.721535027645758,"periods":[252,504,756,1260],"resid_valid_loss":0.6910015957646591,"predicted_seasonal_1_stock_price":-0.3074761629104614,"real_seasonal_3_stock_price":9.210042698987007,"dim":128,"seasonal_0_train_loss":1.1492457208468725}