{"real_trend_stock_price":167.5354913342489,"periods":[252,504,756,1260],"predicted_seasonal_3_stock_price":9.231524467468262,"final_predicted_stock_price":104.46263885498047,"seasonal_0_train_loss":0.5488813797519135,"real_stock_price":218.94000244140625,"resid_train_loss":2.2326141620324815,"trend_valid_loss":1.298347734886667,"predicted_resid_stock_price":-2.4173645973205566,"_step":9,"trend_train_loss":0.685899435608497,"real_seasonal_0_stock_price":-6.886692248923765,"seasonal_2_valid_loss":0.08654961207371166,"seasonal_3_train_loss":1.039004602682812,"predicted_seasonal_2_stock_price":14.267743110656738,"real_resid_stock_price":30.052430487608945,"real_seasonal_2_stock_price":16.307195141839433,"AMZN Stock Price Prediction by iTransformer":{"_type":"image-file","sha256":"698afc6f67fa0f9df671002114bac45433c3a8312f966a5b9cc2a1edc96f81f2","size":46878,"path":"media/images/AMZN Stock Price Prediction by iTransformer_8_698afc6f67fa0f9df671.png","format":"png","width":1000,"height":600},"real_seasonal_3_stock_price":9.210042698987007,"mae":114.47736358642578,"dim":128,"seasonal_2_train_loss":1.3143615317885458,"Runtime (seconds)":7.050253391265869,"predicted_seasonal_0_stock_price":-8.955201148986816,"seasonal_0_valid_loss":0.33872641613151855,"seasonal_1_valid_loss":0.09045856286372457,"resid_valid_loss":1.7174838104099035,"seasonal_3_valid_loss":0.47583429807363603,"_timestamp":1.7367540293650122e+09,"predicted_seasonal_1_stock_price":2.2009918689727783,"predicted_trend_stock_price":90.13494873046875,"seasonal_1_train_loss":0.4606069094347967,"_wandb":{"runtime":15},"real_seasonal_1_stock_price":2.721535027645758,"rmse":114.47736358642578,"depth":4,"_runtime":15.702216259,"mse":13105.066773698723}