{"real_trend_stock_price":167.5354913342489,"predicted_seasonal_3_stock_price":13.224540710449219,"predicted_trend_stock_price":117.84387969970703,"seasonal_2_train_loss":0.6894322581853476,"seasonal_3_valid_loss":0.2630992277151698,"mse":6713.101282721618,"dim":128,"depth":4,"mae":81.93351745605469,"real_seasonal_0_stock_price":-6.886692248923765,"seasonal_1_valid_loss":0.3476461323994127,"seasonal_3_train_loss":0.523743660413579,"resid_valid_loss":0.5266663165596442,"AMZN Stock Price Prediction by iTransformer":{"sha256":"97f113a9e0da3b4aac0c8cf60336e7caba498d3b7f831a463f27bac722f41374","size":46089,"path":"media/images/AMZN Stock Price Prediction by iTransformer_8_97f113a9e0da3b4aac0c.png","format":"png","width":1000,"height":600,"_type":"image-file"},"rmse":81.93351745605469,"final_predicted_stock_price":137.00648498535156,"predicted_resid_stock_price":3.9818930625915527,"real_stock_price":218.94000244140625,"real_seasonal_1_stock_price":2.721535027645758,"real_resid_stock_price":30.052430487608945,"seasonal_0_valid_loss":0.6063534629319897,"resid_train_loss":1.9099066821343575,"predicted_seasonal_0_stock_price":-4.4162750244140625,"predicted_seasonal_1_stock_price":1.9982472658157349,"Runtime (seconds)":5.643635988235474,"trend_valid_loss":0.4236345232491687,"seasonal_0_train_loss":0.9498625525784311,"real_seasonal_3_stock_price":9.210042698987007,"seasonal_1_train_loss":0.6466963538191137,"seasonal_2_valid_loss":0.30991668616674867,"_wandb":{"runtime":10},"_step":9,"_timestamp":1.7367561506090083e+09,"real_seasonal_2_stock_price":16.307195141839433,"trend_train_loss":0.19073309567134772,"periods":[252,504,756,1260],"_runtime":10.745355003,"predicted_seasonal_2_stock_price":4.374217987060547}