{"real_seasonal_2_stock_price":-1.748972260932262,"real_seasonal_0_stock_price":2.465493790090666,"predicted_resid_stock_price":-19.637009338069664,"Runtime (seconds)":82.91783714294434,"trend_train_loss":0.1376561941897289,"predicted_seasonal_3_stock_price":-5.685163041996964,"seasonal_0_train_loss":0.09671722229853895,"real_seasonal_3_stock_price":-8.604358973138721,"predicted_seasonal_0_stock_price":3.6335024901781674,"seasonal_2_valid_loss":0.04434577748179436,"predicted_trend_stock_price":158.30912011519038,"_timestamp":1.7339332129598222e+09,"seasonal_2_train_loss":0.06731946065611258,"seasonal_1_valid_loss":0.14828721298412842,"predicted_seasonal_1_stock_price":-3.7098552832842455,"seasonal_3_train_loss":0.08202208158633673,"seasonal_0_valid_loss":0.08420932888984681,"_wandb":{"runtime":86},"_step":32,"real_trend_stock_price":163.36755022916904,"trend_valid_loss":0.1248270571231842,"real_resid_stock_price":-32.1463759600432,"resid_valid_loss":0.22014362423005931,"seasonal_3_valid_loss":0.0655758774793539,"seasonal_1_train_loss":0.0987004921328099,"real_seasonal_1_stock_price":-2.7533349940908782,"predicted_seasonal_2_stock_price":-1.3424942705798992,"resid_train_loss":0.155248255556527,"_runtime":86.893008295,"AMZN Stock Price Prediction (STL)":{"size":52327,"path":"media/images/AMZN Stock Price Prediction (STL)_31_8b1fb3435683a23f8311.png","format":"png","width":1000,"height":600,"_type":"image-file","sha256":"8b1fb3435683a23f8311bff351155cca2606348013d53a8524500a9e061983a3"},"final_predicted_stock_price":131.56810067143778}