{"trend_train_loss":0.3098655663972452,"_timestamp":1.7367327411117606e+09,"_step":9,"periods":[252,504,756,1260],"Runtime (seconds)":3.8055431842803955,"seasonal_1_train_loss":0.3495768877744972,"real_stock_price":236.85000610351562,"real_seasonal_3_stock_price":4.670782665517222,"predicted_seasonal_3_stock_price":1.679488182067871,"seasonal_3_train_loss":1.1763171896677826,"mse":12644.028944978549,"dim":128,"final_predicted_stock_price":124.40433502197266,"seasonal_0_train_loss":0.4852820098797646,"real_seasonal_1_stock_price":-3.1406764408144188,"predicted_seasonal_1_stock_price":-3.4131975173950195,"real_trend_stock_price":221.26011182662626,"predicted_resid_stock_price":7.324627876281738,"predicted_trend_stock_price":119.03584289550781,"real_resid_stock_price":9.055694735536946,"seasonal_2_valid_loss":0.9456596143888842,"rmse":112.44567108154297,"resid_train_loss":1.2112964593903672,"predicted_seasonal_2_stock_price":-0.9657739400863647,"seasonal_0_valid_loss":1.267492384999712,"seasonal_3_valid_loss":1.2106990660564887,"_runtime":8.479607997,"real_seasonal_2_stock_price":7.340474256509561,"_wandb":{"runtime":8},"mae":112.44567108154297,"trend_valid_loss":0.9487339185940455,"seasonal_1_valid_loss":0.14705489910378747,"AAPL Stock Price Prediction by iTransformer":{"sha256":"9d3d070609fc50240ed1e07238bfc4380194bb46fc3d1ba5a5467aebcd49d101","size":47313,"path":"media/images/AAPL Stock Price Prediction by iTransformer_8_9d3d070609fc50240ed1.png","format":"png","width":1000,"height":600,"_type":"image-file"},"seasonal_2_train_loss":1.5175882937816474,"resid_valid_loss":0.20582576912329797,"real_seasonal_0_stock_price":-2.3363809398599296,"predicted_seasonal_0_stock_price":0.7433507442474365,"depth":4}