{"predicted_seasonal_3_stock_price":2.5173873901367188,"predicted_seasonal_2_stock_price":2.077511787414551,"mse":273.28828052058816,"predicted_seasonal_1_stock_price":0.21867609024047852,"predicted_trend_stock_price":202.01441955566406,"resid_train_loss":1.4539898743985202,"seasonal_1_train_loss":0.9242295999175463,"predicted_resid_stock_price":11.365299224853516,"real_resid_stock_price":8.820533964945412,"periods":[252,504,756,1260],"mae":16.53143310546875,"real_stock_price":235.05999755859375,"_runtime":12.08044333,"_step":9,"real_seasonal_0_stock_price":1.0897120383114458,"depth":4,"dim":128,"resid_valid_loss":1.168288162489629,"AAPL Stock Price Prediction by iTransformer":{"width":1000,"height":600,"_type":"image-file","sha256":"e7939b789b1ac37d15fb7972f4f06f2fa4e1e75b54ed8ae61c5ac5df6805ea5c","size":53047,"path":"media/images/AAPL Stock Price Prediction by iTransformer_8_e7939b789b1ac37d15fb.png","format":"png"},"real_trend_stock_price":215.6025209199345,"rmse":16.53143310546875,"_wandb":{"runtime":12},"trend_train_loss":0.07695422396361219,"predicted_seasonal_0_stock_price":0.3352678120136261,"seasonal_3_valid_loss":1.4183499730866531,"real_seasonal_2_stock_price":6.999686931469533,"_timestamp":1.7367056406547792e+09,"real_seasonal_1_stock_price":1.0561571233841296,"seasonal_1_valid_loss":1.0266377096836663,"seasonal_0_train_loss":0.2917762116001436,"seasonal_2_train_loss":1.5947569487066735,"final_predicted_stock_price":218.528564453125,"real_seasonal_3_stock_price":1.4913865805487183,"seasonal_2_valid_loss":0.21004729283554935,"seasonal_0_valid_loss":0.25097518768345956,"seasonal_3_train_loss":1.7376770502678682,"Runtime (seconds)":5.177211284637451,"trend_valid_loss":0.023168628724912804}