{"seasonal_2_train_loss":1.1974546756996984,"seasonal_0_train_loss":0.9995061919110684,"_runtime":11.143741355,"real_trend_stock_price":221.26011146963756,"seasonal_2_valid_loss":1.2557713078289496,"resid_valid_loss":0.6944766424140152,"AAPL Stock Price Prediction by iTransformer":{"width":1000,"height":600,"_type":"image-file","sha256":"1cf32219b2f763f9ff27cbafdc563964279a5584d3be16227feb5daeb53d4cf2","size":46491,"path":"media/images/AAPL Stock Price Prediction by iTransformer_8_1cf32219b2f763f9ff27.png","format":"png"},"seasonal_3_train_loss":0.7902440897207947,"real_seasonal_0_stock_price":-2.3363881196101697,"seasonal_1_train_loss":2.022914464864354,"periods":[252,504,756,1260],"mse":5848.433560030768,"predicted_seasonal_2_stock_price":-1.6250938177108765,"predicted_trend_stock_price":155.82098388671875,"_wandb":{"runtime":11},"real_stock_price":236.85000610351562,"rmse":76.47505187988281,"seasonal_1_valid_loss":1.865184131315199,"resid_train_loss":0.50142852747924,"predicted_seasonal_0_stock_price":-1.0305875539779663,"real_seasonal_3_stock_price":4.6707861545433,"predicted_seasonal_3_stock_price":4.63331413269043,"trend_train_loss":0.3951563049350282,"seasonal_3_valid_loss":1.1060043549478908,"_timestamp":1.7367335524520276e+09,"predicted_seasonal_1_stock_price":2.25563907623291,"dim":128,"Runtime (seconds)":5.278406381607056,"predicted_resid_stock_price":0.32068729400634766,"trend_valid_loss":1.0056535005569458,"depth":4,"final_predicted_stock_price":160.3749542236328,"mae":76.47505187988281,"seasonal_0_valid_loss":1.6963351619679754,"real_resid_stock_price":9.055704624546166,"real_seasonal_1_stock_price":-3.140674699423152,"real_seasonal_2_stock_price":7.340466673821919,"_step":9}