{"_runtime":10.92117106,"mae":101.44860076904297,"final_predicted_stock_price":117.49140167236328,"trend_train_loss":0.601816095588016,"predicted_seasonal_3_stock_price":12.882911682128906,"Runtime (seconds)":4.921710968017578,"predicted_resid_stock_price":-0.1890597939491272,"seasonal_1_train_loss":0.4182793125510216,"_timestamp":1.7367320863152695e+09,"real_seasonal_2_stock_price":16.307195141839433,"seasonal_2_train_loss":0.7401970116636365,"real_stock_price":218.94000244140625,"predicted_seasonal_1_stock_price":3.487954616546631,"seasonal_1_valid_loss":0.18899112939834595,"seasonal_3_train_loss":0.8545557364779459,"real_seasonal_3_stock_price":9.210042698987007,"real_trend_stock_price":167.5354913342489,"predicted_seasonal_2_stock_price":8.250956535339355,"real_resid_stock_price":30.052430487608945,"real_seasonal_1_stock_price":2.721535027645758,"seasonal_0_valid_loss":1.7899387697630291,"resid_train_loss":0.6546133395908885,"_step":9,"predicted_trend_stock_price":90.90496826171875,"AMZN Stock Price Prediction by iTransformer":{"sha256":"928202df2a765ba437fc47632b19582a003bc95942b44fcd1764b745fa9d988d","size":46265,"path":"media/images/AMZN Stock Price Prediction by iTransformer_8_928202df2a765ba437fc.png","format":"png","width":1000,"height":600,"_type":"image-file"},"seasonal_0_train_loss":1.8709499011573716,"seasonal_2_valid_loss":0.4121941030025482,"resid_valid_loss":1.8568001985549927,"_wandb":{"runtime":10},"periods":[252,504,756,1260],"dim":128,"predicted_seasonal_0_stock_price":2.1536736488342285,"trend_valid_loss":1.8936417629844264,"mse":10291.818597996666,"real_seasonal_0_stock_price":-6.886692248923765,"depth":4,"rmse":101.44860076904297,"seasonal_3_valid_loss":0.37319846166683746}