{"real_seasonal_0_stock_price":-6.886692248923765,"seasonal_3_valid_loss":0.3101446636067996,"seasonal_1_train_loss":0.52263316533125,"real_seasonal_2_stock_price":16.307195141839433,"_runtime":11.976613596,"real_seasonal_3_stock_price":9.210042698987007,"_wandb":{"runtime":11},"depth":4,"predicted_trend_stock_price":77.79225158691406,"rmse":111.23855590820312,"dim":128,"mae":111.23855590820312,"predicted_seasonal_2_stock_price":19.957260131835938,"Runtime (seconds)":5.194024562835693,"predicted_resid_stock_price":10.634981155395508,"final_predicted_stock_price":107.70144653320312,"_step":9,"seasonal_1_valid_loss":0.23730254173278809,"real_seasonal_1_stock_price":2.721535027645758,"trend_train_loss":1.191273127529129,"AMZN Stock Price Prediction by iTransformer":{"_type":"image-file","sha256":"c378d31f450666bf2b7a7c8eed3edbbe7df66c03458877f7c733040c0e412702","size":46228,"path":"media/images/AMZN Stock Price Prediction by iTransformer_8_c378d31f450666bf2b7a.png","format":"png","width":1000,"height":600},"predicted_seasonal_0_stock_price":-5.331981658935547,"seasonal_2_valid_loss":0.22074902712685895,"resid_train_loss":0.946847588587,"real_resid_stock_price":30.052430487608945,"seasonal_3_train_loss":0.9598963099806835,"mse":12374.016320542432,"seasonal_0_train_loss":0.5281152271988224,"real_stock_price":218.94000244140625,"real_trend_stock_price":167.5354913342489,"predicted_seasonal_3_stock_price":2.4617161750793457,"seasonal_0_valid_loss":0.2887877505897676,"seasonal_2_train_loss":0.5760029804954807,"periods":[252,504,756,1260],"trend_valid_loss":2.0344804613069556,"_timestamp":1.7367455666560655e+09,"resid_valid_loss":0.4788715917131175,"predicted_seasonal_1_stock_price":2.187227964401245}