{"periods":[252,504,756,1260],"seasonal_2_train_loss":0.4959897584457036,"seasonal_3_train_loss":0.8161964070184429,"final_predicted_stock_price":91.57916259765625,"real_seasonal_2_stock_price":7.34046936900318,"trend_train_loss":0.15939883028372814,"real_trend_stock_price":221.26011156811083,"seasonal_3_valid_loss":0.16569377481937408,"mae":145.27084350585938,"seasonal_1_valid_loss":0.7007732070355772,"Runtime (seconds)":4.174253940582275,"trend_valid_loss":2.3968849433127972,"dim":128,"mse":21103.617972903885,"predicted_seasonal_0_stock_price":-0.6219726800918579,"real_seasonal_3_stock_price":4.6707922592900815,"predicted_seasonal_3_stock_price":11.46499252319336,"_step":9,"resid_valid_loss":0.8929908594639181,"seasonal_0_train_loss":0.2814111673744828,"_wandb":{"runtime":10},"real_seasonal_0_stock_price":-2.336378714806666,"predicted_seasonal_1_stock_price":0.16809968650341034,"seasonal_2_valid_loss":0.2171263596354889,"_timestamp":1.736710644810781e+09,"depth":4,"_runtime":10.19340453,"rmse":145.27084350585938,"seasonal_0_valid_loss":0.534252855118981,"resid_train_loss":0.8327030069803694,"predicted_resid_stock_price":-0.06663632392883301,"seasonal_1_train_loss":0.5918482772328637,"real_seasonal_1_stock_price":-3.140679819415498,"real_resid_stock_price":9.055691441333721,"predicted_trend_stock_price":73.39774322509766,"predicted_seasonal_2_stock_price":7.236937999725342,"AAPL Stock Price Prediction by iTransformer":{"size":46017,"path":"media/images/AAPL Stock Price Prediction by iTransformer_8_33d70d3c1cb31cf4170a.png","format":"png","width":1000,"height":600,"_type":"image-file","sha256":"33d70d3c1cb31cf4170a0191a6228a065f60b529d58ae7193bfc1250d09bed0e"},"real_stock_price":236.85000610351562}