{"seasonal_1_valid_loss":0.4299737278444097,"AMZN Stock Price Prediction by iTransformer":{"format":"png","width":1000,"height":600,"_type":"image-file","sha256":"9b5c19321d0b1a2620070c9a00e1326f4ef8214d0b4a9a67528ad0c00bc8e609","size":50734,"path":"media/images/AMZN Stock Price Prediction by iTransformer_8_9b5c19321d0b1a262007.png"},"seasonal_0_valid_loss":2.791327732913899,"periods":[252,504,756,1260],"resid_valid_loss":0.7982338387325645,"trend_valid_loss":0.034015734965283526,"mse":584.4197061667219,"depth":4,"seasonal_3_train_loss":0.6124898259229256,"_wandb":{"runtime":10},"seasonal_1_train_loss":0.6325761756041434,"Runtime (seconds)":5.142021656036377,"predicted_seasonal_1_stock_price":0.7289580702781677,"_runtime":10.034030401,"seasonal_0_train_loss":2.7095498684018833,"rmse":24.174774169921875,"real_trend_stock_price":167.5354913342489,"predicted_seasonal_0_stock_price":2.432771921157837,"seasonal_3_valid_loss":0.30211178116567905,"resid_train_loss":0.9442005240235612,"predicted_seasonal_2_stock_price":5.922585964202881,"final_predicted_stock_price":194.76522827148438,"trend_train_loss":0.6072372039780021,"predicted_trend_stock_price":170.8997039794922,"seasonal_2_train_loss":0.6642493748716239,"_timestamp":1.736733821640526e+09,"dim":128,"predicted_resid_stock_price":9.092823028564453,"predicted_seasonal_3_stock_price":5.688391208648682,"real_stock_price":218.94000244140625,"real_seasonal_1_stock_price":2.721535027645758,"real_resid_stock_price":30.052430487608945,"mae":24.174774169921875,"real_seasonal_0_stock_price":-6.886692248923765,"seasonal_2_valid_loss":0.32190893789785996,"real_seasonal_3_stock_price":9.210042698987007,"_step":9,"real_seasonal_2_stock_price":16.307195141839433}