{"seasonal_2_valid_loss":0.16947945758431168,"seasonal_0_valid_loss":0.24411036954151363,"rmse":62.90705871582031,"predicted_trend_stock_price":136.92202758789062,"real_seasonal_1_stock_price":2.721535027645758,"seasonal_1_train_loss":0.9125511024404377,"mae":62.90705871582031,"_runtime":15.137043252,"real_stock_price":218.94000244140625,"predicted_resid_stock_price":9.025732040405273,"real_seasonal_2_stock_price":16.307195141839433,"_wandb":{"runtime":15},"AMZN Stock Price Prediction by iTransformer":{"sha256":"f5f2737452ae0ece5b2bad250bc499494dfc62176ae1b2d9bd1de209ddb3b60d","size":48487,"path":"media/images/AMZN Stock Price Prediction by iTransformer_8_f5f2737452ae0ece5b2b.png","format":"png","width":1000,"height":600,"_type":"image-file"},"final_predicted_stock_price":156.03294372558594,"seasonal_1_valid_loss":0.6937240958213806,"dim":128,"trend_valid_loss":0.1073715386837302,"real_seasonal_0_stock_price":-6.886692248923765,"Runtime (seconds)":7.720644474029541,"real_trend_stock_price":167.5354913342489,"predicted_seasonal_1_stock_price":-1.4575484991073608,"mse":3957.2980362756643,"depth":4,"predicted_seasonal_0_stock_price":-7.744913101196289,"real_seasonal_3_stock_price":9.210042698987007,"_timestamp":1.7367566542679703e+09,"seasonal_2_train_loss":0.5048265863032758,"seasonal_3_valid_loss":0.30329590069629275,"_step":9,"seasonal_3_train_loss":0.4649024647826993,"predicted_seasonal_3_stock_price":8.276904106140137,"trend_train_loss":0.31251737569925747,"real_resid_stock_price":30.052430487608945,"periods":[252,504,756,1260],"seasonal_0_train_loss":0.35976718041847583,"predicted_seasonal_2_stock_price":11.010764122009277,"resid_train_loss":0.2920323381872339,"resid_valid_loss":0.3869793444431474}