{"seasonal_1_train_loss":0.7884587531867191,"seasonal_3_valid_loss":2.269049644470215,"_timestamp":1.7366545447599292e+09,"predicted_seasonal_2_stock_price":-0.7750185132026672,"AAPL Stock Price Prediction by iTransformer":{"_type":"image-file","sha256":"b0fdfd4de8ba07a02efaecf01dea52bcf89285bd07f120e9dd93dcdb816bcf03","size":49943,"path":"media/images/AAPL Stock Price Prediction by iTransformer_1801_b0fdfd4de8ba07a02efa.png","format":"png","width":1000,"height":600},"seasonal_0_train_loss":0.021867428771941175,"mse":255.51487848255783,"predicted_seasonal_3_stock_price":-0.6965199708938599,"predicted_resid_stock_price":6.447454452514648,"seasonal_0_valid_loss":0.02061489038169384,"seasonal_2_valid_loss":2.044063467859723,"predicted_seasonal_1_stock_price":-0.2122822254896164,"_runtime":28708.570169884,"final_predicted_stock_price":216.88516235351562,"mae":15.984832763671875,"rmse":15.984832763671875,"seasonal_2_train_loss":0.8146168556236583,"resid_train_loss":0.04299845535644291,"real_resid_stock_price":8.070109404685184,"resid_valid_loss":0.03332323998860691,"real_stock_price":232.8699951171875,"trend_valid_loss":0.02663011589486684,"real_seasonal_0_stock_price":1.3571386735210387,"real_seasonal_2_stock_price":6.399667945647111,"_step":1802,"seasonal_3_train_loss":0.9831493451919864,"_wandb":{"runtime":28708},"predicted_trend_stock_price":210.17799377441406,"predicted_seasonal_0_stock_price":1.9435478448867798,"real_seasonal_1_stock_price":1.0096366341522578,"seasonal_1_valid_loss":1.9813022996387342,"real_trend_stock_price":215.4342551715259,"depth":32,"Runtime (seconds)":7298.20444726944,"dim":256,"trend_train_loss":0.06559939741470133,"real_seasonal_3_stock_price":0.5991872876560032}