{"trend_train_loss":0.6130159457467756,"trend_valid_loss":4.832358563412501,"real_seasonal_3_stock_price":4.670783289998553,"real_seasonal_1_stock_price":-3.1406783641337084,"seasonal_3_train_loss":1.293056838167904,"seasonal_1_train_loss":0.656444590890901,"seasonal_3_valid_loss":0.8841887230283758,"seasonal_2_valid_loss":0.36464825541700036,"periods":[252,504,756,1260],"real_seasonal_0_stock_price":-2.3363773969723054,"Runtime (seconds)":5.912091493606567,"resid_train_loss":0.6860682633784109,"seasonal_0_valid_loss":2.0104405817232633,"resid_valid_loss":0.6673858225826295,"real_trend_stock_price":221.26011083302686,"dim":128,"real_seasonal_2_stock_price":7.340474208110436,"final_predicted_stock_price":47.89492416381836,"seasonal_0_train_loss":0.8465986680819502,"predicted_seasonal_1_stock_price":-1.9693888425827026,"_runtime":12.506190659,"predicted_resid_stock_price":3.8085973262786865,"real_stock_price":236.85000610351562,"seasonal_1_valid_loss":0.7619131885596684,"_timestamp":1.73673009864396e+09,"predicted_seasonal_3_stock_price":-8.583953857421875,"predicted_trend_stock_price":44.30827331542969,"mae":188.95508193969727,"mse":35704.02299083771,"_step":9,"depth":4,"_wandb":{"runtime":12},"real_resid_stock_price":9.055693533485794,"AAPL Stock Price Prediction by iTransformer":{"sha256":"0e8880140bff31c8ab6826809d557fd9de277fbf778ee10ef0be36dad76afde5","size":44542,"path":"media/images/AAPL Stock Price Prediction by iTransformer_8_0e8880140bff31c8ab68.png","format":"png","width":1000,"height":600,"_type":"image-file"},"predicted_seasonal_2_stock_price":10.199156761169434,"seasonal_2_train_loss":1.3757299611226765,"predicted_seasonal_0_stock_price":0.1322375237941742,"rmse":188.95508193969727}