{"real_trend_stock_price":221.26011195111408,"seasonal_1_valid_loss":0.7648987343062216,"predicted_seasonal_0_stock_price":0.023145470768213272,"real_resid_stock_price":9.055693327162999,"seasonal_2_train_loss":1.5737489784455077,"mse":25782.66354943835,"mae":160.56980895996094,"seasonal_1_train_loss":1.0679034239179652,"predicted_trend_stock_price":69.42534637451172,"real_seasonal_3_stock_price":4.670782260021613,"real_seasonal_1_stock_price":-3.140676924927795,"trend_train_loss":1.1807509400549623,"_runtime":13.733974367,"resid_valid_loss":2.066974639892578,"real_seasonal_0_stock_price":-2.3363789607656678,"final_predicted_stock_price":76.28019714355469,"seasonal_2_valid_loss":1.856192946434021,"_step":9,"predicted_seasonal_2_stock_price":-2.6229209899902344,"seasonal_3_train_loss":0.5834539045261986,"_timestamp":1.7367559865360544e+09,"periods":[252,504,756,1260],"predicted_seasonal_3_stock_price":7.870607852935791,"seasonal_3_valid_loss":0.10744703661650419,"predicted_seasonal_1_stock_price":-1.5573290586471558,"predicted_resid_stock_price":3.1413395404815674,"depth":4,"resid_train_loss":0.5269644129632743,"Runtime (seconds)":6.507795095443726,"dim":128,"_wandb":{"runtime":13},"AAPL Stock Price Prediction by iTransformer":{"width":1000,"height":600,"_type":"image-file","sha256":"868a5f1a39b7e13f5ed4ae9f1d210cd34fdb9909bd9d5ae8626c21de71f8174f","size":46388,"path":"media/images/AAPL Stock Price Prediction by iTransformer_8_868a5f1a39b7e13f5ed4.png","format":"png"},"real_seasonal_2_stock_price":7.340474450910401,"seasonal_0_valid_loss":1.5240617688914186,"rmse":160.56980895996094,"trend_valid_loss":4.403637481831956,"real_stock_price":236.85000610351562,"seasonal_0_train_loss":0.5961190224069458}