{"seasonal_1_train_loss":1.6013479372216957,"periods":[252,504,756,1260],"real_resid_stock_price":30.052430487608945,"trend_train_loss":0.3111566833751363,"resid_valid_loss":0.4299607406641152,"predicted_seasonal_2_stock_price":-1.43922758102417,"trend_valid_loss":0.8944389224052429,"final_predicted_stock_price":114.59751892089844,"real_seasonal_3_stock_price":9.210042698987007,"predicted_trend_stock_price":115.72369384765625,"mae":104.34248352050781,"real_seasonal_0_stock_price":-6.886692248923765,"seasonal_0_train_loss":0.8130874308225352,"dim":128,"predicted_seasonal_3_stock_price":-1.6786983013153076,"seasonal_1_valid_loss":1.442541878118976,"_timestamp":1.736747789116944e+09,"real_seasonal_1_stock_price":2.721535027645758,"predicted_resid_stock_price":6.444283962249756,"_runtime":12.416759614,"predicted_seasonal_1_stock_price":-1.9987298250198364,"resid_train_loss":0.4816756389084014,"real_stock_price":218.94000244140625,"mse":10887.353867227444,"predicted_seasonal_0_stock_price":-2.4538052082061768,"real_seasonal_2_stock_price":16.307195141839433,"depth":4,"rmse":104.34248352050781,"seasonal_3_train_loss":1.7019410619427224,"seasonal_2_train_loss":1.2223141891688674,"real_trend_stock_price":167.5354913342489,"seasonal_2_valid_loss":1.378782024485154,"seasonal_0_valid_loss":0.8118313060584643,"Runtime (seconds)":5.879302501678467,"_step":9,"AMZN Stock Price Prediction by iTransformer":{"width":1000,"height":600,"_type":"image-file","sha256":"f9cf67079286b41081edf62fe8ade5247233a96cd5d7c3b9bc979327ddfb6fab","size":46369,"path":"media/images/AMZN Stock Price Prediction by iTransformer_8_f9cf67079286b41081ed.png","format":"png"},"seasonal_3_valid_loss":1.422449789252499,"_wandb":{"runtime":12}}