{"real_seasonal_2_stock_price":16.307195141839433,"real_trend_stock_price":167.5354913342489,"real_seasonal_3_stock_price":9.210042698987007,"seasonal_1_valid_loss":0.941886044257761,"dim":128,"real_seasonal_1_stock_price":2.721535027645758,"_step":9,"predicted_seasonal_2_stock_price":12.260709762573242,"seasonal_0_valid_loss":0.4902195494908553,"periods":[252,504,756,1260],"_runtime":9.540856816,"mae":105.93777465820312,"AMZN Stock Price Prediction by iTransformer":{"sha256":"af3902dfa5bd40178818fc96d7d316e70ff8397e8c006259f55e54ddd77b28bd","size":46364,"path":"media/images/AMZN Stock Price Prediction by iTransformer_8_af3902dfa5bd40178818.png","format":"png","width":1000,"height":600,"_type":"image-file"},"resid_valid_loss":1.3402063954960217,"real_resid_stock_price":30.052430487608945,"resid_train_loss":1.5600456237792968,"seasonal_3_valid_loss":0.42574977154755805,"seasonal_2_valid_loss":0.11886249447652432,"depth":4,"real_stock_price":218.94000244140625,"seasonal_0_train_loss":1.2656258308157629,"real_seasonal_0_stock_price":-6.886692248923765,"_wandb":{"runtime":9},"trend_train_loss":0.8304369494046997,"final_predicted_stock_price":113.00222778320312,"predicted_resid_stock_price":11.093810081481934,"seasonal_3_train_loss":0.4620154600183503,"seasonal_1_train_loss":1.3361358111574313,"rmse":105.93777465820312,"seasonal_2_train_loss":0.14223787978612557,"predicted_seasonal_0_stock_price":-7.873925685882568,"predicted_seasonal_1_stock_price":0.621225893497467,"predicted_trend_stock_price":80.09061431884766,"trend_valid_loss":2.3273138464713585,"_timestamp":1.7367189612966702e+09,"predicted_seasonal_3_stock_price":16.809789657592773,"mse":11222.812099532224,"Runtime (seconds)":4.705858945846558}