{"predicted_seasonal_0_stock_price":-8.258938789367676,"real_seasonal_2_stock_price":16.307195141839433,"seasonal_2_valid_loss":0.17012668791557511,"real_resid_stock_price":30.052430487608945,"seasonal_1_valid_loss":0.8758686326639482,"predicted_seasonal_2_stock_price":12.279943466186523,"predicted_trend_stock_price":105.36119079589844,"dim":128,"real_trend_stock_price":167.5354913342489,"trend_train_loss":0.27336585645844247,"seasonal_2_train_loss":0.19115168714264064,"seasonal_3_train_loss":0.8739940457873874,"periods":[252,504,756,1260],"seasonal_1_train_loss":1.1939479704383467,"real_stock_price":218.94000244140625,"resid_train_loss":1.7603520280590244,"Runtime (seconds)":5.588036298751831,"_runtime":13.495497819,"real_seasonal_1_stock_price":2.721535027645758,"real_seasonal_3_stock_price":9.210042698987007,"rmse":60.75935363769531,"mae":60.75935363769531,"final_predicted_stock_price":158.18064880371094,"predicted_seasonal_1_stock_price":-0.17907197773456573,"trend_valid_loss":0.8348364711743299,"seasonal_0_valid_loss":0.3698197594194701,"predicted_seasonal_3_stock_price":6.923938274383545,"real_seasonal_0_stock_price":-6.886692248923765,"predicted_resid_stock_price":42.053585052490234,"_wandb":{"runtime":13},"depth":4,"resid_valid_loss":0.5428367853164673,"mse":3691.6990544705186,"_timestamp":1.7367564998347814e+09,"seasonal_0_train_loss":0.2988116474091252,"seasonal_3_valid_loss":0.4443259132418403,"AMZN Stock Price Prediction by iTransformer":{"path":"media/images/AMZN Stock Price Prediction by iTransformer_8_9e3c00d5fb5ae2a8ba41.png","format":"png","width":1000,"height":600,"_type":"image-file","sha256":"9e3c00d5fb5ae2a8ba4162c8ec149db49873634d696fa1c50be27751bb03b913","size":48656},"_step":9}