{"r2_score":NaN,"rmse":139.34197998046875,"depth":4,"valid_loss":1.783906732529317,"_runtime":28.441834437,"predicted_stock_price":57.77801513671875,"mae":139.34197998046875,"_wandb":{"runtime":28},"_step":3,"_timestamp":1.7360042567005174e+09,"AMZN Stock Price Prediction by Transformer(no MSTL)":{"sha256":"8743638dd4920407b73a728dbe4c99992b0cc6dce5c5d7210141c29ddcbd2818","size":47310,"path":"media/images/AMZN Stock Price Prediction by Transformer(no MSTL)_2_8743638dd4920407b73a.png","format":"png","width":1000,"height":600,"_type":"image-file"},"train_loss":1.0843408232109026,"Runtime (seconds)":8.880314826965332,"real_stock_price":197.1199951171875,"mse":19416.187384877354,"dim":128}