{"predicted_seasonal_2_stock_price":10.19117259979248,"real_seasonal_1_stock_price":-3.140677832049211,"real_resid_stock_price":9.05569423393581,"predicted_seasonal_0_stock_price":1.6436636447906494,"trend_train_loss":0.4265260141054203,"mse":10442.313222903991,"predicted_trend_stock_price":121.47769927978516,"Runtime (seconds)":5.7414538860321045,"seasonal_3_valid_loss":0.6439248405978583,"dim":128,"real_trend_stock_price":221.2601120600946,"_runtime":14.115936601,"seasonal_1_valid_loss":0.11128607593769393,"seasonal_2_valid_loss":0.1579228296090674,"depth":4,"resid_valid_loss":0.4493918165033351,"_timestamp":1.7367315603780727e+09,"real_seasonal_2_stock_price":7.3404695700455065,"trend_valid_loss":2.265352725982666,"resid_train_loss":0.4612148862686396,"_wandb":{"runtime":14},"periods":[252,504,756,1260],"real_seasonal_0_stock_price":-2.3363810527714297,"seasonal_1_train_loss":0.3052969271263123,"_step":9,"seasonal_0_train_loss":0.3956771801993506,"predicted_seasonal_3_stock_price":0.2738468050956726,"final_predicted_stock_price":134.66236877441406,"AAPL Stock Price Prediction by iTransformer":{"format":"png","width":1000,"height":600,"_type":"image-file","sha256":"d9a2a70e44fc9cac11384ed06bb7a1ba1afb00c30e0a374fec843fd19612d2f7","size":46858,"path":"media/images/AAPL Stock Price Prediction by iTransformer_8_d9a2a70e44fc9cac1138.png"},"seasonal_0_valid_loss":0.6469959922004165,"predicted_resid_stock_price":3.386309862136841,"real_seasonal_3_stock_price":4.670789124260343,"real_stock_price":236.85000610351562,"predicted_seasonal_1_stock_price":-2.3103201389312744,"rmse":102.18763732910156,"seasonal_2_train_loss":0.6025220608340275,"mae":102.18763732910156,"seasonal_3_train_loss":0.9266197043684933}