{"resid_train_loss":0.6309852499357411,"seasonal_2_valid_loss":0.5239564434833471,"_timestamp":1.7358381318834043e+09,"real_stock_price":222.47523498535156,"seasonal_2_train_loss":0.7005093155984734,"seasonal_0_valid_loss":1.062817097549707,"trend_valid_loss":0.9029930433806251,"predicted_resid_stock_price":-0.7059906721115112,"real_seasonal_1_stock_price":-1.161642243980674,"mae":71.77531433105469,"mse":5151.695747321704,"rmse":71.77531433105469,"_wandb":{"runtime":40},"seasonal_0_train_loss":0.7751484555093309,"predicted_trend_stock_price":139.0970916748047,"_runtime":40.904962922,"Runtime (seconds)":9.660074710845947,"resid_valid_loss":0.8222905204221469,"predicted_seasonal_3_stock_price":5.421391487121582,"seasonal_1_valid_loss":0.5729604698717594,"predicted_seasonal_0_stock_price":-0.45276889204978943,"Stock_Price_Prediction":{"_type":"image-file","sha256":"59d4103c41019ab2220f8fbf03ed97a8633f4c45d055ae27b1545bff93f12b0d","size":34124,"path":"media/images/Stock_Price_Prediction_7_59d4103c41019ab2220f.png","format":"png","width":1000,"height":600},"final_predicted_stock_price":150.69992065429688,"dim":128,"_step":8,"seasonal_1_train_loss":0.3801199536734414,"real_trend_stock_price":213.41950494711287,"real_seasonal_3_stock_price":-0.12961305179219185,"real_seasonal_0_stock_price":-1.5207524696567352,"real_resid_stock_price":4.18300637134638,"seasonal_3_valid_loss":1.3614724734881978,"seasonal_3_train_loss":1.4456163954850352,"predicted_seasonal_1_stock_price":1.0052158832550049,"predicted_seasonal_2_stock_price":6.334985256195068,"real_seasonal_2_stock_price":7.684731432321933,"depth":4,"trend_train_loss":0.8031481985197307}