{"seasonal_3_valid_loss":0.5398151278495789,"_step":9,"predicted_seasonal_3_stock_price":3.8287646770477295,"resid_valid_loss":0.9433481559742406,"dim":128,"seasonal_2_train_loss":0.7377015871640581,"real_seasonal_0_stock_price":-2.3363848333238892,"seasonal_0_valid_loss":0.42717074000990235,"mae":101.87934875488281,"mse":10379.401702719042,"resid_train_loss":0.3708374258869424,"real_stock_price":236.85000610351562,"seasonal_1_train_loss":1.024400179334251,"AAPL Stock Price Prediction by iTransformer":{"path":"media/images/AAPL Stock Price Prediction by iTransformer_8_ef53021e197af60d6bc1.png","format":"png","width":1000,"height":600,"_type":"image-file","sha256":"ef53021e197af60d6bc1d85805daea109d00cf8c8b37dc780e0ee570d7a9ac3e","size":46903},"real_trend_stock_price":221.2601116411547,"periods":[252,504,756,1260],"final_predicted_stock_price":134.9706573486328,"predicted_seasonal_2_stock_price":3.013288974761963,"real_seasonal_3_stock_price":4.670778342244878,"depth":4,"seasonal_0_train_loss":0.2946004536044732,"real_seasonal_1_stock_price":-3.1406666176308278,"trend_valid_loss":1.2759081966453982,"seasonal_1_valid_loss":0.489174191598539,"_timestamp":1.7367204653679035e+09,"rmse":101.87934875488281,"Runtime (seconds)":5.731287956237793,"predicted_seasonal_0_stock_price":1.5595765113830566,"real_seasonal_2_stock_price":7.340468163983586,"predicted_resid_stock_price":4.950799942016602,"predicted_trend_stock_price":122.02877044677734,"real_resid_stock_price":9.055699407087161,"predicted_seasonal_1_stock_price":-0.4105527400970459,"_wandb":{"runtime":10},"trend_train_loss":0.8389004083405531,"seasonal_3_train_loss":0.8057666867108835,"_runtime":10.870567355,"seasonal_2_valid_loss":0.8451933541173009}