{"predicted_seasonal_1_stock_price":-2.2007687091827393,"real_seasonal_3_stock_price":9.210042698987007,"predicted_seasonal_2_stock_price":20.955753326416016,"seasonal_3_valid_loss":0.12636512502407035,"trend_train_loss":0.38978617512145625,"trend_valid_loss":0.5772791072130203,"rmse":70.29109191894531,"seasonal_0_valid_loss":0.10249808971333292,"predicted_seasonal_3_stock_price":13.432121276855469,"real_seasonal_1_stock_price":2.721535027645758,"predicted_resid_stock_price":12.173537254333496,"real_resid_stock_price":30.052430487608945,"final_predicted_stock_price":148.64891052246094,"periods":[252,504,756,1260],"depth":4,"resid_train_loss":1.2019981737470704,"_timestamp":1.7367097719557056e+09,"seasonal_2_train_loss":0.9127387368160866,"mse":4940.837603157619,"real_seasonal_2_stock_price":16.307195141839433,"AMZN Stock Price Prediction by iTransformer":{"height":600,"_type":"image-file","sha256":"a13d1fc83a6c3ab04209f37620b394164841345c2da7ad1b36282bba74c53935","size":48757,"path":"media/images/AMZN Stock Price Prediction by iTransformer_8_a13d1fc83a6c3ab04209.png","format":"png","width":1000},"real_trend_stock_price":167.5354913342489,"seasonal_2_valid_loss":0.5853060704536278,"real_seasonal_0_stock_price":-6.886692248923765,"seasonal_3_train_loss":0.31903535412014583,"seasonal_1_train_loss":1.300891958280149,"real_stock_price":218.94000244140625,"seasonal_1_valid_loss":1.237243531328259,"resid_valid_loss":0.8115451048655682,"seasonal_0_train_loss":0.3355749031074442,"predicted_seasonal_0_stock_price":-6.368661403656006,"_step":9,"_runtime":18.856602804,"_wandb":{"runtime":18},"mae":70.29109191894531,"Runtime (seconds)":9.19944429397583,"predicted_trend_stock_price":110.65691375732422,"dim":128}