{"seasonal_1_train_loss":0.4604308725975333,"predicted_resid_stock_price":4.690987586975098,"seasonal_2_train_loss":0.3775114056237557,"real_seasonal_2_stock_price":7.340471999723845,"predicted_seasonal_2_stock_price":6.01039981842041,"seasonal_1_valid_loss":0.28155146752085003,"real_seasonal_1_stock_price":-3.1406798917865024,"seasonal_3_valid_loss":3.5103139599047877,"final_predicted_stock_price":99.37690734863281,"predicted_seasonal_3_stock_price":9.181952476501465,"seasonal_0_train_loss":0.9487650749960268,"_wandb":{"runtime":9},"resid_valid_loss":0.34653965672063963,"rmse":137.4730987548828,"trend_train_loss":1.6272714261444863,"predicted_trend_stock_price":87.06015014648438,"_step":9,"real_seasonal_3_stock_price":4.670785631742504,"periods":[252,504,756,1260],"dim":128,"_runtime":9.880974155,"_timestamp":1.736714390544695e+09,"AAPL Stock Price Prediction by iTransformer":{"_type":"image-file","sha256":"c86b03d9da67203b53d8c8f91e5d0720dd946b4926103c4597a3b3c257e9e51e","size":47767,"path":"media/images/AAPL Stock Price Prediction by iTransformer_8_c86b03d9da67203b53d8.png","format":"png","width":1000,"height":600},"depth":4,"resid_train_loss":1.0479690365296914,"mse":18898.852881269762,"mae":137.4730987548828,"Runtime (seconds)":4.761977434158325,"real_seasonal_0_stock_price":-2.3363713525242753,"seasonal_3_train_loss":2.966589958619935,"predicted_seasonal_0_stock_price":-3.6373331546783447,"seasonal_2_valid_loss":0.11123161432756619,"trend_valid_loss":1.8283322420604444,"real_stock_price":236.85000610351562,"predicted_seasonal_1_stock_price":-3.929248332977295,"seasonal_0_valid_loss":1.429664312405491,"real_trend_stock_price":221.2601115376668,"real_resid_stock_price":9.05568817869326}