{"seasonal_0_train_loss":0.7527406109499833,"_runtime":14.568351349,"real_trend_stock_price":221.26011161687856,"seasonal_3_train_loss":0.5938735346109312,"predicted_seasonal_2_stock_price":3.8523635864257812,"seasonal_1_train_loss":0.35149908584944817,"predicted_resid_stock_price":-0.6911619901657104,"resid_train_loss":0.7232873407473047,"dim":128,"predicted_seasonal_0_stock_price":1.6819396018981934,"depth":4,"Runtime (seconds)":7.098200082778931,"trend_train_loss":1.183497600301138,"final_predicted_stock_price":73.5978012084961,"predicted_seasonal_1_stock_price":-1.9992116689682007,"mae":163.25220489501953,"periods":[252,504,756,1260],"_step":9,"_wandb":{"runtime":14},"_timestamp":1.7367098569895039e+09,"real_resid_stock_price":9.05569059587694,"seasonal_2_train_loss":0.42386886982094657,"real_stock_price":236.85000610351562,"real_seasonal_0_stock_price":-2.3363774018091688,"predicted_trend_stock_price":63.60279083251953,"seasonal_3_valid_loss":0.512353045738717,"seasonal_0_valid_loss":1.8471615499333491,"seasonal_1_valid_loss":0.1775157598481662,"resid_valid_loss":0.9150025324457011,"trend_valid_loss":3.6371138030108936,"real_seasonal_3_stock_price":4.670785545416978,"AAPL Stock Price Prediction by iTransformer":{"width":1000,"height":600,"_type":"image-file","sha256":"cf8d1c0be22dff520576613559abd47a74d72c99e1dcf550cd6df7cebea18669","size":46425,"path":"media/images/AAPL Stock Price Prediction by iTransformer_8_cf8d1c0be22dff520576.png","format":"png"},"predicted_seasonal_3_stock_price":7.151084899902344,"real_seasonal_2_stock_price":7.340471399076728,"mse":26651.28240308544,"real_seasonal_1_stock_price":-3.1406756519244126,"seasonal_2_valid_loss":0.3750367381053264,"rmse":163.25220489501953}