{"real_seasonal_0_stock_price":-2.3363842600753424,"_timestamp":1.7367419871610973e+09,"mse":29805.291185617447,"_runtime":13.764069106,"depth":4,"rmse":172.64208984375,"real_stock_price":236.85000610351562,"predicted_seasonal_2_stock_price":2.992067337036133,"seasonal_3_train_loss":0.7970093286780806,"predicted_seasonal_1_stock_price":-3.192481756210327,"trend_valid_loss":5.329858303070068,"predicted_trend_stock_price":63.1690673828125,"predicted_resid_stock_price":0.08421468734741211,"resid_train_loss":0.38181802664290776,"final_predicted_stock_price":64.20791625976562,"AAPL Stock Price Prediction by iTransformer":{"sha256":"0132faafaa596bd131204163ef52990b4365eb85c9f74cd3a74f456db6b6098f","size":46339,"path":"media/images/AAPL Stock Price Prediction by iTransformer_8_0132faafaa596bd13120.png","format":"png","width":1000,"height":600,"_type":"image-file"},"periods":[252,504,756,1260],"_wandb":{"runtime":13},"predicted_seasonal_3_stock_price":1.4557764530181885,"real_seasonal_3_stock_price":4.670785579147332,"seasonal_2_valid_loss":0.39923135448555175,"real_trend_stock_price":221.26011106149983,"real_resid_stock_price":9.055696518548245,"seasonal_0_train_loss":0.30721169090350847,"seasonal_1_valid_loss":0.10109403644903348,"seasonal_1_train_loss":0.2338067850514078,"predicted_seasonal_0_stock_price":-0.3007294237613678,"Runtime (seconds)":5.9107584953308105,"resid_valid_loss":0.5674258564537317,"dim":128,"seasonal_3_valid_loss":0.40935443838437396,"_step":9,"trend_train_loss":1.707290718157934,"mae":172.64208984375,"seasonal_0_valid_loss":0.3083985792866475,"seasonal_2_train_loss":0.5475300928280433,"real_seasonal_1_stock_price":-3.1406775846615775,"real_seasonal_2_stock_price":7.340474789057134}