{"predicted_seasonal_2_stock_price":10.509413719177246,"resid_train_loss":2.5999025077315885,"_wandb":{"runtime":14},"real_trend_stock_price":167.5354913342489,"predicted_trend_stock_price":122.807373046875,"trend_train_loss":0.29337938690491,"seasonal_2_valid_loss":0.3035899820681484,"seasonal_1_valid_loss":1.0710604126388963,"seasonal_3_train_loss":0.9806716813291317,"trend_valid_loss":0.4441157288227456,"seasonal_2_train_loss":0.35715517771210903,"rmse":103.26013946533203,"real_seasonal_2_stock_price":16.307195141839433,"predicted_resid_stock_price":-9.087060928344727,"seasonal_1_train_loss":1.3478800443169252,"Runtime (seconds)":6.306280851364136,"seasonal_0_train_loss":0.2177433223014684,"depth":4,"_runtime":14.413153818,"mse":10662.656402399822,"real_stock_price":218.94000244140625,"AMZN Stock Price Prediction by iTransformer":{"format":"png","width":1000,"height":600,"_type":"image-file","sha256":"6d9242eddd7bbeffd2bfadcf35f0e33663cf0e38ef66e88f24225be12cc4f3bb","size":46307,"path":"media/images/AMZN Stock Price Prediction by iTransformer_8_6d9242eddd7bbeffd2bf.png"},"real_seasonal_0_stock_price":-6.886692248923765,"_timestamp":1.7367394191390848e+09,"seasonal_0_valid_loss":0.12353895218717142,"predicted_seasonal_0_stock_price":-6.3509626388549805,"real_seasonal_1_stock_price":2.721535027645758,"dim":128,"mae":103.26013946533203,"resid_valid_loss":2.37034147159726,"periods":[252,504,756,1260],"seasonal_3_valid_loss":0.8719021961744365,"predicted_seasonal_3_stock_price":-3.7417001724243164,"_step":9,"final_predicted_stock_price":115.67986297607422,"predicted_seasonal_1_stock_price":1.5427979230880737,"real_resid_stock_price":30.052430487608945,"real_seasonal_3_stock_price":9.210042698987007}