{"_wandb":{"runtime":10},"dim":128,"_timestamp":1.736744376750947e+09,"seasonal_1_train_loss":0.4712960209954694,"seasonal_3_train_loss":1.2437381604784414,"predicted_trend_stock_price":124.56471252441406,"AAPL Stock Price Prediction by iTransformer":{"width":1000,"height":600,"_type":"image-file","sha256":"34ebb1174de456ddd791d1ee595577b2930ab197a147db7bc50e7627cdcd2723","size":47132,"path":"media/images/AAPL Stock Price Prediction by iTransformer_8_34ebb1174de456ddd791.png","format":"png"},"rmse":128.1096954345703,"real_seasonal_3_stock_price":4.67078630363708,"_runtime":10.708838873,"real_seasonal_2_stock_price":7.340474143788096,"seasonal_0_train_loss":1.1695210878404012,"predicted_seasonal_2_stock_price":-0.10330414026975632,"trend_train_loss":0.2663098275892675,"depth":4,"real_resid_stock_price":9.055689756537703,"resid_valid_loss":1.642034667591716,"seasonal_2_valid_loss":0.5823967436680922,"real_stock_price":236.85000610351562,"periods":[252,504,756,1260],"seasonal_2_train_loss":0.8250604894687266,"predicted_resid_stock_price":-7.763492584228516,"real_trend_stock_price":221.26011165316686,"_step":9,"seasonal_1_valid_loss":0.14950556617891678,"real_seasonal_0_stock_price":-2.336376784732631,"mse":16412.094064338366,"predicted_seasonal_0_stock_price":0.7282431125640869,"trend_valid_loss":1.3009606370559106,"final_predicted_stock_price":108.74031066894531,"seasonal_0_valid_loss":2.320981409445227,"real_seasonal_1_stock_price":-3.140678968881476,"predicted_seasonal_3_stock_price":-5.652711868286133,"seasonal_3_valid_loss":0.7079188406467438,"mae":128.1096954345703,"resid_train_loss":1.525469159142684,"Runtime (seconds)":5.035740852355957,"predicted_seasonal_1_stock_price":-3.033132791519165}