{"periods":[252,504,756,1260],"real_resid_stock_price":30.052430487608945,"_step":9,"seasonal_3_train_loss":0.8468484568333237,"trend_valid_loss":0.6609882216417152,"rmse":94.66227722167969,"seasonal_2_train_loss":0.9131736119628929,"real_trend_stock_price":167.5354913342489,"seasonal_0_valid_loss":0.4117322340339958,"predicted_resid_stock_price":11.6265230178833,"resid_valid_loss":0.6851520055730538,"seasonal_3_valid_loss":0.6261786707841298,"resid_train_loss":0.8561053234259479,"depth":4,"seasonal_1_train_loss":1.9759203141189745,"seasonal_2_valid_loss":0.7544456014727211,"predicted_seasonal_1_stock_price":2.685126781463623,"_timestamp":1.7367256579025736e+09,"predicted_trend_stock_price":115.32028198242188,"mae":94.66227722167969,"_wandb":{"runtime":10},"real_seasonal_0_stock_price":-6.886692248923765,"seasonal_0_train_loss":0.538803482398572,"real_stock_price":218.94000244140625,"predicted_seasonal_0_stock_price":-8.2634916305542,"real_seasonal_3_stock_price":9.210042698987007,"final_predicted_stock_price":124.27772521972656,"mse":8960.946728794137,"predicted_seasonal_2_stock_price":-1.4601024389266968,"dim":128,"_runtime":10.378062785000001,"predicted_seasonal_3_stock_price":4.369382858276367,"real_seasonal_2_stock_price":16.307195141839433,"real_seasonal_1_stock_price":2.721535027645758,"AMZN Stock Price Prediction by iTransformer":{"width":1000,"height":600,"_type":"image-file","sha256":"442d533df3aa758e8e174cf81afe71ed959755b413e6be56bc2c0aa444798601","size":46491,"path":"media/images/AMZN Stock Price Prediction by iTransformer_8_442d533df3aa758e8e17.png","format":"png"},"trend_train_loss":0.42694856491752203,"Runtime (seconds)":4.822098970413208,"seasonal_1_valid_loss":0.16782151868468836}