{"rmse":39.32672119140625,"predicted_seasonal_0_stock_price":-1.247226357460022,"seasonal_0_valid_loss":0.9805414428019664,"mse":1546.5909996666014,"seasonal_1_train_loss":1.9714623126886823,"predicted_seasonal_3_stock_price":-8.933100700378418,"trend_train_loss":0.1403053843713482,"_runtime":9.83063177,"AMZN Stock Price Prediction by iTransformer":{"size":48520,"path":"media/images/AMZN Stock Price Prediction by iTransformer_8_77e3958ef7ba3dec3f01.png","format":"png","width":1000,"height":600,"_type":"image-file","sha256":"77e3958ef7ba3dec3f01e7d7e3a789f39b53557198ca25be356222ff4f180610"},"predicted_resid_stock_price":15.178153038024902,"resid_valid_loss":0.4637259398925238,"predicted_seasonal_1_stock_price":-2.2631473541259766,"periods":[252,504,756,1260],"trend_valid_loss":0.00029439301579259336,"_step":9,"seasonal_2_valid_loss":0.18068013014271855,"real_resid_stock_price":30.052430487608945,"predicted_trend_stock_price":166.01913452148438,"mae":39.32672119140625,"final_predicted_stock_price":179.61328125,"seasonal_1_valid_loss":2.096313934521319,"real_stock_price":218.94000244140625,"seasonal_0_train_loss":1.4214501043933019,"seasonal_3_valid_loss":0.8417405192365591,"real_trend_stock_price":167.5354913342489,"seasonal_3_train_loss":0.9487746225931984,"depth":4,"resid_train_loss":0.5349010582812566,"real_seasonal_2_stock_price":16.307195141839433,"_wandb":{"runtime":9},"_timestamp":1.7367539489510963e+09,"seasonal_2_train_loss":0.5524398839285541,"Runtime (seconds)":4.478343486785889,"real_seasonal_1_stock_price":2.721535027645758,"dim":128,"real_seasonal_0_stock_price":-6.886692248923765,"real_seasonal_3_stock_price":9.210042698987007,"predicted_seasonal_2_stock_price":10.859477043151855}