{"real_seasonal_1_stock_price":-0.9096285254073795,"real_trend_stock_price":219.97836642134288,"resid_valid_loss":0.17698087663419784,"final_predicted_stock_price":92.48907470703125,"resid_train_loss":0.7167298507385105,"predicted_seasonal_1_stock_price":-1.075579047203064,"real_seasonal_0_stock_price":2.423106344596655,"predicted_trend_stock_price":84.44849395751953,"Runtime (seconds)":4.225561857223511,"real_resid_stock_price":15.036354365422369,"real_seasonal_3_stock_price":6.384339095089849,"predicted_seasonal_3_stock_price":-3.3965256214141846,"trend_train_loss":0.13823811701868333,"seasonal_1_valid_loss":0.34463150149962396,"periods":[252,504,756,1260],"rmse":159.71092224121094,"_step":9,"depth":4,"real_stock_price":252.1999969482422,"seasonal_0_valid_loss":2.4442737102508545,"seasonal_2_train_loss":1.5780451222517187,"trend_valid_loss":1.687751265225481,"seasonal_1_train_loss":0.4820585710306962,"_wandb":{"runtime":9},"predicted_seasonal_0_stock_price":0.4095366895198822,"_runtime":9.208676281,"seasonal_0_train_loss":1.3526770535400647,"seasonal_3_train_loss":1.0186469775042144,"predicted_resid_stock_price":9.773111343383789,"mse":25507.578683138127,"seasonal_3_valid_loss":0.5306090575318004,"seasonal_2_valid_loss":0.34795906719321396,"_timestamp":1.7367065507397463e+09,"predicted_seasonal_2_stock_price":2.3300347328186035,"mae":159.71092224121094,"real_seasonal_2_stock_price":9.287459247197841,"dim":128,"AAPL Stock Price Prediction by iTransformer":{"path":"media/images/AAPL Stock Price Prediction by iTransformer_8_eb40fec550b8d766ac82.png","format":"png","width":1000,"height":600,"_type":"image-file","sha256":"eb40fec550b8d766ac82f1e0192ad45da8078ea0f38a4b25047de4f21faf29eb","size":45775}}