{"seasonal_3_train_loss":2.17549965379392,"seasonal_2_valid_loss":0.09804374724626541,"_runtime":12.99038749,"depth":4,"predicted_seasonal_3_stock_price":-2.2692904472351074,"real_resid_stock_price":31.58768228281832,"real_seasonal_1_stock_price":2.924906831517424,"_timestamp":1.7367067874676166e+09,"real_trend_stock_price":167.3400054618968,"seasonal_1_valid_loss":0.9104415357112885,"seasonal_3_valid_loss":1.8666350169453563,"rmse":86.20613098144531,"seasonal_2_train_loss":1.4364600817344697,"trend_train_loss":0.30204739026939204,"predicted_seasonal_1_stock_price":0.5500521063804626,"dim":128,"real_seasonal_2_stock_price":16.73249350531127,"_step":9,"final_predicted_stock_price":135.9238739013672,"resid_valid_loss":0.5885793236177044,"predicted_seasonal_2_stock_price":11.590259552001953,"trend_valid_loss":0.2898034611992214,"seasonal_0_valid_loss":0.6031289298692321,"seasonal_0_train_loss":1.147996240244522,"real_seasonal_3_stock_price":10.12112736295886,"mae":86.20613098144531,"AMZN Stock Price Prediction by iTransformer":{"width":1000,"height":600,"_type":"image-file","sha256":"8c333e9059916905458ef8e0d3a7ee5034d3211b48d327bef00e61cffc350bc7","size":45904,"path":"media/images/AMZN Stock Price Prediction by iTransformer_8_8c333e9059916905458e.png","format":"png"},"mse":7431.497018790105,"real_stock_price":222.1300048828125,"periods":[252,504,756,1260],"seasonal_1_train_loss":0.8672989038926251,"predicted_seasonal_0_stock_price":-5.709205150604248,"Runtime (seconds)":6.48536491394043,"predicted_resid_stock_price":3.2079672813415527,"real_seasonal_0_stock_price":-6.576210561690203,"_wandb":{"runtime":12},"resid_train_loss":1.022767846255554,"predicted_trend_stock_price":128.55409240722656}