{"seasonal_2_valid_loss":0.15680336840353498,"_timestamp":1.73672451393359e+09,"_step":9,"final_predicted_stock_price":62.856605529785156,"trend_valid_loss":3.944165663285689,"depth":4,"_wandb":{"runtime":8},"real_stock_price":236.85000610351562,"seasonal_0_valid_loss":2.2332927875949027,"trend_train_loss":1.6044714358490957,"dim":128,"real_resid_stock_price":9.05569343807582,"seasonal_1_train_loss":0.47675961310399684,"periods":[252,504,756,1260],"predicted_seasonal_1_stock_price":-3.3984174728393555,"rmse":173.99340057373047,"seasonal_1_valid_loss":0.24435172991216345,"real_seasonal_3_stock_price":4.670782817188839,"predicted_seasonal_3_stock_price":-7.335827827453613,"real_trend_stock_price":221.2601117614453,"real_seasonal_1_stock_price":-3.1406754124526577,"seasonal_3_train_loss":1.8958573648162613,"seasonal_2_train_loss":0.24387243408709763,"_runtime":8.293130073,"mae":173.99340057373047,"AAPL Stock Price Prediction by iTransformer":{"width":1000,"height":600,"_type":"image-file","sha256":"b834785ecfd3a9645a638cdafa4a954492bacdd163e6de9708a136646514602b","size":46147,"path":"media/images/AAPL Stock Price Prediction by iTransformer_8_b834785ecfd3a9645a63.png","format":"png"},"predicted_seasonal_2_stock_price":5.782163619995117,"predicted_trend_stock_price":60.41676330566406,"predicted_resid_stock_price":6.334729194641113,"Runtime (seconds)":3.988039016723633,"mse":30273.70344321063,"predicted_seasonal_0_stock_price":1.0571978092193604,"resid_valid_loss":0.5310271875063578,"seasonal_0_train_loss":0.9726086655530063,"seasonal_3_valid_loss":2.488094845382116,"real_seasonal_2_stock_price":7.340469324290394,"real_seasonal_0_stock_price":-2.3363758250320577,"resid_train_loss":1.190989707701548}