{"predicted_seasonal_1_stock_price":1.2486203908920288,"real_seasonal_3_stock_price":4.670788163965473,"predicted_seasonal_3_stock_price":2.710724353790283,"_runtime":12.701122788,"_wandb":{"runtime":12},"seasonal_2_valid_loss":0.05975607412524129,"mse":44175.57720595901,"predicted_seasonal_0_stock_price":0.27596041560173035,"seasonal_3_train_loss":0.6034881799880948,"seasonal_0_train_loss":1.1675687731222144,"mae":210.17986869812012,"real_seasonal_1_stock_price":-3.1406795771303604,"real_seasonal_0_stock_price":-2.3363841806284915,"resid_valid_loss":0.6938781543738313,"seasonal_1_train_loss":1.7262840269478148,"seasonal_3_valid_loss":0.6561732168422967,"final_predicted_stock_price":26.670137405395508,"real_seasonal_2_stock_price":7.340475185804196,"seasonal_0_valid_loss":2.405217858461233,"_step":9,"predicted_trend_stock_price":13.148017883300781,"_timestamp":1.736712740000467e+09,"real_stock_price":236.85000610351562,"Runtime (seconds)":6.128735065460205,"real_trend_stock_price":221.26011208567206,"trend_valid_loss":8.515602494319927,"resid_train_loss":0.9384536528697601,"seasonal_1_valid_loss":1.1819335484021418,"periods":[252,504,756,1260],"predicted_resid_stock_price":2.6152327060699463,"rmse":210.17986869812012,"real_resid_stock_price":9.05569442583274,"dim":128,"depth":4,"seasonal_2_train_loss":0.5562718240419674,"AAPL Stock Price Prediction by iTransformer":{"format":"png","width":1000,"height":600,"_type":"image-file","sha256":"3f0d988db00c59318a00f9f8d2f77ece703eb8ace80b39e1a3ba2aab9cfd44b7","size":44502,"path":"media/images/AAPL Stock Price Prediction by iTransformer_8_3f0d988db00c59318a00.png"},"predicted_seasonal_2_stock_price":6.671582221984863,"trend_train_loss":2.052390597919352}