{"_step":9,"predicted_trend_stock_price":118.20294189453125,"predicted_resid_stock_price":-4.601600646972656,"_wandb":{"runtime":15},"seasonal_1_train_loss":0.3915089054873407,"rmse":117.1048583984375,"_timestamp":1.7367501686606922e+09,"real_seasonal_0_stock_price":-2.3363819897526437,"resid_valid_loss":1.6636820082322823,"AAPL Stock Price Prediction by iTransformer":{"sha256":"c4ce6f829a9d5ab28d05159be344f503aa7b6c7f58c42f1e7b15d99de67ea619","size":47386,"path":"media/images/AAPL Stock Price Prediction by iTransformer_8_c4ce6f829a9d5ab28d05.png","format":"png","width":1000,"height":600,"_type":"image-file"},"predicted_seasonal_3_stock_price":4.955312728881836,"predicted_seasonal_2_stock_price":2.2012150287628174,"real_seasonal_3_stock_price":4.670783454554319,"real_seasonal_2_stock_price":7.340473716213079,"_runtime":15.738316118,"seasonal_0_valid_loss":1.1056382818655535,"real_resid_stock_price":9.055695609982564,"real_seasonal_1_stock_price":-3.1406762962541754,"seasonal_0_train_loss":0.8667984326818223,"predicted_seasonal_1_stock_price":-2.8084142208099365,"periods":[252,504,756,1260],"resid_train_loss":1.6379640391921695,"real_trend_stock_price":221.26011160877252,"seasonal_2_valid_loss":0.48135878364703155,"dim":128,"depth":4,"Runtime (seconds)":7.1817309856414795,"predicted_seasonal_0_stock_price":1.7956855297088623,"trend_valid_loss":1.028650778762756,"mae":117.1048583984375,"trend_train_loss":0.1398546177440674,"seasonal_3_train_loss":1.2316826963110974,"real_stock_price":236.85000610351562,"mse":13713.547860518098,"final_predicted_stock_price":119.74514770507812,"seasonal_3_valid_loss":1.3860213744519936,"seasonal_2_train_loss":0.5860262284805249,"seasonal_1_valid_loss":0.14799184093266646}