{"_wandb":{"runtime":21},"Validation Loss (Trend)":0.39157380151010834,"Validation Loss (Seasonal)":5.047460380109769,"Train Loss (Resid)":0.2018017428042906,"_runtime":21.641287857000002,"_timestamp":1.730471786795714e+09,"Validation Loss (Resid)":0.6246997586731772,"Train Loss (Seasonal)":2.4685503456452556,"_step":0,"Train Loss (Trend)":0.06716428069135137}