{"trend_valid_loss":3.490890862797889,"mse":32346.030184021452,"real_seasonal_3_stock_price":4.670783481961266,"mae":179.8500213623047,"dim":128,"depth":4,"resid_valid_loss":4.703466083471057,"seasonal_0_valid_loss":0.32064413887592846,"_step":9,"seasonal_0_train_loss":0.17697574320537027,"predicted_seasonal_2_stock_price":5.803466320037842,"Runtime (seconds)":5.900732040405273,"real_seasonal_0_stock_price":-2.3363744334809056,"resid_train_loss":1.6132192146916846,"real_seasonal_2_stock_price":7.340467726188153,"real_stock_price":236.85000610351562,"_runtime":12.967884869,"_timestamp":1.7367531706578624e+09,"_wandb":{"runtime":12},"predicted_seasonal_0_stock_price":0.9765990376472473,"seasonal_3_valid_loss":0.707307533501799,"real_trend_stock_price":221.26011204971732,"seasonal_1_train_loss":2.5283265487123403,"seasonal_1_valid_loss":2.2859524200966885,"predicted_trend_stock_price":51.0665397644043,"real_resid_stock_price":9.055693640404257,"periods":[252,504,756,1260],"rmse":179.8500213623047,"trend_train_loss":0.8844259646116891,"seasonal_2_valid_loss":0.12410727687647422,"final_predicted_stock_price":56.99998474121094,"seasonal_2_train_loss":0.3063452477970125,"predicted_seasonal_3_stock_price":0.14698845148086548,"predicted_resid_stock_price":-1.764020323753357,"real_seasonal_1_stock_price":-3.140676361274508,"seasonal_3_train_loss":1.3624660109333742,"AAPL Stock Price Prediction by iTransformer":{"size":46599,"path":"media/images/AAPL Stock Price Prediction by iTransformer_8_ff03975af2d3c3f1f3b5.png","format":"png","width":1000,"height":600,"_type":"image-file","sha256":"ff03975af2d3c3f1f3b56fdff5ff38cbbef195b8cd9a9f905e37d3948c7b4502"},"predicted_seasonal_1_stock_price":0.7704073190689087}