{"real_seasonal_1_stock_price":-3.1406794124565818,"predicted_seasonal_3_stock_price":0.6360954642295837,"mse":27425.060094707645,"_runtime":8.434392213,"trend_train_loss":0.5908220876445512,"resid_train_loss":1.6873707469693362,"dim":128,"resid_valid_loss":0.8188827266847646,"real_trend_stock_price":221.26011137509096,"depth":4,"AAPL Stock Price Prediction by iTransformer":{"height":600,"_type":"image-file","sha256":"caa20d23a3245b9c2d58f989652d1bd997f3c1389d4b635abe5da6685a5c12f2","size":46095,"path":"media/images/AAPL Stock Price Prediction by iTransformer_8_caa20d23a3245b9c2d58.png","format":"png","width":1000},"seasonal_2_train_loss":1.502457134399461,"final_predicted_stock_price":71.244873046875,"seasonal_1_train_loss":0.4540759443761818,"seasonal_3_valid_loss":0.376068651676178,"predicted_seasonal_1_stock_price":-3.200704336166382,"predicted_seasonal_0_stock_price":0.13200059533119202,"real_seasonal_2_stock_price":7.340471315885383,"seasonal_2_valid_loss":0.49708154797554016,"rmse":165.60513305664062,"Runtime (seconds)":4.09414529800415,"seasonal_0_train_loss":1.5992346430790303,"predicted_resid_stock_price":-0.49672842025756836,"seasonal_0_valid_loss":3.800150787000269,"predicted_seasonal_2_stock_price":3.5780956745147705,"real_resid_stock_price":9.055693011448795,"_step":9,"real_seasonal_3_stock_price":4.67078796009371,"_timestamp":1.7367369572858186e+09,"_wandb":{"runtime":8},"trend_valid_loss":3.4436821223457077,"real_seasonal_0_stock_price":-2.336378146546648,"seasonal_3_train_loss":2.160752898332798,"seasonal_1_valid_loss":0.19632448305450909,"predicted_trend_stock_price":70.59611511230469,"real_stock_price":236.85000610351562,"mae":165.60513305664062,"periods":[252,504,756,1260]}