{"_runtime":13.065187076,"predicted_seasonal_0_stock_price":0.8701051473617554,"seasonal_0_train_loss":0.28753690485871614,"predicted_trend_stock_price":205.00125122070312,"seasonal_3_valid_loss":1.5982362782204902,"resid_train_loss":0.8568926432257805,"mse":556.3698683166876,"predicted_resid_stock_price":2.362750291824341,"resid_valid_loss":1.2837943486933014,"real_resid_stock_price":9.055692919459744,"real_stock_price":236.85000610351562,"mae":23.587493896484375,"real_seasonal_0_stock_price":-2.3363770112459274,"predicted_seasonal_2_stock_price":3.085606336593628,"periods":[252,504,756,1260],"Runtime (seconds)":5.346214771270752,"_wandb":{"runtime":13},"trend_valid_loss":0.019067266955971718,"dim":128,"AAPL Stock Price Prediction by iTransformer":{"size":48141,"path":"media/images/AAPL Stock Price Prediction by iTransformer_8_5314c2583ffab781c030.png","format":"png","width":1000,"height":600,"_type":"image-file","sha256":"5314c2583ffab781c030993f8684cfe8d56d7752bee9b45b060c04599707d879"},"real_seasonal_1_stock_price":-3.1406722125925968,"seasonal_1_valid_loss":1.8492639132860975,"seasonal_2_valid_loss":0.25713709733607226,"seasonal_3_train_loss":1.43621177689868,"seasonal_1_train_loss":1.653107186395511,"predicted_seasonal_1_stock_price":-0.06486892700195312,"seasonal_0_valid_loss":0.3260550585637228,"_step":9,"real_seasonal_2_stock_price":7.340467709735687,"rmse":23.587493896484375,"seasonal_2_train_loss":0.6550829514415265,"final_predicted_stock_price":213.26251220703125,"real_trend_stock_price":221.26011216525472,"trend_train_loss":0.4587840600458506,"depth":4,"_timestamp":1.7367180814212525e+09,"predicted_seasonal_3_stock_price":2.0076708793640137,"real_seasonal_3_stock_price":4.67078253290398}