{"_runtime":10.941141365,"predicted_seasonal_1_stock_price":2.4347119331359863,"predicted_resid_stock_price":6.022082805633545,"dim":128,"predicted_seasonal_2_stock_price":8.462860107421875,"AMZN Stock Price Prediction by iTransformer":{"format":"png","width":1000,"height":600,"_type":"image-file","sha256":"b7e1ed31b9a6ae60eced2116bedca02b5319aa926c74f84a99b1ef06d04d7bf5","size":46655,"path":"media/images/AMZN Stock Price Prediction by iTransformer_8_b7e1ed31b9a6ae60eced.png"},"trend_train_loss":2.1825140422378926,"Runtime (seconds)":4.310157775878906,"mse":17031.25759852142,"seasonal_2_train_loss":0.9634564976567904,"_wandb":{"runtime":10},"real_stock_price":218.94000244140625,"trend_valid_loss":3.7346701622009277,"resid_train_loss":0.43354131135154755,"seasonal_1_valid_loss":0.28219347915580967,"seasonal_0_train_loss":2.379077585641052,"seasonal_3_train_loss":0.9048715088169975,"real_seasonal_3_stock_price":9.210042698987007,"_timestamp":1.736712056261349e+09,"resid_valid_loss":0.5777080425849328,"real_seasonal_0_stock_price":-6.886692248923765,"real_seasonal_1_stock_price":2.721535027645758,"predicted_seasonal_3_stock_price":2.517761468887329,"real_resid_stock_price":30.052430487608945,"seasonal_0_valid_loss":2.694147660762449,"depth":4,"predicted_seasonal_0_stock_price":1.7463338375091553,"periods":[252,504,756,1260],"seasonal_3_valid_loss":0.6808756878260176,"real_seasonal_2_stock_price":16.307195141839433,"final_predicted_stock_price":88.43614196777344,"rmse":130.5038604736328,"mae":130.5038604736328,"seasonal_1_train_loss":0.4008049946717072,"predicted_trend_stock_price":67.25239562988281,"_step":9,"seasonal_2_valid_loss":0.246466380720203,"real_trend_stock_price":167.5354913342489}