{"seasonal_2_valid_loss":0.16237618677756366,"predicted_seasonal_2_stock_price":13.790310859680176,"depth":4,"real_seasonal_1_stock_price":2.721535027645758,"predicted_resid_stock_price":13.598173141479492,"real_seasonal_3_stock_price":9.210042698987007,"real_seasonal_2_stock_price":16.307195141839433,"real_stock_price":218.94000244140625,"seasonal_1_train_loss":1.5007667630585757,"resid_train_loss":0.7550663047381986,"predicted_seasonal_0_stock_price":-6.1981706619262695,"mse":16397.752884864807,"AMZN Stock Price Prediction by iTransformer":{"height":600,"_type":"image-file","sha256":"c79a0769933fb6d236fd0cb43d0a746b61482a89bba801bba9a365a232e73a0f","size":46683,"path":"media/images/AMZN Stock Price Prediction by iTransformer_8_c79a0769933fb6d236fd.png","format":"png","width":1000},"resid_valid_loss":0.41183476260291085,"predicted_seasonal_3_stock_price":-3.0474190711975098,"dim":128,"final_predicted_stock_price":90.88629150390625,"real_trend_stock_price":167.5354913342489,"predicted_seasonal_1_stock_price":-1.6889351606369019,"real_resid_stock_price":30.052430487608945,"trend_train_loss":1.6115328318728828,"seasonal_3_train_loss":2.0743613878752782,"seasonal_2_train_loss":1.3819242433714167,"_runtime":12.625147958,"seasonal_0_train_loss":0.27021825259850074,"_wandb":{"runtime":12},"mae":128.0537109375,"seasonal_3_valid_loss":1.652283515437878,"trend_valid_loss":2.421301967472439,"_step":9,"seasonal_0_valid_loss":0.11284836381673813,"predicted_trend_stock_price":74.43232727050781,"rmse":128.0537109375,"periods":[252,504,756,1260],"Runtime (seconds)":5.151963233947754,"real_seasonal_0_stock_price":-6.886692248923765,"_timestamp":1.7367477119750857e+09,"seasonal_1_valid_loss":1.5054062604904175}