{"_runtime":9.221960763,"periods":[252,504,756,1260],"predicted_seasonal_1_stock_price":-0.4305506944656372,"seasonal_0_train_loss":0.658081523891933,"_wandb":{"runtime":9},"real_seasonal_0_stock_price":-2.336379787396018,"seasonal_0_valid_loss":1.965283093862269,"seasonal_3_train_loss":0.5873932456227133,"predicted_seasonal_3_stock_price":4.4307661056518555,"real_seasonal_2_stock_price":7.34047233670934,"predicted_seasonal_2_stock_price":3.02951717376709,"resid_train_loss":1.0786515750220067,"real_trend_stock_price":221.26011126916384,"real_seasonal_3_stock_price":4.670787858666801,"mse":8147.299073193222,"Runtime (seconds)":4.474360466003418,"predicted_resid_stock_price":18.647964477539062,"mae":90.26239013671875,"rmse":90.26239013671875,"seasonal_2_train_loss":0.9220116701067781,"trend_train_loss":0.19529869851882126,"seasonal_2_valid_loss":0.4423286672845247,"seasonal_3_valid_loss":0.22619967648997152,"real_stock_price":236.85000610351562,"trend_valid_loss":0.7268855264504622,"AAPL Stock Price Prediction by iTransformer":{"format":"png","width":1000,"height":600,"_type":"image-file","sha256":"6416290d3670830cc33f77675d1e7c8cb13d43a86f9c3a46213117cb84ffeab8","size":46406,"path":"media/images/AAPL Stock Price Prediction by iTransformer_8_6416290d3670830cc33f.png"},"predicted_trend_stock_price":121.78715515136719,"seasonal_1_train_loss":0.8532091801663132,"real_resid_stock_price":9.055692409505383,"depth":4,"resid_valid_loss":1.2874345278291863,"real_seasonal_1_stock_price":-3.1406779831337275,"_timestamp":1.7367355747535243e+09,"seasonal_1_valid_loss":0.8155578970909119,"final_predicted_stock_price":146.58761596679688,"_step":9,"dim":128,"predicted_seasonal_0_stock_price":-0.8772257566452026}