{"_runtime":11.834681668,"predicted_trend_stock_price":57.35921096801758,"_wandb":{"runtime":11},"AAPL Stock Price Prediction by iTransformer":{"height":600,"_type":"image-file","sha256":"51282ca139d2ff3b1aaff9f15d414756b7bf5c0e6f480e79e5fe6ebe5ca8fce9","size":46093,"path":"media/images/AAPL Stock Price Prediction by iTransformer_8_51282ca139d2ff3b1aaf.png","format":"png","width":1000},"resid_valid_loss":1.0715712895689085,"seasonal_1_train_loss":0.6106306567217568,"real_seasonal_0_stock_price":-2.3363779153833604,"_timestamp":1.7367224711757274e+09,"mse":27463.07075956656,"resid_train_loss":1.5976286403719429,"trend_train_loss":1.5221797037606837,"real_resid_stock_price":9.055692121544382,"real_stock_price":236.85000610351562,"real_seasonal_3_stock_price":4.670783954525045,"depth":4,"predicted_seasonal_3_stock_price":7.9674248695373535,"_step":9,"predicted_seasonal_0_stock_price":-0.17046326398849487,"predicted_resid_stock_price":8.173121452331543,"real_seasonal_1_stock_price":-3.140675371949374,"seasonal_3_valid_loss":0.16910311246222207,"mae":165.71985626220703,"real_seasonal_2_stock_price":7.340470914109377,"trend_valid_loss":5.4241871930785095,"rmse":165.71985626220703,"periods":[252,504,756,1260],"Runtime (seconds)":6.437187194824219,"seasonal_0_train_loss":0.6890693618860071,"final_predicted_stock_price":71.1301498413086,"dim":128,"predicted_seasonal_2_stock_price":0.04693116247653961,"seasonal_3_train_loss":0.7981068623698777,"seasonal_2_train_loss":0.8594055940098749,"seasonal_0_valid_loss":1.2894847944826122,"real_trend_stock_price":221.26011240066958,"seasonal_2_valid_loss":0.7730271114618621,"seasonal_1_valid_loss":0.412736985618456,"predicted_seasonal_1_stock_price":-2.2460777759552}