{"real_resid_stock_price":30.052430487608945,"real_seasonal_2_stock_price":16.307195141839433,"Runtime (seconds)":5.111270189285278,"predicted_seasonal_2_stock_price":12.602941513061523,"seasonal_0_valid_loss":3.2677883470350553,"depth":4,"predicted_resid_stock_price":-2.5903115272521973,"predicted_seasonal_3_stock_price":2.900062322616577,"seasonal_2_valid_loss":0.16364208177516334,"seasonal_3_valid_loss":1.372011376278741,"rmse":102.78413391113281,"trend_valid_loss":1.2010377279682083,"final_predicted_stock_price":116.15586853027344,"real_stock_price":218.94000244140625,"mae":102.78413391113281,"_wandb":{"runtime":13},"AMZN Stock Price Prediction by iTransformer":{"format":"png","width":1000,"height":600,"_type":"image-file","sha256":"ecbb8c53785dd1cc4bc631277e3d675dda29a5c4f6334936c1fdb40dccbbb921","size":46264,"path":"media/images/AMZN Stock Price Prediction by iTransformer_8_ecbb8c53785dd1cc4bc6.png"},"resid_train_loss":1.4490818814244322,"real_seasonal_1_stock_price":2.721535027645758,"seasonal_1_train_loss":0.9333592494402442,"resid_valid_loss":4.197407271180834,"_timestamp":1.736747974633292e+09,"predicted_seasonal_1_stock_price":0.10222945362329483,"trend_train_loss":0.633148616288106,"seasonal_1_valid_loss":0.7017026390222942,"periods":[252,504,756,1260],"seasonal_3_train_loss":1.3382298026468158,"seasonal_2_train_loss":0.21555074443290165,"dim":128,"real_trend_stock_price":167.5354913342489,"_runtime":13.220434652,"predicted_seasonal_0_stock_price":4.674278259277344,"mse":10564.578183861682,"real_seasonal_0_stock_price":-6.886692248923765,"seasonal_0_train_loss":2.8109413869963347,"real_seasonal_3_stock_price":9.210042698987007,"predicted_trend_stock_price":98.46666717529297,"_step":9}