{"predicted_seasonal_2_stock_price":0.48152661323547363,"real_seasonal_1_stock_price":-3.1406768836275605,"real_resid_stock_price":9.055694868512546,"_timestamp":1.7367246746796029e+09,"dim":128,"predicted_seasonal_0_stock_price":1.6798454523086548,"resid_valid_loss":0.7467649337500561,"trend_valid_loss":1.5903865059355755,"_wandb":{"runtime":13},"real_seasonal_0_stock_price":-2.336375817626813,"real_seasonal_2_stock_price":7.340469653590069,"AAPL Stock Price Prediction by iTransformer":{"height":600,"_type":"image-file","sha256":"90eca1e88bf1d727564f5ddf142393c92074bef36e0b461e0ff04e8f00e2174f","size":47217,"path":"media/images/AAPL Stock Price Prediction by iTransformer_8_90eca1e88bf1d727564f.png","format":"png","width":1000},"predicted_trend_stock_price":112.69155883789062,"seasonal_3_valid_loss":0.3371313641065629,"mse":13437.923555407673,"predicted_seasonal_3_stock_price":-1.4032893180847168,"predicted_resid_stock_price":9.687216758728027,"resid_train_loss":0.8490764212682058,"mae":115.92205810546875,"seasonal_0_train_loss":0.6192069112708507,"rmse":115.92205810546875,"periods":[252,504,756,1260],"seasonal_1_train_loss":0.6560903263309957,"trend_train_loss":0.2638174218081887,"seasonal_2_valid_loss":1.400535964714705,"seasonal_0_valid_loss":1.3506112732392812,"seasonal_2_train_loss":1.7343904719944732,"seasonal_3_train_loss":0.6499620418366756,"depth":4,"_step":9,"final_predicted_stock_price":120.92794799804688,"_runtime":13.41427601,"real_stock_price":236.85000610351562,"predicted_seasonal_1_stock_price":-2.208914279937744,"Runtime (seconds)":6.0054545402526855,"real_seasonal_3_stock_price":4.670782247345592,"real_trend_stock_price":221.26011203532178,"seasonal_1_valid_loss":0.5667127683758736}