{"rmse":14.119140625,"real_seasonal_0_stock_price":-2.3363802833713647,"seasonal_3_valid_loss":0.2170161732436089,"predicted_seasonal_0_stock_price":0.4658719599246979,"trend_valid_loss":0.019402369444836694,"AAPL Stock Price Prediction by iTransformer":{"format":"png","width":1000,"height":600,"_type":"image-file","sha256":"e79e6ce533cf9d23d716bcb2eebee02739909460ccf5722fa672d935f8303720","size":50215,"path":"media/images/AAPL Stock Price Prediction by iTransformer_8_e79e6ce533cf9d23d716.png"},"predicted_seasonal_2_stock_price":4.03187894821167,"mae":14.119140625,"seasonal_0_train_loss":0.7552543513716656,"real_seasonal_3_stock_price":4.670784520875101,"seasonal_3_train_loss":0.418278484369806,"_runtime":13.743984015,"real_stock_price":236.85000610351562,"depth":4,"periods":[252,504,756,1260],"resid_valid_loss":0.14025783502659056,"seasonal_0_valid_loss":1.6787905152631482,"seasonal_2_valid_loss":0.3933038047768853,"trend_train_loss":0.674715767659178,"predicted_seasonal_1_stock_price":-2.8191258907318115,"real_trend_stock_price":221.26011173326955,"resid_train_loss":0.23465578353584365,"predicted_trend_stock_price":210.49822998046875,"predicted_resid_stock_price":5.613530158996582,"predicted_seasonal_3_stock_price":4.940484046936035,"seasonal_2_train_loss":0.6354504592892782,"_timestamp":1.7367280057005122e+09,"real_seasonal_1_stock_price":-3.1406732021154538,"_step":9,"_wandb":{"runtime":13},"seasonal_1_train_loss":0.4077679600180079,"real_seasonal_2_stock_price":7.340471353697131,"real_resid_stock_price":9.055691981160692,"mse":199.3501319885254,"final_predicted_stock_price":222.73086547851562,"seasonal_1_valid_loss":0.305650532245636,"dim":128,"Runtime (seconds)":6.631538391113281}