{"predicted_seasonal_2_stock_price":10.239852905273438,"predicted_seasonal_3_stock_price":-1.2537213563919067,"_wandb":{"runtime":13},"seasonal_3_valid_loss":0.7318876528431296,"rmse":155.35787963867188,"predicted_trend_stock_price":69.18134307861328,"seasonal_2_train_loss":1.265722115353054,"seasonal_3_train_loss":1.5809564805447975,"_timestamp":1.7367396202204554e+09,"mae":155.35787963867188,"resid_valid_loss":1.1110474738532197,"dim":128,"real_seasonal_2_stock_price":7.340471545259999,"_runtime":13.290285897,"seasonal_0_valid_loss":0.2846526018719175,"real_seasonal_3_stock_price":4.6707869872264,"predicted_seasonal_1_stock_price":-2.759467601776123,"predicted_resid_stock_price":5.168601989746094,"_step":9,"periods":[252,504,756,1260],"mse":24136.070765824057,"seasonal_0_train_loss":0.3560279567603985,"final_predicted_stock_price":81.49212646484375,"Runtime (seconds)":5.8474647998809814,"seasonal_2_valid_loss":0.1941682885140556,"resid_train_loss":0.6256653968352994,"real_seasonal_0_stock_price":-2.336382923066724,"real_seasonal_1_stock_price":-3.1406751521980567,"depth":4,"seasonal_1_valid_loss":0.49710913151121505,"seasonal_1_train_loss":0.4588116825819015,"real_resid_stock_price":9.05569372146553,"AAPL Stock Price Prediction by iTransformer":{"format":"png","width":1000,"height":600,"_type":"image-file","sha256":"d3b20ac525d13fbcbcb592bbbb3096bd76e01b6f48c745d437aff2240fbc0aa8","size":46214,"path":"media/images/AAPL Stock Price Prediction by iTransformer_8_d3b20ac525d13fbcbcb5.png"},"real_stock_price":236.85000610351562,"real_trend_stock_price":221.26011192482852,"trend_train_loss":1.28319490819864,"predicted_seasonal_0_stock_price":0.9155203104019165,"trend_valid_loss":5.529693603515625}