{"AAPL Stock Price Prediction by iTransformer":{"width":1000,"height":600,"_type":"image-file","sha256":"52c264e269c9f0fcfbd112271e22ff1beabb4156d77f060f8b9eea1a7e8567ea","size":46543,"path":"media/images/AAPL Stock Price Prediction by iTransformer_8_52c264e269c9f0fcfbd1.png","format":"png"},"real_trend_stock_price":221.26011146290244,"_timestamp":1.7367490369987922e+09,"real_seasonal_2_stock_price":7.3404687946777525,"periods":[252,504,756,1260],"depth":4,"real_seasonal_3_stock_price":4.670785207074907,"real_resid_stock_price":9.055692879443825,"_wandb":{"runtime":15},"mse":31793.206396868976,"_runtime":15.816885685,"real_seasonal_0_stock_price":-2.33638054435725,"seasonal_0_train_loss":0.6629743313723678,"seasonal_3_valid_loss":0.6484546941714814,"predicted_seasonal_3_stock_price":0.47624313831329346,"seasonal_0_valid_loss":0.38576684026677804,"resid_valid_loss":2.7177603244781494,"seasonal_2_train_loss":0.5966657202259362,"dim":128,"_step":9,"predicted_seasonal_0_stock_price":0.9759100079536438,"real_seasonal_1_stock_price":-3.1406716962260592,"final_predicted_stock_price":58.54351043701172,"real_stock_price":236.85000610351562,"predicted_resid_stock_price":-3.2933080196380615,"predicted_trend_stock_price":58.3532600402832,"rmse":178.3064956665039,"seasonal_1_train_loss":0.34471444022778186,"seasonal_3_train_loss":0.7650068317965617,"seasonal_2_valid_loss":0.34998828672962506,"resid_train_loss":1.9031976368321684,"trend_train_loss":0.9962438560571554,"mae":178.3064956665039,"trend_valid_loss":4.394170877911629,"predicted_seasonal_1_stock_price":-2.918572187423706,"predicted_seasonal_2_stock_price":4.949978351593018,"Runtime (seconds)":5.7164201736450195,"seasonal_1_valid_loss":0.26757921060667406}