{"real_seasonal_3_stock_price":4.670788812246171,"_runtime":8.949312901999999,"predicted_seasonal_0_stock_price":1.7373219728469849,"trend_valid_loss":0.7604394364317456,"seasonal_0_valid_loss":0.47459838513670294,"trend_train_loss":0.04328590449560699,"_wandb":{"runtime":8},"depth":4,"seasonal_1_train_loss":0.603025535090072,"real_seasonal_0_stock_price":-2.3363804409288162,"mse":9933.320753694512,"resid_train_loss":1.274401450677648,"seasonal_2_valid_loss":0.3815235932196867,"real_stock_price":236.85000610351562,"seasonal_0_train_loss":0.34877707569628974,"predicted_trend_stock_price":136.51492309570312,"seasonal_2_train_loss":0.38761855684343377,"real_trend_stock_price":221.2601113390763,"seasonal_3_valid_loss":1.1948150542854261,"rmse":99.66604614257812,"predicted_seasonal_3_stock_price":3.7603423595428467,"resid_valid_loss":1.1518663377510874,"seasonal_3_train_loss":1.4231025341347978,"real_seasonal_2_stock_price":7.340468999817513,"_timestamp":1.7367137807634046e+09,"Runtime (seconds)":4.02445650100708,"AAPL Stock Price Prediction by iTransformer":{"format":"png","width":1000,"height":600,"_type":"image-file","sha256":"2454b20b3d0f2f0e41912ebc251d30ad19821eb4fdd0af3261d2fafa24a17d8f","size":46958,"path":"media/images/AAPL Stock Price Prediction by iTransformer_8_2454b20b3d0f2f0e4191.png"},"periods":[252,504,756,1260],"mae":99.66604614257812,"real_seasonal_1_stock_price":-3.140675453215411,"_step":9,"predicted_resid_stock_price":-5.784156799316406,"predicted_seasonal_2_stock_price":3.181241273880005,"final_predicted_stock_price":137.1839599609375,"real_resid_stock_price":9.055692846519833,"predicted_seasonal_1_stock_price":-2.2257068157196045,"dim":128,"seasonal_1_valid_loss":0.29043822783663314}