{"seasonal_3_valid_loss":0.4805997116165561,"seasonal_3_train_loss":0.6721224520085046,"resid_valid_loss":0.9088293720724245,"_step":9,"mse":549.3035317221656,"real_seasonal_1_stock_price":2.721535027645758,"real_stock_price":218.94000244140625,"final_predicted_stock_price":195.50277709960938,"predicted_seasonal_1_stock_price":-0.04121004045009613,"real_resid_stock_price":30.052430487608945,"seasonal_1_valid_loss":0.8383348659055316,"_runtime":13.967680926,"real_trend_stock_price":167.5354913342489,"resid_train_loss":1.7016224278121825,"_timestamp":1.7367234170624359e+09,"predicted_trend_stock_price":152.13177490234375,"predicted_resid_stock_price":27.01222801208496,"seasonal_2_train_loss":0.31980163451622834,"real_seasonal_0_stock_price":-6.886692248923765,"trend_valid_loss":0.055166435077074555,"seasonal_2_valid_loss":0.06834211775999584,"Runtime (seconds)":6.235792875289917,"predicted_seasonal_0_stock_price":-7.735474109649658,"periods":[252,504,756,1260],"_wandb":{"runtime":13},"predicted_seasonal_3_stock_price":10.837267875671387,"real_seasonal_2_stock_price":16.307195141839433,"seasonal_1_train_loss":1.2188936516293905,"depth":4,"dim":128,"predicted_seasonal_2_stock_price":13.298208236694336,"AMZN Stock Price Prediction by iTransformer":{"sha256":"36fc63f3f8dfcfd9e8b4c160ef42ce76d6a5fdd876c5dc0698f6fc1b3e494e68","size":51005,"path":"media/images/AMZN Stock Price Prediction by iTransformer_8_36fc63f3f8dfcfd9e8b4.png","format":"png","width":1000,"height":600,"_type":"image-file"},"rmse":23.437225341796875,"real_seasonal_3_stock_price":9.210042698987007,"trend_train_loss":1.3930460971510854,"seasonal_0_train_loss":0.3339278065380412,"mae":23.437225341796875,"seasonal_0_valid_loss":0.3784519186596465}