{"dim":128,"resid_train_loss":1.8659438047882766,"trend_valid_loss":0.3911217460555206,"periods":[252,504,756,1260],"predicted_seasonal_3_stock_price":6.861442565917969,"resid_valid_loss":0.6769911464109758,"real_resid_stock_price":30.052430487608945,"seasonal_2_valid_loss":0.1712292432200675,"seasonal_3_valid_loss":0.3562378356682843,"real_stock_price":218.94000244140625,"seasonal_1_valid_loss":0.9405699879294489,"seasonal_1_train_loss":1.2522376334646546,"_timestamp":1.7367300050754228e+09,"mae":76.81210327148438,"seasonal_0_valid_loss":1.2781505584716797,"trend_train_loss":0.573311205209109,"real_seasonal_0_stock_price":-6.886692248923765,"_runtime":9.589207246,"real_seasonal_1_stock_price":2.721535027645758,"_wandb":{"runtime":9},"Runtime (seconds)":4.780324459075928,"final_predicted_stock_price":142.12789916992188,"seasonal_2_train_loss":0.9462162867180447,"_step":9,"real_seasonal_3_stock_price":9.210042698987007,"predicted_seasonal_2_stock_price":10.70672607421875,"predicted_seasonal_0_stock_price":-0.33964163064956665,"AMZN Stock Price Prediction by iTransformer":{"width":1000,"height":600,"_type":"image-file","sha256":"920159e89a0572e585cc3b2ad3686ab20bcd40aa0416e3931a8534d75ab32cdd","size":46058,"path":"media/images/AMZN Stock Price Prediction by iTransformer_8_920159e89a0572e585cc.png","format":"png"},"predicted_resid_stock_price":2.124760627746582,"real_trend_stock_price":167.5354913342489,"predicted_seasonal_1_stock_price":1.7812511920928955,"mse":5900.099208989181,"seasonal_3_train_loss":0.467261437415535,"seasonal_0_train_loss":1.188487282744399,"rmse":76.81210327148438,"predicted_trend_stock_price":120.99337005615234,"real_seasonal_2_stock_price":16.307195141839433,"depth":4}