{"predicted_seasonal_0_stock_price":0.42638126015663147,"real_resid_stock_price":9.055699815828348,"seasonal_3_train_loss":0.6103100865833611,"Runtime (seconds)":5.424231767654419,"real_seasonal_0_stock_price":-2.3363864438471302,"rmse":92.92088317871094,"resid_train_loss":1.6436650424842936,"seasonal_2_valid_loss":0.15980803718743092,"resid_valid_loss":2.262963532714404,"real_trend_stock_price":221.26011192229586,"periods":[252,504,756,1260],"predicted_resid_stock_price":-5.639920234680176,"trend_train_loss":0.13401423230195794,"trend_valid_loss":0.9206241229416635,"seasonal_1_train_loss":1.0671482741743012,"_timestamp":1.73673761313235e+09,"mae":92.92088317871094,"AAPL Stock Price Prediction by iTransformer":{"width":1000,"height":600,"_type":"image-file","sha256":"8e185f4a69c7084f6cf6e8404fd0969305b7c6a2856a0339b1ada1bf79f1c76c","size":47032,"path":"media/images/AAPL Stock Price Prediction by iTransformer_8_8e185f4a69c7084f6cf6.png","format":"png"},"seasonal_2_train_loss":0.3441759223232464,"final_predicted_stock_price":143.9291229248047,"real_stock_price":236.85000610351562,"predicted_seasonal_3_stock_price":1.1004457473754883,"predicted_seasonal_2_stock_price":6.559873104095459,"_wandb":{"runtime":11},"seasonal_1_valid_loss":1.104570943148025,"_step":9,"real_seasonal_3_stock_price":4.670786270970696,"depth":4,"predicted_trend_stock_price":139.56243896484375,"seasonal_0_valid_loss":0.11498696279259177,"seasonal_3_valid_loss":0.42500593668859205,"dim":128,"_runtime":11.473625904,"real_seasonal_2_stock_price":7.340469483132387,"mse":8634.290530711645,"seasonal_0_train_loss":0.18925561181773567,"predicted_seasonal_1_stock_price":1.9199023246765137,"real_seasonal_1_stock_price":-3.1406749448645552}