{"periods":[252,504,756,1260],"seasonal_0_valid_loss":0.16507128636572468,"real_seasonal_1_stock_price":2.721535027645758,"seasonal_3_train_loss":0.48402476725475874,"seasonal_3_valid_loss":0.37156104193817097,"_timestamp":1.7367336741570048e+09,"resid_valid_loss":2.365409757639911,"real_seasonal_2_stock_price":16.307195141839433,"resid_train_loss":2.9631334352096723,"_runtime":14.679535787,"dim":128,"predicted_seasonal_3_stock_price":9.262343406677246,"real_resid_stock_price":30.052430487608945,"Runtime (seconds)":7.822089910507202,"_wandb":{"runtime":14},"predicted_seasonal_0_stock_price":-5.178637981414795,"real_stock_price":218.94000244140625,"real_seasonal_3_stock_price":9.210042698987007,"trend_valid_loss":0.7686846605909423,"rmse":95.27616119384766,"seasonal_0_train_loss":0.34432058095064927,"seasonal_1_valid_loss":1.9702309106851552,"mae":95.27616119384766,"predicted_trend_stock_price":112.586669921875,"depth":4,"final_predicted_stock_price":123.6638412475586,"predicted_seasonal_2_stock_price":7.784139156341553,"predicted_resid_stock_price":1.1160144805908203,"seasonal_1_train_loss":1.965808817040544,"real_trend_stock_price":167.5354913342489,"trend_train_loss":0.20836462846907364,"seasonal_2_valid_loss":0.3858239009584251,"AMZN Stock Price Prediction by iTransformer":{"size":46544,"path":"media/images/AMZN Stock Price Prediction by iTransformer_8_949ac29628bd2cfd0b6c.png","format":"png","width":1000,"height":600,"_type":"image-file","sha256":"949ac29628bd2cfd0b6c1124029da8a7f824b344789b279a31c213427227d27c"},"real_seasonal_0_stock_price":-6.886692248923765,"seasonal_2_train_loss":1.9593760696400198,"mse":9077.546891836042,"predicted_seasonal_1_stock_price":-1.906691312789917,"_step":9}