{"real_seasonal_1_stock_price":2.721535027645758,"mse":10303.146755658614,"real_trend_stock_price":167.5354913342489,"seasonal_3_valid_loss":0.13697226345539093,"real_stock_price":218.94000244140625,"final_predicted_stock_price":117.43558502197266,"seasonal_0_train_loss":0.21698007179581402,"predicted_seasonal_3_stock_price":2.7493884563446045,"real_seasonal_2_stock_price":16.307195141839433,"depth":4,"seasonal_1_train_loss":2.013671289838449,"trend_train_loss":0.9855742666205547,"predicted_seasonal_1_stock_price":-1.1693410873413086,"predicted_resid_stock_price":7.501707553863525,"real_seasonal_0_stock_price":-6.886692248923765,"AMZN Stock Price Prediction by iTransformer":{"format":"png","width":1000,"height":600,"_type":"image-file","sha256":"2d10ac9fa42e2efab0229928ad12230c1d67f490bed46f43d054586a7ce6cf42","size":46300,"path":"media/images/AMZN Stock Price Prediction by iTransformer_8_2d10ac9fa42e2efab022.png"},"mae":101.5044174194336,"seasonal_2_train_loss":0.590321532450258,"predicted_seasonal_0_stock_price":-6.997647285461426,"seasonal_3_train_loss":1.0350453938638406,"_step":9,"seasonal_1_valid_loss":1.4217920303344727,"_wandb":{"runtime":12},"real_seasonal_3_stock_price":9.210042698987007,"resid_valid_loss":0.5336060302162712,"seasonal_0_valid_loss":0.12624577109259788,"predicted_seasonal_2_stock_price":9.043893814086914,"predicted_trend_stock_price":106.30758666992188,"_timestamp":1.736739974794737e+09,"dim":128,"periods":[252,504,756,1260],"real_resid_stock_price":30.052430487608945,"trend_valid_loss":1.3987778425216675,"_runtime":12.835892362,"resid_train_loss":0.4382481223875328,"seasonal_2_valid_loss":0.2826907494921743,"rmse":101.5044174194336,"Runtime (seconds)":6.097539901733398}