{"_timestamp":1.7367468811686602e+09,"predicted_trend_stock_price":108.43267822265625,"_wandb":{"runtime":11},"resid_train_loss":0.9968769825908058,"depth":4,"_runtime":11.930863577,"seasonal_1_train_loss":0.683906194177492,"real_trend_stock_price":167.5354913342489,"mae":97.42102813720703,"predicted_resid_stock_price":13.817858695983887,"real_resid_stock_price":30.052430487608945,"predicted_seasonal_1_stock_price":2.843031644821167,"real_seasonal_1_stock_price":2.721535027645758,"AMZN Stock Price Prediction by iTransformer":{"_type":"image-file","sha256":"8b7c271f79a7d0a04b1c6b70168d6d45e3b4400b2c52fec54270816e1424000a","size":46416,"path":"media/images/AMZN Stock Price Prediction by iTransformer_8_8b7c271f79a7d0a04b1c.png","format":"png","width":1000,"height":600},"real_seasonal_0_stock_price":-6.886692248923765,"seasonal_3_train_loss":3.3064811586020078,"seasonal_3_valid_loss":3.0107758015611745,"seasonal_0_valid_loss":0.5796190612443046,"resid_valid_loss":0.8368971943855286,"trend_train_loss":0.7524775703084191,"predicted_seasonal_0_stock_price":-3.069204092025757,"dim":128,"predicted_seasonal_3_stock_price":-5.668233394622803,"rmse":97.42102813720703,"trend_valid_loss":0.6581923928440718,"periods":[252,504,756,1260],"real_stock_price":218.94000244140625,"seasonal_0_train_loss":0.8150810409006981,"real_seasonal_3_stock_price":9.210042698987007,"real_seasonal_2_stock_price":16.307195141839433,"seasonal_2_valid_loss":0.6695355264784043,"mse":9490.856723310484,"predicted_seasonal_2_stock_price":5.162848472595215,"seasonal_2_train_loss":0.8331157193300448,"_step":9,"Runtime (seconds)":5.9195568561553955,"seasonal_1_valid_loss":0.21767670034359282,"final_predicted_stock_price":121.51897430419922}