{"Runtime (seconds)":6.831425189971924,"dim":128,"_wandb":{"runtime":14},"seasonal_0_train_loss":0.547573080891277,"predicted_seasonal_2_stock_price":-4.121827125549316,"mae":74.44892883300781,"seasonal_0_valid_loss":0.21735122799873352,"trend_valid_loss":0.33420014285272165,"seasonal_2_valid_loss":1.346604674262926,"rmse":74.44892883300781,"predicted_seasonal_3_stock_price":5.60333251953125,"real_seasonal_3_stock_price":9.210042698987007,"periods":[252,504,756,1260],"_step":9,"mse":5542.643004382262,"seasonal_2_train_loss":1.558227178536735,"real_trend_stock_price":167.5354913342489,"resid_valid_loss":0.5509503178983269,"resid_train_loss":0.6933359112635327,"predicted_resid_stock_price":13.59574031829834,"_timestamp":1.7367108673005786e+09,"real_resid_stock_price":30.052430487608945,"real_seasonal_1_stock_price":2.721535027645758,"seasonal_3_train_loss":1.1069075250684914,"predicted_seasonal_0_stock_price":-6.0781450271606445,"final_predicted_stock_price":144.49107360839844,"predicted_trend_stock_price":133.16119384765625,"AMZN Stock Price Prediction by iTransformer":{"sha256":"bce5b0bd39cf70db0fa0734c764f01791434432b8b0c4b4ada4e5803a4c5e619","size":45740,"path":"media/images/AMZN Stock Price Prediction by iTransformer_8_bce5b0bd39cf70db0fa0.png","format":"png","width":1000,"height":600,"_type":"image-file"},"_runtime":14.139704973,"seasonal_3_valid_loss":0.23249730628728865,"seasonal_1_train_loss":1.0005550446922524,"seasonal_1_valid_loss":0.6803292113984852,"depth":4,"real_seasonal_2_stock_price":16.307195141839433,"trend_train_loss":0.1407969029716083,"predicted_seasonal_1_stock_price":2.330794334411621,"real_stock_price":218.94000244140625,"real_seasonal_0_stock_price":-6.886692248923765}