{"real_resid_stock_price":30.052430487608945,"predicted_trend_stock_price":133.67962646484375,"predicted_seasonal_3_stock_price":-9.880932807922363,"seasonal_1_train_loss":0.48922716058270344,"dim":128,"mse":11233.887733558426,"resid_valid_loss":1.9758540249818208,"seasonal_1_valid_loss":0.3757840252614447,"predicted_seasonal_0_stock_price":-6.803562164306641,"_wandb":{"runtime":9},"seasonal_2_train_loss":0.5272488229378702,"mae":105.99003601074219,"Runtime (seconds)":4.565338850021362,"periods":[252,504,756,1260],"seasonal_0_valid_loss":0.332311865772791,"seasonal_0_train_loss":0.4170065743660708,"_runtime":9.898593329,"real_stock_price":218.94000244140625,"rmse":105.99003601074219,"final_predicted_stock_price":112.94996643066406,"real_seasonal_3_stock_price":9.210042698987007,"predicted_seasonal_1_stock_price":3.020442008972168,"AMZN Stock Price Prediction by iTransformer":{"width":1000,"height":600,"_type":"image-file","sha256":"7313e3e1a78633437a85b0da63c31a250be1705509d31851918198d2d6d2b4e1","size":46315,"path":"media/images/AMZN Stock Price Prediction by iTransformer_8_7313e3e1a78633437a85.png","format":"png"},"real_seasonal_0_stock_price":-6.886692248923765,"_timestamp":1.7367070917440212e+09,"_step":9,"seasonal_2_valid_loss":0.5165067924172222,"real_seasonal_1_stock_price":2.721535027645758,"trend_train_loss":0.31223288309774944,"resid_train_loss":2.034584250764467,"predicted_resid_stock_price":-6.670681476593018,"predicted_seasonal_2_stock_price":-0.39493149518966675,"seasonal_3_train_loss":1.2047883619287216,"real_trend_stock_price":167.5354913342489,"seasonal_3_valid_loss":1.2351923724610299,"depth":4,"trend_valid_loss":0.26781946572944193,"real_seasonal_2_stock_price":16.307195141839433}