{"resid_train_loss":0.45082847130330755,"seasonal_0_train_loss":2.714981286219123,"_wandb":{"runtime":9},"final_predicted_stock_price":150.8368377685547,"seasonal_2_train_loss":0.8111976746043272,"dim":128,"predicted_seasonal_2_stock_price":18.219097137451172,"real_stock_price":218.94000244140625,"seasonal_0_valid_loss":2.5919082622702527,"predicted_trend_stock_price":110.33944702148438,"_step":9,"predicted_seasonal_1_stock_price":2.5315446853637695,"real_seasonal_1_stock_price":2.721535027645758,"depth":4,"_runtime":9.878841043,"trend_train_loss":0.31487759182860925,"_timestamp":1.7367088164096713e+09,"real_trend_stock_price":167.5354913342489,"seasonal_1_valid_loss":0.07742302119731903,"seasonal_2_valid_loss":0.25247129092573145,"predicted_seasonal_0_stock_price":3.1162800788879395,"real_seasonal_2_stock_price":16.307195141839433,"resid_valid_loss":0.3139974672572422,"predicted_seasonal_3_stock_price":4.885272026062012,"real_seasonal_0_stock_price":-6.886692248923765,"real_resid_stock_price":30.052430487608945,"trend_valid_loss":0.7845052685418752,"seasonal_3_train_loss":0.922685598131465,"predicted_resid_stock_price":11.74518871307373,"periods":[252,504,756,1260],"Runtime (seconds)":4.6674909591674805,"mae":68.10316467285156,"seasonal_3_valid_loss":0.29138684272766113,"real_seasonal_3_stock_price":9.210042698987007,"rmse":68.10316467285156,"AMZN Stock Price Prediction by iTransformer":{"_type":"image-file","sha256":"1f25870c84b70d3146041f2337359b0bfc0e03db5692a46be30f6cd81ffe2dd6","size":48805,"path":"media/images/AMZN Stock Price Prediction by iTransformer_8_1f25870c84b70d314604.png","format":"png","width":1000,"height":600},"seasonal_1_train_loss":0.37623130832506524,"mse":4638.041038457537}