{"real_stock_price":207.88999938964844,"resid_valid_loss":0.030522995243469873,"real_seasonal_2_stock_price":15.534342385843217,"real_seasonal_3_stock_price":4.336902997491936,"predicted_trend_stock_price":154.68749603797932,"final_predicted_stock_price":191.37035931818116,"predicted_seasonal_2_stock_price":14.527813160320195,"predicted_seasonal_1_stock_price":2.489451762418182,"_runtime":84978.589954687,"trend_valid_loss":0.045501969663148116,"predicted_seasonal_0_stock_price":-5.679011019047534,"resid_train_loss":0.06053406579178641,"seasonal_1_valid_loss":0.057806423592044145,"seasonal_2_valid_loss":0.034661508174967604,"AMZN Stock Price Prediction by iTransformer":{"width":1000,"height":600,"_type":"image-file","sha256":"3dc46922afb386211cdad988d01620cd86d548c8f9d8256c4b03d9bb102aac1a","size":55958,"path":"media/images/AMZN Stock Price Prediction by iTransformer_1693_3dc46922afb386211cda.png","format":"png"},"real_trend_stock_price":161.85051474910318,"seasonal_1_train_loss":0.10260814095424799,"_wandb":{"runtime":84978},"seasonal_2_train_loss":0.021614364899299833,"Runtime (seconds)":13841.622210979462,"seasonal_3_valid_loss":0.05265463851882439,"seasonal_0_train_loss":0.013477106489879608,"seasonal_0_valid_loss":0.07590193995827688,"predicted_seasonal_3_stock_price":3.1881866952909594,"real_resid_stock_price":25.87631537871644,"seasonal_3_train_loss":0.07101366560519964,"real_seasonal_0_stock_price":-3.0791040694504392,"real_seasonal_1_stock_price":3.371027947944087,"_timestamp":1.7358142382568102e+09,"predicted_resid_stock_price":22.15642268122003,"_step":1694,"trend_train_loss":0.08240318417382812}