{"_timestamp":1.736729613607035e+09,"rmse":176.61187744140625,"predicted_trend_stock_price":44.18629837036133,"trend_train_loss":1.3864413399799203,"dim":128,"real_stock_price":236.85000610351562,"real_trend_stock_price":221.26011178984982,"_runtime":12.257775822,"trend_valid_loss":5.905510350218359,"seasonal_3_train_loss":0.7974695818490147,"real_seasonal_2_stock_price":7.340467766987059,"mse":31191.755253378302,"seasonal_2_train_loss":0.37913004508623127,"seasonal_2_valid_loss":0.31388976175244565,"real_seasonal_3_stock_price":4.670789525138458,"predicted_seasonal_2_stock_price":9.465709686279297,"real_seasonal_0_stock_price":-2.3363866446355996,"depth":4,"_wandb":{"runtime":12},"predicted_resid_stock_price":7.059717178344727,"AAPL Stock Price Prediction by iTransformer":{"width":1000,"height":600,"_type":"image-file","sha256":"bcbe5a74c4656f2d88e4eb49c04ff6953ffc0f2412949ce643fab16495356d67","size":46219,"path":"media/images/AAPL Stock Price Prediction by iTransformer_8_bcbe5a74c4656f2d88e4.png","format":"png"},"predicted_seasonal_3_stock_price":0.7107618451118469,"seasonal_1_valid_loss":0.19216075824930312,"seasonal_3_valid_loss":0.41636468309523733,"seasonal_0_valid_loss":2.3527529143807877,"seasonal_0_train_loss":0.725731384054433,"periods":[252,504,756,1260],"real_resid_stock_price":9.055696582292029,"resid_train_loss":0.7845678870141326,"final_predicted_stock_price":60.238128662109375,"mae":176.61187744140625,"predicted_seasonal_1_stock_price":-1.7500712871551514,"predicted_seasonal_0_stock_price":0.5657109022140503,"_step":9,"real_seasonal_1_stock_price":-3.140672916116096,"seasonal_1_train_loss":0.3744281660385278,"Runtime (seconds)":5.311094760894775,"resid_valid_loss":0.5292147042441971}