{"AAPL Stock Price Prediction by iTransformer":{"width":1000,"height":600,"_type":"image-file","sha256":"233046ab86ed24ea68b6b6bbf6c08fe3d74c53ec9df4c8938be38f8c0309577f","size":46341,"path":"media/images/AAPL Stock Price Prediction by iTransformer_8_233046ab86ed24ea68b6.png","format":"png"},"periods":[252,504,756,1260],"real_resid_stock_price":9.055691793491093,"predicted_seasonal_3_stock_price":-0.24088358879089355,"seasonal_3_train_loss":0.7862917890693057,"predicted_seasonal_1_stock_price":0.4832049310207367,"predicted_seasonal_2_stock_price":-2.6035101413726807,"seasonal_0_valid_loss":0.2713923752307892,"real_trend_stock_price":221.2601114653858,"final_predicted_stock_price":173.71536254882812,"resid_valid_loss":2.10057567475272,"real_seasonal_3_stock_price":4.670789299422762,"Runtime (seconds)":8.228920936584473,"seasonal_0_train_loss":0.29661697479372723,"trend_train_loss":1.050365696290481,"mse":3985.983216777444,"seasonal_3_valid_loss":0.3529665586538613,"real_stock_price":236.85000610351562,"_step":9,"seasonal_1_train_loss":0.9855214789300208,"_wandb":{"runtime":14},"resid_train_loss":1.3267586255817267,"seasonal_2_train_loss":2.1068634092478464,"mae":63.1346435546875,"real_seasonal_0_stock_price":-2.3363817192687826,"depth":4,"predicted_seasonal_0_stock_price":1.348506212234497,"dim":128,"trend_valid_loss":0.36801114678382874,"_timestamp":1.7367514873413882e+09,"seasonal_1_valid_loss":0.8324829936027527,"predicted_trend_stock_price":177.4597930908203,"real_seasonal_1_stock_price":-3.1406764951972637,"_runtime":14.711032954,"predicted_resid_stock_price":-2.731731414794922,"rmse":63.1346435546875,"seasonal_2_valid_loss":1.9205013293813549,"real_seasonal_2_stock_price":7.340471759682043}