{"real_trend_stock_price":221.26011210675944,"seasonal_3_train_loss":1.131207283540876,"mae":184.75713729858398,"resid_valid_loss":0.34474342566682026,"seasonal_2_valid_loss":0.7168435610310976,"resid_train_loss":0.6869870427104505,"_wandb":{"runtime":15},"seasonal_0_valid_loss":0.5041375565687212,"real_seasonal_0_stock_price":-2.3363882456716234,"predicted_seasonal_1_stock_price":0.7227659225463867,"predicted_seasonal_2_stock_price":0.4754718542098999,"trend_valid_loss":3.9398781682653197,"real_seasonal_3_stock_price":4.670788740075334,"periods":[252,504,756,1260],"Runtime (seconds)":7.002266883850098,"predicted_trend_stock_price":40.16305923461914,"mse":34135.19978276781,"depth":4,"seasonal_0_train_loss":0.32404994869998877,"_runtime":15.956073454,"AAPL Stock Price Prediction by iTransformer":{"format":"png","width":1000,"height":600,"_type":"image-file","sha256":"79e10ef9b99b4ec4287559b203dd108c0ec7adb26bf8397d3ac30ad7d59fef5b","size":44754,"path":"media/images/AAPL Stock Price Prediction by iTransformer_8_79e10ef9b99b4ec42875.png"},"trend_train_loss":2.129507784382231,"_step":9,"seasonal_2_train_loss":1.0010686345593212,"predicted_seasonal_0_stock_price":1.6372501850128174,"real_resid_stock_price":9.055695990346152,"predicted_resid_stock_price":8.314043998718262,"predicted_seasonal_3_stock_price":0.7802766561508179,"seasonal_3_valid_loss":0.4319584146142006,"final_predicted_stock_price":52.09286880493164,"rmse":184.75713729858398,"seasonal_1_train_loss":0.9704743531814712,"real_seasonal_2_stock_price":7.340472192755152,"real_stock_price":236.85000610351562,"_timestamp":1.7367566601113813e+09,"real_seasonal_1_stock_price":-3.140674680748811,"dim":128,"seasonal_1_valid_loss":0.8634210273306421}