{"seasonal_2_valid_loss":0.6056927219033241,"periods":[252,504,756,1260],"predicted_seasonal_3_stock_price":9.286714553833008,"final_predicted_stock_price":102.98577880859375,"real_seasonal_3_stock_price":9.210042698987007,"real_seasonal_2_stock_price":16.307195141839433,"depth":4,"predicted_resid_stock_price":15.764555931091309,"_wandb":{"runtime":12},"real_seasonal_1_stock_price":2.721535027645758,"seasonal_1_train_loss":0.8198982842640715,"predicted_seasonal_2_stock_price":6.948728084564209,"predicted_seasonal_0_stock_price":-5.797187328338623,"real_trend_stock_price":167.5354913342489,"_step":9,"seasonal_1_valid_loss":0.14448186044434183,"trend_train_loss":1.3121492819871345,"resid_valid_loss":0.34886425733566284,"real_seasonal_0_stock_price":-6.886692248923765,"Runtime (seconds)":4.986876964569092,"seasonal_3_valid_loss":0.31942032392636627,"dim":128,"trend_valid_loss":3.0757882024560654,"_runtime":12.354942755,"_timestamp":1.7367233017631888e+09,"real_stock_price":218.94000244140625,"real_resid_stock_price":30.052430487608945,"mse":13445.381978288293,"rmse":115.9542236328125,"predicted_seasonal_1_stock_price":3.057490110397339,"seasonal_0_train_loss":0.3642728690212295,"predicted_trend_stock_price":73.72547912597656,"seasonal_3_train_loss":0.46041768881837336,"seasonal_2_train_loss":2.076098903232479,"seasonal_0_valid_loss":0.16425373044546782,"mae":115.9542236328125,"resid_train_loss":0.8770976240764817,"AMZN Stock Price Prediction by iTransformer":{"width":1000,"height":600,"_type":"image-file","sha256":"6d936df76d14cd5b0005f073878857287644e318550acd66604c23459861c0b7","size":46877,"path":"media/images/AMZN Stock Price Prediction by iTransformer_8_6d936df76d14cd5b0005.png","format":"png"}}