{"seasonal_2_valid_loss":0.9836806418608587,"real_seasonal_3_stock_price":9.210042698987007,"seasonal_0_valid_loss":1.183715814844184,"depth":4,"predicted_seasonal_1_stock_price":1.9205025434494019,"real_seasonal_0_stock_price":-6.886692248923765,"real_seasonal_2_stock_price":16.307195141839433,"dim":128,"_timestamp":1.736715068708117e+09,"resid_valid_loss":2.8244349332628893,"periods":[252,504,756,1260],"mse":646.7691209914628,"seasonal_1_valid_loss":0.5819651299021307,"real_resid_stock_price":30.052430487608945,"predicted_seasonal_3_stock_price":-7.057010173797607,"AMZN Stock Price Prediction by iTransformer":{"height":600,"_type":"image-file","sha256":"9e95435f752dce0bc3531251aab4efa232fd69efff51753ba335d50ad175bbb2","size":50766,"path":"media/images/AMZN Stock Price Prediction by iTransformer_8_9e95435f752dce0bc353.png","format":"png","width":1000},"_runtime":12.992364291,"seasonal_2_train_loss":1.4174738692270743,"predicted_resid_stock_price":11.65672492980957,"predicted_seasonal_2_stock_price":0.4205205738544464,"rmse":25.431655883789062,"seasonal_3_train_loss":1.731893993452901,"seasonal_3_valid_loss":1.9746995781149184,"resid_train_loss":0.6060087602549167,"seasonal_0_train_loss":1.0202328042505862,"predicted_trend_stock_price":187.6190185546875,"final_predicted_stock_price":193.5083465576172,"_step":9,"seasonal_1_train_loss":0.7562093433136335,"real_seasonal_1_stock_price":2.721535027645758,"trend_valid_loss":0.201822429895401,"predicted_seasonal_0_stock_price":-1.0514118671417236,"real_stock_price":218.94000244140625,"real_trend_stock_price":167.5354913342489,"Runtime (seconds)":6.493547677993774,"mae":25.431655883789062,"_wandb":{"runtime":12},"trend_train_loss":0.9076819359428949}