{"real_seasonal_0_stock_price":-6.886692248923765,"trend_valid_loss":0.518232103667433,"final_predicted_stock_price":134.08331298828125,"predicted_trend_stock_price":119.00264739990234,"depth":4,"predicted_seasonal_0_stock_price":-1.880557894706726,"seasonal_1_train_loss":0.7508628205882159,"_timestamp":1.7367108275401924e+09,"trend_train_loss":0.15503045041761893,"Runtime (seconds)":4.0415308475494385,"predicted_seasonal_1_stock_price":2.3035342693328857,"real_seasonal_2_stock_price":16.307195141839433,"real_trend_stock_price":167.5354913342489,"seasonal_3_train_loss":0.7551016027486581,"seasonal_1_valid_loss":0.2035287320613861,"mae":84.856689453125,"predicted_seasonal_2_stock_price":9.879608154296875,"real_seasonal_3_stock_price":9.210042698987007,"seasonal_0_train_loss":0.8216379204192096,"seasonal_2_valid_loss":0.15359786830505534,"resid_train_loss":0.5590613571904355,"predicted_seasonal_3_stock_price":-1.4052000045776367,"real_seasonal_1_stock_price":2.721535027645758,"seasonal_3_valid_loss":0.48500256125367136,"periods":[252,504,756,1260],"_step":9,"seasonal_2_train_loss":0.600899509397104,"real_stock_price":218.94000244140625,"resid_valid_loss":2.7313764095306396,"_runtime":8.232837346,"real_resid_stock_price":30.052430487608945,"mse":7200.657744944096,"predicted_resid_stock_price":6.183274269104004,"_wandb":{"runtime":8},"AMZN Stock Price Prediction by iTransformer":{"sha256":"0250905a304eb0fdab7eb64caeb64a96650c23a1dc6d5a15784df9e1c24600d1","size":45976,"path":"media/images/AMZN Stock Price Prediction by iTransformer_8_0250905a304eb0fdab7e.png","format":"png","width":1000,"height":600,"_type":"image-file"},"seasonal_0_valid_loss":1.0229322476820513,"rmse":84.856689453125,"dim":128}