{"_runtime":12.466968728,"_step":9,"real_seasonal_3_stock_price":9.231127671468537,"real_resid_stock_price":34.49698733261852,"real_seasonal_1_stock_price":6.06399637334922,"predicted_seasonal_1_stock_price":2.543604612350464,"predicted_seasonal_2_stock_price":16.233081817626953,"depth":4,"seasonal_0_valid_loss":1.6877289244276796,"real_trend_stock_price":163.42950399663331,"dim":128,"periods":[252,504,756,1260],"predicted_resid_stock_price":2.2725977897644043,"mse":10268.118709180504,"resid_valid_loss":0.5610787296438526,"predicted_trend_stock_price":100.23944091796875,"predicted_seasonal_3_stock_price":6.41799259185791,"final_predicted_stock_price":128.9282684326172,"real_stock_price":230.25999450683594,"trend_valid_loss":0.9211252809971826,"seasonal_2_valid_loss":0.2688069986469685,"resid_train_loss":0.6553607688404983,"seasonal_1_train_loss":0.4592550925358578,"_timestamp":1.7367059873170824e+09,"seasonal_2_train_loss":0.5287484144932766,"seasonal_3_train_loss":0.8801499577625145,"rmse":101.33172607421875,"real_seasonal_0_stock_price":-2.922468995271876,"seasonal_0_train_loss":1.5324789511205021,"mae":101.33172607421875,"predicted_seasonal_0_stock_price":1.2215547561645508,"seasonal_1_valid_loss":0.31570603975041983,"_wandb":{"runtime":12},"AMZN Stock Price Prediction by iTransformer":{"height":600,"_type":"image-file","sha256":"20196034175677ac3d7d758d00c1a14aa4f056921e8e898c477e9ab6119f3df1","size":45724,"path":"media/images/AMZN Stock Price Prediction by iTransformer_8_20196034175677ac3d7d.png","format":"png","width":1000},"Runtime (seconds)":5.8348548412323,"seasonal_3_valid_loss":0.9860682844419346,"real_seasonal_2_stock_price":19.960848128038222,"trend_train_loss":0.430271948967129}