{"real_stock_price":218.94000244140625,"seasonal_2_valid_loss":0.16598313830900882,"AMZN Stock Price Prediction by iTransformer":{"sha256":"a48f98d32b675524a7d512a79aa43529341e5d0ccf3cf0660933cff4be24e4fd","size":46197,"path":"media/images/AMZN Stock Price Prediction by iTransformer_8_a48f98d32b675524a7d5.png","format":"png","width":1000,"height":600,"_type":"image-file"},"real_seasonal_2_stock_price":16.307195141839433,"_wandb":{"runtime":11},"depth":4,"seasonal_0_train_loss":0.7749554821228618,"seasonal_3_train_loss":0.46134978925026526,"seasonal_1_valid_loss":0.771141926722543,"trend_valid_loss":1.8580365520944544,"periods":[252,504,756,1260],"mae":106.21710205078125,"predicted_seasonal_3_stock_price":11.852561950683594,"predicted_seasonal_2_stock_price":11.052937507629395,"predicted_seasonal_1_stock_price":-0.034587934613227844,"real_resid_stock_price":30.052430487608945,"resid_valid_loss":0.5242728488312827,"seasonal_0_valid_loss":0.09146863222122192,"real_seasonal_1_stock_price":2.721535027645758,"seasonal_1_train_loss":1.3783332085712807,"final_predicted_stock_price":112.722900390625,"Runtime (seconds)":5.71256947517395,"_timestamp":1.736754100413109e+09,"real_trend_stock_price":167.5354913342489,"seasonal_3_valid_loss":0.25265796179020844,"seasonal_2_train_loss":0.3774918320922906,"predicted_seasonal_0_stock_price":-4.646425247192383,"real_seasonal_0_stock_price":-6.886692248923765,"predicted_resid_stock_price":5.825552940368652,"real_seasonal_3_stock_price":9.210042698987007,"_step":9,"dim":128,"trend_train_loss":0.7829286074767713,"predicted_trend_stock_price":88.67285919189453,"resid_train_loss":1.7748637533493261,"rmse":106.21710205078125,"mse":11282.072768066078,"_runtime":11.821523818}