{"_timestamp":1.7367328866513572e+09,"seasonal_0_valid_loss":1.8610475406596798,"predicted_seasonal_0_stock_price":0.41812863945961,"seasonal_1_train_loss":0.6597845268900282,"periods":[252,504,756,1260],"_wandb":{"runtime":11},"real_seasonal_3_stock_price":4.670787624210543,"depth":4,"rmse":125.68461608886719,"trend_valid_loss":1.2432640569053428,"mse":15796.622721405933,"_step":9,"AAPL Stock Price Prediction by iTransformer":{"path":"media/images/AAPL Stock Price Prediction by iTransformer_8_2705e1ba457ad8201cf1.png","format":"png","width":1000,"height":600,"_type":"image-file","sha256":"2705e1ba457ad8201cf1dadfc5f2db93c26bce73990a3b674a9b087a17c11375","size":47204},"real_stock_price":236.85000610351562,"real_seasonal_1_stock_price":-3.140678286504993,"predicted_resid_stock_price":-3.6595840454101562,"seasonal_3_train_loss":0.7738562695315627,"resid_valid_loss":0.8275590069041756,"predicted_trend_stock_price":116.62344360351562,"real_resid_stock_price":9.055692197337407,"seasonal_1_valid_loss":0.7185295438981271,"predicted_seasonal_3_stock_price":-0.18073558807373047,"seasonal_0_train_loss":0.7073863538321438,"trend_train_loss":0.2041776947860231,"seasonal_2_valid_loss":0.6109283455388101,"dim":128,"real_seasonal_2_stock_price":7.340471690811665,"predicted_seasonal_2_stock_price":0.6897556185722351,"resid_train_loss":1.0171646528410463,"_runtime":11.899277051,"seasonal_3_valid_loss":0.4112500895983016,"final_predicted_stock_price":111.16539001464844,"Runtime (seconds)":5.699282646179199,"mae":125.68461608886719,"real_trend_stock_price":221.26011205111848,"seasonal_2_train_loss":0.8835716261666202,"real_seasonal_0_stock_price":-2.336379173457446,"predicted_seasonal_1_stock_price":-2.725623607635498}