{"seasonal_0_valid_loss":0.36222119580526824,"rmse":193.17139434814453,"resid_train_loss":1.2024058971883005,"depth":4,"trend_train_loss":2.103018165489281,"_wandb":{"runtime":8},"seasonal_3_valid_loss":0.46821554433554413,"real_seasonal_2_stock_price":7.340469339852586,"predicted_seasonal_3_stock_price":4.890006065368652,"periods":[252,504,756,1260],"AAPL Stock Price Prediction by iTransformer":{"_type":"image-file","sha256":"4f98cdcf13b7e1e703f9c18f2ad4a76aeb2edd8d5b02b231a5a0109b9ab5bea5","size":44567,"path":"media/images/AAPL Stock Price Prediction by iTransformer_8_4f98cdcf13b7e1e703f9.png","format":"png","width":1000,"height":600},"mse":37315.187594406365,"real_seasonal_0_stock_price":-2.3363849317725696,"real_stock_price":236.85000610351562,"real_trend_stock_price":221.2601123379754,"seasonal_2_valid_loss":0.3326250968036709,"seasonal_1_train_loss":0.6719039186767795,"seasonal_2_train_loss":0.8142602246916917,"resid_valid_loss":1.0895272154347162,"predicted_resid_stock_price":13.776276588439941,"_step":9,"dim":128,"_timestamp":1.736711569906519e+09,"seasonal_0_train_loss":0.33953394698142797,"seasonal_1_valid_loss":0.38164965646215043,"predicted_seasonal_1_stock_price":-1.0345559120178223,"predicted_seasonal_2_stock_price":3.0116870403289795,"final_predicted_stock_price":43.678611755371094,"predicted_seasonal_0_stock_price":0.6741850972175598,"real_seasonal_3_stock_price":4.6707874962321,"predicted_trend_stock_price":22.36101531982422,"mae":193.17139434814453,"real_seasonal_1_stock_price":-3.1406783300304246,"_runtime":8.383646363,"Runtime (seconds)":4.009486436843872,"real_resid_stock_price":9.055700191258552,"seasonal_3_train_loss":0.6100750137098053,"trend_valid_loss":6.831593372344971}