{"seasonal_3_valid_loss":0.15504686941427212,"seasonal_1_train_loss":1.8793695464576643,"trend_valid_loss":0.039762967995430214,"_runtime":13.011737345,"real_seasonal_2_stock_price":16.307195141839433,"rmse":37.92951965332031,"_step":9,"resid_train_loss":1.4911568711598715,"real_stock_price":218.94000244140625,"Runtime (seconds)":5.4629693031311035,"predicted_seasonal_0_stock_price":-0.606326162815094,"real_seasonal_0_stock_price":-6.886692248923765,"mse":1438.6484611316118,"depth":4,"predicted_resid_stock_price":1.5058842897415161,"real_resid_stock_price":30.052430487608945,"final_predicted_stock_price":181.01048278808594,"seasonal_0_train_loss":1.2571235712912443,"seasonal_1_valid_loss":1.9261111409767815,"resid_valid_loss":1.2721002947684772,"predicted_seasonal_1_stock_price":-2.77821946144104,"real_trend_stock_price":167.5354913342489,"_timestamp":1.7367288069935343e+09,"seasonal_2_valid_loss":0.4511921965916242,"_wandb":{"runtime":13},"real_seasonal_3_stock_price":9.210042698987007,"mae":37.92951965332031,"AMZN Stock Price Prediction by iTransformer":{"width":1000,"height":600,"_type":"image-file","sha256":"3782a1e0f3fb5397a5ac157cc44f6c31873636645f8457410472ce9ddfba8ecf","size":48118,"path":"media/images/AMZN Stock Price Prediction by iTransformer_8_3782a1e0f3fb5397a5ac.png","format":"png"},"real_seasonal_1_stock_price":2.721535027645758,"predicted_seasonal_3_stock_price":2.1610634326934814,"periods":[252,504,756,1260],"trend_train_loss":0.4542196232558794,"predicted_trend_stock_price":160.9777374267578,"predicted_seasonal_2_stock_price":19.75033950805664,"seasonal_2_train_loss":0.4199314774483927,"seasonal_0_valid_loss":0.6791819334030151,"seasonal_3_train_loss":1.0843187130708005,"dim":128}