{"dim":128,"real_seasonal_1_stock_price":2.721535027645758,"resid_train_loss":0.6149657395178989,"trend_train_loss":0.26246208426130735,"depth":4,"Runtime (seconds)":3.753969192504883,"resid_valid_loss":1.4798448085784912,"predicted_seasonal_2_stock_price":7.144218921661377,"predicted_seasonal_0_stock_price":-8.398772239685059,"real_stock_price":218.94000244140625,"final_predicted_stock_price":130.11001586914062,"seasonal_3_valid_loss":0.2909163007594264,"seasonal_3_train_loss":0.41973996631420085,"predicted_trend_stock_price":108.02180480957031,"_wandb":{"runtime":8},"seasonal_0_valid_loss":0.18257567059388136,"_step":9,"predicted_resid_stock_price":6.81475830078125,"mae":88.82998657226562,"trend_valid_loss":0.718722580447616,"seasonal_2_valid_loss":0.310427409807841,"real_seasonal_3_stock_price":9.210042698987007,"rmse":88.82998657226562,"predicted_seasonal_1_stock_price":3.2066657543182373,"mse":7890.766514428891,"_timestamp":1.736744926967003e+09,"seasonal_0_train_loss":0.32416011793399924,"predicted_seasonal_3_stock_price":13.321333885192871,"seasonal_1_valid_loss":0.7942224759668399,"_runtime":8.065602538,"real_seasonal_0_stock_price":-6.886692248923765,"seasonal_1_train_loss":0.8018716873445858,"seasonal_2_train_loss":0.19846414655799174,"real_trend_stock_price":167.5354913342489,"real_seasonal_2_stock_price":16.307195141839433,"AMZN Stock Price Prediction by iTransformer":{"format":"png","width":1000,"height":600,"_type":"image-file","sha256":"1c16e37f323df365cb2e032198be8252627f31b34ce6acf31a161196c6998023","size":45912,"path":"media/images/AMZN Stock Price Prediction by iTransformer_8_1c16e37f323df365cb2e.png"},"real_resid_stock_price":30.052430487608945,"periods":[252,504,756,1260]}