{"seasonal_3_train_loss":0.5288617312908173,"_timestamp":1.7367272423371136e+09,"seasonal_1_valid_loss":0.09707797694465388,"mse":1.032858345657587,"predicted_resid_stock_price":24.822532653808594,"trend_valid_loss":0.013174743277104852,"final_predicted_stock_price":219.956298828125,"predicted_trend_stock_price":156.8666534423828,"seasonal_0_train_loss":0.4733869468230437,"resid_valid_loss":0.21539655582389639,"AMZN Stock Price Prediction by iTransformer":{"height":600,"_type":"image-file","sha256":"5371318249b67293c69ddb2506eeb67e8bedf73314106c22bd0f201b03079045","size":58785,"path":"media/images/AMZN Stock Price Prediction by iTransformer_8_5371318249b67293c69d.png","format":"png","width":1000},"rmse":1.01629638671875,"seasonal_3_valid_loss":0.4684284031391144,"real_stock_price":218.94000244140625,"predicted_seasonal_3_stock_price":21.14244842529297,"predicted_seasonal_2_stock_price":14.34161376953125,"real_seasonal_2_stock_price":16.307195141839433,"predicted_seasonal_0_stock_price":-1.0257606506347656,"_step":9,"real_seasonal_0_stock_price":-6.886692248923765,"real_seasonal_1_stock_price":2.721535027645758,"seasonal_0_valid_loss":0.7053634590069151,"predicted_seasonal_1_stock_price":3.808807134628296,"mae":1.01629638671875,"dim":128,"seasonal_1_train_loss":0.32000441261091034,"Runtime (seconds)":12.620774507522583,"depth":4,"periods":[252,504,756,1260],"real_trend_stock_price":167.5354913342489,"real_seasonal_3_stock_price":9.210042698987007,"trend_train_loss":0.12899961881208014,"resid_train_loss":0.4185205318781931,"seasonal_2_valid_loss":0.0739770990176873,"seasonal_2_train_loss":0.6515931747352596,"real_resid_stock_price":30.052430487608945,"_wandb":{"runtime":23},"_runtime":23.526266901}