{"resid_valid_loss":0.0464369303748741,"seasonal_0_valid_loss":0.055155180394649506,"mse":10.619010012829676,"periods":[252,504,756,1260],"GOOG Stock Price Prediction by iTransformer":{"sha256":"b35b6fa1ebec3fed3fd32ecb7bde18255eb5892a7e0a9522bfedc81295845526","size":55240,"path":"media/images/GOOG Stock Price Prediction by iTransformer_1684_b35b6fa1ebec3fed3fd3.png","format":"png","width":1000,"height":600,"_type":"image-file"},"seasonal_3_train_loss":0.06311635473255696,"resid_train_loss":0.0829444153173112,"trend_train_loss":0.05848298781645945,"dim":128,"final_predicted_stock_price":172.49667358398438,"Runtime (seconds)":1567.7570116519928,"predicted_seasonal_0_stock_price":0.6074385046958923,"predicted_trend_stock_price":150.80226135253906,"mae":3.2586822509765625,"predicted_seasonal_1_stock_price":-4.031304836273193,"seasonal_2_train_loss":0.06857306646185067,"real_seasonal_3_stock_price":2.0031134991468598,"real_seasonal_1_stock_price":-4.642296434785428,"seasonal_1_train_loss":0.09863141686424037,"rmse":3.2586822509765625,"_runtime":20112.012981675,"trend_valid_loss":0.02814982323526005,"_wandb":{"runtime":20112},"seasonal_2_valid_loss":0.039202865213155746,"_step":1685,"predicted_seasonal_2_stock_price":11.468099594116211,"depth":4,"real_seasonal_2_stock_price":10.468873104102752,"seasonal_0_train_loss":0.07727577130531793,"predicted_resid_stock_price":9.654424667358398,"real_resid_stock_price":7.367700725655226,"real_stock_price":169.2379913330078,"seasonal_3_valid_loss":0.054034946103130234,"real_trend_stock_price":155.70056707980854,"predicted_seasonal_3_stock_price":3.995769739151001,"seasonal_1_valid_loss":0.06349229556394786,"real_seasonal_0_stock_price":-1.6599666409201177,"_timestamp":1.7386984108431516e+09}