{"predicted_resid_stock_price":2.9425344467163086,"seasonal_3_valid_loss":1.419715482235421,"predicted_seasonal_0_stock_price":-3.3494956493377686,"predicted_seasonal_1_stock_price":3.412763833999634,"_timestamp":1.736730662365904e+09,"predicted_seasonal_2_stock_price":1.916572093963623,"rmse":29.58929443359375,"periods":[252,504,756,1260],"resid_valid_loss":2.367037296295166,"real_seasonal_1_stock_price":2.721535027645758,"final_predicted_stock_price":189.3507080078125,"real_trend_stock_price":167.5354913342489,"predicted_seasonal_3_stock_price":7.817568778991699,"resid_train_loss":0.9033122437146226,"predicted_trend_stock_price":176.61077880859375,"real_resid_stock_price":30.052430487608945,"_runtime":10.588090588,"_wandb":{"runtime":10},"AMZN Stock Price Prediction by iTransformer":{"height":600,"_type":"image-file","sha256":"e98194b84b0be5c176245ac654de2cacb798c6adb41c9fde2553684474eab433","size":50910,"path":"media/images/AMZN Stock Price Prediction by iTransformer_8_e98194b84b0be5c17624.png","format":"png","width":1000},"seasonal_0_train_loss":0.6415969161612933,"_step":9,"trend_train_loss":1.6373370269643372,"depth":4,"seasonal_1_train_loss":0.412658771046453,"real_seasonal_3_stock_price":9.210042698987007,"trend_valid_loss":0.14563398194663665,"mse":875.5263450779021,"dim":128,"Runtime (seconds)":4.904482364654541,"real_seasonal_0_stock_price":-6.886692248923765,"seasonal_2_valid_loss":0.9622789887968773,"real_stock_price":218.94000244140625,"seasonal_0_valid_loss":0.7326030631373132,"mae":29.58929443359375,"seasonal_1_valid_loss":0.16744029042805122,"seasonal_2_train_loss":1.3542376458753296,"real_seasonal_2_stock_price":16.307195141839433,"seasonal_3_train_loss":1.5380565722570343}