{"real_stock_price":190.6300048828125,"train_loss":0.04497391126147404,"mse":0.13482666015625,"r2_score":NaN,"valid_loss":0.032620991580188274,"dim":128,"rmse":0.3671875,"_runtime":2197.337023681,"Runtime (seconds)":94.36369323730469,"depth":4,"_step":302,"_timestamp":1.7387684945789614e+09,"mae":0.3671875,"GOOG Stock Price Prediction by iTransformer(no MSTL)":{"size":56942,"path":"media/images/GOOG Stock Price Prediction by iTransformer(no MSTL)_301_d267c0a866a9d6f37f1f.png","format":"png","width":1000,"height":600,"_type":"image-file","sha256":"d267c0a866a9d6f37f1fb35a0c82d58adc7bb0a87516faafa43b5751062c7283"},"_wandb":{"runtime":2197},"predicted_stock_price":190.9971923828125}