{"seasonal_3_train_loss":0.43361208587884903,"seasonal_1_valid_loss":0.9076849222183228,"trend_valid_loss":5.205751439399526,"rmse":195.3996696472168,"real_stock_price":236.85000610351562,"seasonal_1_train_loss":1.0931966979434848,"periods":[252,504,756,1260],"real_trend_stock_price":221.26011171539892,"predicted_trend_stock_price":21.18042755126953,"predicted_seasonal_2_stock_price":5.588344573974609,"mse":38181.03089824146,"_runtime":10.756442791,"seasonal_3_valid_loss":0.22613892455895743,"AAPL Stock Price Prediction by iTransformer":{"path":"media/images/AAPL Stock Price Prediction by iTransformer_8_1d68c0f13abec0421956.png","format":"png","width":1000,"height":600,"_type":"image-file","sha256":"1d68c0f13abec04219563e18f59403399b9713823f33a41a157bb989b85c25cc","size":44523},"real_seasonal_1_stock_price":-3.1406768914406085,"seasonal_0_train_loss":0.6708428462986126,"predicted_seasonal_0_stock_price":0.24582698941230774,"predicted_seasonal_3_stock_price":5.402929782867432,"real_seasonal_2_stock_price":7.340474304333213,"resid_valid_loss":0.4481654966000429,"seasonal_2_train_loss":0.39376253157451346,"real_seasonal_0_stock_price":-2.336379459782092,"seasonal_0_valid_loss":1.6159357027818928,"_step":9,"seasonal_2_valid_loss":0.2502145897119473,"Runtime (seconds)":4.3458263874053955,"final_predicted_stock_price":41.45033645629883,"_wandb":{"runtime":10},"trend_train_loss":1.4851025583498147,"real_seasonal_3_stock_price":4.670782267857204,"_timestamp":1.736737273902656e+09,"real_resid_stock_price":9.055694167149,"predicted_resid_stock_price":7.775933265686035,"resid_train_loss":0.48427668117707773,"dim":128,"depth":4,"predicted_seasonal_1_stock_price":1.2568751573562622,"mae":195.3996696472168}