{"rmse":94.2923812866211,"depth":4,"seasonal_2_train_loss":1.3613527635762985,"predicted_seasonal_2_stock_price":-2.224996566772461,"Runtime (seconds)":4.939910650253296,"_wandb":{"runtime":10},"trend_train_loss":0.30507656368293357,"seasonal_1_valid_loss":0.34277211397950924,"predicted_seasonal_1_stock_price":1.862862467765808,"seasonal_1_train_loss":0.7792117461210676,"seasonal_2_valid_loss":1.4024412558618213,"predicted_seasonal_3_stock_price":-4.248876571655273,"resid_train_loss":0.5623902709729697,"seasonal_0_train_loss":0.525143551030595,"AMZN Stock Price Prediction by iTransformer":{"size":46412,"path":"media/images/AMZN Stock Price Prediction by iTransformer_8_1655f09ae8f0d8938cbf.png","format":"png","width":1000,"height":600,"_type":"image-file","sha256":"1655f09ae8f0d8938cbf49f4432403e621da24053a3fc59bdc737ccbd3a77036"},"seasonal_3_train_loss":0.8379894790628936,"_step":9,"real_seasonal_2_stock_price":16.307195141839433,"final_predicted_stock_price":124.64762115478516,"real_seasonal_0_stock_price":-6.886692248923765,"_timestamp":1.7367325505617049e+09,"resid_valid_loss":3.353754997253418,"real_stock_price":218.94000244140625,"predicted_seasonal_0_stock_price":-6.636378288269043,"real_resid_stock_price":30.052430487608945,"real_seasonal_3_stock_price":9.210042698987007,"seasonal_0_valid_loss":0.5623266556405073,"real_seasonal_1_stock_price":2.721535027645758,"mae":94.2923812866211,"_runtime":10.465449617,"real_trend_stock_price":167.5354913342489,"mse":8891.053168701532,"predicted_resid_stock_price":7.087518692016602,"dim":128,"periods":[252,504,756,1260],"trend_valid_loss":0.19794000716399496,"seasonal_3_valid_loss":0.6678965656831038,"predicted_trend_stock_price":128.8074951171875}