{"_wandb":{"runtime":3035},"rmse":3.3613128662109375,"_step":302,"depth":4,"XOM Stock Price Prediction by iTransformer(no MSTL)":{"width":1000,"height":600,"_type":"image-file","sha256":"edb7c7562b9cbc1fde6e9abbc6e8c4c03cf5089cb8cc7c31fb4d0a89ef3d956a","size":50538,"path":"media/images/XOM Stock Price Prediction by iTransformer(no MSTL)_301_edb7c7562b9cbc1fde6e.png","format":"png"},"_timestamp":1.7386018720316696e+09,"Runtime (seconds)":159.0594127178192,"valid_loss":0.03124147080272049,"dim":128,"mae":3.3613128662109375,"mse":11.298424184555188,"predicted_stock_price":117.64131164550781,"_runtime":3035.711674765,"r2_score":NaN,"train_loss":0.018890547838141373,"real_stock_price":114.27999877929688}