{"predicted_resid_stock_price":-2.7346363067626953,"real_resid_stock_price":30.052430487608945,"seasonal_3_valid_loss":0.3689943815377307,"predicted_seasonal_3_stock_price":1.1379199028015137,"dim":128,"real_seasonal_0_stock_price":-6.886692248923765,"real_seasonal_1_stock_price":2.721535027645758,"seasonal_2_train_loss":0.21178734049140682,"Runtime (seconds)":7.003275632858276,"predicted_seasonal_2_stock_price":10.191265106201172,"AMZN Stock Price Prediction by iTransformer":{"width":1000,"height":600,"_type":"image-file","sha256":"da7b133b34668e61025204d3fa7e73593234629d1483b40facb04a26d5a2beaf","size":46159,"path":"media/images/AMZN Stock Price Prediction by iTransformer_8_da7b133b34668e610252.png","format":"png"},"_timestamp":1.736736297212392e+09,"resid_valid_loss":1.6011114748127488,"resid_train_loss":1.1383454086520624,"predicted_seasonal_1_stock_price":2.511691093444824,"_runtime":14.566880469,"mae":166.6977767944336,"predicted_trend_stock_price":46.40631866455078,"seasonal_1_train_loss":0.7511634904019376,"seasonal_2_valid_loss":0.20964970012729087,"real_seasonal_3_stock_price":9.210042698987007,"periods":[252,504,756,1260],"final_predicted_stock_price":52.242225646972656,"trend_train_loss":3.1398849484039957,"_wandb":{"runtime":14},"predicted_seasonal_0_stock_price":-5.270336627960205,"seasonal_0_train_loss":0.2974785351090961,"rmse":166.6977767944336,"trend_valid_loss":5.333911914305928,"real_stock_price":218.94000244140625,"mse":27788.148788206803,"_step":9,"real_seasonal_2_stock_price":16.307195141839433,"depth":4,"seasonal_1_valid_loss":0.596581287772586,"real_trend_stock_price":167.5354913342489,"seasonal_0_valid_loss":0.3721657272179921,"seasonal_3_train_loss":0.6865249828599997}