{"depth":4,"Runtime (seconds)":8.181902647018433,"rmse":68.38652038574219,"real_seasonal_3_stock_price":9.210042698987007,"resid_valid_loss":1.0606107405499265,"predicted_seasonal_1_stock_price":3.918703317642212,"_timestamp":1.7367319700984082e+09,"seasonal_2_train_loss":2.2284503581173998,"predicted_seasonal_2_stock_price":7.773065567016602,"real_seasonal_1_stock_price":2.721535027645758,"seasonal_3_valid_loss":0.266071769324216,"seasonal_3_train_loss":0.3421392584506702,"_wandb":{"runtime":16},"mae":68.38652038574219,"_step":9,"AMZN Stock Price Prediction by iTransformer":{"height":600,"_type":"image-file","sha256":"d5490d96222d886dffa9fede4bd6d186aab3609bcc1aacb7876bcdb195c089cc","size":48728,"path":"media/images/AMZN Stock Price Prediction by iTransformer_8_d5490d96222d886dffa9.png","format":"png","width":1000},"real_stock_price":218.94000244140625,"seasonal_0_train_loss":0.39806676643757405,"predicted_trend_stock_price":126.80683135986328,"periods":[252,504,756,1260],"dim":128,"resid_train_loss":0.7860218006738457,"final_predicted_stock_price":150.55348205566406,"real_seasonal_0_stock_price":-6.886692248923765,"real_seasonal_2_stock_price":16.307195141839433,"trend_train_loss":0.29873186539084645,"predicted_seasonal_3_stock_price":10.568621635437012,"real_trend_stock_price":167.5354913342489,"trend_valid_loss":0.28254682020079797,"seasonal_0_valid_loss":0.18804814772289477,"seasonal_1_valid_loss":0.1231342727505484,"seasonal_1_train_loss":0.7439165357770866,"predicted_seasonal_0_stock_price":-4.992325305938721,"predicted_resid_stock_price":6.4785966873168945,"mse":4676.716170469532,"real_resid_stock_price":30.052430487608945,"_runtime":16.458553179,"seasonal_2_valid_loss":0.6361635296597522}