{"real_seasonal_3_stock_price":4.670789335558757,"real_trend_stock_price":221.26011137885288,"trend_valid_loss":3.084969997406006,"seasonal_3_train_loss":0.5259782922512156,"seasonal_0_train_loss":0.9181844455650053,"real_resid_stock_price":9.055699018313845,"predicted_resid_stock_price":-0.541063666343689,"_wandb":{"runtime":14},"real_seasonal_2_stock_price":7.340469251212943,"seasonal_3_valid_loss":0.18274995178720096,"predicted_seasonal_3_stock_price":3.4401071071624756,"real_stock_price":236.85000610351562,"periods":[252,504,756,1260],"seasonal_1_valid_loss":0.3381077388458865,"_timestamp":1.7367154756958635e+09,"_runtime":14.577747446,"Runtime (seconds)":7.487520694732666,"real_seasonal_0_stock_price":-2.3363853419909537,"real_seasonal_1_stock_price":-3.1406775384318393,"mse":15457.239838600159,"predicted_seasonal_0_stock_price":-0.1370403915643692,"depth":4,"trend_train_loss":0.7167527993908065,"resid_train_loss":1.0827743794266116,"final_predicted_stock_price":112.52285766601562,"_step":9,"mae":124.3271484375,"rmse":124.3271484375,"seasonal_1_train_loss":0.9425699772354938,"seasonal_2_train_loss":0.40432439113470686,"predicted_seasonal_2_stock_price":8.346711158752441,"predicted_trend_stock_price":101.34965515136719,"seasonal_0_valid_loss":2.3524772714585462,"seasonal_2_valid_loss":0.20906730090668824,"resid_valid_loss":3.372143268585205,"dim":128,"AAPL Stock Price Prediction by iTransformer":{"width":1000,"height":600,"_type":"image-file","sha256":"4d6ad7fd4affd44869e64af7dde72696da1f8525e3dcfe4fae69de3786dad127","size":47237,"path":"media/images/AAPL Stock Price Prediction by iTransformer_8_4d6ad7fd4affd44869e6.png","format":"png"},"predicted_seasonal_1_stock_price":0.06448281556367874}