{"_runtime":15.566083611,"predicted_seasonal_0_stock_price":0.9909638166427612,"predicted_seasonal_3_stock_price":8.506016731262207,"predicted_seasonal_2_stock_price":2.5850915908813477,"real_trend_stock_price":221.26011181121928,"real_seasonal_0_stock_price":-2.33638518598298,"Runtime (seconds)":6.651841878890991,"seasonal_2_valid_loss":0.3152897206302535,"trend_train_loss":0.2134249638045783,"_timestamp":1.7367386511119525e+09,"seasonal_3_train_loss":0.8486105628346778,"seasonal_1_valid_loss":0.26504249304113253,"depth":4,"mse":4774.2667976766825,"seasonal_2_train_loss":0.7939587412019299,"periods":[252,504,756,1260],"predicted_seasonal_1_stock_price":0.75852370262146,"AAPL Stock Price Prediction by iTransformer":{"width":1000,"height":600,"_type":"image-file","sha256":"9fc5aeb7d292c21fca3a2ac9bed65430d2e49584d4efa80109c808c4666e1249","size":46351,"path":"media/images/AAPL Stock Price Prediction by iTransformer_8_9fc5aeb7d292c21fca3a.png","format":"png"},"seasonal_1_train_loss":1.29891080354395,"predicted_trend_stock_price":160.29238891601562,"predicted_resid_stock_price":-5.379057884216309,"real_seasonal_2_stock_price":7.340474258930151,"seasonal_0_train_loss":1.2418077836971024,"resid_train_loss":3.0574386815627017,"real_stock_price":236.85000610351562,"real_resid_stock_price":9.055697132233377,"dim":128,"seasonal_0_valid_loss":2.768688146458116,"rmse":69.0960693359375,"seasonal_3_valid_loss":0.04774361476302147,"final_predicted_stock_price":167.75393676757812,"_step":9,"trend_valid_loss":0.23945573848430757,"real_seasonal_3_stock_price":4.670784051982339,"mae":69.0960693359375,"real_seasonal_1_stock_price":-3.1406759648665314,"_wandb":{"runtime":15},"resid_valid_loss":1.7166504353835597}