{"real_seasonal_0_stock_price":-2.3363757970906818,"real_seasonal_3_stock_price":4.6707857872065635,"real_seasonal_1_stock_price":-3.1406802074083218,"depth":4,"predicted_seasonal_3_stock_price":4.968186378479004,"_timestamp":1.7367146470828269e+09,"real_resid_stock_price":9.05569063410806,"Runtime (seconds)":4.61383843421936,"resid_valid_loss":1.1570083267668374,"_wandb":{"runtime":9},"mae":40.082183837890625,"seasonal_1_valid_loss":0.3608618378639221,"trend_valid_loss":0.09147324287526196,"predicted_seasonal_2_stock_price":6.595343112945557,"seasonal_0_valid_loss":2.6558754111057943,"seasonal_2_train_loss":1.0832840904390026,"AAPL Stock Price Prediction by iTransformer":{"width":1000,"height":600,"_type":"image-file","sha256":"ff72a4492573c6e033717aea8bf4a1f95336a97594b0b7c49c2246ed9a88a8c0","size":48841,"path":"media/images/AAPL Stock Price Prediction by iTransformer_8_ff72a4492573c6e03371.png","format":"png"},"real_seasonal_2_stock_price":7.340474267957063,"seasonal_3_valid_loss":0.4146935595751784,"predicted_seasonal_1_stock_price":-1.1910839080810547,"real_stock_price":236.85000610351562,"mse":1606.5814612144604,"_runtime":9.356138647,"real_trend_stock_price":221.26011141874292,"seasonal_3_train_loss":0.3706067819355472,"trend_train_loss":0.3338140859764559,"dim":128,"rmse":40.082183837890625,"_step":9,"seasonal_1_train_loss":0.796574692885267,"seasonal_0_train_loss":1.1304707783388879,"predicted_seasonal_0_stock_price":2.5853259563446045,"periods":[252,504,756,1260],"predicted_resid_stock_price":0.49048447608947754,"seasonal_2_valid_loss":1.3177988515936405,"predicted_trend_stock_price":183.319580078125,"final_predicted_stock_price":196.767822265625,"resid_train_loss":0.8874996453523636}