{"real_trend_stock_price":167.5354913342489,"real_seasonal_2_stock_price":16.307195141839433,"seasonal_3_valid_loss":0.3057895540804058,"predicted_seasonal_2_stock_price":6.967366695404053,"real_stock_price":218.94000244140625,"mse":11663.199110428104,"predicted_resid_stock_price":13.776187896728516,"trend_valid_loss":1.779993008520152,"seasonal_0_train_loss":0.2065619669408293,"seasonal_1_train_loss":0.9836706681895201,"rmse":107.99629211425781,"real_resid_stock_price":30.052430487608945,"predicted_seasonal_1_stock_price":1.168434739112854,"AMZN Stock Price Prediction by iTransformer":{"path":"media/images/AMZN Stock Price Prediction by iTransformer_8_f2a0113db8f85789d2d5.png","format":"png","width":1000,"height":600,"_type":"image-file","sha256":"f2a0113db8f85789d2d55f1078f498ea8b0ddb01a83c56238429751a328326c8","size":46272},"resid_train_loss":0.8584662461411284,"_wandb":{"runtime":14},"seasonal_2_train_loss":1.0105983089581765,"_step":9,"mae":107.99629211425781,"real_seasonal_0_stock_price":-6.886692248923765,"final_predicted_stock_price":110.94371032714844,"_timestamp":1.7367105180048952e+09,"real_seasonal_1_stock_price":2.721535027645758,"predicted_seasonal_3_stock_price":8.112868309020996,"seasonal_2_valid_loss":0.3340091640459942,"predicted_seasonal_0_stock_price":-7.566547870635986,"seasonal_1_valid_loss":0.3967574135172521,"_runtime":14.894909599,"real_seasonal_3_stock_price":9.210042698987007,"seasonal_0_valid_loss":0.1316435271639283,"resid_valid_loss":0.30637145734608723,"seasonal_3_train_loss":0.636500351395928,"trend_train_loss":0.9051990984557401,"predicted_trend_stock_price":88.48540496826172,"depth":4,"Runtime (seconds)":7.257629632949829,"periods":[252,504,756,1260],"dim":128}