{"predicted_seasonal_2_stock_price":-6.803005218505859,"seasonal_2_train_loss":3.128966802615298,"predicted_resid_stock_price":12.435456275939941,"dim":128,"mae":56.832763671875,"predicted_seasonal_1_stock_price":-2.6743195056915283,"real_seasonal_1_stock_price":-3.140678682721045,"seasonal_3_valid_loss":0.15042780870649994,"real_trend_stock_price":221.26011165500398,"real_seasonal_3_stock_price":4.670786958967028,"resid_train_loss":0.6890252016458223,"_timestamp":1.7367334776614108e+09,"seasonal_0_train_loss":0.5657021160036457,"seasonal_1_valid_loss":0.35125825535349486,"predicted_trend_stock_price":173.30581665039062,"seasonal_0_valid_loss":1.4337910757159555,"trend_valid_loss":0.20468746770228774,"periods":[252,504,756,1260],"seasonal_2_valid_loss":3.290353558002374,"depth":4,"_runtime":17.889322515,"_step":9,"real_resid_stock_price":9.055689555636548,"_wandb":{"runtime":17},"real_seasonal_0_stock_price":-2.336376287766327,"AAPL Stock Price Prediction by iTransformer":{"path":"media/images/AAPL Stock Price Prediction by iTransformer_8_91748af0610d32512185.png","format":"png","width":1000,"height":600,"_type":"image-file","sha256":"91748af0610d32512185c67227272d15d797dca511bd7499db62306d70d3bcca","size":49630},"predicted_seasonal_0_stock_price":-0.1905105710029602,"rmse":56.832763671875,"real_stock_price":236.85000610351562,"Runtime (seconds)":8.382261514663696,"predicted_seasonal_3_stock_price":3.943804979324341,"trend_train_loss":0.05044079626492791,"real_seasonal_2_stock_price":7.340472904395436,"seasonal_1_train_loss":0.32861125026126076,"mse":3229.9630265831947,"final_predicted_stock_price":180.01724243164062,"seasonal_3_train_loss":0.5527360401437331,"resid_valid_loss":0.41623059808361257}