{"mae":184.47521209716797,"predicted_seasonal_3_stock_price":1.637763500213623,"real_trend_stock_price":221.260111376845,"seasonal_2_valid_loss":0.0999551213007759,"seasonal_0_train_loss":0.30791966413536626,"Runtime (seconds)":5.741251707077026,"periods":[252,504,756,1260],"trend_train_loss":1.071381467108102,"predicted_resid_stock_price":7.337198257446289,"resid_valid_loss":0.1765122128230697,"seasonal_1_train_loss":0.42912221558919145,"real_seasonal_3_stock_price":4.670785083192454,"real_seasonal_0_stock_price":-2.3363849232392684,"trend_valid_loss":5.037467170439333,"real_resid_stock_price":9.05570005594845,"predicted_seasonal_0_stock_price":1.9089096784591675,"real_stock_price":236.85000610351562,"resid_train_loss":0.2109892199155074,"real_seasonal_2_stock_price":7.340472527133894,"predicted_seasonal_1_stock_price":-2.779127836227417,"dim":128,"seasonal_3_train_loss":0.450290885529422,"mse":34031.10387829511,"seasonal_2_train_loss":0.7473457281820055,"depth":4,"seasonal_0_valid_loss":0.2878105044364929,"_step":9,"_runtime":11.602316828,"seasonal_1_valid_loss":0.3762579560279846,"final_predicted_stock_price":52.374794006347656,"_timestamp":1.7367135169808295e+09,"seasonal_3_valid_loss":0.6857467256053802,"real_seasonal_1_stock_price":-3.14067801636489,"_wandb":{"runtime":11},"predicted_trend_stock_price":36.75907897949219,"AAPL Stock Price Prediction by iTransformer":{"_type":"image-file","sha256":"d05a8cac53ffeec8740335c097dab380e437d3cd2bcaf70991f1f6ee4e7adfce","size":44685,"path":"media/images/AAPL Stock Price Prediction by iTransformer_8_d05a8cac53ffeec87403.png","format":"png","width":1000,"height":600},"rmse":184.47521209716797,"predicted_seasonal_2_stock_price":7.510970115661621}