{"final_predicted_stock_price":77.89778137207031,"real_stock_price":218.94000244140625,"mse":19892.90812417143,"predicted_seasonal_3_stock_price":2.012712001800537,"mae":141.04222106933594,"predicted_seasonal_2_stock_price":4.076993465423584,"AMZN Stock Price Prediction by iTransformer":{"sha256":"619e749f4b69a7abfcc0d47f6423dd4d3ef187449dcb0b45b4df6475651407a1","size":47104,"path":"media/images/AMZN Stock Price Prediction by iTransformer_8_619e749f4b69a7abfcc0.png","format":"png","width":1000,"height":600,"_type":"image-file"},"seasonal_3_valid_loss":0.9514901290337244,"resid_train_loss":0.7113090670893124,"seasonal_2_valid_loss":1.2268492515270526,"Runtime (seconds)":6.206376552581787,"predicted_seasonal_1_stock_price":4.951457500457764,"_runtime":12.814530354,"real_trend_stock_price":167.5354913342489,"real_seasonal_1_stock_price":2.721535027645758,"real_resid_stock_price":30.052430487608945,"_step":9,"real_seasonal_3_stock_price":9.210042698987007,"predicted_resid_stock_price":-7.605090141296387,"seasonal_1_train_loss":1.3948882492710488,"rmse":141.04222106933594,"seasonal_0_valid_loss":1.7212651826428464,"real_seasonal_2_stock_price":16.307195141839433,"seasonal_3_train_loss":1.112907998861235,"seasonal_1_valid_loss":1.270595828025268,"trend_valid_loss":2.4856941530074197,"real_seasonal_0_stock_price":-6.886692248923765,"seasonal_2_train_loss":1.4558581421673766,"_wandb":{"runtime":12},"_timestamp":1.7367322770638847e+09,"periods":[252,504,756,1260],"seasonal_0_train_loss":1.7876133283540232,"predicted_trend_stock_price":72.50777435302734,"trend_train_loss":1.3628947554417556,"resid_valid_loss":2.654552825779285,"predicted_seasonal_0_stock_price":1.953935146331787,"dim":128,"depth":4}