{"resid_train_loss":0.06572566023259017,"real_seasonal_0_stock_price":-0.8136851713241322,"real_resid_stock_price":15.490215248731829,"real_seasonal_1_stock_price":-0.5939606257045204,"periods":[63,126,252,504],"real_seasonal_3_stock_price":-0.22608882261748198,"seasonal_3_valid_loss":0.030322828597251876,"_wandb":{"runtime":33098},"real_stock_price":207.88999938964844,"predicted_seasonal_1_stock_price":-0.9313702583312988,"_step":1601,"_timestamp":1.7363143779815946e+09,"seasonal_0_valid_loss":0.05625684317528156,"mse":96.81381686241366,"trend_train_loss":0.07259143229376643,"real_seasonal_2_stock_price":0.6287914274513967,"predicted_seasonal_3_stock_price":-1.0481904745101929,"Runtime (seconds)":2332.189976453781,"trend_valid_loss":0.03969353618209853,"seasonal_3_train_loss":0.07114200086363685,"seasonal_2_valid_loss":0.03586521071373625,"predicted_trend_stock_price":189.09103393554688,"mae":9.839401245117188,"predicted_resid_stock_price":11.729373931884766,"seasonal_2_train_loss":0.07369188731032751,"AMZN Stock Price Prediction by iTransformer":{"path":"media/images/AMZN Stock Price Prediction by iTransformer_1600_539a6c039a5a308b25b5.png","format":"png","width":1000,"height":600,"_type":"image-file","sha256":"539a6c039a5a308b25b5d13b7b27b18f6ab5017a9c35ed57fe8578cdd0f6ac03","size":57616},"final_predicted_stock_price":198.05059814453125,"predicted_seasonal_2_stock_price":0.5310373306274414,"resid_valid_loss":0.03616185426870559,"predicted_seasonal_0_stock_price":-1.3212878704071045,"real_trend_stock_price":193.4047273331113,"dim":128,"_runtime":33098.624016717,"rmse":9.839401245117188,"seasonal_1_train_loss":0.07357867526801706,"seasonal_1_valid_loss":0.03954615563911907,"seasonal_0_train_loss":0.05827926516450354,"depth":4}