{"real_seasonal_0_stock_price":-2.336385118105756,"AAPL Stock Price Prediction by iTransformer":{"height":600,"_type":"image-file","sha256":"ceb10131b4377923fa92511710ef827606885d1eab573d96a90f4516163fdbed","size":46753,"path":"media/images/AAPL Stock Price Prediction by iTransformer_8_ceb10131b4377923fa92.png","format":"png","width":1000},"Runtime (seconds)":3.850038766860962,"rmse":108.77955627441406,"predicted_resid_stock_price":-3.6377837657928467,"_wandb":{"runtime":8},"seasonal_1_train_loss":0.47370746713205875,"seasonal_0_train_loss":0.76838745664108,"seasonal_2_valid_loss":0.43401416093724254,"trend_valid_loss":0.8259584500638433,"_step":9,"_timestamp":1.7367506584159765e+09,"mse":11832.991863258416,"dim":128,"real_seasonal_1_stock_price":-3.140672603325929,"predicted_seasonal_0_stock_price":-0.2512301206588745,"predicted_seasonal_2_stock_price":2.1131300926208496,"real_stock_price":236.85000610351562,"seasonal_1_valid_loss":0.12907856091348777,"_runtime":8.653047977,"resid_train_loss":2.0913706337871183,"mae":108.77955627441406,"predicted_seasonal_3_stock_price":2.923427104949951,"real_trend_stock_price":221.260111275715,"real_resid_stock_price":9.05569870124171,"trend_train_loss":0.03016425479296946,"depth":4,"real_seasonal_2_stock_price":7.340468847152514,"seasonal_2_train_loss":1.0181425173049052,"predicted_trend_stock_price":130.83099365234375,"predicted_seasonal_1_stock_price":-3.908088207244873,"final_predicted_stock_price":128.07044982910156,"seasonal_0_valid_loss":1.1643045061605948,"periods":[252,504,756,1260],"real_seasonal_3_stock_price":4.670785000838134,"seasonal_3_valid_loss":0.6233623765763783,"seasonal_3_train_loss":0.8590510178848954,"resid_valid_loss":1.6812152038132093}