{"AAPL Stock Price Prediction by iTransformer":{"height":600,"_type":"image-file","sha256":"94af7787ca02be511a10eccffbc5dab24fe6b4659a1fa52c78f09a1dc17298d5","size":47598,"path":"media/images/AAPL Stock Price Prediction by iTransformer_8_94af7787ca02be511a10.png","format":"png","width":1000},"dim":128,"seasonal_0_train_loss":0.3889202514509542,"real_seasonal_3_stock_price":4.670785947924083,"real_seasonal_1_stock_price":-3.1406785422272088,"mae":137.16810607910156,"_runtime":10.924792902,"Runtime (seconds)":3.984041213989258,"seasonal_0_valid_loss":0.7339272959236528,"seasonal_2_valid_loss":0.3204575777053833,"real_stock_price":236.85000610351562,"mse":18815.08932532766,"rmse":137.16810607910156,"predicted_seasonal_0_stock_price":-0.5522584915161133,"seasonal_1_valid_loss":0.40384371201676056,"trend_valid_loss":1.4018723029065931,"real_seasonal_2_stock_price":7.34047321674647,"periods":[252,504,756,1260],"predicted_resid_stock_price":9.019571304321289,"seasonal_1_train_loss":1.0386819967183163,"predicted_trend_stock_price":94.81517791748047,"trend_train_loss":0.7838897152354178,"_wandb":{"runtime":10},"predicted_seasonal_1_stock_price":-2.609441041946411,"real_trend_stock_price":221.2601121569149,"seasonal_3_train_loss":1.2301434777553177,"resid_train_loss":0.6088363516378898,"real_resid_stock_price":9.055686587415494,"seasonal_3_valid_loss":1.4197623220851483,"depth":4,"_step":9,"_timestamp":1.7367247514510756e+09,"predicted_seasonal_2_stock_price":4.407197952270508,"resid_valid_loss":0.6877703902276565,"real_seasonal_0_stock_price":-2.3363732632580816,"seasonal_2_train_loss":0.3300977165447861,"final_predicted_stock_price":99.68190002441406,"predicted_seasonal_3_stock_price":-5.398338317871094}