{"mae":129.92999267578125,"seasonal_1_train_loss":0.7014549099239689,"predicted_trend_stock_price":115.7271957397461,"trend_valid_loss":1.1375398702828319,"resid_train_loss":1.6634643495942856,"predicted_seasonal_2_stock_price":3.2236578464508057,"predicted_seasonal_0_stock_price":1.1861820220947266,"seasonal_0_train_loss":0.8925868569483157,"seasonal_1_valid_loss":0.612419060811121,"real_seasonal_2_stock_price":8.101561100460835,"seasonal_2_valid_loss":0.9044346242896781,"Runtime (seconds)":8.930167198181152,"_wandb":{"runtime":17},"AAPL Stock Price Prediction by Transformer":{"width":1000,"height":600,"_type":"image-file","sha256":"21b53d2fd95f1ce8cee60f4bd994f2ad1ecc8c6b669a582f1f3008da84e44961","size":54947,"path":"media/images/AAPL Stock Price Prediction by Transformer_8_21b53d2fd95f1ce8cee6.png","format":"png"},"predicted_resid_stock_price":-4.410632133483887,"seasonal_0_valid_loss":0.47957007499696974,"real_seasonal_3_stock_price":3.0723253737353846,"real_seasonal_1_stock_price":1.486251942425966,"_runtime":17.949821568,"real_resid_stock_price":11.134561516933559,"real_trend_stock_price":216.31451717255436,"mse":16881.80299672857,"rmse":129.92999267578125,"_timestamp":1.7367853363310063e+09,"depth":4,"_step":9,"final_predicted_stock_price":112.72000122070312,"real_stock_price":242.64999389648438,"seasonal_2_train_loss":2.768760962299189,"seasonal_3_train_loss":0.8947977673736904,"real_seasonal_0_stock_price":2.5407767903742418,"predicted_seasonal_3_stock_price":-2.9862136840820312,"seasonal_3_valid_loss":0.7175540319129602,"resid_valid_loss":2.4153258385865586,"periods":[252,504,756,1260],"trend_train_loss":1.1037727998488622,"dim":128,"predicted_seasonal_1_stock_price":-0.02018538862466812}