{"predicted_seasonal_3_stock_price":-1.6957688331604004,"_runtime":7.725546844,"dim":128,"real_seasonal_1_stock_price":-3.1406784271709673,"Runtime (seconds)":3.4939613342285156,"mse":38810.268534535775,"seasonal_0_train_loss":0.7416926937787522,"resid_valid_loss":2.000454902648926,"predicted_seasonal_0_stock_price":-0.4952224791049957,"trend_valid_loss":4.0861828321672755,"AAPL Stock Price Prediction by iTransformer":{"width":1000,"height":600,"_type":"image-file","sha256":"3b744ddd87f4094a4c7847f849857c92c06e0b872f6dcda40279598e1b325087","size":44525,"path":"media/images/AAPL Stock Price Prediction by iTransformer_8_3b744ddd87f4094a4c78.png","format":"png"},"_step":9,"_wandb":{"runtime":7},"predicted_seasonal_2_stock_price":0.100692018866539,"seasonal_1_train_loss":0.5286587530818696,"predicted_trend_stock_price":48.741539001464844,"real_seasonal_3_stock_price":4.670788879696152,"real_seasonal_0_stock_price":-2.336376719042645,"_timestamp":1.7367305012327356e+09,"seasonal_2_train_loss":1.4753997259669833,"real_resid_stock_price":9.055691177229761,"rmse":197.0032196044922,"periods":[252,504,756,1260],"final_predicted_stock_price":39.84678649902344,"predicted_seasonal_1_stock_price":-2.413822650909424,"predicted_resid_stock_price":-4.390627861022949,"mae":197.0032196044922,"real_seasonal_2_stock_price":7.340469089581264,"seasonal_3_train_loss":0.5837081763653599,"trend_train_loss":0.8730680784433189,"seasonal_3_valid_loss":0.331612765789032,"resid_train_loss":1.5653072537122688,"seasonal_2_valid_loss":1.3472357988357544,"depth":4,"real_stock_price":236.85000610351562,"seasonal_1_valid_loss":0.20326139937037402,"seasonal_0_valid_loss":1.7090281206018785,"real_trend_stock_price":221.26011210322207}