{"AMZN Stock Price Prediction by iTransformer":{"path":"media/images/AMZN Stock Price Prediction by iTransformer_8_3270922f93598b3226a1.png","format":"png","width":1000,"height":600,"_type":"image-file","sha256":"3270922f93598b3226a1a8074775692ee6a3a47d3087a8a3aa11bc2bfe7277c4","size":46325},"seasonal_3_train_loss":2.1189707717465467,"predicted_trend_stock_price":94.12977600097656,"predicted_seasonal_3_stock_price":-3.741492748260498,"resid_valid_loss":0.46169096485522515,"real_seasonal_1_stock_price":2.721535027645758,"final_predicted_stock_price":119.14842224121094,"periods":[252,504,756,1260],"real_seasonal_0_stock_price":-6.886692248923765,"real_resid_stock_price":30.052430487608945,"predicted_resid_stock_price":11.296428680419922,"seasonal_2_train_loss":0.4909009583010352,"predicted_seasonal_0_stock_price":-5.067181587219238,"mae":99.79158020019531,"seasonal_0_valid_loss":0.22094961728264645,"_step":9,"seasonal_0_train_loss":0.3939791216774011,"_wandb":{"runtime":14},"dim":128,"depth":4,"Runtime (seconds)":6.811256647109985,"rmse":99.79158020019531,"trend_train_loss":0.8783753232482139,"seasonal_1_train_loss":1.0784748106897395,"seasonal_3_valid_loss":2.817959655277313,"_runtime":14.160340612,"seasonal_1_valid_loss":1.081163397251532,"real_seasonal_2_stock_price":16.307195141839433,"predicted_seasonal_2_stock_price":20.84246826171875,"trend_valid_loss":1.3518119860779156,"mse":9958.359478852013,"real_stock_price":218.94000244140625,"real_trend_stock_price":167.5354913342489,"real_seasonal_3_stock_price":9.210042698987007,"resid_train_loss":0.6267123416347323,"_timestamp":1.7367526910836236e+09,"seasonal_2_valid_loss":0.2829097022993053,"predicted_seasonal_1_stock_price":1.6884267330169678}