{"_wandb":{"runtime":3693},"real_stock_price":170.62643432617188,"predicted_stock_price":165.42221069335938,"Runtime (seconds)":203.7949640750885,"_step":302,"valid_loss":0.023274624720215797,"_timestamp":1.7386694810040593e+09,"mse":27.083943620324135,"r2_score":NaN,"_runtime":3693.797971417,"GOOG Stock Price Prediction by iTransformer(no MSTL)":{"size":56074,"path":"media/images/GOOG Stock Price Prediction by iTransformer(no MSTL)_301_ff17f55ec51506f9013b.png","format":"png","width":1000,"height":600,"_type":"image-file","sha256":"ff17f55ec51506f9013b616e54b7645b17a7e86b82461183bf76812082b5830d"},"train_loss":0.049361953294298946,"depth":4,"dim":128,"mae":5.2042236328125,"rmse":5.2042236328125}