{"trend_train_loss":0.2808790324073555,"real_trend_stock_price":221.2601116562369,"seasonal_2_train_loss":0.4109632146214477,"seasonal_2_valid_loss":0.156231228766483,"seasonal_0_train_loss":0.4927527697656673,"depth":4,"seasonal_0_valid_loss":0.8586455167080305,"resid_train_loss":0.5808683091063362,"resid_valid_loss":0.8732369220418523,"real_resid_stock_price":9.055693858473575,"trend_valid_loss":1.8763714889685312,"predicted_seasonal_1_stock_price":-2.3271350860595703,"seasonal_1_train_loss":0.635014499609287,"real_seasonal_3_stock_price":4.670783273927199,"seasonal_3_train_loss":1.6585244357057498,"final_predicted_stock_price":108.29499053955078,"dim":128,"predicted_seasonal_0_stock_price":0.4931594431400299,"rmse":128.55501556396484,"predicted_resid_stock_price":3.9012129306793213,"predicted_seasonal_2_stock_price":5.773533821105957,"mae":128.55501556396484,"seasonal_3_valid_loss":0.4682891996678456,"_wandb":{"runtime":14},"predicted_trend_stock_price":97.04926300048828,"mse":16526.392026651243,"_step":9,"_runtime":14.333217868,"real_seasonal_2_stock_price":7.340475206965515,"AAPL Stock Price Prediction by iTransformer":{"width":1000,"height":600,"_type":"image-file","sha256":"2187b5e742f4a633b81391e7b12e8c4babf9b54971101b83677f72584c24000c","size":47039,"path":"media/images/AAPL Stock Price Prediction by iTransformer_8_2187b5e742f4a633b813.png","format":"png"},"real_stock_price":236.85000610351562,"periods":[252,504,756,1260],"real_seasonal_1_stock_price":-3.140676607264459,"seasonal_1_valid_loss":0.2740548385114054,"Runtime (seconds)":6.953495502471924,"predicted_seasonal_3_stock_price":3.4049503803253174,"_timestamp":1.7367469374624765e+09,"real_seasonal_0_stock_price":-2.336381284823079}