{"_wandb":{"runtime":9},"predicted_seasonal_1_stock_price":2.2280004024505615,"resid_valid_loss":0.346847784324507,"real_seasonal_3_stock_price":9.210042698987007,"AMZN Stock Price Prediction by iTransformer":{"_type":"image-file","sha256":"c3f337f3122f2582c67037ee086438c8e4fb73e973565c181e10a1c4f59e3597","size":46608,"path":"media/images/AMZN Stock Price Prediction by iTransformer_8_c3f337f3122f2582c670.png","format":"png","width":1000,"height":600},"final_predicted_stock_price":91.87810516357422,"real_seasonal_1_stock_price":2.721535027645758,"trend_valid_loss":1.261807270769803,"rmse":127.06189727783203,"real_stock_price":218.94000244140625,"resid_train_loss":0.46524224573909856,"predicted_resid_stock_price":13.352933883666992,"seasonal_2_valid_loss":0.8926971436532076,"seasonal_1_train_loss":1.0069416374393243,"periods":[252,504,756,1260],"mse":16144.725739842339,"seasonal_3_train_loss":3.742113594103463,"depth":4,"predicted_trend_stock_price":107.75489044189453,"real_resid_stock_price":30.052430487608945,"predicted_seasonal_3_stock_price":-22.462221145629883,"trend_train_loss":0.5923963404131065,"real_trend_stock_price":167.5354913342489,"Runtime (seconds)":4.508587837219238,"dim":128,"real_seasonal_2_stock_price":16.307195141839433,"predicted_seasonal_2_stock_price":-3.4590306282043457,"seasonal_0_valid_loss":0.1293470174308837,"real_seasonal_0_stock_price":-6.886692248923765,"seasonal_3_valid_loss":3.049660185998889,"seasonal_0_train_loss":0.8713658498398889,"seasonal_2_train_loss":0.8091105586165551,"_timestamp":1.736728095410027e+09,"_runtime":9.833184937,"mae":127.06189727783203,"predicted_seasonal_0_stock_price":-5.536470890045166,"seasonal_1_valid_loss":0.568429571049554,"_step":9}