{"periods":[252,504,756,1260],"AMZN Stock Price Prediction by iTransformer":{"format":"png","width":1000,"height":600,"_type":"image-file","sha256":"eb5e09566cafaa601c78c2a4220b349257ca2a89fd5bac87737204f2808d4cc8","size":45954,"path":"media/images/AMZN Stock Price Prediction by iTransformer_8_eb5e09566cafaa601c78.png"},"dim":128,"final_predicted_stock_price":131.93467712402344,"_step":9,"seasonal_1_valid_loss":0.24718019834586552,"seasonal_3_valid_loss":0.38043792843150454,"seasonal_3_train_loss":0.6975777249593599,"trend_valid_loss":0.3633493142215522,"predicted_seasonal_3_stock_price":14.715576171875,"predicted_seasonal_2_stock_price":7.037069797515869,"rmse":87.00532531738281,"real_resid_stock_price":30.052430487608945,"depth":4,"_wandb":{"runtime":10},"real_seasonal_3_stock_price":9.210042698987007,"real_seasonal_1_stock_price":2.721535027645758,"_timestamp":1.7367138027892377e+09,"resid_valid_loss":1.928972503886773,"_runtime":10.123786264,"real_seasonal_2_stock_price":16.307195141839433,"seasonal_0_train_loss":0.22707353652789186,"seasonal_2_valid_loss":0.2556400737166405,"real_seasonal_0_stock_price":-6.886692248923765,"resid_train_loss":2.2263130639669106,"predicted_seasonal_1_stock_price":3.8920857906341553,"seasonal_2_train_loss":2.011225187684023,"Runtime (seconds)":4.93519926071167,"mse":7569.926633583615,"real_stock_price":218.94000244140625,"mae":87.00532531738281,"seasonal_0_valid_loss":0.16268414978323312,"predicted_seasonal_0_stock_price":-9.31556224822998,"seasonal_1_train_loss":0.5998847236039027,"real_trend_stock_price":167.5354913342489,"trend_train_loss":0.3648549187417089,"predicted_resid_stock_price":-8.129897117614746,"predicted_trend_stock_price":123.73539733886719}