{"predicted_trend_stock_price":211.83969116210938,"predicted_resid_stock_price":5.648769378662109,"predicted_seasonal_3_stock_price":-0.21232253313064575,"resid_train_loss":0.9046650422732153,"seasonal_0_valid_loss":1.2913295729215755,"_runtime":13.778849033,"final_predicted_stock_price":225.8538055419922,"seasonal_3_train_loss":2.145087106177077,"trend_valid_loss":0.005897928512502104,"predicted_seasonal_0_stock_price":1.0689260959625244,"seasonal_0_train_loss":0.641891768525868,"_wandb":{"runtime":13},"seasonal_2_train_loss":0.6699498135351787,"rmse":10.996200561523438,"real_stock_price":236.85000610351562,"periods":[252,504,756,1260],"real_seasonal_0_stock_price":-2.3363768488387375,"depth":4,"seasonal_1_train_loss":0.46282845762936603,"real_seasonal_3_stock_price":4.670784865009736,"real_resid_stock_price":9.055691836463154,"predicted_seasonal_2_stock_price":9.817497253417969,"AAPL Stock Price Prediction by iTransformer":{"sha256":"6559f5ad35d0eb886b96114b3dbf76b1ab736b89d72cc78af6d9cb3f3edbcb0b","size":50741,"path":"media/images/AAPL Stock Price Prediction by iTransformer_8_6559f5ad35d0eb886b96.png","format":"png","width":1000,"height":600,"_type":"image-file"},"mse":120.91642678924836,"_timestamp":1.7367520670930855e+09,"Runtime (seconds)":6.2601354122161865,"real_seasonal_2_stock_price":7.340470163172353,"real_seasonal_1_stock_price":-3.1406767250082117,"trend_train_loss":0.09081834367145032,"resid_valid_loss":0.8567144933499788,"seasonal_1_valid_loss":0.358258566319269,"dim":128,"real_trend_stock_price":221.26011281271735,"mae":10.996200561523438,"predicted_seasonal_1_stock_price":-2.3087472915649414,"seasonal_2_valid_loss":0.33191407096478365,"_step":9,"seasonal_3_valid_loss":2.878399690617023}