{"real_resid_stock_price":30.052430487608945,"real_trend_stock_price":167.5354913342489,"_wandb":{"runtime":11},"resid_train_loss":1.1461625630475183,"final_predicted_stock_price":149.64285278320312,"resid_valid_loss":1.4071015159289042,"trend_valid_loss":0.33611708123292494,"real_seasonal_1_stock_price":2.721535027645758,"mae":69.29714965820312,"real_seasonal_2_stock_price":16.307195141839433,"real_stock_price":218.94000244140625,"predicted_seasonal_2_stock_price":3.0788965225219727,"dim":128,"real_seasonal_3_stock_price":9.210042698987007,"predicted_resid_stock_price":7.362800121307373,"Runtime (seconds)":5.534507751464844,"_timestamp":1.736714078510798e+09,"seasonal_1_valid_loss":0.2804236869077857,"predicted_seasonal_3_stock_price":6.905420780181885,"real_seasonal_0_stock_price":-6.886692248923765,"seasonal_1_train_loss":0.7485416735075077,"seasonal_0_valid_loss":2.216801751240777,"seasonal_0_train_loss":2.0172146380493383,"rmse":69.29714965820312,"AMZN Stock Price Prediction by iTransformer":{"sha256":"d43df1ac9d05aefd46c6c2f9407b00b5cd8ed107078126adab5d1731edc64f38","size":48864,"path":"media/images/AMZN Stock Price Prediction by iTransformer_8_d43df1ac9d05aefd46c6.png","format":"png","width":1000,"height":600,"_type":"image-file"},"predicted_trend_stock_price":127.10192108154297,"depth":4,"seasonal_3_valid_loss":0.28129847521649115,"_runtime":11.502009111,"periods":[252,504,756,1260],"predicted_seasonal_0_stock_price":2.352909564971924,"predicted_seasonal_1_stock_price":2.8408896923065186,"mse":4802.0949507514015,"seasonal_3_train_loss":0.9358722242464116,"_step":9,"trend_train_loss":0.13807630958035588,"seasonal_2_train_loss":0.4671221461587239,"seasonal_2_valid_loss":0.29209621792918516}