{"_runtime":11.809150484,"predicted_trend_stock_price":44.35551452636719,"seasonal_1_valid_loss":0.10279980719417006,"rmse":186.89946746826172,"_step":9,"seasonal_3_valid_loss":0.18413632918693534,"seasonal_1_train_loss":0.3218776413505029,"predicted_seasonal_0_stock_price":1.7788885831832886,"seasonal_0_valid_loss":0.23125510290265083,"final_predicted_stock_price":49.950538635253906,"_wandb":{"runtime":11},"resid_train_loss":0.7917690579602613,"seasonal_0_train_loss":0.2837473736223528,"mae":186.89946746826172,"trend_train_loss":0.27296439543466827,"resid_valid_loss":0.6244750901288916,"AAPL Stock Price Prediction by iTransformer":{"_type":"image-file","sha256":"bf8d8e34c0e21dfe8edc58ca52e91e1e40b8f177f9906af73852b58a37c223e4","size":44485,"path":"media/images/AAPL Stock Price Prediction by iTransformer_8_bf8d8e34c0e21dfe8edc.png","format":"png","width":1000,"height":600},"real_trend_stock_price":221.26011150091463,"predicted_seasonal_3_stock_price":3.533710241317749,"real_seasonal_3_stock_price":4.670785251116323,"real_seasonal_1_stock_price":-3.1406777015026552,"real_resid_stock_price":9.055696325172363,"real_seasonal_0_stock_price":-2.3363856320093506,"Runtime (seconds)":5.602033615112305,"predicted_resid_stock_price":4.76822566986084,"seasonal_3_train_loss":0.6569615568471165,"predicted_seasonal_2_stock_price":-1.8100870847702026,"dim":128,"real_stock_price":236.85000610351562,"seasonal_2_train_loss":1.8821828015551991,"predicted_seasonal_1_stock_price":-2.675715923309326,"periods":[252,504,756,1260],"mse":34931.41093991982,"_timestamp":1.7367072214331217e+09,"seasonal_2_valid_loss":1.698297633819802,"trend_valid_loss":3.4953639139022146,"real_seasonal_2_stock_price":7.340476359824319,"depth":4}