{"resid_valid_loss":1.1983167227492275,"predicted_trend_stock_price":74.98933410644531,"dim":128,"mae":152.58948516845703,"real_seasonal_3_stock_price":4.670784624393116,"resid_train_loss":1.0309233710206465,"real_stock_price":236.85000610351562,"final_predicted_stock_price":84.2605209350586,"_runtime":12.683236547,"real_trend_stock_price":221.2601115445137,"predicted_resid_stock_price":-4.508294105529785,"predicted_seasonal_3_stock_price":11.901545524597168,"trend_valid_loss":2.650951065959,"Runtime (seconds)":6.063214540481567,"seasonal_0_train_loss":0.5839528782644133,"trend_train_loss":0.5108756049139973,"_timestamp":1.7367201987506566e+09,"real_seasonal_2_stock_price":7.340473151880572,"rmse":152.58948516845703,"_wandb":{"runtime":12},"periods":[252,504,756,1260],"seasonal_2_train_loss":0.6612766934444628,"mse":23283.55098397477,"seasonal_1_valid_loss":0.5426963036313489,"real_resid_stock_price":9.055693388337914,"seasonal_1_train_loss":0.5744131296656773,"_step":9,"seasonal_0_valid_loss":1.4898070383338289,"seasonal_3_valid_loss":0.6133668632858028,"real_seasonal_0_stock_price":-2.3363824221200513,"AAPL Stock Price Prediction by iTransformer":{"sha256":"5b9c0e48f95d01b6c0ccb89753ab27ce4841c2a71cd48c0f340c749e7400b26e","size":46077,"path":"media/images/AAPL Stock Price Prediction by iTransformer_8_5b9c0e48f95d01b6c0cc.png","format":"png","width":1000,"height":600,"_type":"image-file"},"predicted_seasonal_1_stock_price":-2.0627551078796387,"predicted_seasonal_0_stock_price":0.5307178497314453,"predicted_seasonal_2_stock_price":3.409972667694092,"seasonal_2_valid_loss":0.5498253158023281,"seasonal_3_train_loss":1.157459057225939,"real_seasonal_1_stock_price":-3.1406741834896277,"depth":4}