{"Train Loss (Resid)":0.20610234183664491,"_step":0,"Validation Loss (Resid)":0.9275801519962769,"Train Loss (Seasonal)":0.7257069834965879,"Train Loss (Trend)":0.27114589904357933,"Validation Loss (Trend)":0.6946933858313606,"Validation Loss (Seasonal)":1.0501965878947268,"_wandb":{"runtime":18},"_runtime":17.80979589,"_timestamp":1.7307361773005657e+09}