{"real_stock_price":218.94000244140625,"seasonal_2_valid_loss":4.012406692400083,"depth":4,"mae":125.6572036743164,"dim":128,"Runtime (seconds)":5.543094158172607,"mse":15789.732835248637,"final_predicted_stock_price":93.28279876708984,"AMZN Stock Price Prediction by iTransformer":{"path":"media/images/AMZN Stock Price Prediction by iTransformer_8_e92bb160e961ed3b25cb.png","format":"png","width":1000,"height":600,"_type":"image-file","sha256":"e92bb160e961ed3b25cba10e83ed2294984ca9f5e37c8c9b9532cda33012e7f1","size":46784},"seasonal_1_valid_loss":1.114930882173426,"predicted_seasonal_0_stock_price":1.3455619812011719,"seasonal_0_train_loss":3.1384529216918367,"seasonal_3_train_loss":0.6816590105559391,"predicted_seasonal_1_stock_price":0.6904050707817078,"seasonal_2_train_loss":3.726577425711443,"resid_train_loss":2.648306145546246,"predicted_seasonal_2_stock_price":-13.175631523132324,"predicted_trend_stock_price":113.83244323730469,"seasonal_1_train_loss":1.5714960419673185,"predicted_resid_stock_price":-15.174810409545898,"trend_valid_loss":1.0700743198394775,"predicted_seasonal_3_stock_price":5.764822006225586,"seasonal_0_valid_loss":3.201975769487046,"resid_valid_loss":3.5035674651463826,"real_trend_stock_price":167.5354913342489,"_runtime":12.232570266,"real_seasonal_1_stock_price":2.721535027645758,"real_seasonal_2_stock_price":16.307195141839433,"real_resid_stock_price":30.052430487608945,"periods":[252,504,756,1260],"real_seasonal_3_stock_price":9.210042698987007,"_step":9,"_timestamp":1.736758475640795e+09,"seasonal_3_valid_loss":0.25745851213627674,"trend_train_loss":1.4036315201154543,"_wandb":{"runtime":12},"real_seasonal_0_stock_price":-6.886692248923765,"rmse":125.6572036743164}