{"_runtime":11.132151594,"AMZN Stock Price Prediction by iTransformer":{"format":"png","width":1000,"height":600,"_type":"image-file","sha256":"f03e32f3a75ba32a2fc642778338e8741ab68b5a01484136b511ac4c656fc3b3","size":45946,"path":"media/images/AMZN Stock Price Prediction by iTransformer_8_f03e32f3a75ba32a2fc6.png"},"_wandb":{"runtime":11},"mse":7790.427288250066,"trend_valid_loss":1.3411842264110965,"real_seasonal_2_stock_price":16.307195141839433,"_step":9,"trend_train_loss":0.917847385428225,"predicted_trend_stock_price":89.21805572509766,"resid_train_loss":1.3591110485739581,"real_seasonal_3_stock_price":9.210042698987007,"final_predicted_stock_price":130.67660522460938,"predicted_seasonal_1_stock_price":1.1127558946609497,"predicted_seasonal_3_stock_price":8.312912940979004,"seasonal_1_train_loss":0.43788596732934626,"real_stock_price":218.94000244140625,"seasonal_0_valid_loss":0.9755393228175477,"real_resid_stock_price":30.052430487608945,"mae":88.26339721679688,"resid_valid_loss":1.2720004631714388,"seasonal_2_valid_loss":3.5771221499845205,"real_trend_stock_price":167.5354913342489,"Runtime (seconds)":5.356076240539551,"real_seasonal_0_stock_price":-6.886692248923765,"seasonal_2_train_loss":3.778316525932415,"periods":[252,504,756,1260],"depth":4,"predicted_seasonal_2_stock_price":-11.832144737243652,"predicted_seasonal_0_stock_price":-2.0906574726104736,"seasonal_1_valid_loss":0.22518346831202507,"real_seasonal_1_stock_price":2.721535027645758,"seasonal_0_train_loss":0.8748724259947445,"seasonal_3_valid_loss":0.9331716671970748,"predicted_resid_stock_price":45.95568084716797,"seasonal_3_train_loss":1.0333554206799598,"_timestamp":1.7367113229789944e+09,"rmse":88.26339721679688,"dim":128}