{"trend_valid_loss":1.0073262014278184,"rmse":111.72715759277344,"_wandb":{"runtime":7},"real_resid_stock_price":9.055695262592621,"real_seasonal_1_stock_price":-3.1406806987900957,"seasonal_3_train_loss":1.4438396853349675,"AAPL Stock Price Prediction by iTransformer":{"height":600,"_type":"image-file","sha256":"e99061270d18a612db61908b6082cc372538a9eb45129572894bfe65db9800b1","size":47300,"path":"media/images/AAPL Stock Price Prediction by iTransformer_8_e99061270d18a612db61.png","format":"png","width":1000},"dim":128,"predicted_seasonal_1_stock_price":0.4624384641647339,"resid_train_loss":2.5195837464852593,"_timestamp":1.7367269082257948e+09,"resid_valid_loss":1.3685238018697579,"predicted_seasonal_0_stock_price":1.844460368156433,"predicted_seasonal_2_stock_price":6.338021755218506,"mae":111.72715759277344,"trend_train_loss":0.27303373355068133,"Runtime (seconds)":3.3176310062408447,"predicted_seasonal_3_stock_price":-0.8089392185211182,"depth":4,"seasonal_0_valid_loss":0.9725713674903761,"real_seasonal_0_stock_price":-2.336382610008064,"seasonal_2_train_loss":1.7463798955490322,"_runtime":7.236400912,"real_trend_stock_price":221.26011173764937,"seasonal_1_train_loss":1.078642611226135,"periods":[252,504,756,1260],"seasonal_3_valid_loss":0.5616065174607294,"real_seasonal_3_stock_price":4.670789513968181,"predicted_trend_stock_price":121.14143371582031,"real_stock_price":236.85000610351562,"seasonal_0_train_loss":0.4118556957883933,"final_predicted_stock_price":125.12284851074219,"_step":9,"seasonal_1_valid_loss":0.2786230444908142,"seasonal_2_valid_loss":0.26434736885130405,"real_seasonal_2_stock_price":7.340472898103627,"mse":12482.957743760431,"predicted_resid_stock_price":-3.854567050933838}