{"mse":7590.526330926456,"seasonal_2_valid_loss":1.6637149030613787,"_runtime":9.396170627,"real_trend_stock_price":221.26011185278443,"dim":128,"seasonal_1_train_loss":0.8113787049639256,"seasonal_3_train_loss":0.6431662929762929,"seasonal_1_valid_loss":0.6285932946113616,"mae":87.12362670898438,"real_seasonal_2_stock_price":7.340469243406359,"resid_valid_loss":0.7368505895137787,"Runtime (seconds)":4.646862745285034,"periods":[252,504,756,1260],"seasonal_2_train_loss":2.02224431171266,"real_seasonal_3_stock_price":4.670788799466166,"predicted_resid_stock_price":4.148521423339844,"resid_train_loss":0.5387056577676461,"predicted_seasonal_0_stock_price":0.20780156552791595,"real_stock_price":236.85000610351562,"depth":4,"rmse":87.12362670898438,"AAPL Stock Price Prediction by iTransformer":{"_type":"image-file","sha256":"53317ca999dd5de984562a026fb64121377bc216a080facfb4c0b2e1e24abfaf","size":46597,"path":"media/images/AAPL Stock Price Prediction by iTransformer_8_53317ca999dd5de98456.png","format":"png","width":1000,"height":600},"real_resid_stock_price":9.055691752822355,"predicted_trend_stock_price":152.0828094482422,"trend_valid_loss":0.3614953010101553,"real_seasonal_0_stock_price":-2.336378483780951,"_timestamp":1.736717817837525e+09,"seasonal_0_train_loss":1.3777031877058015,"final_predicted_stock_price":149.72637939453125,"real_seasonal_1_stock_price":-3.1406770611827066,"predicted_seasonal_2_stock_price":-2.978982925415039,"predicted_seasonal_3_stock_price":-1.4992893934249878,"_step":9,"seasonal_0_valid_loss":1.8445574030372667,"predicted_seasonal_1_stock_price":-2.234473943710327,"_wandb":{"runtime":9},"trend_train_loss":0.1044473331618006,"seasonal_3_valid_loss":0.760849816526208}