{"Runtime (seconds)":3426.0423061847687,"real_stock_price":170.62643432617188,"real_seasonal_0_stock_price":-1.3101552349778902,"trend_train_loss":0.17251459779570819,"seasonal_1_valid_loss":0.12312181293964386,"GOOG Stock Price Prediction by iTransformer":{"format":"png","width":1000,"height":600,"_type":"image-file","sha256":"00eef35eb6228d8fbe42c20f97254eef5ec2e9cebfbde22f64894b634399c0ff","size":49118,"path":"media/images/GOOG Stock Price Prediction by iTransformer_1725_00eef35eb6228d8fbe42.png"},"predicted_seasonal_1_stock_price":-5.086810111999512,"resid_valid_loss":0.1755209118127823,"predicted_seasonal_3_stock_price":1.7189966440200806,"rmse":23.450942993164062,"seasonal_2_train_loss":0.06318765387306331,"real_seasonal_3_stock_price":2.1148238984460717,"predicted_seasonal_0_stock_price":-1.5014840364456177,"seasonal_3_valid_loss":0.10498356819152832,"_wandb":{"runtime":49457},"mse":549.9467272686306,"_runtime":49457.532000383,"seasonal_3_train_loss":0.06820131128188223,"final_predicted_stock_price":147.1754913330078,"trend_valid_loss":0.23168151080608368,"predicted_seasonal_2_stock_price":7.82558536529541,"seasonal_1_train_loss":0.09431257017088242,"_step":1726,"real_trend_stock_price":155.92216024237,"mae":23.450942993164062,"resid_train_loss":0.12498735804588366,"seasonal_0_valid_loss":0.19083036717615628,"predicted_resid_stock_price":3.760690689086914,"_timestamp":1.7388519139921885e+09,"real_seasonal_2_stock_price":10.389581723078868,"real_seasonal_1_stock_price":-4.592734296677741,"seasonal_0_train_loss":0.11841987280947809,"predicted_trend_stock_price":140.45849609375,"seasonal_2_valid_loss":0.122362499391394,"real_resid_stock_price":8.102757993932556}