{"periods":[252,504,756,1260],"real_seasonal_0_stock_price":-6.886692248923765,"predicted_resid_stock_price":-0.8148787021636963,"predicted_seasonal_0_stock_price":-7.878734111785889,"mae":114.8671646118164,"real_resid_stock_price":30.052430487608945,"seasonal_0_valid_loss":0.2435303244055534,"_step":9,"_runtime":8.24295453,"trend_valid_loss":0.9564651190446862,"depth":4,"predicted_trend_stock_price":97.28453826904297,"seasonal_2_valid_loss":1.5439065540650287,"real_stock_price":218.94000244140625,"seasonal_3_train_loss":0.9695343962419507,"predicted_seasonal_3_stock_price":10.519433975219727,"trend_train_loss":0.3460694742131677,"rmse":114.8671646118164,"real_seasonal_1_stock_price":2.721535027645758,"dim":128,"seasonal_0_train_loss":0.2450203757107283,"seasonal_1_train_loss":0.33659468327046477,"resid_train_loss":1.9051615141908682,"AMZN Stock Price Prediction by iTransformer":{"width":1000,"height":600,"_type":"image-file","sha256":"20bd5f6f2abcbcf320bf6a34e535a9ba1b6a9c531b3be509830257462dd46c04","size":46896,"path":"media/images/AMZN Stock Price Prediction by iTransformer_8_20bd5f6f2abcbcf320bf.png","format":"png"},"final_predicted_stock_price":104.07283782958984,"predicted_seasonal_1_stock_price":2.9400506019592285,"_wandb":{"runtime":8},"real_trend_stock_price":167.5354913342489,"seasonal_2_train_loss":1.8930685939111302,"predicted_seasonal_2_stock_price":2.0224313735961914,"real_seasonal_2_stock_price":16.307195141839433,"seasonal_3_valid_loss":1.0037827200819331,"real_seasonal_3_stock_price":9.210042698987007,"Runtime (seconds)":3.6005730628967285,"_timestamp":1.7367260717314105e+09,"resid_valid_loss":4.375523090362549,"mse":13194.465505958127,"seasonal_1_valid_loss":0.15316225556898594}