{"_step":0,"_wandb":{"runtime":8},"train_loss":0.6036238426059634,"valid_loss":1.0744498938322067,"_timestamp":1.7359727972887285e+09,"_runtime":8.429524692}