{"seasonal_0_valid_loss":3.0054283142089844,"seasonal_0_train_loss":1.4161557210836468,"_runtime":8.345992189,"mse":24054.094954496482,"predicted_seasonal_0_stock_price":-0.04053047299385071,"predicted_trend_stock_price":75.47793579101562,"predicted_seasonal_3_stock_price":10.415387153625488,"final_predicted_stock_price":81.75617980957031,"seasonal_3_valid_loss":1.6969980247121192,"real_seasonal_0_stock_price":-2.3363768207791775,"Runtime (seconds)":4.078066825866699,"resid_train_loss":1.027365844372491,"_step":9,"seasonal_1_train_loss":0.46906089973221976,"trend_valid_loss":3.1616032660791746,"periods":[252,504,756,1260],"mae":155.0938262939453,"seasonal_1_valid_loss":0.40593889355659485,"rmse":155.0938262939453,"_wandb":{"runtime":8},"seasonal_2_train_loss":1.8847238226228407,"resid_valid_loss":0.9141486066763925,"depth":4,"predicted_seasonal_1_stock_price":-2.249227285385132,"AAPL Stock Price Prediction by iTransformer":{"sha256":"a99dad85f716503e10cecbca0a38787fd1622615c69855db6cd3dda239bfaeb0","size":46243,"path":"media/images/AAPL Stock Price Prediction by iTransformer_8_a99dad85f716503e10ce.png","format":"png","width":1000,"height":600,"_type":"image-file"},"real_seasonal_3_stock_price":4.670785820640164,"dim":128,"predicted_resid_stock_price":-1.4639639854431152,"real_seasonal_2_stock_price":7.340469477236625,"predicted_seasonal_2_stock_price":-0.3834247589111328,"real_seasonal_1_stock_price":-3.1406761920226165,"real_stock_price":236.85000610351562,"_timestamp":1.736708078376982e+09,"seasonal_3_train_loss":1.0291324822884105,"real_resid_stock_price":9.05569185138475,"seasonal_2_valid_loss":1.0247420507233318,"real_trend_stock_price":221.26011196705588,"trend_train_loss":0.5147829858520948}