{"resid_train_loss":0.4292936173098331,"trend_valid_loss":0.474953293800354,"depth":4,"seasonal_2_train_loss":0.5639204546738575,"_timestamp":1.7367092764285872e+09,"trend_train_loss":1.222073667008711,"_runtime":10.917451418,"predicted_resid_stock_price":7.023584365844727,"predicted_seasonal_1_stock_price":2.822847843170166,"predicted_seasonal_3_stock_price":-7.647436618804932,"mae":8.94970703125,"mse":80.09725594520569,"predicted_seasonal_0_stock_price":-6.4947638511657715,"predicted_seasonal_2_stock_price":16.072189331054688,"real_resid_stock_price":30.052430487608945,"rmse":8.94970703125,"seasonal_0_valid_loss":0.23096304224571437,"real_trend_stock_price":167.5354913342489,"seasonal_2_valid_loss":0.3747041507530759,"seasonal_3_train_loss":0.985509769611627,"real_stock_price":218.94000244140625,"Runtime (seconds)":5.410932779312134,"seasonal_1_train_loss":1.4057314100287501,"AMZN Stock Price Prediction by iTransformer":{"sha256":"b52cf233548af853f48b69143104d0a80ebd1bf9044d0cc23f959d68266aa813","size":56025,"path":"media/images/AMZN Stock Price Prediction by iTransformer_8_b52cf233548af853f48b.png","format":"png","width":1000,"height":600,"_type":"image-file"},"dim":128,"final_predicted_stock_price":209.99029541015625,"real_seasonal_0_stock_price":-6.886692248923765,"predicted_trend_stock_price":198.2138671875,"_step":9,"real_seasonal_3_stock_price":9.210042698987007,"seasonal_3_valid_loss":0.7879184449725752,"_wandb":{"runtime":10},"seasonal_1_valid_loss":0.44954806566238403,"resid_valid_loss":0.39726011343523415,"real_seasonal_1_stock_price":2.721535027645758,"real_seasonal_2_stock_price":16.307195141839433,"periods":[252,504,756,1260],"seasonal_0_train_loss":0.4830087231397941}