{"_wandb":{"runtime":27727},"Validation Loss (Seasonal)":0.05831878712134702,"_timestamp":1.7309809761316962e+09,"_step":905,"predicted_resid_stock_price":12.225850839206217,"Validation Loss (Trend)":0.004780775401741266,"Train Loss (Trend)":0.0017413842684252893,"Runtime (seconds)":27725.77976346016,"predicted_seasonal_stock_price":-10.40069656284084,"predicted_trend_stock_price":161.69964148559498,"real_resid_stock_price":17.4897712577542,"real_seasonal_stock_price":-3.0333148326125112,"real_trend_stock_price":161.65334582095207,"Apple Stock Price Prediction (STL)":{"format":"png","width":1000,"height":600,"_type":"image-file","sha256":"63ed47e6cb6068018c25c4056d64da1ef2ae599e977b6513b262d71666608698","size":51310,"path":"media/images/Apple Stock Price Prediction (STL)_904_63ed47e6cb6068018c25.png"},"Validation Loss (Resid)":0.04380781948566437,"Train Loss (Seasonal)":0.0009805695490907264,"final_predicted_stock_price":163.52479576196038,"_runtime":27727.546981562,"Train Loss (Resid)":0.005900832641907531}