{"real_seasonal_1_stock_price":5.34399828111306,"seasonal_3_train_loss":0.007387817841636376,"depth":4,"dim":128,"_runtime":19683.677859459,"real_trend_stock_price":162.38683149059048,"predicted_resid_stock_price":23.425739288330078,"real_resid_stock_price":29.221914379623627,"Runtime (seconds)":1090.4412815570831,"resid_valid_loss":0.01262525101424515,"seasonal_0_train_loss":0.00015088916031089363,"trend_valid_loss":0.00033089669559558386,"seasonal_0_valid_loss":0.0008755924265844644,"mae":12.167938232421875,"predicted_seasonal_1_stock_price":2.726475954055786,"real_seasonal_3_stock_price":6.249950518593383,"mse":148.05872082803398,"real_stock_price":218.16000366210938,"predicted_seasonal_2_stock_price":15.787980079650879,"predicted_trend_stock_price":161.20596313476562,"predicted_seasonal_3_stock_price":5.339829921722412,"seasonal_2_train_loss":0.0012147060877348663,"_step":1803,"rmse":12.167938232421875,"_wandb":{"runtime":19683},"seasonal_1_train_loss":0.0003814870865752329,"final_predicted_stock_price":205.9920654296875,"resid_train_loss":0.009049163133308773,"seasonal_3_valid_loss":0.005224554607062968,"seasonal_1_valid_loss":0.0011949200535149086,"real_seasonal_0_stock_price":-2.190015974267967,"trend_train_loss":0.0003892790408748213,"seasonal_2_valid_loss":0.0010424522101850243,"real_seasonal_2_stock_price":17.147324966456775,"_timestamp":1.7369713184363036e+09,"AMZN Stock Price Prediction by iTransformer":{"width":1000,"height":600,"_type":"image-file","sha256":"f1ae744ae988113f2a8dc4ab935aaf1b0ca409e9804c20ec56012efcf7490f93","size":51185,"path":"media/images/AMZN Stock Price Prediction by iTransformer_1802_f1ae744ae988113f2a8d.png","format":"png"},"periods":[252,504,756,1260],"predicted_seasonal_0_stock_price":-2.493914842605591}