{"mae":230.34293937683105,"predicted_seasonal_2_stock_price":3.8912105560302734,"seasonal_3_valid_loss":1.7966511924188215,"mse":53057.86972075846,"real_seasonal_3_stock_price":4.6707852986537715,"AAPL Stock Price Prediction by iTransformer":{"size":44716,"path":"media/images/AAPL Stock Price Prediction by iTransformer_8_027dad263f4186e77a80.png","format":"png","width":1000,"height":600,"_type":"image-file","sha256":"027dad263f4186e77a80d4985e7c6824eeea2110eaf4275b09b066a43ff2d1d3"},"seasonal_2_valid_loss":0.25891050315044056,"seasonal_2_train_loss":0.9437422117287292,"periods":[252,504,756,1260],"_timestamp":1.736738186228675e+09,"real_seasonal_2_stock_price":7.340472199464794,"depth":4,"seasonal_3_train_loss":1.7456897257941055,"seasonal_0_valid_loss":1.459108750319503,"rmse":230.34293937683105,"final_predicted_stock_price":6.50706672668457,"_wandb":{"runtime":13},"predicted_seasonal_3_stock_price":1.4676883220672607,"real_seasonal_0_stock_price":-2.3363800125717553,"real_resid_stock_price":9.055692350953166,"trend_train_loss":1.155843015808107,"_runtime":13.598684364,"trend_valid_loss":6.297307611014773,"real_trend_stock_price":221.26011186690644,"real_seasonal_1_stock_price":-3.1406755998908173,"Runtime (seconds)":6.545267343521118,"seasonal_1_valid_loss":0.1242994693958241,"real_stock_price":236.85000610351562,"seasonal_1_train_loss":0.2694817132527692,"predicted_seasonal_0_stock_price":0.6618157625198364,"_step":9,"predicted_trend_stock_price":11.192436218261719,"dim":128,"resid_valid_loss":1.849775758271034,"predicted_seasonal_1_stock_price":-3.113565683364868,"predicted_resid_stock_price":-7.5925188064575195,"resid_train_loss":2.900118227955182,"seasonal_0_train_loss":0.6747134300212444}