{"trend_train_loss":4.063817079927932,"real_seasonal_1_stock_price":2.721535027645758,"Runtime (seconds)":8.045468807220459,"periods":[252,504,756,1260],"seasonal_0_train_loss":0.3145724232640586,"real_seasonal_3_stock_price":9.210042698987007,"mae":153.9307861328125,"resid_valid_loss":1.2315007448196411,"seasonal_1_train_loss":1.2637007791493948,"predicted_seasonal_0_stock_price":-5.235661506652832,"seasonal_3_train_loss":0.26255408530724544,"real_resid_stock_price":30.052430487608945,"_step":9,"_runtime":17.946542716,"rmse":153.9307861328125,"predicted_trend_stock_price":34.78575134277344,"seasonal_2_valid_loss":1.2452235204643674,"predicted_seasonal_1_stock_price":1.7630878686904907,"_wandb":{"runtime":17},"predicted_seasonal_3_stock_price":9.92654800415039,"_timestamp":1.7367266690790582e+09,"mse":23694.68691946566,"predicted_seasonal_2_stock_price":-1.3252310752868652,"resid_train_loss":0.9312469748126851,"final_predicted_stock_price":65.00921630859375,"real_stock_price":218.94000244140625,"real_trend_stock_price":167.5354913342489,"seasonal_0_valid_loss":0.18689574301242828,"predicted_resid_stock_price":25.09471893310547,"real_seasonal_2_stock_price":16.307195141839433,"dim":128,"AMZN Stock Price Prediction by iTransformer":{"size":47316,"path":"media/images/AMZN Stock Price Prediction by iTransformer_8_b7b9f7bbfa28aa2b7c28.png","format":"png","width":1000,"height":600,"_type":"image-file","sha256":"b7b9f7bbfa28aa2b7c2839596129917a2ca1932dadf9883f8453ecbbe21f11aa"},"depth":4,"trend_valid_loss":5.883295285723786,"seasonal_1_valid_loss":0.9701918006765431,"seasonal_2_train_loss":1.3986783164535843,"seasonal_3_valid_loss":0.13846398230238133,"real_seasonal_0_stock_price":-6.886692248923765}