{"depth":4,"predicted_resid_stock_price":10.432784080505371,"periods":[252,504,756,1260],"predicted_trend_stock_price":79.91889190673828,"real_seasonal_1_stock_price":-3.140677366226703,"rmse":155.33914947509766,"resid_train_loss":0.6325017100839067,"real_trend_stock_price":221.26011154389795,"predicted_seasonal_3_stock_price":-2.969813823699951,"predicted_seasonal_0_stock_price":-1.2397955656051636,"seasonal_1_train_loss":1.393864222032478,"seasonal_3_train_loss":0.7518645612734346,"seasonal_3_valid_loss":0.41712711794406737,"predicted_seasonal_2_stock_price":-4.650939464569092,"real_resid_stock_price":9.055695510050839,"mse":24130.251359646732,"_step":9,"real_seasonal_2_stock_price":7.340471214033137,"real_stock_price":236.85000610351562,"seasonal_0_train_loss":1.3120716769172875,"real_seasonal_3_stock_price":4.670787301366142,"Runtime (seconds)":5.611826419830322,"dim":128,"_runtime":11.651767158,"mae":155.33914947509766,"seasonal_2_train_loss":2.1925124679324814,"seasonal_0_valid_loss":2.4942858234702885,"predicted_seasonal_1_stock_price":0.019724760204553604,"final_predicted_stock_price":81.51085662841797,"seasonal_2_valid_loss":2.2385544471276515,"resid_valid_loss":0.4593934880362617,"trend_valid_loss":4.425715446472168,"seasonal_1_valid_loss":1.2505823641848963,"real_seasonal_0_stock_price":-2.3363820996057334,"_wandb":{"runtime":11},"trend_train_loss":0.9947506243704708,"AAPL Stock Price Prediction by iTransformer":{"width":1000,"height":600,"_type":"image-file","sha256":"0eb9712a3442f1887458e5172b7e43381d0ff7564e14628cb2b9ea036cb91d6e","size":46259,"path":"media/images/AAPL Stock Price Prediction by iTransformer_8_0eb9712a3442f1887458.png","format":"png"},"_timestamp":1.7367168254573412e+09}