{"real_seasonal_3_stock_price":4.670781136379742,"predicted_seasonal_2_stock_price":6.871923446655273,"_wandb":{"runtime":14},"real_stock_price":236.85000610351562,"seasonal_3_train_loss":0.9881815337362113,"predicted_seasonal_3_stock_price":3.1260781288146973,"_step":9,"seasonal_3_valid_loss":0.45173534789989733,"trend_train_loss":0.09591663300654552,"mse":12843.129034873331,"mae":113.32752990722656,"predicted_trend_stock_price":108.08995056152344,"real_seasonal_2_stock_price":7.3404749966207365,"seasonal_2_train_loss":0.6027162309096822,"depth":4,"predicted_resid_stock_price":3.2536704540252686,"seasonal_1_train_loss":2.4916363974702858,"resid_valid_loss":0.8566619742505904,"seasonal_0_train_loss":0.2991614849389005,"final_predicted_stock_price":123.52247619628906,"real_trend_stock_price":221.26011244987743,"real_seasonal_0_stock_price":-2.3363783550343564,"periods":[252,504,756,1260],"real_resid_stock_price":9.055691284730756,"predicted_seasonal_1_stock_price":-0.027140725404024124,"resid_train_loss":0.6275803637674271,"_timestamp":1.736714242980514e+09,"_runtime":14.083958204,"seasonal_0_valid_loss":0.32127951016792883,"Runtime (seconds)":6.618957996368408,"rmse":113.32752990722656,"AAPL Stock Price Prediction by iTransformer":{"width":1000,"height":600,"_type":"image-file","sha256":"8ceb30ccc451bd16b8607a6ccbfd39f4d91e00a0cbb264deaaf983c5bd711a87","size":47236,"path":"media/images/AAPL Stock Price Prediction by iTransformer_8_8ceb30ccc451bd16b860.png","format":"png"},"real_seasonal_1_stock_price":-3.14067540905867,"trend_valid_loss":1.3305510417880988,"predicted_seasonal_0_stock_price":2.2079954147338867,"seasonal_1_valid_loss":1.5891344608629452,"dim":128,"seasonal_2_valid_loss":0.2180722864406051}