{"predicted_trend_stock_price":204.17947387695312,"predicted_seasonal_2_stock_price":10.009052276611328,"AAPL Stock Price Prediction by iTransformer":{"height":600,"_type":"image-file","sha256":"005a8b48ef408d39defe692594634dc3c03f06eb03f956c507e3b74d4df7a173","size":48266,"path":"media/images/AAPL Stock Price Prediction by iTransformer_8_005a8b48ef408d39defe.png","format":"png","width":1000},"seasonal_3_train_loss":0.8101349027142384,"trend_train_loss":0.2682196912139134,"depth":4,"real_stock_price":236.85000610351562,"predicted_seasonal_3_stock_price":0.23376691341400146,"Runtime (seconds)":7.654055595397949,"predicted_seasonal_0_stock_price":1.451190710067749,"predicted_seasonal_1_stock_price":-2.504410743713379,"rmse":22.48907470703125,"seasonal_0_valid_loss":1.1358627730607986,"predicted_resid_stock_price":0.991870641708374,"real_trend_stock_price":221.26011213866434,"dim":128,"real_resid_stock_price":9.055692559710053,"_wandb":{"runtime":14},"mse":505.7584811784327,"real_seasonal_1_stock_price":-3.1406752834478677,"seasonal_2_valid_loss":0.3033272104292381,"_step":9,"resid_valid_loss":2.1790773896610034,"real_seasonal_3_stock_price":4.6707853961437085,"seasonal_1_train_loss":0.6841681554892224,"seasonal_3_valid_loss":0.6074047684669495,"seasonal_1_valid_loss":0.5942254803260042,"final_predicted_stock_price":214.36093139648438,"resid_train_loss":1.2488608582289713,"real_seasonal_2_stock_price":7.3404687372954465,"_runtime":14.718086872,"mae":22.48907470703125,"seasonal_2_train_loss":0.7829409781375423,"periods":[252,504,756,1260],"seasonal_0_train_loss":0.6020106941152866,"real_seasonal_0_stock_price":-2.336377444850055,"trend_valid_loss":0.02034191130731029,"_timestamp":1.7367359285258572e+09}