{"trend_train_loss":1.0437811970735034,"_step":9,"_runtime":11.66978903,"seasonal_3_valid_loss":0.5036811484963796,"final_predicted_stock_price":149.96588134765625,"seasonal_0_valid_loss":0.14132718975010095,"real_seasonal_2_stock_price":16.307195141839433,"real_seasonal_1_stock_price":2.721535027645758,"real_trend_stock_price":167.5354913342489,"seasonal_2_valid_loss":0.16608118548617798,"mae":68.97412109375,"predicted_seasonal_1_stock_price":3.718505859375,"seasonal_1_train_loss":0.7426479661400714,"real_resid_stock_price":30.052430487608945,"_wandb":{"runtime":11},"trend_valid_loss":1.2621921300888062,"mse":4757.429380655289,"periods":[252,504,756,1260],"seasonal_1_valid_loss":0.2844460717454796,"resid_train_loss":1.492669142956646,"depth":4,"dim":128,"AMZN Stock Price Prediction by iTransformer":{"path":"media/images/AMZN Stock Price Prediction by iTransformer_8_54d92d600a4176fec5eb.png","format":"png","width":1000,"height":600,"_type":"image-file","sha256":"54d92d600a4176fec5eb9cd5b866bbd05dacdcf4655fb2d700661d60d4896d5d","size":48896},"real_seasonal_3_stock_price":9.210042698987007,"predicted_resid_stock_price":1.2848302125930786,"seasonal_3_train_loss":0.8016801043615011,"predicted_trend_stock_price":109.44039916992188,"_timestamp":1.7367506367747898e+09,"predicted_seasonal_2_stock_price":11.461167335510254,"seasonal_0_train_loss":0.2855446122494351,"real_stock_price":218.94000244140625,"predicted_seasonal_0_stock_price":-5.245850563049316,"real_seasonal_0_stock_price":-6.886692248923765,"seasonal_2_train_loss":0.5149214234266241,"predicted_seasonal_3_stock_price":29.30681800842285,"resid_valid_loss":0.8707093627475874,"rmse":68.97412109375,"Runtime (seconds)":5.3915321826934814}