{"real_trend_stock_price":167.5354913342489,"real_seasonal_2_stock_price":16.307195141839433,"real_seasonal_0_stock_price":-6.886692248923765,"mae":63.336090087890625,"AMZN Stock Price Prediction by iTransformer":{"format":"png","width":1000,"height":600,"_type":"image-file","sha256":"c76f901cdf4a850642fe2bebb6e19d14eb69a908bd6c06e9440a6a67b9bf271e","size":48581,"path":"media/images/AMZN Stock Price Prediction by iTransformer_8_c76f901cdf4a850642fe.png"},"seasonal_2_train_loss":2.7182530466802115,"rmse":63.336090087890625,"Runtime (seconds)":6.2869977951049805,"predicted_seasonal_0_stock_price":-5.687124252319336,"_runtime":13.234847706,"seasonal_2_valid_loss":1.4057686978848136,"dim":128,"predicted_resid_stock_price":19.178438186645508,"seasonal_3_train_loss":0.7887835095480429,"final_predicted_stock_price":155.60391235351562,"real_seasonal_3_stock_price":9.210042698987007,"seasonal_0_valid_loss":0.20121815088862247,"real_stock_price":218.94000244140625,"seasonal_3_valid_loss":0.6542826294898987,"predicted_seasonal_3_stock_price":4.717689037322998,"real_seasonal_1_stock_price":2.721535027645758,"resid_train_loss":0.44655842844008187,"predicted_seasonal_1_stock_price":2.7436764240264893,"periods":[252,504,756,1260],"predicted_seasonal_2_stock_price":-2.041497230529785,"resid_valid_loss":0.3622681800689962,"_wandb":{"runtime":13},"real_resid_stock_price":30.052430487608945,"_step":9,"trend_valid_loss":0.1292472773683705,"seasonal_1_valid_loss":0.367340624332428,"seasonal_1_train_loss":0.9157727796985639,"_timestamp":1.7367330157117198e+09,"depth":4,"seasonal_0_train_loss":1.078480118165051,"trend_train_loss":0.43840606803669985,"predicted_trend_stock_price":136.69273376464844,"mse":4011.460307621397}