{"real_resid_stock_price":30.052430487608945,"AMZN Stock Price Prediction by iTransformer":{"width":1000,"height":600,"_type":"image-file","sha256":"dfce42393086c55866862e9ac306ab0bb123731ac234126882c0e08a4c55e469","size":45725,"path":"media/images/AMZN Stock Price Prediction by iTransformer_8_dfce42393086c5586686.png","format":"png"},"predicted_trend_stock_price":152.26828002929688,"real_seasonal_3_stock_price":9.210042698987007,"seasonal_1_train_loss":0.9357584291468553,"seasonal_2_train_loss":1.2074565984249115,"_runtime":10.822420079,"seasonal_0_valid_loss":0.3495565552900477,"dim":128,"real_seasonal_2_stock_price":16.307195141839433,"_step":9,"seasonal_0_train_loss":0.3972686977430183,"_timestamp":1.7367472528131356e+09,"rmse":73.18679809570312,"predicted_seasonal_2_stock_price":14.553925514221191,"predicted_resid_stock_price":-12.7119140625,"real_trend_stock_price":167.5354913342489,"trend_train_loss":0.2692581049688977,"resid_valid_loss":2.8409505181196257,"Runtime (seconds)":4.939911842346191,"predicted_seasonal_0_stock_price":-4.912675857543945,"trend_valid_loss":0.030731988258913392,"predicted_seasonal_1_stock_price":-1.8416792154312134,"mae":73.18679809570312,"resid_train_loss":2.387493767412895,"depth":4,"seasonal_3_valid_loss":0.6003999125723746,"final_predicted_stock_price":145.75320434570312,"real_seasonal_1_stock_price":2.721535027645758,"real_seasonal_0_stock_price":-6.886692248923765,"mse":5356.307415501215,"seasonal_3_train_loss":0.9205465937675982,"predicted_seasonal_3_stock_price":-1.6027429103851318,"periods":[252,504,756,1260],"seasonal_2_valid_loss":0.3895017732535257,"_wandb":{"runtime":10},"real_stock_price":218.94000244140625,"seasonal_1_valid_loss":1.0553011894226074}