{"predicted_seasonal_1_stock_price":0.6086671352386475,"real_seasonal_2_stock_price":16.307195141839433,"real_seasonal_0_stock_price":-6.886692248923765,"trend_valid_loss":2.9922676847980587,"rmse":139.06536865234375,"periods":[252,504,756,1260],"Runtime (seconds)":4.896299600601196,"seasonal_3_train_loss":1.681631051582227,"seasonal_0_train_loss":1.9342040154052837,"depth":4,"real_seasonal_1_stock_price":2.721535027645758,"seasonal_3_valid_loss":1.2972256078648923,"_timestamp":1.736720070197511e+09,"predicted_resid_stock_price":7.2549147605896,"predicted_trend_stock_price":70.01731872558594,"AMZN Stock Price Prediction by iTransformer":{"path":"media/images/AMZN Stock Price Prediction by iTransformer_8_485d62a8d6e680d48814.png","format":"png","width":1000,"height":600,"_type":"image-file","sha256":"485d62a8d6e680d48814d90a6e9c8b2d35ba15f5376e9f83c629ebe68f1da8f9","size":47050},"real_stock_price":218.94000244140625,"predicted_seasonal_0_stock_price":3.4807844161987305,"real_seasonal_3_stock_price":9.210042698987007,"mae":139.06536865234375,"seasonal_0_valid_loss":2.2877716217332216,"resid_valid_loss":1.5362766981124878,"_step":9,"mse":19339.17675841227,"real_trend_stock_price":167.5354913342489,"real_resid_stock_price":30.052430487608945,"seasonal_1_valid_loss":1.1254918914757028,"dim":128,"resid_train_loss":0.9313028600725237,"seasonal_2_valid_loss":0.6244467120904189,"predicted_seasonal_2_stock_price":7.171990394592285,"_runtime":10.240135892,"seasonal_2_train_loss":1.1032529467920198,"seasonal_1_train_loss":1.0737991519913848,"_wandb":{"runtime":10},"final_predicted_stock_price":79.8746337890625,"trend_train_loss":1.9919705105143073,"predicted_seasonal_3_stock_price":-8.659037590026855}