{"final_predicted_stock_price":115.97700500488281,"mae":126.67298889160156,"trend_valid_loss":0.8492858296408153,"dim":128,"Runtime (seconds)":6.358656167984009,"resid_valid_loss":0.6141418572906014,"predicted_seasonal_0_stock_price":-0.8017098903656006,"seasonal_3_valid_loss":0.8679728921382658,"depth":4,"trend_train_loss":0.035893309812540124,"AAPL Stock Price Prediction by iTransformer":{"path":"media/images/AAPL Stock Price Prediction by iTransformer_8_0a8d51fae7bc5cb6ebc0.png","format":"png","width":1000,"height":600,"_type":"image-file","sha256":"0a8d51fae7bc5cb6ebc047ec42f19a30e73f6b1488a4ef1cd5add50996553810","size":45818},"rmse":126.67298889160156,"real_seasonal_3_stock_price":3.072331273821431,"real_trend_stock_price":216.31451677147913,"predicted_seasonal_3_stock_price":-3.2495148181915283,"resid_train_loss":1.25311165160424,"seasonal_0_train_loss":1.624482505157044,"real_stock_price":242.64999389648438,"predicted_seasonal_2_stock_price":2.2016899585723877,"periods":[252,504,756,1260],"seasonal_2_valid_loss":0.21055214264980185,"real_resid_stock_price":11.13455825876872,"real_seasonal_0_stock_price":2.540779508929753,"seasonal_2_train_loss":0.30070799017605715,"seasonal_0_valid_loss":3.7362492084503174,"predicted_resid_stock_price":0.046123504638671875,"_wandb":{"runtime":13},"seasonal_1_valid_loss":0.2399236009689048,"mse":16046.046114731813,"real_seasonal_2_stock_price":8.10156258237666,"_step":9,"_timestamp":1.7367058321682835e+09,"seasonal_1_train_loss":0.5470040038051899,"seasonal_3_train_loss":1.0726280185722747,"predicted_seasonal_1_stock_price":-0.8594597578048706,"_runtime":13.680036935,"predicted_trend_stock_price":118.6398696899414,"real_seasonal_1_stock_price":1.4862455011086921}