{"real_seasonal_3_stock_price":4.670788323418874,"predicted_seasonal_3_stock_price":1.3267762660980225,"seasonal_2_train_loss":0.8949031218757982,"depth":4,"dim":128,"rmse":109.77074432373047,"seasonal_3_valid_loss":0.3919571889329966,"resid_valid_loss":1.5010880565848843,"seasonal_1_valid_loss":0.6386063988229699,"predicted_resid_stock_price":1.2583889961242676,"resid_train_loss":1.0345589717913934,"_wandb":{"runtime":20},"predicted_seasonal_2_stock_price":5.342597007751465,"predicted_trend_stock_price":122.5528793334961,"_runtime":20.82617842,"Runtime (seconds)":10.18038010597229,"mse":12049.616309385805,"predicted_seasonal_1_stock_price":-3.790088415145874,"seasonal_0_valid_loss":1.171235942391939,"_step":9,"AAPL Stock Price Prediction by iTransformer":{"_type":"image-file","sha256":"f5857a6932277aeb1b75c52b7e17bb1eba263a8e230c6e24e84442bbb7a124b8","size":46680,"path":"media/images/AAPL Stock Price Prediction by iTransformer_8_f5857a6932277aeb1b75.png","format":"png","width":1000,"height":600},"real_stock_price":236.85000610351562,"final_predicted_stock_price":127.07926177978516,"trend_train_loss":0.017607453276192755,"seasonal_1_train_loss":0.8941680725781306,"trend_valid_loss":0.6781578029103073,"mae":109.77074432373047,"seasonal_2_valid_loss":0.14768021334850026,"real_seasonal_2_stock_price":7.3404656456576065,"periods":[252,504,756,1260],"real_seasonal_1_stock_price":-3.1406724782128475,"real_seasonal_0_stock_price":-2.3363827378051027,"_timestamp":1.7367454445255647e+09,"seasonal_0_train_loss":1.038460576167805,"seasonal_3_train_loss":0.9609322874606175,"real_trend_stock_price":221.26011234998575,"predicted_seasonal_0_stock_price":0.3887009024620056,"real_resid_stock_price":9.05569500047136}