{"predicted_trend_stock_price":115.03482818603516,"seasonal_0_valid_loss":1.0999482225774841,"AMZN Stock Price Prediction by iTransformer":{"width":1000,"height":600,"_type":"image-file","sha256":"5d80831c26fdee228f829b5a9ff6ad550c6a5a71053c6f4d2304008bd81cb46e","size":46150,"path":"media/images/AMZN Stock Price Prediction by iTransformer_8_5d80831c26fdee228f82.png","format":"png"},"rmse":81.08729553222656,"periods":[252,504,756,1260],"real_seasonal_0_stock_price":-6.886692248923765,"dim":128,"real_trend_stock_price":167.5354913342489,"seasonal_2_valid_loss":0.5047828122581912,"_timestamp":1.736733087996791e+09,"seasonal_2_train_loss":0.6749170043050856,"seasonal_0_train_loss":1.0716503505178527,"predicted_seasonal_1_stock_price":2.60392427444458,"Runtime (seconds)":4.901412487030029,"seasonal_3_train_loss":1.0450545582494133,"predicted_seasonal_0_stock_price":1.0261116027832031,"mse":6575.14949673065,"depth":4,"predicted_resid_stock_price":8.792305946350098,"_step":9,"trend_train_loss":0.4191683191981182,"predicted_seasonal_3_stock_price":3.1043221950531006,"final_predicted_stock_price":137.8527069091797,"mae":81.08729553222656,"_wandb":{"runtime":10},"seasonal_1_valid_loss":0.1735780259102454,"_runtime":10.444446952,"real_seasonal_1_stock_price":2.721535027645758,"predicted_seasonal_2_stock_price":7.291198253631592,"resid_train_loss":1.3199576450834856,"real_seasonal_3_stock_price":9.210042698987007,"real_stock_price":218.94000244140625,"real_resid_stock_price":30.052430487608945,"seasonal_1_train_loss":0.35554295467047753,"real_seasonal_2_stock_price":16.307195141839433,"trend_valid_loss":0.47963238822893034,"seasonal_3_valid_loss":0.4705919027328491,"resid_valid_loss":0.994048535823822}