{"real_seasonal_0_stock_price":-2.3363847829511,"_step":9,"AAPL Stock Price Prediction by iTransformer":{"height":600,"_type":"image-file","sha256":"567ab56239ff76a0cce936fa94fc23b72193c1b9ccc0dfc263c30ec58a3899dd","size":47599,"path":"media/images/AAPL Stock Price Prediction by iTransformer_8_567ab56239ff76a0cce9.png","format":"png","width":1000},"real_seasonal_3_stock_price":4.670781830046891,"trend_valid_loss":2.7767189797048943,"resid_train_loss":0.5848709366880395,"predicted_trend_stock_price":86.2326889038086,"trend_train_loss":0.4537175036740241,"seasonal_3_valid_loss":0.22871487421318165,"predicted_seasonal_0_stock_price":-0.7255788445472717,"mae":138.06462860107422,"seasonal_1_valid_loss":0.3343921723751829,"depth":4,"real_seasonal_1_stock_price":-3.1406743353818385,"real_trend_stock_price":221.2601117444852,"resid_valid_loss":0.5955287564430177,"_timestamp":1.7367232123682597e+09,"Runtime (seconds)":5.355575799942017,"predicted_seasonal_1_stock_price":-3.166170835494995,"seasonal_2_valid_loss":0.219964336340185,"mse":19061.84167075256,"real_resid_stock_price":9.055697657000962,"_wandb":{"runtime":11},"predicted_seasonal_3_stock_price":-1.7852506637573242,"seasonal_0_valid_loss":1.938072919845581,"seasonal_2_train_loss":0.8529818218469052,"predicted_resid_stock_price":8.558417320251465,"periods":[252,504,756,1260],"seasonal_1_train_loss":0.9497972495026059,"dim":128,"_runtime":11.054669779,"rmse":138.06462860107422,"predicted_seasonal_2_stock_price":9.67126178741455,"real_seasonal_2_stock_price":7.340473990315538,"seasonal_3_train_loss":1.1547358152970975,"real_stock_price":236.85000610351562,"seasonal_0_train_loss":1.1340284026884464,"final_predicted_stock_price":98.7853775024414}