{"final_predicted_stock_price":208.61602783203125,"depth":4,"real_seasonal_0_stock_price":-2.336386837303544,"seasonal_2_valid_loss":2.5957350638802983,"seasonal_0_train_loss":0.7429642202963392,"real_trend_stock_price":221.26011194431536,"predicted_seasonal_1_stock_price":1.640134572982788,"resid_valid_loss":1.5457114782489714,"mae":28.233978271484375,"AAPL Stock Price Prediction by iTransformer":{"sha256":"85838a9c01fb47ccb15ce2a2ad00a520ed77f9c85e5643edc7103554e50e073c","size":48495,"path":"media/images/AAPL Stock Price Prediction by iTransformer_8_85838a9c01fb47ccb15c.png","format":"png","width":1000,"height":600,"_type":"image-file"},"rmse":28.233978271484375,"seasonal_3_valid_loss":0.4293777768745999,"resid_train_loss":1.9990949375887628,"predicted_resid_stock_price":-4.394040107727051,"predicted_seasonal_3_stock_price":13.500951766967773,"trend_train_loss":0.22416834687216217,"trend_valid_loss":0.025079338098246074,"seasonal_3_train_loss":0.6689373803298313,"_timestamp":1.7367291571651227e+09,"predicted_trend_stock_price":201.46945190429688,"dim":128,"real_seasonal_3_stock_price":4.6707863287587,"real_seasonal_1_stock_price":-3.140676070072666,"seasonal_2_train_loss":2.893751281387608,"seasonal_0_valid_loss":1.868212841253365,"real_stock_price":236.85000610351562,"_wandb":{"runtime":10},"mse":797.1575290346518,"real_resid_stock_price":9.055700673127319,"seasonal_1_train_loss":2.2049078078172646,"periods":[252,504,756,1260],"seasonal_1_valid_loss":2.378623184550223,"predicted_seasonal_0_stock_price":1.1832934617996216,"_runtime":10.836005445,"predicted_seasonal_2_stock_price":-4.783750057220459,"_step":9,"real_seasonal_2_stock_price":7.34047006469043,"Runtime (seconds)":4.966275215148926}