{"predicted_stock_price":238.67971801757812,"rmse":16.590286254882812,"_timestamp":1.7362711471196177e+09,"dim":128,"real_stock_price":255.27000427246094,"depth":4,"_runtime":8414.544453685,"_wandb":{"runtime":8414},"mse":275.2375980189536,"r2_score":NaN,"Runtime (seconds)":870.9762229919434,"mae":16.590286254882812,"AAPL Stock Price Prediction by Transformer(no MSTL)":{"height":600,"_type":"image-file","sha256":"87afb68b854ee0ecf949463d28b2d70d64f20975ed7adffda4eaed19940ab24e","size":55363,"path":"media/images/AAPL Stock Price Prediction by Transformer(no MSTL)_301_87afb68b854ee0ecf949.png","format":"png","width":1000},"train_loss":0.08049605158887659,"_step":302,"valid_loss":0.09239128595445215}