{"_runtime":23267.170308279,"real_seasonal_2_stock_price":10.09700504858259,"real_seasonal_1_stock_price":-5.300194364097184,"mse":124.2298274571076,"seasonal_1_valid_loss":0.044366368475285446,"trend_train_loss":0.0548570861418598,"seasonal_1_train_loss":0.06469501019003585,"predicted_seasonal_3_stock_price":4.472426414489746,"trend_valid_loss":0.027059506624937057,"rmse":11.145843505859375,"predicted_resid_stock_price":10.011120796203613,"seasonal_2_train_loss":0.07661467680224666,"_timestamp":1.738678237872615e+09,"predicted_trend_stock_price":154.39112854003906,"_wandb":{"runtime":23267},"seasonal_0_train_loss":0.0617013350739149,"predicted_seasonal_1_stock_price":-3.6206512451171875,"mae":11.145843505859375,"real_trend_stock_price":155.5934871008846,"seasonal_2_valid_loss":0.04866986073178353,"resid_valid_loss":0.04487735554865826,"real_resid_stock_price":6.291929145778596,"periods":[252,504,756,1260],"resid_train_loss":0.08110095549814983,"seasonal_0_valid_loss":0.038903080611204614,"predicted_seasonal_0_stock_price":0.5218818783760071,"seasonal_3_train_loss":0.073700337045777,"seasonal_3_valid_loss":0.040456586790655905,"depth":4,"predicted_seasonal_2_stock_price":11.75118350982666,"GOOG Stock Price Prediction by iTransformer":{"height":600,"_type":"image-file","sha256":"cb78f1a5a7c5eacde711b71eb260fec40b2db202b4f679d871b7c01653b8bd79","size":54858,"path":"media/images/GOOG Stock Price Prediction by iTransformer_1642_cb78f1a5a7c5eacde711.png","format":"png","width":1000},"_step":1643,"Runtime (seconds)":1442.0950417518616,"real_seasonal_0_stock_price":-1.3132186230119642,"final_predicted_stock_price":177.527099609375,"real_seasonal_3_stock_price":1.012247795379003,"dim":128,"real_stock_price":166.38125610351562}