{"Runtime (seconds)":4.795039653778076,"resid_train_loss":1.0505506057471636,"mae":159.58253479003906,"seasonal_0_valid_loss":1.9803501960448326,"seasonal_3_valid_loss":0.5362320251172156,"seasonal_2_train_loss":0.9782392609195536,"seasonal_2_valid_loss":0.750479187979295,"trend_valid_loss":3.559980587047689,"predicted_seasonal_0_stock_price":-0.8965128660202026,"resid_valid_loss":1.6622768069160054,"trend_train_loss":0.7926421611734813,"real_stock_price":236.85000610351562,"dim":128,"seasonal_0_train_loss":0.7729220715958484,"_timestamp":1.7367381473690982e+09,"predicted_resid_stock_price":5.573858261108398,"real_seasonal_3_stock_price":4.670780411348925,"real_seasonal_2_stock_price":7.340470758717828,"depth":4,"real_seasonal_0_stock_price":-2.3363831604521454,"seasonal_1_valid_loss":1.1086371179750498,"predicted_seasonal_1_stock_price":1.7347644567489624,"real_resid_stock_price":9.055700048698185,"seasonal_1_train_loss":1.157583521761207,"_runtime":10.739690648,"_wandb":{"runtime":10},"rmse":159.58253479003906,"mse":25466.585410014028,"real_seasonal_1_stock_price":-3.140673133719279,"predicted_seasonal_3_stock_price":-1.460752248764038,"_step":9,"predicted_trend_stock_price":72.75871276855469,"final_predicted_stock_price":77.26747131347656,"predicted_seasonal_2_stock_price":-0.44259586930274963,"seasonal_3_train_loss":0.7090271242620837,"real_trend_stock_price":221.26011117892213,"AAPL Stock Price Prediction by iTransformer":{"path":"media/images/AAPL Stock Price Prediction by iTransformer_8_e875f8c3ec5cbf91fb8c.png","format":"png","width":1000,"height":600,"_type":"image-file","sha256":"e875f8c3ec5cbf91fb8c2dd20a1b57e0dd5b21147c5fa0e937b114320f12ec54","size":46320},"periods":[252,504,756,1260]}