{"predicted_seasonal_0_stock_price":2.54677677154541,"resid_train_loss":0.910290467643592,"seasonal_3_train_loss":3.2964897288072073,"seasonal_2_train_loss":2.353183252617155,"AAPL Stock Price Prediction by iTransformer":{"height":600,"_type":"image-file","sha256":"fdcaca54d92651dce2193a4ae556cadc894e1f6fabc4f0cbdb0af5a58f6d3aed","size":47046,"path":"media/images/AAPL Stock Price Prediction by iTransformer_8_fdcaca54d92651dce219.png","format":"png","width":1000},"rmse":152.62294006347656,"predicted_seasonal_2_stock_price":-0.3904868960380554,"_wandb":{"runtime":11},"seasonal_3_valid_loss":2.552768524574197,"_runtime":11.375887405,"trend_valid_loss":1.5717152776149323,"real_seasonal_2_stock_price":9.522000404704247,"real_resid_stock_price":18.258371365313536,"mae":152.62294006347656,"_timestamp":1.7367064045631711e+09,"predicted_resid_stock_price":5.70267391204834,"real_seasonal_0_stock_price":2.200587980480584,"_step":9,"seasonal_0_valid_loss":0.7091408551624506,"trend_train_loss":0.24174670922673946,"periods":[252,504,756,1260],"mse":23293.76183361956,"seasonal_0_train_loss":0.4508368964564756,"real_seasonal_1_stock_price":1.3417504176979325,"predicted_seasonal_1_stock_price":-3.0972282886505127,"final_predicted_stock_price":105.57707214355469,"depth":4,"predicted_trend_stock_price":100.46525573730469,"dim":128,"predicted_seasonal_3_stock_price":0.3500811457633972,"resid_valid_loss":0.7547323107719421,"Runtime (seconds)":5.188451766967773,"real_trend_stock_price":219.32571895993473,"real_stock_price":258.20001220703125,"real_seasonal_3_stock_price":7.551583078900218,"seasonal_1_valid_loss":0.8144003104063726,"seasonal_1_train_loss":0.9591263437757245,"seasonal_2_valid_loss":2.1065103467391886}