{"real_trend_stock_price":167.5354913342489,"seasonal_3_valid_loss":0.19073391567622677,"Runtime (seconds)":8.4321448802948,"predicted_seasonal_2_stock_price":3.456552028656006,"trend_train_loss":0.35572077455054746,"seasonal_2_valid_loss":0.4398951186330665,"seasonal_3_train_loss":0.9168300979124959,"real_seasonal_0_stock_price":-6.886692248923765,"predicted_seasonal_0_stock_price":-3.6381912231445312,"real_seasonal_2_stock_price":16.307195141839433,"real_stock_price":218.94000244140625,"predicted_trend_stock_price":126.692626953125,"predicted_seasonal_1_stock_price":1.116017460823059,"_runtime":14.064086002,"seasonal_2_train_loss":1.7940502431083052,"predicted_resid_stock_price":-8.272919654846191,"seasonal_0_train_loss":0.4421471338893469,"seasonal_1_valid_loss":0.6722927153563771,"_timestamp":1.736745481219619e+09,"rmse":90.8758544921875,"real_seasonal_1_stock_price":2.721535027645758,"_step":9,"trend_valid_loss":0.4576199050723068,"depth":4,"predicted_seasonal_3_stock_price":8.710052490234375,"seasonal_1_train_loss":0.8089717822176868,"mae":90.8758544921875,"resid_valid_loss":1.8807352367569419,"periods":[252,504,756,1260],"seasonal_0_valid_loss":0.12961718191703162,"_wandb":{"runtime":14},"mse":8258.420929685235,"real_resid_stock_price":30.052430487608945,"real_seasonal_3_stock_price":9.210042698987007,"dim":128,"final_predicted_stock_price":128.06414794921875,"resid_train_loss":1.9628736841363912,"AMZN Stock Price Prediction by iTransformer":{"width":1000,"height":600,"_type":"image-file","sha256":"278ee5e9200a35a409e77cbd6383af75fe18c082fa336824f2d06ef4fdd7f9a8","size":45962,"path":"media/images/AMZN Stock Price Prediction by iTransformer_8_278ee5e9200a35a409e7.png","format":"png"}}