{"rmse":226.99360275268555,"real_resid_stock_price":9.055696597184351,"predicted_trend_stock_price":5.069450378417969,"_runtime":7.848006862,"resid_valid_loss":0.6025276301597405,"predicted_seasonal_1_stock_price":-2.801589012145996,"real_seasonal_0_stock_price":-2.336382303785922,"seasonal_0_valid_loss":0.21812909841537476,"periods":[252,504,756,1260],"Runtime (seconds)":3.73211407661438,"predicted_seasonal_0_stock_price":1.5961765050888062,"depth":4,"mse":51526.09569064401,"predicted_seasonal_2_stock_price":2.178683042526245,"seasonal_3_valid_loss":0.6646423843112197,"_step":9,"real_seasonal_1_stock_price":-3.140671931936142,"real_seasonal_2_stock_price":7.34047005489754,"real_seasonal_3_stock_price":4.670781872267886,"seasonal_2_train_loss":0.5441399915103531,"mae":226.99360275268555,"seasonal_1_train_loss":0.6698479969259147,"predicted_resid_stock_price":1.1478676795959473,"seasonal_0_train_loss":0.25047741535458284,"_timestamp":1.7367220880698216e+09,"dim":128,"resid_train_loss":0.6382873373642678,"final_predicted_stock_price":9.856403350830078,"real_stock_price":236.85000610351562,"predicted_seasonal_3_stock_price":2.665815830230713,"seasonal_2_valid_loss":0.4463469257858783,"AAPL Stock Price Prediction by iTransformer":{"path":"media/images/AAPL Stock Price Prediction by iTransformer_8_b6f7ef1cb3ec4187ecf7.png","format":"png","width":1000,"height":600,"_type":"image-file","sha256":"b6f7ef1cb3ec4187ecf7e608b82f5b0b69b04a07213303aa7e4f5130069de736","size":44653},"seasonal_1_valid_loss":0.5642636384037759,"real_trend_stock_price":221.2601118148879,"trend_valid_loss":6.423808773068616,"seasonal_3_train_loss":0.5901193471121084,"trend_train_loss":3.5485081501144298,"_wandb":{"runtime":7}}