{"real_seasonal_0_stock_price":-6.886692248923765,"resid_train_loss":0.4182468442493923,"depth":4,"seasonal_0_valid_loss":0.5886282725767655,"predicted_seasonal_2_stock_price":8.93324089050293,"predicted_resid_stock_price":13.637937545776367,"seasonal_2_train_loss":0.5652740521431577,"dim":128,"seasonal_3_valid_loss":0.3568769454262977,"_timestamp":1.7367551468330324e+09,"final_predicted_stock_price":128.66448974609375,"Runtime (seconds)":6.181825399398804,"_runtime":17.556762981,"predicted_seasonal_0_stock_price":-7.659587860107422,"periods":[252,504,756,1260],"trend_train_loss":0.39022468099641866,"seasonal_1_valid_loss":1.1678605835514164,"seasonal_2_valid_loss":0.4924433441370126,"predicted_seasonal_3_stock_price":15.1116943359375,"resid_valid_loss":0.3252512498568463,"real_stock_price":218.94000244140625,"real_trend_stock_price":167.5354913342489,"predicted_trend_stock_price":96.72953033447266,"real_seasonal_1_stock_price":2.721535027645758,"trend_valid_loss":1.0454960605587627,"rmse":90.2755126953125,"_wandb":{"runtime":17},"AMZN Stock Price Prediction by iTransformer":{"width":1000,"height":600,"_type":"image-file","sha256":"a2671b41fca4792d28ebef00fe6586f94bc2265d5b2c0c26f6176cc57449bb64","size":45958,"path":"media/images/AMZN Stock Price Prediction by iTransformer_8_a2671b41fca4792d28eb.png","format":"png"},"real_resid_stock_price":30.052430487608945,"mae":90.2755126953125,"real_seasonal_3_stock_price":9.210042698987007,"real_seasonal_2_stock_price":16.307195141839433,"seasonal_3_train_loss":0.31539718773284997,"seasonal_1_train_loss":1.1590775463360035,"seasonal_0_train_loss":0.8974916727364115,"mse":8149.668192401528,"_step":9,"predicted_seasonal_1_stock_price":1.911677598953247}