{"trend_train_loss":0.9808497247886924,"seasonal_2_valid_loss":0.2505078055172659,"_wandb":{"runtime":10},"mse":28944.794871378923,"predicted_seasonal_3_stock_price":3.622957944869995,"predicted_seasonal_0_stock_price":-0.8064953088760376,"periods":[252,504,756,1260],"Runtime (seconds)":4.958324670791626,"seasonal_1_train_loss":0.332772702709256,"predicted_trend_stock_price":52.27444839477539,"trend_valid_loss":4.5338927690236845,"dim":128,"real_seasonal_1_stock_price":-3.140674792477717,"_runtime":10.156474945,"predicted_seasonal_1_stock_price":-3.40970778465271,"mae":170.13169860839844,"seasonal_3_valid_loss":0.6736029157271752,"seasonal_3_train_loss":0.9188117377758026,"AAPL Stock Price Prediction by iTransformer":{"path":"media/images/AAPL Stock Price Prediction by iTransformer_8_a47bd77402644d87c879.png","format":"png","width":1000,"height":600,"_type":"image-file","sha256":"a47bd77402644d87c8794366e1c8cc8041018c530107bfe78fcac3ad2106949a","size":46432},"seasonal_1_valid_loss":0.1496586827593045,"seasonal_0_train_loss":1.1824608966910095,"real_seasonal_2_stock_price":7.340471255512515,"predicted_resid_stock_price":8.451947212219238,"depth":4,"real_trend_stock_price":221.2601113106576,"_timestamp":1.7367356540457587e+09,"real_stock_price":236.85000610351562,"_step":9,"real_seasonal_0_stock_price":-2.3363821600762225,"resid_train_loss":1.5277067056786156,"real_resid_stock_price":9.05569599835431,"final_predicted_stock_price":66.71830749511719,"resid_valid_loss":1.0759246150652568,"seasonal_0_valid_loss":2.274843428064795,"predicted_seasonal_2_stock_price":6.5851545333862305,"seasonal_2_train_loss":0.31138082177438586,"real_seasonal_3_stock_price":4.67078449154512,"rmse":170.13169860839844}