{"rmse":1.91790771484375,"seasonal_1_train_loss":0.15325094684708346,"predicted_seasonal_0_stock_price":0.08365234732627869,"predicted_seasonal_1_stock_price":-2.155575752258301,"predicted_trend_stock_price":147.495849609375,"real_seasonal_0_stock_price":-1.3132186597763853,"_timestamp":1.7387067291531637e+09,"real_seasonal_1_stock_price":-5.300194041726132,"predicted_seasonal_3_stock_price":6.381531238555908,"mae":1.91790771484375,"seasonal_1_valid_loss":0.2719762637672654,"trend_train_loss":0.0930080373728271,"real_seasonal_3_stock_price":1.012247775964327,"seasonal_0_train_loss":0.12939437200407405,"real_seasonal_2_stock_price":10.097004829302062,"Runtime (seconds)":3332.5018911361694,"real_trend_stock_price":155.59348715835142,"predicted_resid_stock_price":8.437350273132324,"GOOG Stock Price Prediction by iTransformer":{"height":600,"_type":"image-file","sha256":"8a089d43e661584a468ec82ea2f892789ebc86e3b3b05d8c042c34a6b90af9b3","size":53456,"path":"media/images/GOOG Stock Price Prediction by iTransformer_1719_8a089d43e661584a468e.png","format":"png","width":1000},"mse":3.678370002657175,"seasonal_2_valid_loss":0.23245179147898465,"final_predicted_stock_price":168.29916381835938,"seasonal_2_train_loss":0.13098085085208122,"seasonal_3_train_loss":0.10513130039356662,"seasonal_0_valid_loss":0.14702042937278748,"real_stock_price":166.38125610351562,"trend_valid_loss":0.1296779215335846,"_wandb":{"runtime":51267},"resid_valid_loss":0.23187388479709625,"real_resid_stock_price":6.291929041400351,"seasonal_3_valid_loss":0.1446337103843689,"resid_train_loss":0.16018497064867895,"_runtime":51267.033674683,"predicted_seasonal_2_stock_price":8.05637264251709,"_step":1720}