{"_runtime":13.546954775,"AMZN Stock Price Prediction by iTransformer":{"sha256":"160aa022bba6c45e5d9973849e5e71731ada4efbed5575a1cdbe1cd8a97e42bb","size":46639,"path":"media/images/AMZN Stock Price Prediction by iTransformer_8_160aa022bba6c45e5d99.png","format":"png","width":1000,"height":600,"_type":"image-file"},"seasonal_0_train_loss":0.45831398704158727,"predicted_resid_stock_price":10.98636531829834,"_timestamp":1.7367070147632213e+09,"resid_valid_loss":0.3609548051705521,"real_resid_stock_price":30.052430487608945,"predicted_seasonal_0_stock_price":-6.088436603546143,"mae":119.02132415771484,"trend_train_loss":1.6126625441608426,"_step":9,"depth":4,"predicted_seasonal_2_stock_price":11.432086944580078,"predicted_seasonal_3_stock_price":4.530666828155518,"predicted_trend_stock_price":78.4204330444336,"seasonal_3_train_loss":1.0025631550757894,"real_stock_price":218.94000244140625,"final_predicted_stock_price":99.9186782836914,"periods":[252,504,756,1260],"real_trend_stock_price":167.5354913342489,"dim":128,"trend_valid_loss":2.811027374760858,"seasonal_2_train_loss":0.23019099711733856,"seasonal_1_valid_loss":0.18396841249768697,"real_seasonal_0_stock_price":-6.886692248923765,"real_seasonal_1_stock_price":2.721535027645758,"seasonal_2_valid_loss":0.116086262334948,"real_seasonal_3_stock_price":9.210042698987007,"seasonal_0_valid_loss":0.3375017953205243,"predicted_seasonal_1_stock_price":0.6375613212585449,"seasonal_1_train_loss":0.5365332492447449,"resid_train_loss":0.648096576333046,"mse":14166.075604255835,"seasonal_3_valid_loss":0.6746271253017896,"_wandb":{"runtime":13},"Runtime (seconds)":7.596326112747192,"real_seasonal_2_stock_price":16.307195141839433,"rmse":119.02132415771484}