{"_wandb":{"runtime":10},"_timestamp":1.728751795922273e+09,"_step":9,"Validation Loss (Trend)":0.09983823861343315,"Validation Loss (Resid)":0.1435823986329228,"_runtime":10.317332805,"Train Loss (Trend)":0.050712329752709534,"Train Loss (Resid)":0.12105195480504187,"Validation Loss (Seasonal)":0.17487429297832122,"Train Loss (Seasonal)":0.1077938304587547}