{"real_seasonal_3_stock_price":4.670793662618209,"predicted_trend_stock_price":110.53368377685547,"predicted_seasonal_3_stock_price":7.057219505310059,"seasonal_3_train_loss":1.184331967680779,"final_predicted_stock_price":124.58672332763672,"_timestamp":1.73675110784978e+09,"mae":112.2632827758789,"seasonal_3_valid_loss":0.819062503710599,"seasonal_1_train_loss":0.6477311137662058,"seasonal_2_train_loss":0.9774337367837628,"Runtime (seconds)":7.902507305145264,"real_seasonal_0_stock_price":-2.3363768892088066,"AAPL Stock Price Prediction by iTransformer":{"_type":"image-file","sha256":"38efdf8f480ea557e7f03e5d119804e5a130a793014516482e2bafa337d1eaf8","size":47354,"path":"media/images/AAPL Stock Price Prediction by iTransformer_8_38efdf8f480ea557e7f0.png","format":"png","width":1000,"height":600},"real_stock_price":236.85000610351562,"predicted_seasonal_1_stock_price":-2.489593267440796,"_wandb":{"runtime":16},"real_seasonal_1_stock_price":-3.1406830870859324,"rmse":112.2632827758789,"seasonal_2_valid_loss":0.6561597524296624,"mse":12603.04465961695,"predicted_resid_stock_price":4.638908386230469,"resid_valid_loss":0.4111528582998977,"trend_valid_loss":2.3838260173797607,"periods":[252,504,756,1260],"seasonal_1_valid_loss":0.15244158535011557,"real_resid_stock_price":9.055688130946521,"_step":9,"trend_train_loss":0.2644309941005827,"predicted_seasonal_2_stock_price":4.914219379425049,"resid_train_loss":0.43439693452733935,"seasonal_0_train_loss":2.0438988430380682,"seasonal_0_valid_loss":3.2969616787386076,"dim":128,"depth":4,"real_trend_stock_price":221.2601123876574,"_runtime":16.655315508,"real_seasonal_2_stock_price":7.340471898588245,"predicted_seasonal_0_stock_price":-0.0677216500043869}