{"mse":3782.1561590293422,"real_resid_stock_price":9.055693002859527,"final_predicted_stock_price":175.35076904296875,"trend_valid_loss":0.27767059068981387,"seasonal_2_train_loss":0.1698011998152341,"trend_train_loss":0.1026321893888476,"predicted_seasonal_3_stock_price":0.770026683807373,"predicted_seasonal_2_stock_price":6.211233615875244,"real_seasonal_3_stock_price":4.6707794277862025,"seasonal_3_train_loss":0.8599122872992048,"seasonal_3_valid_loss":0.19173704591744087,"real_trend_stock_price":221.26011146191885,"_wandb":{"runtime":16},"seasonal_0_train_loss":0.33092257325080043,"real_stock_price":236.85000610351562,"predicted_seasonal_1_stock_price":-2.515071392059326,"Runtime (seconds)":7.888498306274414,"mae":61.499237060546875,"_step":9,"periods":[252,504,756,1260],"predicted_seasonal_0_stock_price":1.582126498222351,"seasonal_1_train_loss":0.3347794669884309,"depth":4,"_runtime":16.705528681,"resid_train_loss":0.7417703930569993,"real_seasonal_1_stock_price":-3.140669191314151,"AAPL Stock Price Prediction by iTransformer":{"path":"media/images/AAPL Stock Price Prediction by iTransformer_8_11ecb2a865f9ff5ab588.png","format":"png","width":1000,"height":600,"_type":"image-file","sha256":"11ecb2a865f9ff5ab588c7cf450e269384a47d7ff1d3f423424538560d42336b","size":46248},"predicted_resid_stock_price":13.51890754699707,"seasonal_2_valid_loss":0.08043349534273148,"resid_valid_loss":0.651961848405855,"_timestamp":1.7367177825572066e+09,"predicted_trend_stock_price":155.7835693359375,"real_seasonal_0_stock_price":-2.3363814177342435,"rmse":61.499237060546875,"real_seasonal_2_stock_price":7.340472819999404,"dim":128,"seasonal_0_valid_loss":0.2565000237037356,"seasonal_1_valid_loss":0.19679681839777266}