{"dim":128,"resid_valid_loss":0.3150949738919735,"depth":4,"seasonal_3_train_loss":0.5125213005784683,"resid_train_loss":0.3083348340253586,"real_seasonal_0_stock_price":-2.3363855521859067,"seasonal_2_valid_loss":0.1539938652769048,"_wandb":{"runtime":13},"mse":420.22497595846653,"seasonal_3_valid_loss":1.326492825032089,"predicted_seasonal_0_stock_price":1.1213887929916382,"real_stock_price":236.85000610351562,"seasonal_2_train_loss":0.45400874417658166,"rmse":20.4993896484375,"AAPL Stock Price Prediction by iTransformer":{"_type":"image-file","sha256":"da1c3a7cfff5f23daf924c206a05e96d8bb596ff130c68e51bbac46c67f812e5","size":48189,"path":"media/images/AAPL Stock Price Prediction by iTransformer_8_da1c3a7cfff5f23daf92.png","format":"png","width":1000,"height":600},"seasonal_1_train_loss":0.2847018099681989,"real_trend_stock_price":221.2601109885353,"_timestamp":1.7367222792276728e+09,"real_resid_stock_price":9.055696644118001,"seasonal_1_valid_loss":0.19698285991198397,"predicted_trend_stock_price":189.90789794921875,"predicted_seasonal_1_stock_price":-3.5137240886688232,"predicted_seasonal_2_stock_price":4.059247970581055,"final_predicted_stock_price":216.35061645507812,"Runtime (seconds)":7.476003170013428,"trend_train_loss":0.16685238778860878,"_step":9,"trend_valid_loss":0.06232822201711758,"periods":[252,504,756,1260],"mae":20.4993896484375,"seasonal_0_train_loss":0.3688416294228863,"real_seasonal_3_stock_price":4.670786749378461,"real_seasonal_2_stock_price":7.340472197992003,"predicted_resid_stock_price":5.018250465393066,"predicted_seasonal_3_stock_price":19.757556915283203,"_runtime":13.908864227,"seasonal_0_valid_loss":0.20147789075970648,"real_seasonal_1_stock_price":-3.1406749243222425}