{"predicted_seasonal_0_stock_price":-6.361567974090576,"real_seasonal_3_stock_price":9.210042698987007,"seasonal_3_train_loss":0.714241959790768,"rmse":109.56184387207031,"mae":109.56184387207031,"seasonal_2_valid_loss":0.3645717304657629,"real_trend_stock_price":167.5354913342489,"predicted_seasonal_2_stock_price":6.344933986663818,"predicted_resid_stock_price":9.584783554077148,"real_resid_stock_price":30.052430487608945,"real_seasonal_0_stock_price":-6.886692248923765,"real_stock_price":218.94000244140625,"_timestamp":1.736743320920627e+09,"real_seasonal_1_stock_price":2.721535027645758,"trend_train_loss":0.4375351441775859,"_step":9,"predicted_seasonal_3_stock_price":2.1930410861968994,"mse":12003.797632647911,"_wandb":{"runtime":13},"final_predicted_stock_price":109.37815856933594,"AMZN Stock Price Prediction by iTransformer":{"size":46224,"path":"media/images/AMZN Stock Price Prediction by iTransformer_8_d87684551de4b4b38ccb.png","format":"png","width":1000,"height":600,"_type":"image-file","sha256":"d87684551de4b4b38ccbdf9f751ddafa8c3b4cbcee688eda14a814c8c4913f95"},"depth":4,"real_seasonal_2_stock_price":16.307195141839433,"seasonal_0_train_loss":0.737047346440703,"Runtime (seconds)":5.890825986862183,"resid_train_loss":0.3747041006206842,"seasonal_1_valid_loss":1.5172618832931588,"resid_valid_loss":0.877984881401062,"seasonal_3_valid_loss":0.3897559764438017,"periods":[252,504,756,1260],"trend_valid_loss":1.3699845570752343,"seasonal_0_valid_loss":0.4208886866417453,"predicted_seasonal_1_stock_price":0.4829006791114807,"_runtime":13.642530392,"dim":128,"seasonal_1_train_loss":1.419252374622573,"seasonal_2_train_loss":0.4525564594188516,"predicted_trend_stock_price":97.13406372070312}