{"predicted_seasonal_0_stock_price":0.4736359119415283,"seasonal_0_train_loss":0.9081194764342138,"AAPL Stock Price Prediction by iTransformer":{"sha256":"72a65f2edc460235dec8e3cee6f604cf3e0ce2267fdcad6910288f3fad5b65a6","size":47297,"path":"media/images/AAPL Stock Price Prediction by iTransformer_8_72a65f2edc460235dec8.png","format":"png","width":1000,"height":600,"_type":"image-file"},"seasonal_1_train_loss":0.5389343221486821,"seasonal_3_train_loss":1.360797412729774,"_runtime":13.554397519,"seasonal_3_valid_loss":1.949525050632888,"predicted_seasonal_3_stock_price":-0.4558064043521881,"rmse":68.80044555664062,"real_seasonal_0_stock_price":2.0251152594484862,"seasonal_1_valid_loss":0.1587284181652398,"dim":128,"real_seasonal_2_stock_price":8.465710433860792,"real_resid_stock_price":13.508767561504811,"real_seasonal_1_stock_price":1.793432347547289,"real_stock_price":246.75,"trend_valid_loss":0.17357554754280313,"resid_train_loss":0.7378562650776989,"seasonal_2_valid_loss":0.6434669306984654,"depth":4,"seasonal_2_train_loss":0.8319675395161741,"seasonal_0_valid_loss":0.9535499215126038,"periods":[252,504,756,1260],"final_predicted_stock_price":177.94955444335938,"_step":9,"resid_valid_loss":1.7866755723953247,"mae":68.80044555664062,"predicted_seasonal_2_stock_price":4.268949031829834,"real_trend_stock_price":217.0713857435618,"mse":4733.501308792271,"real_seasonal_3_stock_price":3.8855886540768534,"predicted_seasonal_1_stock_price":-0.5675665140151978,"predicted_resid_stock_price":-1.851801872253418,"_wandb":{"runtime":13},"Runtime (seconds)":6.352642774581909,"predicted_trend_stock_price":176.0821533203125,"_timestamp":1.7367059875594137e+09,"trend_train_loss":0.2433036049162373}