{"real_seasonal_2_stock_price":7.34047418394569,"real_seasonal_1_stock_price":-3.1406759875365644,"real_resid_stock_price":9.05569402417703,"predicted_seasonal_0_stock_price":0.647271454334259,"periods":[252,504,756,1260],"mae":116.7362060546875,"mse":13627.341804042459,"real_trend_stock_price":221.2601123215599,"depth":4,"resid_valid_loss":0.5858653800555863,"seasonal_3_train_loss":1.006801602852999,"rmse":116.7362060546875,"_runtime":11.281668442,"predicted_seasonal_3_stock_price":3.2343225479125977,"real_stock_price":236.85000610351562,"seasonal_2_train_loss":0.5072365093319082,"predicted_trend_stock_price":101.97859191894531,"resid_train_loss":0.43601517692392355,"seasonal_0_valid_loss":0.12562737411832156,"trend_valid_loss":2.2419047376750845,"final_predicted_stock_price":120.11380004882812,"Runtime (seconds)":5.280459403991699,"dim":128,"real_seasonal_0_stock_price":-2.3363800484771433,"predicted_resid_stock_price":8.387751579284668,"real_seasonal_3_stock_price":4.67078160984669,"seasonal_0_train_loss":0.359956821454276,"predicted_seasonal_1_stock_price":0.21602065861225128,"trend_train_loss":0.4140937838975404,"predicted_seasonal_2_stock_price":5.649845600128174,"AAPL Stock Price Prediction by iTransformer":{"_type":"image-file","sha256":"4203258651930c72972a3311c18c0c5d36e7522730935f70e730c1537104539a","size":47324,"path":"media/images/AAPL Stock Price Prediction by iTransformer_8_4203258651930c72972a.png","format":"png","width":1000,"height":600},"_timestamp":1.7367493438064463e+09,"seasonal_3_valid_loss":0.5353897860959956,"_step":9,"seasonal_2_valid_loss":0.3115866403274525,"seasonal_1_train_loss":0.7493594610864294,"seasonal_1_valid_loss":0.7474873586477737,"_wandb":{"runtime":11}}