{"_runtime":1694.263322427,"_step":64,"Validation Loss (Seasonal)":0.10333877690226852,"Apple Stock Price Prediction":{"size":46902,"path":"media/images/Apple Stock Price Prediction_63_3c119b8630d6584d3022.png","format":"png","width":1000,"height":600,"_type":"image-file","sha256":"3c119b8630d6584d3022b3c42bfc1a13db037bf9bc15891b6e2e19e6ecb03ff3"},"_timestamp":1.729758100892285e+09,"_wandb":{"runtime":1694},"Train Loss (Seasonal)":0.0031589270015301056,"Train Loss (Trend)":0.0017312602524234854,"Runtime (seconds)":1201.9766573905945,"Validation Loss (Resid)":0.4037758635664449,"Validation Loss (Trend)":0.04383090649306485,"Train Loss (Resid)":0.0614875943275816}