{"seasonal_3_train_loss":0.003687420764078987,"predicted_seasonal_0_stock_price":0.9820876121520996,"predicted_trend_stock_price":205.0904083251953,"seasonal_2_train_loss":0.004857421925169279,"depth":4,"AAPL Stock Price Prediction by iTransformer":{"size":51819,"path":"media/images/AAPL Stock Price Prediction by iTransformer_1744_9a2d696049054292968e.png","format":"png","width":1000,"height":600,"_type":"image-file","sha256":"9a2d696049054292968e4e84351f0cf95fc272038af2edd21c6b71c1d9311d09"},"real_stock_price":237.3300018310547,"seasonal_3_valid_loss":0.0040543556793259,"periods":[252,504,756,1260],"resid_train_loss":0.014723755682590193,"mae":14.241165161132812,"real_trend_stock_price":215.9502516630356,"dim":128,"Runtime (seconds)":1112.838463306427,"rmse":14.241165161132812,"real_resid_stock_price":10.572525028361724,"_runtime":19541.983044281,"real_seasonal_0_stock_price":-0.23836165657548675,"predicted_resid_stock_price":8.151643753051758,"predicted_seasonal_1_stock_price":1.0221235752105713,"mse":202.81078514666297,"resid_valid_loss":0.021215962848775152,"real_seasonal_2_stock_price":6.958657078706529,"_timestamp":1.7369040063998601e+09,"trend_train_loss":0.0024726318963086682,"seasonal_1_train_loss":0.00011759573101976874,"real_seasonal_3_stock_price":3.1916545932064286,"seasonal_2_valid_loss":0.004185950383543968,"_wandb":{"runtime":19541},"predicted_seasonal_2_stock_price":6.248880863189697,"seasonal_0_valid_loss":0.004131237510591745,"seasonal_1_valid_loss":0.00041723926103122097,"predicted_seasonal_3_stock_price":1.593684196472168,"final_predicted_stock_price":223.08883666992188,"seasonal_0_train_loss":0.0016667261283410612,"trend_valid_loss":0.02118845097720623,"real_seasonal_1_stock_price":0.8952751243198791,"_step":1745}