{"seasonal_0_valid_loss":1.3840513694188232,"mae":60.079803466796875,"predicted_seasonal_0_stock_price":0.7807754278182983,"real_seasonal_0_stock_price":-2.3363741211327924,"real_seasonal_3_stock_price":4.670783896504,"periods":[252,504,756,1260],"_runtime":14.711616477,"_wandb":{"runtime":14},"resid_valid_loss":1.7997647412414626,"resid_train_loss":1.4666517713204525,"seasonal_2_train_loss":0.24416798836194353,"predicted_trend_stock_price":149.32704162597656,"predicted_seasonal_1_stock_price":-1.268814206123352,"trend_valid_loss":0.41840294351283874,"predicted_seasonal_3_stock_price":8.776647567749023,"real_trend_stock_price":221.26011187623968,"_step":9,"predicted_resid_stock_price":12.829401016235352,"final_predicted_stock_price":176.77020263671875,"seasonal_3_valid_loss":0.18553109543445784,"depth":4,"seasonal_1_train_loss":0.6408154112501786,"real_seasonal_1_stock_price":-3.140678324542846,"predicted_seasonal_2_stock_price":6.325143337249756,"seasonal_3_train_loss":0.8568501216199607,"seasonal_2_valid_loss":0.09529688323382288,"dim":128,"trend_train_loss":0.15576152887591335,"seasonal_0_train_loss":0.6617593717839982,"real_resid_stock_price":9.055689141098213,"rmse":60.079803466796875,"seasonal_1_valid_loss":0.44268133665911213,"real_seasonal_2_stock_price":7.340473635349384,"Runtime (seconds)":6.989767551422119,"real_stock_price":236.85000610351562,"mse":3609.582784608938,"_timestamp":1.7367411844296007e+09,"AAPL Stock Price Prediction by iTransformer":{"_type":"image-file","sha256":"0ec365ae6fdf50b54f9da9d2e69d763079608a305188d92658ea4fe1af746948","size":46501,"path":"media/images/AAPL Stock Price Prediction by iTransformer_8_0ec365ae6fdf50b54f9d.png","format":"png","width":1000,"height":600}}