{"_wandb":{"runtime":12},"seasonal_3_valid_loss":2.948573661600555,"mse":11145.013559475541,"_step":9,"periods":[252,504,756,1260],"real_trend_stock_price":221.2601109322536,"predicted_seasonal_0_stock_price":0.005812637507915497,"AAPL Stock Price Prediction by iTransformer":{"format":"png","width":1000,"height":600,"_type":"image-file","sha256":"a42c982b44a3361f1919a7d91b1084ffd388f40d950d2edeb04f75aa7d3490c2","size":46766,"path":"media/images/AAPL Stock Price Prediction by iTransformer_8_a42c982b44a3361f1919.png"},"_timestamp":1.7367361218802397e+09,"seasonal_3_train_loss":2.438675852252043,"final_predicted_stock_price":131.28005981445312,"predicted_trend_stock_price":131.97817993164062,"trend_valid_loss":0.9368730682446221,"predicted_seasonal_1_stock_price":-2.828558921813965,"resid_train_loss":1.9119448430924548,"seasonal_2_valid_loss":0.07279038394152806,"real_seasonal_2_stock_price":7.3404706887026805,"rmse":105.5699462890625,"seasonal_1_train_loss":0.5112280036351975,"real_seasonal_3_stock_price":4.670783135411367,"predicted_resid_stock_price":-4.477921009063721,"real_seasonal_0_stock_price":-2.336378060947249,"dim":128,"seasonal_2_train_loss":0.3681378357940934,"seasonal_0_train_loss":0.3567400952792903,"depth":4,"resid_valid_loss":1.4290030258166235,"_runtime":12.742147897,"mae":105.5699462890625,"predicted_seasonal_3_stock_price":-1.340897798538208,"real_stock_price":236.85000610351562,"trend_train_loss":0.5468326343829736,"Runtime (seconds)":5.508983135223389,"predicted_seasonal_2_stock_price":7.943435192108154,"real_resid_stock_price":9.055693816070544,"seasonal_0_valid_loss":0.7342120416462421,"seasonal_1_valid_loss":0.3417961001396179,"real_seasonal_1_stock_price":-3.1406744079753377}