{"seasonal_1_valid_loss":0.9910477389666167,"trend_valid_loss":4.017464116025015,"_timestamp":1.7367331451762896e+09,"mae":166.48307037353516,"Runtime (seconds)":7.8681321144104,"real_resid_stock_price":9.055690986017567,"predicted_seasonal_1_stock_price":-3.3555166721343994,"depth":4,"seasonal_3_train_loss":0.559994888661983,"real_seasonal_2_stock_price":7.340473109663334,"seasonal_0_valid_loss":1.4134919983106893,"dim":128,"predicted_resid_stock_price":2.416781187057495,"predicted_seasonal_0_stock_price":1.8331354856491089,"seasonal_3_valid_loss":0.2180102640959997,"real_seasonal_1_stock_price":-3.1406766489377604,"real_seasonal_0_stock_price":-2.3363780020353855,"rmse":166.48307037353516,"seasonal_2_valid_loss":0.13122539018536825,"trend_train_loss":0.7456769284307573,"resid_valid_loss":0.6940219374263987,"seasonal_0_train_loss":0.9197025289263906,"periods":[252,504,756,1260],"real_trend_stock_price":221.26011221931054,"predicted_trend_stock_price":65.03910827636719,"AAPL Stock Price Prediction by iTransformer":{"height":600,"_type":"image-file","sha256":"8245b065b254a7ec63709cea718174ee7c883a70feb9a820625352afb93cf880","size":46253,"path":"media/images/AAPL Stock Price Prediction by iTransformer_8_8245b065b254a7ec6370.png","format":"png","width":1000},"seasonal_1_train_loss":0.6784858885583552,"resid_train_loss":0.43240389602454327,"real_stock_price":236.85000610351562,"_step":9,"final_predicted_stock_price":70.36693572998047,"real_seasonal_3_stock_price":4.670784439497348,"predicted_seasonal_2_stock_price":6.182886600494385,"seasonal_2_train_loss":0.46856042275848253,"_runtime":14.764157459,"mse":27716.61272099946,"_wandb":{"runtime":14},"predicted_seasonal_3_stock_price":-1.7494571208953857}