{"seasonal_3_train_loss":0.6642256757652528,"_step":9,"real_resid_stock_price":9.055692242628766,"AAPL Stock Price Prediction by iTransformer":{"format":"png","width":1000,"height":600,"_type":"image-file","sha256":"8c6abe5faedfc22cfafae39d81aa26fa0a6ab0a8ad1c6a143f7da53459665bd3","size":46599,"path":"media/images/AAPL Stock Price Prediction by iTransformer_8_8c6abe5faedfc22cfafa.png"},"periods":[252,504,756,1260],"seasonal_2_train_loss":0.9711111277700907,"real_seasonal_3_stock_price":4.6707842703014135,"dim":128,"trend_train_loss":0.12139828412662221,"resid_valid_loss":1.15390830030737,"seasonal_0_train_loss":1.5069631080875914,"_runtime":13.299987438,"real_stock_price":236.85000610351562,"seasonal_0_valid_loss":3.2503007502003287,"resid_train_loss":0.9252655986411367,"seasonal_1_valid_loss":0.18767898457724433,"seasonal_2_valid_loss":0.7549871194144131,"predicted_seasonal_0_stock_price":0.6042386293411255,"seasonal_3_valid_loss":0.8802904389609677,"real_seasonal_0_stock_price":-2.336381502584352,"predicted_seasonal_2_stock_price":-1.6807620525360107,"Runtime (seconds)":7.001000881195068,"predicted_resid_stock_price":-1.0282877683639526,"predicted_trend_stock_price":165.82736206054688,"real_trend_stock_price":221.26011161917233,"_wandb":{"runtime":13},"depth":4,"mse":6491.897364558885,"real_seasonal_1_stock_price":-3.1406722747186597,"_timestamp":1.7367275567328727e+09,"seasonal_1_train_loss":0.4278679145448035,"rmse":80.57231140136719,"predicted_seasonal_3_stock_price":-4.5408124923706055,"trend_valid_loss":0.2296631204644034,"predicted_seasonal_1_stock_price":-2.9040393829345703,"real_seasonal_2_stock_price":7.340471748716123,"mae":80.57231140136719,"final_predicted_stock_price":156.27769470214844}