{"AAPL Stock Price Prediction by iTransformer":{"height":600,"_type":"image-file","sha256":"27177df0f32857fae23cdef28376a258420385cf53ddb40c7f818f4fa6879c61","size":47719,"path":"media/images/AAPL Stock Price Prediction by iTransformer_8_27177df0f32857fae23c.png","format":"png","width":1000},"seasonal_2_train_loss":0.5035020109655252,"_timestamp":1.736708997807902e+09,"predicted_seasonal_2_stock_price":0.20058418810367584,"predicted_seasonal_0_stock_price":-0.023759040981531143,"Runtime (seconds)":6.564151048660278,"seasonal_3_train_loss":0.5150527657602245,"seasonal_0_train_loss":0.7827077267470774,"real_stock_price":236.85000610351562,"predicted_trend_stock_price":83.63538360595703,"trend_train_loss":0.13679337920597195,"seasonal_1_valid_loss":0.6887545801972578,"resid_train_loss":0.7016105105452162,"real_seasonal_3_stock_price":4.670783465907858,"seasonal_3_valid_loss":0.3689063312942082,"seasonal_0_valid_loss":1.5566119253635406,"real_seasonal_2_stock_price":7.340472374176637,"mse":17829.52504188806,"_wandb":{"runtime":12},"seasonal_2_valid_loss":0.7177827859466727,"rmse":133.5272445678711,"trend_valid_loss":1.8355203853577984,"real_trend_stock_price":221.2601114093634,"_runtime":12.732240785,"depth":4,"real_seasonal_1_stock_price":-3.140677087185495,"_step":9,"periods":[252,504,756,1260],"predicted_seasonal_3_stock_price":7.654560089111328,"resid_valid_loss":0.7095303628506887,"final_predicted_stock_price":103.32276153564453,"mae":133.5272445678711,"dim":128,"seasonal_1_train_loss":1.0150510332193867,"predicted_seasonal_1_stock_price":-1.266340970993042,"real_seasonal_0_stock_price":-2.336377118485626,"real_resid_stock_price":9.055693059738871,"predicted_resid_stock_price":13.12233829498291}