{"seasonal_3_train_loss":1.3237065712985674,"predicted_seasonal_3_stock_price":4.831247329711914,"real_trend_stock_price":167.5354913342489,"mse":5437.09784132638,"real_stock_price":218.94000244140625,"_runtime":18.586950289,"predicted_resid_stock_price":25.101280212402344,"predicted_seasonal_1_stock_price":0.8972257375717163,"seasonal_2_valid_loss":0.32270447874153163,"trend_valid_loss":1.0275085748628128,"_timestamp":1.7367471424020433e+09,"predicted_seasonal_2_stock_price":17.579360961914062,"dim":128,"real_seasonal_1_stock_price":2.721535027645758,"real_seasonal_3_stock_price":9.210042698987007,"seasonal_0_valid_loss":1.611613392829895,"_wandb":{"runtime":18},"rmse":73.73667907714844,"seasonal_0_train_loss":1.4287604605540252,"depth":4,"resid_valid_loss":0.1099140783099784,"real_resid_stock_price":30.052430487608945,"predicted_trend_stock_price":97.2460708618164,"real_seasonal_2_stock_price":16.307195141839433,"_step":9,"mae":73.73667907714844,"resid_train_loss":0.41022631662898906,"trend_train_loss":1.3485403521175534,"real_seasonal_0_stock_price":-6.886692248923765,"final_predicted_stock_price":145.2033233642578,"seasonal_1_train_loss":0.8887143729523093,"AMZN Stock Price Prediction by iTransformer":{"_type":"image-file","sha256":"5c8289aa5560f53b832aa7ed06d7d0dc3980c875dc63f97c9b06be590c1e2318","size":45651,"path":"media/images/AMZN Stock Price Prediction by iTransformer_8_5c8289aa5560f53b832a.png","format":"png","width":1000,"height":600},"predicted_seasonal_0_stock_price":-0.4518604874610901,"periods":[252,504,756,1260],"seasonal_2_train_loss":1.5569397166242518,"Runtime (seconds)":9.92965579032898,"seasonal_1_valid_loss":0.5669857186410464,"seasonal_3_valid_loss":0.21281517962437696}