{"real_seasonal_1_stock_price":2.721535027645758,"real_resid_stock_price":30.052430487608945,"real_seasonal_0_stock_price":-6.886692248923765,"real_seasonal_2_stock_price":16.307195141839433,"predicted_seasonal_2_stock_price":17.78164291381836,"_wandb":{"runtime":14},"real_trend_stock_price":167.5354913342489,"depth":4,"seasonal_1_train_loss":0.7898572871806592,"seasonal_3_valid_loss":0.15933604238956584,"predicted_seasonal_1_stock_price":3.015153646469116,"periods":[252,504,756,1260],"_timestamp":1.7367444764837441e+09,"AMZN Stock Price Prediction by iTransformer":{"sha256":"e04873e089439fbc912a49cea1bb7504ddcd1ee39b4e7e61255ac524fd5ff46e","size":48525,"path":"media/images/AMZN Stock Price Prediction by iTransformer_8_e04873e089439fbc912a.png","format":"png","width":1000,"height":600,"_type":"image-file"},"seasonal_2_train_loss":0.3929563593794662,"predicted_seasonal_0_stock_price":-5.7480058670043945,"Runtime (seconds)":7.356916904449463,"real_seasonal_3_stock_price":9.210042698987007,"predicted_trend_stock_price":129.13584899902344,"_runtime":14.909622468,"seasonal_1_valid_loss":0.3446452235293925,"real_stock_price":218.94000244140625,"seasonal_3_train_loss":0.4242753166803069,"resid_valid_loss":2.089076051618968,"dim":128,"seasonal_0_valid_loss":0.15895944522501254,"trend_valid_loss":0.20441004982004818,"mse":2661.137284831144,"seasonal_2_valid_loss":0.08371884375810623,"seasonal_0_train_loss":0.27374343985528776,"rmse":51.586212158203125,"final_predicted_stock_price":167.35379028320312,"resid_train_loss":1.3601660938764812,"predicted_resid_stock_price":15.448052406311035,"_step":9,"trend_train_loss":0.053446744379944185,"predicted_seasonal_3_stock_price":7.721105575561523,"mae":51.586212158203125}