{"mse":16160.16430079029,"trend_valid_loss":2.5904288291931152,"Runtime (seconds)":5.387761354446411,"_step":9,"predicted_trend_stock_price":84.27782440185547,"depth":4,"predicted_seasonal_1_stock_price":1.8045822381973267,"dim":128,"seasonal_1_train_loss":1.2062965217534434,"real_seasonal_1_stock_price":2.721535027645758,"seasonal_1_valid_loss":1.3834158067454658,"_wandb":{"runtime":11},"predicted_seasonal_0_stock_price":-6.8550496101379395,"seasonal_3_train_loss":0.814619799834939,"predicted_resid_stock_price":4.265007019042969,"rmse":127.12263488769531,"resid_train_loss":1.5794042249481648,"real_trend_stock_price":167.5354913342489,"real_seasonal_2_stock_price":16.307195141839433,"mae":127.12263488769531,"predicted_seasonal_3_stock_price":5.785162925720215,"_timestamp":1.7367337480726573e+09,"final_predicted_stock_price":91.81736755371094,"real_seasonal_3_stock_price":9.210042698987007,"seasonal_2_valid_loss":0.6353184575962633,"trend_train_loss":1.6560433121543983,"AMZN Stock Price Prediction by iTransformer":{"format":"png","width":1000,"height":600,"_type":"image-file","sha256":"3b75e3664f3667300f9849470ea70dff408f8b903d7aef6b92e06da3dd2632ec","size":46585,"path":"media/images/AMZN Stock Price Prediction by iTransformer_8_3b75e3664f3667300f98.png"},"predicted_seasonal_2_stock_price":2.5398406982421875,"resid_valid_loss":0.7757556239763895,"seasonal_0_valid_loss":0.28177056831698266,"real_stock_price":218.94000244140625,"_runtime":11.079959226,"seasonal_2_train_loss":1.1717869572691746,"real_seasonal_0_stock_price":-6.886692248923765,"seasonal_0_train_loss":0.36042202923787836,"real_resid_stock_price":30.052430487608945,"periods":[252,504,756,1260],"seasonal_3_valid_loss":0.7992753682381196}