{"_step":9,"seasonal_3_train_loss":1.168958942953132,"real_seasonal_0_stock_price":-6.886692248923765,"seasonal_2_valid_loss":2.503733575142036,"depth":4,"AMZN Stock Price Prediction by iTransformer":{"format":"png","width":1000,"height":600,"_type":"image-file","sha256":"1f1314e6814f0695d4d15ddd95c60d79eed8a32da6366c58b5bc86079eab7de2","size":46681,"path":"media/images/AMZN Stock Price Prediction by iTransformer_8_1f1314e6814f0695d4d1.png"},"real_seasonal_2_stock_price":16.307195141839433,"_runtime":10.863966137,"mse":16776.073816374468,"predicted_seasonal_1_stock_price":-3.184568405151367,"predicted_seasonal_0_stock_price":-6.973783493041992,"predicted_resid_stock_price":29.35908317565918,"_timestamp":1.7367141534349155e+09,"resid_train_loss":0.9561807035835588,"periods":[252,504,756,1260],"real_seasonal_3_stock_price":9.210042698987007,"_wandb":{"runtime":10},"real_resid_stock_price":30.052430487608945,"trend_train_loss":0.6095383652035402,"mae":129.5224838256836,"seasonal_1_train_loss":1.4270109013579357,"rmse":129.5224838256836,"predicted_trend_stock_price":84.98432922363281,"seasonal_0_valid_loss":0.3440193284946273,"seasonal_3_valid_loss":0.6331893019016507,"predicted_seasonal_3_stock_price":-9.414117813110352,"seasonal_1_valid_loss":1.7869322473804157,"dim":128,"seasonal_0_train_loss":0.46405720367747083,"seasonal_2_train_loss":1.4178026676481739,"final_predicted_stock_price":89.41751861572266,"real_seasonal_1_stock_price":2.721535027645758,"real_stock_price":218.94000244140625,"real_trend_stock_price":167.5354913342489,"resid_valid_loss":0.47677080090389723,"predicted_seasonal_2_stock_price":-5.353420734405518,"Runtime (seconds)":4.971836090087891,"trend_valid_loss":1.4811130129832897}