{"real_seasonal_1_stock_price":-3.140672158017633,"predicted_resid_stock_price":-0.17914199829101562,"real_seasonal_3_stock_price":4.670784599534493,"seasonal_3_valid_loss":0.8368103005580212,"seasonal_3_train_loss":1.130804926305047,"real_trend_stock_price":221.26011180578737,"real_resid_stock_price":9.055696527764212,"periods":[252,504,756,1260],"_step":9,"seasonal_2_valid_loss":0.6968766293674707,"seasonal_0_train_loss":0.1991972635096748,"seasonal_0_valid_loss":0.8371565571437729,"rmse":102.77435302734375,"predicted_seasonal_1_stock_price":-2.032158613204956,"predicted_seasonal_2_stock_price":6.543358325958252,"mse":10562.567640189081,"trend_valid_loss":0.7673664701765168,"dim":128,"resid_valid_loss":1.4363715910181707,"final_predicted_stock_price":134.07565307617188,"_timestamp":1.7367567390687594e+09,"real_seasonal_0_stock_price":-2.3363842310463396,"mae":102.77435302734375,"predicted_trend_stock_price":131.56246948242188,"trend_train_loss":0.23487136505591497,"Runtime (seconds)":6.115741014480591,"real_seasonal_2_stock_price":7.340469559493498,"seasonal_1_train_loss":0.7109959406332464,"resid_train_loss":1.8185196295219812,"predicted_seasonal_0_stock_price":0.5787961483001709,"real_stock_price":236.85000610351562,"_runtime":13.8276557,"predicted_seasonal_3_stock_price":-2.3976736068725586,"seasonal_2_train_loss":1.1842983980864326,"seasonal_1_valid_loss":0.33980874319579946,"AAPL Stock Price Prediction by iTransformer":{"sha256":"175005f904147753fa000fbeb02505b897f3725836620f7d86a0051bd162a444","size":46794,"path":"media/images/AAPL Stock Price Prediction by iTransformer_8_175005f904147753fa00.png","format":"png","width":1000,"height":600,"_type":"image-file"},"depth":4,"_wandb":{"runtime":13}}