{"predicted_seasonal_0_stock_price":0.08252734690904617,"real_stock_price":236.85000610351562,"trend_valid_loss":8.569727656864885,"Runtime (seconds)":6.509193181991577,"resid_train_loss":0.8318159183196863,"real_trend_stock_price":221.26011198931175,"seasonal_2_train_loss":0.5969896155431211,"trend_train_loss":2.7454009018838406,"_wandb":{"runtime":12},"AAPL Stock Price Prediction by iTransformer":{"format":"png","width":1000,"height":600,"_type":"image-file","sha256":"e65fc3696550b1898838e54eaa047e3853d6c422c76fb918b55bbae4e6f3d0d8","size":44481,"path":"media/images/AAPL Stock Price Prediction by iTransformer_8_e65fc3696550b1898838.png"},"_timestamp":1.7367300234974601e+09,"seasonal_1_valid_loss":1.5700483034912258,"mse":50065.63344995695,"_runtime":12.390709495,"seasonal_2_valid_loss":0.24721795320510864,"predicted_seasonal_2_stock_price":5.0083723068237305,"seasonal_3_train_loss":1.0925779938245268,"real_seasonal_0_stock_price":-2.3363802588399194,"real_seasonal_2_stock_price":7.340467838655421,"predicted_resid_stock_price":5.593578338623047,"predicted_trend_stock_price":3.637451171875,"real_resid_stock_price":9.055697088193057,"periods":[252,504,756,1260],"mae":223.7535104751587,"final_predicted_stock_price":13.096495628356934,"_step":9,"depth":4,"predicted_seasonal_1_stock_price":1.7764235734939575,"seasonal_0_train_loss":0.2915375098027606,"rmse":223.7535104751587,"seasonal_0_valid_loss":0.7922033559192311,"dim":128,"resid_valid_loss":1.3999569443529551,"seasonal_1_train_loss":1.3794533424270308,"predicted_seasonal_3_stock_price":-3.001856803894043,"real_seasonal_3_stock_price":4.670784800216839,"real_seasonal_1_stock_price":-3.1406753540215577,"seasonal_3_valid_loss":0.5392684182011953}