{"real_seasonal_3_stock_price":-2.9519124396147784,"Runtime (seconds)":2483.077346801758,"real_seasonal_0_stock_price":4.852386513905087,"trend_train_loss":0.020521415562182146,"real_seasonal_2_stock_price":0.6327342620551016,"seasonal_0_valid_loss":0.053804658639889494,"seasonal_2_train_loss":0.03459320480801312,"rmse":0.8929519653320312,"real_resid_stock_price":-1.2056653145317426,"seasonal_3_train_loss":0.08045764297948951,"_step":1742,"dim":128,"seasonal_1_valid_loss":0.07025207026965088,"predicted_resid_stock_price":-1.5594227313995361,"mse":0.7973632123903371,"_timestamp":1.7383686435921452e+09,"mae":0.8929519653320312,"depth":4,"predicted_seasonal_2_stock_price":0.984161376953125,"_runtime":25665.291543913,"periods":[252,504,756,1260],"resid_valid_loss":0.01763040772298487,"final_predicted_stock_price":101.56704711914062,"_wandb":{"runtime":25665},"real_seasonal_1_stock_price":-0.8883257305804589,"trend_valid_loss":0.05818072890173899,"seasonal_0_train_loss":0.010196086297329066,"predicted_seasonal_3_stock_price":-4.013758182525635,"seasonal_2_valid_loss":0.025440165773034096,"SBUX Stock Price Prediction by iTransformer":{"width":1000,"height":600,"_type":"image-file","sha256":"153827f80f0e95eaa24fed12398d3f25292f871ed67f0e962cbb015cc0005aa6","size":54762,"path":"media/images/SBUX Stock Price Prediction by iTransformer_1741_153827f80f0e95eaa24f.png","format":"png"},"predicted_trend_stock_price":101.86683654785156,"seasonal_3_valid_loss":0.06551795867323773,"predicted_seasonal_0_stock_price":5.541330814361572,"predicted_seasonal_1_stock_price":-1.252100944519043,"resid_train_loss":0.052633718229639255,"seasonal_1_train_loss":0.05815019432806195,"real_trend_stock_price":102.02078179323945,"real_stock_price":102.45999908447266}