{"_step":9,"depth":4,"seasonal_0_valid_loss":0.9712368992840602,"mse":5772.630496436963,"seasonal_1_valid_loss":0.2585907895264663,"real_stock_price":236.85000610351562,"_runtime":9.096041277,"predicted_resid_stock_price":12.692473411560059,"resid_train_loss":1.2920903844625025,"_timestamp":1.736734849211444e+09,"predicted_seasonal_1_stock_price":-1.8345592021942139,"periods":[252,504,756,1260],"seasonal_3_valid_loss":0.14966572316562066,"real_seasonal_1_stock_price":-3.1406767987290634,"predicted_seasonal_2_stock_price":2.8353726863861084,"Runtime (seconds)":4.143958806991577,"final_predicted_stock_price":160.87217712402344,"mae":75.97782897949219,"seasonal_1_train_loss":0.6852835008364901,"seasonal_2_train_loss":0.7289092242275009,"seasonal_0_train_loss":0.5840176271144734,"real_trend_stock_price":221.26011133595634,"_wandb":{"runtime":9},"trend_valid_loss":0.5618985753999347,"seasonal_3_train_loss":0.6723735998735583,"real_resid_stock_price":9.055700352132874,"predicted_trend_stock_price":135.32357788085938,"predicted_seasonal_0_stock_price":1.9685686826705933,"AAPL Stock Price Prediction by iTransformer":{"size":46700,"path":"media/images/AAPL Stock Price Prediction by iTransformer_8_baf738cf3689bbe8cf10.png","format":"png","width":1000,"height":600,"_type":"image-file","sha256":"baf738cf3689bbe8cf102fbed3655848e9e5ada3662ab86ab39f9b92eca6be73"},"trend_train_loss":0.21193993731188973,"predicted_seasonal_3_stock_price":9.886743545532227,"resid_valid_loss":0.25372493565435655,"rmse":75.97782897949219,"real_seasonal_2_stock_price":7.340470709347667,"real_seasonal_0_stock_price":-2.3363838959025287,"seasonal_2_valid_loss":0.5605915305407151,"dim":128,"real_seasonal_3_stock_price":4.6707844007103265}