{"predicted_trend_stock_price":68.10853576660156,"_runtime":11.417541998,"real_seasonal_0_stock_price":-6.886692248923765,"seasonal_3_valid_loss":1.5123097884733945,"real_seasonal_2_stock_price":16.307195141839433,"resid_train_loss":1.4238678979160604,"seasonal_2_valid_loss":0.2671418150593422,"seasonal_1_valid_loss":0.9811612461234057,"AMZN Stock Price Prediction by iTransformer":{"path":"media/images/AMZN Stock Price Prediction by iTransformer_8_176de0dc8ae1292bca32.png","format":"png","width":1000,"height":600,"_type":"image-file","sha256":"176de0dc8ae1292bca3280ca207a36f2f3aac1a40e19554a6b9860c9f6073d4d","size":47072},"trend_train_loss":1.8104932865623182,"real_seasonal_1_stock_price":2.721535027645758,"seasonal_2_train_loss":2.0069714370811007,"trend_valid_loss":3.0104023753904783,"seasonal_3_train_loss":3.2790332984654356,"final_predicted_stock_price":69.72694396972656,"mae":149.2130584716797,"real_resid_stock_price":30.052430487608945,"periods":[252,504,756,1260],"seasonal_1_train_loss":1.2426843075525194,"rmse":149.2130584716797,"predicted_seasonal_3_stock_price":-11.749861717224121,"mse":22264.5368184729,"_step":9,"real_trend_stock_price":167.5354913342489,"predicted_seasonal_2_stock_price":14.54692268371582,"real_stock_price":218.94000244140625,"resid_valid_loss":1.667032265162968,"predicted_seasonal_1_stock_price":2.5893619060516357,"predicted_seasonal_0_stock_price":1.104096531867981,"seasonal_0_valid_loss":1.849389877063435,"_wandb":{"runtime":11},"depth":4,"real_seasonal_3_stock_price":9.210042698987007,"_timestamp":1.7367188182709553e+09,"seasonal_0_train_loss":1.4918897896117667,"Runtime (seconds)":5.41132378578186,"dim":128,"predicted_resid_stock_price":-4.872110366821289}