{"_timestamp":1.738790798462634e+09,"Runtime (seconds)":108.6747179031372,"mse":14.042022535810247,"_step":302,"train_loss":0.0690270303633738,"real_stock_price":192.2899932861328,"rmse":3.7472686767578125,"_wandb":{"runtime":2360},"dim":128,"depth":4,"valid_loss":0.035282178294699554,"r2_score":NaN,"mae":3.7472686767578125,"predicted_stock_price":188.542724609375,"GOOG Stock Price Prediction by iTransformer(no MSTL)":{"size":55483,"path":"media/images/GOOG Stock Price Prediction by iTransformer(no MSTL)_301_a4c3f28bd70f3328107c.png","format":"png","width":1000,"height":600,"_type":"image-file","sha256":"a4c3f28bd70f3328107cb2bb3ed79a023ce9865afca3d8c165d9ac1f2e2fe3a2"},"_runtime":2360.168233763}