{"mse":15028.76362586394,"seasonal_2_valid_loss":0.21993339860934288,"real_seasonal_0_stock_price":-2.336380170012707,"resid_valid_loss":0.4813635384439642,"real_seasonal_2_stock_price":7.340474777756998,"seasonal_0_valid_loss":2.5358793255859315,"final_predicted_stock_price":114.25814819335938,"seasonal_3_valid_loss":0.3052228357771347,"predicted_seasonal_3_stock_price":1.0006952285766602,"predicted_seasonal_1_stock_price":-1.947795033454895,"real_stock_price":236.85000610351562,"seasonal_2_train_loss":1.2380452070844934,"real_seasonal_3_stock_price":4.67078633080534,"AAPL Stock Price Prediction by iTransformer":{"size":47248,"path":"media/images/AAPL Stock Price Prediction by iTransformer_8_1379533fe431945fba43.png","format":"png","width":1000,"height":600,"_type":"image-file","sha256":"1379533fe431945fba4386cec3054f03d7483ac3c06a3119744c4e2cdaea296d"},"_wandb":{"runtime":11},"_runtime":11.698817093,"seasonal_1_valid_loss":0.3964962065219879,"rmse":122.59185791015625,"real_seasonal_1_stock_price":-3.1406785873533614,"real_trend_stock_price":221.2601120423814,"seasonal_3_train_loss":0.7558776960035579,"real_resid_stock_price":9.055691709937975,"_step":9,"periods":[252,504,756,1260],"mae":122.59185791015625,"predicted_seasonal_0_stock_price":-2.7050299644470215,"trend_train_loss":0.4788713194127824,"resid_train_loss":0.5396804691440207,"predicted_seasonal_2_stock_price":4.775992393493652,"depth":4,"predicted_resid_stock_price":2.729900598526001,"trend_valid_loss":1.636348048073664,"seasonal_0_train_loss":1.1552263620851884,"predicted_trend_stock_price":110.40438079833984,"Runtime (seconds)":5.473995685577393,"dim":128,"seasonal_1_train_loss":0.36096101988099977,"_timestamp":1.7367438257990694e+09}