{"real_seasonal_1_stock_price":2.721535027645758,"seasonal_1_train_loss":0.8266368668977342,"predicted_trend_stock_price":87.67792510986328,"seasonal_3_valid_loss":0.24000572372374096,"mse":4880.0551272640005,"resid_valid_loss":1.1829067380746678,"predicted_seasonal_0_stock_price":-5.486807823181152,"_step":9,"seasonal_2_train_loss":0.6494765447199143,"seasonal_3_train_loss":0.7455344819150488,"predicted_resid_stock_price":33.687705993652344,"real_seasonal_3_stock_price":9.210042698987007,"seasonal_1_valid_loss":0.337068674939402,"trend_valid_loss":1.522174511990205,"real_trend_stock_price":167.5354913342489,"seasonal_0_train_loss":0.2710958427620567,"final_predicted_stock_price":149.08261108398438,"Runtime (seconds)":7.008663177490234,"depth":4,"resid_train_loss":0.3709786936134956,"real_seasonal_2_stock_price":16.307195141839433,"predicted_seasonal_1_stock_price":3.661659002304077,"dim":128,"real_stock_price":218.94000244140625,"predicted_seasonal_2_stock_price":20.102693557739258,"AMZN Stock Price Prediction by iTransformer":{"height":600,"_type":"image-file","sha256":"41c651b71cf35540afd223baae0780f34dcbbfe61b357e13e9186e4d3d316bf9","size":48889,"path":"media/images/AMZN Stock Price Prediction by iTransformer_8_41c651b71cf35540afd2.png","format":"png","width":1000},"seasonal_2_valid_loss":0.3717657966174286,"real_seasonal_0_stock_price":-6.886692248923765,"periods":[252,504,756,1260],"real_resid_stock_price":30.052430487608945,"_timestamp":1.736713345662747e+09,"seasonal_0_valid_loss":0.150646864826029,"_wandb":{"runtime":14},"mae":69.85739135742188,"_runtime":14.443806136,"rmse":69.85739135742188,"predicted_seasonal_3_stock_price":9.439437866210938,"trend_train_loss":0.7357317422226952}