{"GOOG Stock Price Prediction by iTransformer(no MSTL)":{"sha256":"9c97ac4977b3f9b7fe5782f3567e1108d9710d55ae5a9b0a9f53ab21a8c1202d","size":59346,"path":"media/images/GOOG Stock Price Prediction by iTransformer(no MSTL)_266_9c97ac4977b3f9b7fe57.png","format":"png","width":1000,"height":600,"_type":"image-file"},"valid_loss":0.0483172447540057,"mse":22.152121249586344,"Runtime (seconds)":103.37141799926758,"_step":267,"r2_score":NaN,"depth":4,"rmse":4.70660400390625,"dim":128,"train_loss":0.07346960269910226,"mae":4.70660400390625,"predicted_stock_price":201.776611328125,"real_stock_price":197.07000732421875,"_wandb":{"runtime":2993},"_timestamp":1.7388304986914732e+09,"_runtime":2993.837128932}