{"seasonal_0_valid_loss":2.376260426918561,"_timestamp":1.7367080443024302e+09,"trend_valid_loss":2.9269745752236167,"real_seasonal_2_stock_price":7.340467571622793,"predicted_seasonal_2_stock_price":1.6136621236801147,"predicted_seasonal_3_stock_price":1.8034870624542236,"real_resid_stock_price":9.055693707567315,"real_seasonal_3_stock_price":4.67078736574045,"final_predicted_stock_price":82.70384216308594,"real_trend_stock_price":221.2601114081458,"resid_valid_loss":0.11594660312933762,"dim":128,"seasonal_1_train_loss":0.9496712210307846,"_step":9,"seasonal_1_valid_loss":0.6226627204540002,"AAPL Stock Price Prediction by iTransformer":{"path":"media/images/AAPL Stock Price Prediction by iTransformer_8_c9111103f09d59dc8496.png","format":"png","width":1000,"height":600,"_type":"image-file","sha256":"c9111103f09d59dc84960175bfe63a757106a678f96c7997674070edc6ed55f5","size":46279},"real_seasonal_1_stock_price":-3.140678561645685,"seasonal_2_train_loss":0.4305878272354922,"real_stock_price":236.85000610351562,"predicted_seasonal_1_stock_price":-2.888662576675415,"resid_train_loss":0.6392185903437759,"predicted_resid_stock_price":7.067226409912109,"predicted_trend_stock_price":75.35414123535156,"seasonal_3_train_loss":0.48426654965076515,"seasonal_3_valid_loss":0.16949940073197778,"_runtime":14.267524029,"periods":[252,504,756,1260],"real_seasonal_0_stock_price":-2.336375387915028,"mse":23761.039857549826,"rmse":154.1461639404297,"seasonal_0_train_loss":0.8967411835725083,"depth":4,"trend_train_loss":0.7240490987571457,"seasonal_2_valid_loss":0.37698356780549386,"_wandb":{"runtime":14},"Runtime (seconds)":6.76164698600769,"mae":154.1461639404297,"predicted_seasonal_0_stock_price":-0.24600675702095032}