{"_step":9,"resid_valid_loss":0.693129591667614,"trend_valid_loss":1.2666873676436288,"periods":[252,504,756,1260],"depth":4,"real_trend_stock_price":221.26011175015503,"real_seasonal_0_stock_price":-2.336381825420846,"real_stock_price":236.85000610351562,"seasonal_2_valid_loss":0.800864200571165,"final_predicted_stock_price":114.29618072509766,"real_seasonal_3_stock_price":4.670786951269667,"predicted_seasonal_0_stock_price":-0.30836373567581177,"seasonal_1_valid_loss":0.3749493956565857,"resid_train_loss":1.1498002115943562,"real_seasonal_2_stock_price":7.34046778155845,"trend_train_loss":0.1929395009728356,"seasonal_3_train_loss":1.8001393300335033,"_timestamp":1.7367421065534024e+09,"predicted_seasonal_3_stock_price":-3.4852077960968018,"predicted_trend_stock_price":114.56620788574219,"seasonal_0_train_loss":0.6021749229922806,"real_resid_stock_price":9.055695565807156,"_runtime":11.602176525,"seasonal_0_valid_loss":0.6159508967172729,"_wandb":{"runtime":11},"predicted_resid_stock_price":3.414123296737671,"mae":122.55382537841797,"Runtime (seconds)":6.521632671356201,"seasonal_2_train_loss":0.9925684436015214,"mse":15019.440114883764,"rmse":122.55382537841797,"dim":128,"predicted_seasonal_2_stock_price":2.7688629627227783,"AAPL Stock Price Prediction by iTransformer":{"size":47184,"path":"media/images/AAPL Stock Price Prediction by iTransformer_8_4a1b4512e27f6f21f964.png","format":"png","width":1000,"height":600,"_type":"image-file","sha256":"4a1b4512e27f6f21f9649340a141d88cc4e4f1f556fb2050a13bbc3141cdf1fc"},"seasonal_1_train_loss":0.3457919138750134,"seasonal_3_valid_loss":0.5423975481810394,"predicted_seasonal_1_stock_price":-2.6594390869140625,"real_seasonal_1_stock_price":-3.1406741198538075}