{"real_stock_price":207.86000061035156,"Runtime (seconds)":346.87431621551514,"mse":788.6570418486372,"train_loss":0.10044728059796786,"depth":4,"_runtime":7010.32212939,"_wandb":{"runtime":7010},"_timestamp":1.736095242762943e+09,"rmse":28.083038330078125,"dim":128,"AMZN Stock Price Prediction by Transformer(no MSTL)":{"path":"media/images/AMZN Stock Price Prediction by Transformer(no MSTL)_301_9d2244f8b3d7ffa67732.png","format":"png","width":1000,"height":600,"_type":"image-file","sha256":"9d2244f8b3d7ffa67732f79bcfadb60e0ee5f1e4e89604771d5696156a9cec7d","size":51615},"r2_score":NaN,"predicted_stock_price":179.77696228027344,"valid_loss":0.10246463071169525,"mae":28.083038330078125,"_step":302}