{"predicted_seasonal_3_stock_price":16.267362594604492,"real_resid_stock_price":30.052430487608945,"_wandb":{"runtime":11},"mse":223.5165523448959,"seasonal_3_valid_loss":0.6576043367385864,"seasonal_1_train_loss":0.676211769615281,"mae":14.950469970703125,"trend_valid_loss":0.018556592429491103,"seasonal_1_valid_loss":0.9842460600491766,"real_seasonal_3_stock_price":9.210042698987007,"real_seasonal_2_stock_price":16.307195141839433,"trend_train_loss":0.0952583663230134,"real_seasonal_0_stock_price":-6.886692248923765,"predicted_trend_stock_price":162.7755126953125,"resid_valid_loss":0.7791739255189896,"predicted_seasonal_1_stock_price":0.2180316150188446,"rmse":14.950469970703125,"seasonal_2_valid_loss":0.055459771717234374,"seasonal_3_train_loss":0.7624615097096464,"seasonal_0_valid_loss":2.060184403231544,"real_trend_stock_price":167.5354913342489,"seasonal_0_train_loss":1.4777394801554116,"dim":128,"depth":4,"predicted_seasonal_0_stock_price":-0.6435730457305908,"periods":[252,504,756,1260],"Runtime (seconds)":5.679086685180664,"real_seasonal_1_stock_price":2.721535027645758,"final_predicted_stock_price":203.98953247070312,"_runtime":11.934528855,"seasonal_2_train_loss":0.6814515622373832,"resid_train_loss":1.050837237692824,"predicted_resid_stock_price":8.238500595092773,"_timestamp":1.7367160556866534e+09,"AMZN Stock Price Prediction by iTransformer":{"format":"png","width":1000,"height":600,"_type":"image-file","sha256":"c95d9ca05cc01dff92759a548f2628a611815526dd61fa2d52c9eaca281e647d","size":51071,"path":"media/images/AMZN Stock Price Prediction by iTransformer_8_c95d9ca05cc01dff9275.png"},"predicted_seasonal_2_stock_price":17.133703231811523,"real_stock_price":218.94000244140625,"_step":9}