{"resid_valid_loss":1.9711973839495556,"seasonal_2_train_loss":0.9097049475075251,"seasonal_2_valid_loss":0.14913042359464335,"resid_train_loss":1.5081469345988565,"predicted_seasonal_1_stock_price":-3.339851140975952,"seasonal_3_valid_loss":0.5758750820964701,"seasonal_1_valid_loss":0.18499417251321826,"trend_train_loss":0.554477714446353,"seasonal_0_train_loss":0.2836238736834406,"mae":129.81038665771484,"depth":4,"real_seasonal_1_stock_price":-3.1406740880735997,"_wandb":{"runtime":14},"seasonal_1_train_loss":0.2529271608535944,"real_seasonal_3_stock_price":4.670779159677336,"predicted_trend_stock_price":115.18971252441406,"Runtime (seconds)":5.172700881958008,"real_seasonal_2_stock_price":7.340470650041853,"predicted_seasonal_3_stock_price":-4.222226142883301,"_step":9,"periods":[252,504,756,1260],"predicted_seasonal_0_stock_price":0.48301565647125244,"trend_valid_loss":1.4559854251813371,"dim":128,"final_predicted_stock_price":107.03961944580078,"rmse":129.81038665771484,"predicted_seasonal_2_stock_price":4.59298038482666,"seasonal_3_train_loss":1.1008581292061579,"mse":16850.736484225432,"seasonal_0_valid_loss":0.22027434608470256,"real_resid_stock_price":9.055701918350906,"real_trend_stock_price":221.26011180246763,"real_stock_price":236.85000610351562,"_timestamp":1.7367320141051502e+09,"predicted_resid_stock_price":-5.664010047912598,"AAPL Stock Price Prediction by iTransformer":{"width":1000,"height":600,"_type":"image-file","sha256":"94fd22b941aff840d6127986eeed701516ce1a473d2c062c29a4b4580f405849","size":47705,"path":"media/images/AAPL Stock Price Prediction by iTransformer_8_94fd22b941aff840d612.png","format":"png"},"_runtime":14.566410894,"real_seasonal_0_stock_price":-2.3363833389484747}