{"seasonal_0_valid_loss":1.6552986139059067,"Runtime (seconds)":10.451977968215942,"resid_train_loss":1.132323982815913,"predicted_seasonal_0_stock_price":-0.012017592787742615,"predicted_seasonal_2_stock_price":2.330070972442627,"_wandb":{"runtime":21},"AAPL Stock Price Prediction by Transformer":{"width":1000,"height":600,"_type":"image-file","sha256":"21b53d2fd95f1ce8cee60f4bd994f2ad1ecc8c6b669a582f1f3008da84e44961","size":54947,"path":"media/images/AAPL Stock Price Prediction by Transformer_8_21b53d2fd95f1ce8cee6.png","format":"png"},"final_predicted_stock_price":225.87274169921875,"real_stock_price":255.27000427246094,"rmse":29.397262573242188,"dim":128,"resid_valid_loss":2.3480185030111627,"seasonal_3_train_loss":2.1678202969263776,"seasonal_0_train_loss":1.4184673491944657,"periods":[252,504,756,1260],"trend_train_loss":0.18411363063237052,"_timestamp":1.7367859705623708e+09,"predicted_seasonal_1_stock_price":-0.5586050152778625,"predicted_trend_stock_price":216.9041748046875,"mse":864.1990468001459,"seasonal_3_valid_loss":1.4459439906568239,"trend_valid_loss":0.00028582551749423146,"seasonal_2_valid_loss":0.6469605613411881,"real_seasonal_2_stock_price":9.247148522823755,"real_seasonal_1_stock_price":0.5375207396826502,"_step":9,"real_trend_stock_price":219.10030043464144,"real_seasonal_3_stock_price":7.273187082040657,"seasonal_2_train_loss":0.6047558166352522,"predicted_resid_stock_price":8.168829917907715,"real_seasonal_0_stock_price":1.3587088479065255,"seasonal_1_train_loss":0.5664025544584467,"real_resid_stock_price":17.753138645365908,"mae":29.397262573242188,"depth":4,"seasonal_1_valid_loss":0.49449752298105193,"_runtime":21.061507789,"predicted_seasonal_3_stock_price":-0.9597042798995972}