{"mse":2048.584508601576,"real_seasonal_3_stock_price":9.210042698987007,"real_stock_price":218.94000244140625,"predicted_seasonal_3_stock_price":13.221860885620117,"seasonal_2_train_loss":1.4575614243515966,"rmse":45.26129150390625,"periods":[252,504,756,1260],"mae":45.26129150390625,"trend_train_loss":0.09207914878764936,"predicted_seasonal_1_stock_price":-0.9373871088027954,"dim":128,"_runtime":16.170796031,"seasonal_1_valid_loss":2.0618074692275425,"seasonal_3_valid_loss":1.7958701774281374,"AMZN Stock Price Prediction by iTransformer":{"path":"media/images/AMZN Stock Price Prediction by iTransformer_8_f7082b548ddaf94a88be.png","format":"png","width":1000,"height":600,"_type":"image-file","sha256":"f7082b548ddaf94a88beb329c26df3dd6b86c88534c119f4d293f5d3c7b934e6","size":48388},"real_seasonal_0_stock_price":-6.886692248923765,"depth":4,"resid_valid_loss":0.4843546732846909,"real_trend_stock_price":167.5354913342489,"seasonal_2_valid_loss":1.4367249059789586,"predicted_seasonal_0_stock_price":-6.704524040222168,"predicted_trend_stock_price":163.16851806640625,"resid_train_loss":0.6453732118180521,"seasonal_0_valid_loss":0.2061321895686624,"final_predicted_stock_price":173.6787109375,"seasonal_1_train_loss":2.0695309942904507,"_timestamp":1.736718450946083e+09,"Runtime (seconds)":8.171844959259033,"real_seasonal_2_stock_price":16.307195141839433,"predicted_seasonal_2_stock_price":-0.6502651572227478,"_step":9,"predicted_resid_stock_price":5.580526828765869,"_wandb":{"runtime":16},"seasonal_0_train_loss":0.29706345553728125,"real_resid_stock_price":30.052430487608945,"seasonal_3_train_loss":1.5351121893396846,"real_seasonal_1_stock_price":2.721535027645758,"trend_valid_loss":0.0024211147224510233}