{"mae":61.211578369140625,"trend_train_loss":0.29039260212292634,"trend_valid_loss":0.29473272536959605,"AMZN Stock Price Prediction by iTransformer":{"height":600,"_type":"image-file","sha256":"1909adc653a92097253d0d9a257193d525f171cf0ca17662ead6e4412570bd10","size":48581,"path":"media/images/AMZN Stock Price Prediction by iTransformer_8_1909adc653a92097253d.png","format":"png","width":1000},"real_trend_stock_price":167.5354913342489,"seasonal_3_train_loss":0.4698971351883137,"real_seasonal_1_stock_price":2.721535027645758,"_runtime":15.232870152,"predicted_trend_stock_price":136.21812438964844,"seasonal_0_valid_loss":0.13744169010503873,"depth":4,"real_seasonal_2_stock_price":16.307195141839433,"predicted_seasonal_1_stock_price":2.3160324096679688,"real_resid_stock_price":30.052430487608945,"_timestamp":1.7367505295550048e+09,"seasonal_2_train_loss":0.4664556330980749,"predicted_resid_stock_price":4.405908584594727,"resid_valid_loss":0.4760053213891568,"seasonal_1_train_loss":1.052465136602373,"periods":[252,504,756,1260],"dim":128,"seasonal_3_valid_loss":0.2861339993906442,"seasonal_1_valid_loss":0.5241053638893994,"_step":9,"real_seasonal_0_stock_price":-6.886692248923765,"final_predicted_stock_price":157.72842407226562,"predicted_seasonal_0_stock_price":-4.332386493682861,"predicted_seasonal_3_stock_price":9.53526782989502,"mse":3746.8573264414445,"Runtime (seconds)":6.196575880050659,"predicted_seasonal_2_stock_price":9.585461616516113,"rmse":61.211578369140625,"seasonal_2_valid_loss":0.1710029393964815,"resid_train_loss":0.6010130427095439,"_wandb":{"runtime":15},"seasonal_0_train_loss":0.24083056061121255,"real_stock_price":218.94000244140625,"real_seasonal_3_stock_price":9.210042698987007}