{"seasonal_0_train_loss":1.8312495019238069,"seasonal_3_train_loss":0.6670914263137289,"resid_train_loss":0.5837155522230216,"predicted_seasonal_1_stock_price":1.8150192499160767,"real_seasonal_1_stock_price":-3.14067733569532,"predicted_seasonal_0_stock_price":-0.8279715776443481,"real_stock_price":236.85000610351562,"seasonal_3_valid_loss":0.4219120951447094,"predicted_seasonal_2_stock_price":3.7249650955200195,"final_predicted_stock_price":135.25650024414062,"real_seasonal_3_stock_price":4.670791102738636,"AAPL Stock Price Prediction by iTransformer":{"path":"media/images/AAPL Stock Price Prediction by iTransformer_8_a03d9f3c04ba3632b8e9.png","format":"png","width":1000,"height":600,"_type":"image-file","sha256":"a03d9f3c04ba3632b8e9e39533ba8abca5f69066627d5389be001c96f69b1a96","size":46796},"trend_train_loss":0.4231001450843647,"_wandb":{"runtime":11},"_timestamp":1.736711041639356e+09,"resid_valid_loss":0.1890239668339719,"seasonal_1_valid_loss":0.5597942471504211,"seasonal_2_train_loss":0.4160737412608914,"Runtime (seconds)":5.346979856491089,"predicted_trend_stock_price":122.16656494140625,"seasonal_1_train_loss":1.8852130718336775,"depth":4,"real_seasonal_2_stock_price":7.340466099666881,"dim":128,"periods":[252,504,756,1260],"predicted_resid_stock_price":6.5701446533203125,"real_trend_stock_price":221.26011224443658,"rmse":101.593505859375,"trend_valid_loss":1.865589483748091,"_runtime":11.61534221,"mae":101.593505859375,"seasonal_0_valid_loss":3.4739320647646807,"real_seasonal_0_stock_price":-2.3363835219547235,"seasonal_2_valid_loss":0.3765521314071149,"mse":10321.240432798862,"_step":9,"predicted_seasonal_3_stock_price":1.8077738285064697,"real_resid_stock_price":9.055697514323583}