{"AMZN Stock Price Prediction by iTransformer":{"sha256":"40fab92401341aa512244f6f38bfe13b6271b5eeddb10397d7806189ce7e5c34","size":46012,"path":"media/images/AMZN Stock Price Prediction by iTransformer_8_40fab92401341aa51224.png","format":"png","width":1000,"height":600,"_type":"image-file"},"real_seasonal_2_stock_price":16.307195141839433,"real_resid_stock_price":30.052430487608945,"real_seasonal_3_stock_price":9.210042698987007,"depth":4,"real_seasonal_0_stock_price":-6.886692248923765,"Runtime (seconds)":7.8113954067230225,"final_predicted_stock_price":132.7173614501953,"predicted_seasonal_3_stock_price":-5.875462055206299,"seasonal_2_train_loss":0.5279517548855743,"trend_train_loss":0.47986451130380076,"seasonal_3_train_loss":0.8774536722963363,"mae":86.22264099121094,"rmse":86.22264099121094,"seasonal_2_valid_loss":0.178583397556342,"mse":7434.343819499249,"resid_valid_loss":0.5159466854071358,"periods":[252,504,756,1260],"real_seasonal_1_stock_price":2.721535027645758,"seasonal_1_valid_loss":0.5225498054173173,"dim":128,"predicted_resid_stock_price":14.65638542175293,"_runtime":15.907902003,"seasonal_0_train_loss":0.7147355108552051,"predicted_seasonal_0_stock_price":-0.8276532888412476,"resid_train_loss":0.34768606694103393,"predicted_seasonal_1_stock_price":2.2814018726348877,"trend_valid_loss":0.7313484753556256,"real_stock_price":218.94000244140625,"seasonal_0_valid_loss":0.9374497802463133,"real_trend_stock_price":167.5354913342489,"_wandb":{"runtime":15},"_step":9,"seasonal_1_train_loss":0.6024435423374176,"predicted_seasonal_2_stock_price":14.747394561767578,"seasonal_3_valid_loss":0.3768740764074919,"predicted_trend_stock_price":107.73530578613281,"_timestamp":1.7367574620632792e+09}