{"real_resid_stock_price":9.055690246363554,"real_seasonal_1_stock_price":-3.140675829973466,"seasonal_1_train_loss":0.3964381488883568,"seasonal_1_valid_loss":0.17748415776731546,"predicted_seasonal_1_stock_price":-2.629185199737549,"_step":9,"seasonal_3_train_loss":0.958831031922203,"real_stock_price":236.85000610351562,"predicted_seasonal_0_stock_price":-0.3593381643295288,"real_seasonal_3_stock_price":4.670788147589969,"_timestamp":1.7367282692322423e+09,"mae":100.53157043457031,"predicted_seasonal_3_stock_price":4.477808952331543,"dim":128,"predicted_seasonal_2_stock_price":2.702188491821289,"depth":4,"seasonal_2_valid_loss":0.3417502964536349,"mse":10106.596654040972,"predicted_resid_stock_price":0.8338956832885742,"seasonal_2_train_loss":0.8207032955781428,"rmse":100.53157043457031,"_wandb":{"runtime":13},"resid_train_loss":0.5184554419759932,"resid_valid_loss":1.1416817329016076,"_runtime":13.071955355,"seasonal_3_valid_loss":0.9897587079148105,"trend_valid_loss":0.5970136140597609,"predicted_trend_stock_price":131.29306030273438,"seasonal_0_train_loss":0.2902574114723707,"seasonal_0_valid_loss":0.1506973147228524,"real_seasonal_2_stock_price":7.340471146981261,"real_trend_stock_price":221.26011221384815,"periods":[252,504,756,1260],"Runtime (seconds)":6.193074464797974,"trend_train_loss":0.07004823374507263,"real_seasonal_0_stock_price":-2.336379821293828,"final_predicted_stock_price":136.3184356689453,"AAPL Stock Price Prediction by iTransformer":{"width":1000,"height":600,"_type":"image-file","sha256":"28859e6a279650184aa8b8e2308f983560e95695238ee1957e419dcd15128275","size":46819,"path":"media/images/AAPL Stock Price Prediction by iTransformer_8_28859e6a279650184aa8.png","format":"png"}}