{"predicted_resid_stock_price":0.9276652336120605,"_wandb":{"runtime":9},"seasonal_3_train_loss":0.7600908144305174,"seasonal_2_train_loss":0.3932234682513615,"seasonal_3_valid_loss":0.34703082044158096,"_timestamp":1.7367333244957392e+09,"predicted_trend_stock_price":100.62004089355469,"seasonal_2_valid_loss":0.11573623475542377,"dim":128,"Runtime (seconds)":3.8046188354492188,"seasonal_1_valid_loss":0.29545303753444124,"mse":15758.891565859318,"resid_valid_loss":0.41651544182639927,"_runtime":9.286050536,"real_seasonal_0_stock_price":-2.336374527468824,"real_seasonal_3_stock_price":4.670783194531876,"mae":125.534423828125,"depth":4,"real_resid_stock_price":9.055691092624073,"real_seasonal_1_stock_price":-3.1406767495788666,"_step":9,"rmse":125.534423828125,"seasonal_0_valid_loss":1.7913648441487062,"predicted_seasonal_3_stock_price":7.709524154663086,"real_seasonal_2_stock_price":7.340471392156413,"real_stock_price":236.85000610351562,"resid_train_loss":0.7534588331245945,"trend_train_loss":0.3697520676300477,"seasonal_0_train_loss":1.0649397726499994,"real_trend_stock_price":221.26011170125093,"predicted_seasonal_1_stock_price":-2.1577885150909424,"predicted_seasonal_2_stock_price":5.251253128051758,"final_predicted_stock_price":111.31558227539062,"predicted_seasonal_0_stock_price":-1.0351135730743408,"AAPL Stock Price Prediction by iTransformer":{"_type":"image-file","sha256":"e634e1177555ae076b18719b0100333fcaa574f09dbaf542579ab10db0e9404e","size":47226,"path":"media/images/AAPL Stock Price Prediction by iTransformer_8_e634e1177555ae076b18.png","format":"png","width":1000,"height":600},"periods":[252,504,756,1260],"seasonal_1_train_loss":0.41964965581315233,"trend_valid_loss":1.5077870091722336}