{"_runtime":8.250414834,"seasonal_0_train_loss":0.20272255379143223,"_timestamp":1.7367129478381698e+09,"seasonal_1_valid_loss":2.0017242091042653,"_step":9,"dim":128,"final_predicted_stock_price":107.24972534179688,"real_seasonal_2_stock_price":16.307195141839433,"predicted_seasonal_0_stock_price":-7.150606155395508,"predicted_seasonal_3_stock_price":9.582685470581055,"real_resid_stock_price":30.052430487608945,"AMZN Stock Price Prediction by iTransformer":{"_type":"image-file","sha256":"71e895ef085bf5f0c11bed3f6479b9c179b3c845232114e86cd7668b8348c7a5","size":46392,"path":"media/images/AMZN Stock Price Prediction by iTransformer_8_71e895ef085bf5f0c11b.png","format":"png","width":1000,"height":600},"mae":111.69027709960938,"predicted_seasonal_2_stock_price":2.084019184112549,"real_seasonal_0_stock_price":-6.886692248923765,"resid_valid_loss":0.37173038392218566,"predicted_seasonal_1_stock_price":-1.2094838619232178,"resid_train_loss":0.45219814769340355,"real_trend_stock_price":167.5354913342489,"predicted_resid_stock_price":12.470008850097656,"rmse":111.69027709960938,"trend_valid_loss":1.9916108702871123,"trend_train_loss":0.9552863802751991,"seasonal_1_train_loss":2.2346563392036742,"depth":4,"_wandb":{"runtime":8},"seasonal_2_train_loss":1.0832338309720204,"seasonal_3_valid_loss":0.23196154832839966,"Runtime (seconds)":3.8446578979492188,"predicted_trend_stock_price":91.47309112548828,"mse":12474.717998587526,"seasonal_3_train_loss":0.563503136700761,"seasonal_2_valid_loss":0.8200185452694218,"periods":[252,504,756,1260],"real_seasonal_3_stock_price":9.210042698987007,"real_seasonal_1_stock_price":2.721535027645758,"seasonal_0_valid_loss":0.3045179918408394,"real_stock_price":218.94000244140625}