{"real_seasonal_3_stock_price":4.670786643116493,"seasonal_1_valid_loss":0.5274425431803504,"periods":[252,504,756,1260],"predicted_trend_stock_price":198.8709716796875,"seasonal_2_valid_loss":2.30987418895205,"Runtime (seconds)":6.213583707809448,"resid_train_loss":0.6926451122656984,"seasonal_0_valid_loss":0.5999444723129272,"predicted_seasonal_0_stock_price":-0.2391878217458725,"predicted_seasonal_2_stock_price":-4.955512523651123,"_wandb":{"runtime":13},"predicted_seasonal_1_stock_price":-3.3358170986175537,"_runtime":13.569554966,"rmse":37.48869323730469,"dim":128,"mse":1405.4021206407342,"real_seasonal_2_stock_price":7.340471921967572,"predicted_resid_stock_price":4.063752174377441,"final_predicted_stock_price":199.36131286621094,"seasonal_1_train_loss":0.5388770982796369,"seasonal_3_train_loss":0.4868443931166232,"mae":37.48869323730469,"resid_valid_loss":0.7142611581924533,"seasonal_0_train_loss":0.5178921391747214,"real_trend_stock_price":221.26011166218245,"depth":4,"trend_train_loss":0.4705908083669649,"real_seasonal_0_stock_price":-2.3363774247145486,"real_seasonal_1_stock_price":-3.1406785564316184,"_step":9,"AAPL Stock Price Prediction by iTransformer":{"format":"png","width":1000,"height":600,"_type":"image-file","sha256":"a6b1edbcc842dcb8f9ab0445e598d995a5283222a61a1ffbb10c9566f546a959","size":48789,"path":"media/images/AAPL Stock Price Prediction by iTransformer_8_a6b1edbcc842dcb8f9ab.png"},"real_stock_price":236.85000610351562,"_timestamp":1.7367447977408173e+09,"seasonal_3_valid_loss":0.2450229612311127,"real_resid_stock_price":9.055691857395288,"seasonal_2_train_loss":2.5904118148599222,"trend_valid_loss":0.14993708011556844,"predicted_seasonal_3_stock_price":4.957091331481934}