{"seasonal_0_valid_loss":1.0388159258697731,"real_seasonal_0_stock_price":-6.886692248923765,"real_seasonal_1_stock_price":2.721535027645758,"predicted_resid_stock_price":-14.355566024780273,"dim":128,"real_seasonal_2_stock_price":16.307195141839433,"rmse":87.84492492675781,"_runtime":9.029562247,"resid_train_loss":2.4386010120272634,"real_seasonal_3_stock_price":9.210042698987007,"real_resid_stock_price":30.052430487608945,"predicted_seasonal_0_stock_price":-0.7193282842636108,"mse":7716.730835387716,"seasonal_1_train_loss":0.606187117463081,"trend_train_loss":0.5008384159251593,"AMZN Stock Price Prediction by iTransformer":{"sha256":"da1dd7edbbf9da01761f8b05324fabb6de7831734c4ff5f4d903a6f59a31280b","size":46024,"path":"media/images/AMZN Stock Price Prediction by iTransformer_8_da1dd7edbbf9da01761f.png","format":"png","width":1000,"height":600,"_type":"image-file"},"predicted_seasonal_2_stock_price":0.660643994808197,"seasonal_2_valid_loss":1.2118127407449664,"real_stock_price":218.94000244140625,"seasonal_3_valid_loss":0.8243640015522639,"final_predicted_stock_price":131.09507751464844,"_wandb":{"runtime":9},"mae":87.84492492675781,"predicted_trend_stock_price":146.81097412109375,"real_trend_stock_price":167.5354913342489,"_timestamp":1.7367168374516268e+09,"periods":[252,504,756,1260],"seasonal_0_train_loss":0.805165578037927,"predicted_seasonal_3_stock_price":-4.301510334014893,"trend_valid_loss":0.05274550858048854,"Runtime (seconds)":4.319621801376343,"depth":4,"seasonal_3_train_loss":1.2645092292768456,"resid_valid_loss":2.82936274766922,"_step":9,"seasonal_2_train_loss":1.1286301057356627,"seasonal_1_valid_loss":0.23156770431809853,"predicted_seasonal_1_stock_price":2.9998645782470703}