{"real_seasonal_1_stock_price":2.721535027645758,"seasonal_2_train_loss":0.8822069005479234,"periods":[252,504,756,1260],"dim":128,"mae":126.74240112304688,"trend_train_loss":0.20973523728358104,"_step":9,"rmse":126.74240112304688,"seasonal_0_train_loss":0.4561314740971585,"mse":16063.636242435314,"_timestamp":1.7367116663507757e+09,"real_trend_stock_price":167.5354913342489,"_runtime":13.735739657,"seasonal_3_valid_loss":0.3137067613229586,"predicted_resid_stock_price":3.0946125984191895,"predicted_seasonal_1_stock_price":3.4207985401153564,"predicted_seasonal_2_stock_price":0.2667389214038849,"predicted_trend_stock_price":89.58155822753906,"seasonal_0_valid_loss":0.5113282171949264,"seasonal_3_train_loss":0.9446288264611679,"predicted_seasonal_3_stock_price":1.553356409072876,"resid_train_loss":1.170795051209071,"final_predicted_stock_price":92.19760131835938,"real_seasonal_2_stock_price":16.307195141839433,"seasonal_1_train_loss":0.3383628571467854,"depth":4,"Runtime (seconds)":7.603955984115601,"real_stock_price":218.94000244140625,"seasonal_1_valid_loss":0.17125317875513507,"seasonal_2_valid_loss":0.8370010966488828,"_wandb":{"runtime":13},"resid_valid_loss":0.6985651632010832,"trend_valid_loss":0.8630355011178729,"real_seasonal_3_stock_price":9.210042698987007,"real_resid_stock_price":30.052430487608945,"real_seasonal_0_stock_price":-6.886692248923765,"AMZN Stock Price Prediction by iTransformer":{"height":600,"_type":"image-file","sha256":"5851bbe0b83f0c0ae67a131bc4cd3ae964c76c423771fbb127bf9451584304cc","size":46612,"path":"media/images/AMZN Stock Price Prediction by iTransformer_8_5851bbe0b83f0c0ae67a.png","format":"png","width":1000},"predicted_seasonal_0_stock_price":-5.71946907043457}