{"AMZN Stock Price Prediction by iTransformer":{"size":46095,"path":"media/images/AMZN Stock Price Prediction by iTransformer_8_712bc7cd0f7c10726358.png","format":"png","width":1000,"height":600,"_type":"image-file","sha256":"712bc7cd0f7c107263587447b15ee913c70ed6648441287d7f214bae80a5cbed"},"dim":128,"mse":6166.610817614943,"seasonal_0_train_loss":1.337564543838358,"seasonal_1_valid_loss":0.33689400083864585,"predicted_seasonal_1_stock_price":2.873055934906006,"real_seasonal_2_stock_price":16.307195141839433,"real_seasonal_3_stock_price":9.210042698987007,"periods":[252,504,756,1260],"resid_train_loss":0.5733520708508848,"predicted_resid_stock_price":9.460843086242676,"trend_valid_loss":1.0807263851165771,"trend_train_loss":0.8715283285948643,"predicted_seasonal_3_stock_price":5.630267143249512,"seasonal_3_valid_loss":0.32750936258922925,"real_seasonal_0_stock_price":-6.886692248923765,"seasonal_0_valid_loss":1.4716749767526298,"seasonal_2_valid_loss":0.2979129553963063,"depth":4,"resid_valid_loss":0.4958206706187304,"_timestamp":1.7367373571101851e+09,"rmse":78.52777099609375,"real_resid_stock_price":30.052430487608945,"predicted_seasonal_2_stock_price":10.091423988342285,"mae":78.52777099609375,"real_seasonal_1_stock_price":2.721535027645758,"real_trend_stock_price":167.5354913342489,"seasonal_2_train_loss":0.8012944058352955,"final_predicted_stock_price":140.4122314453125,"predicted_seasonal_0_stock_price":-0.7082571983337402,"_runtime":16.897006737,"real_stock_price":218.94000244140625,"_step":9,"seasonal_1_train_loss":0.5106473008611251,"Runtime (seconds)":7.487215757369995,"_wandb":{"runtime":16},"predicted_trend_stock_price":113.06489562988281,"seasonal_3_train_loss":0.6730918507815843}