{"_runtime":11.492128101,"Train Loss (Resid)":0.11477981091984077,"Apple Stock Price Prediction":{"width":1000,"height":600,"_type":"image-file","sha256":"b229a7e93754495cdfcf64028bf3c60ab78816a63600665c4cd32ac4054604e9","size":51359,"path":"media/images/Apple Stock Price Prediction_10_b229a7e93754495cdfcf.png","format":"png"},"Train Loss (Trend)":0.062131031409333015,"Validation Loss (Trend)":0.12814327859016786,"Validation Loss (Resid)":0.14303151706615128,"Validation Loss (Seasonal)":0.19330233829208168,"_step":11,"_timestamp":1.7287534625191875e+09,"Runtime (seconds)":9.023438930511475,"_wandb":{"runtime":11},"Train Loss (Seasonal)":0.09506226332119327}