{"trend_valid_loss":0.19861836731433868,"resid_train_loss":1.2526576822317614,"seasonal_2_train_loss":0.3863740656858329,"_timestamp":1.7367488382573912e+09,"predicted_trend_stock_price":188.58851623535156,"AMZN Stock Price Prediction by iTransformer":{"format":"png","width":1000,"height":600,"_type":"image-file","sha256":"8390061e421dce93a22a341de49bf7e859d418518faa93e668c645a193a00b71","size":56532,"path":"media/images/AMZN Stock Price Prediction by iTransformer_8_8390061e421dce93a22a.png"},"seasonal_3_valid_loss":0.6359855435894564,"real_stock_price":218.94000244140625,"dim":128,"seasonal_3_train_loss":0.6143522349624422,"predicted_resid_stock_price":14.9330415725708,"real_seasonal_0_stock_price":-6.886692248923765,"periods":[252,504,756,1260],"real_resid_stock_price":30.052430487608945,"mae":18.93389892578125,"predicted_seasonal_0_stock_price":3.23099422454834,"seasonal_2_valid_loss":0.22655795514583588,"seasonal_1_train_loss":0.9017015207029166,"seasonal_0_train_loss":1.9087301355856356,"_runtime":14.195118667,"rmse":18.93389892578125,"predicted_seasonal_2_stock_price":11.877044677734375,"_step":9,"_wandb":{"runtime":14},"Runtime (seconds)":8.190855264663696,"predicted_seasonal_3_stock_price":22.306440353393555,"depth":4,"seasonal_0_valid_loss":2.062345027923584,"real_seasonal_3_stock_price":9.210042698987007,"real_trend_stock_price":167.5354913342489,"mse":358.4925285317004,"resid_valid_loss":1.1594864130020142,"predicted_seasonal_1_stock_price":-3.062131643295288,"real_seasonal_2_stock_price":16.307195141839433,"seasonal_1_valid_loss":1.0430398117767619,"real_seasonal_1_stock_price":2.721535027645758,"trend_train_loss":1.0019709931150773,"final_predicted_stock_price":237.8739013671875}