{"valid_loss":0.043143889606755394,"mse":307.4276589064393,"rmse":17.533615112304688,"mae":17.533615112304688,"_step":238,"r2_score":NaN,"GOOG Stock Price Prediction by iTransformer(no MSTL)":{"sha256":"a65037ef33dcef484b97ce8f85adbf118dd4e65d2bb960556ddf617492720f47","size":55473,"path":"media/images/GOOG Stock Price Prediction by iTransformer(no MSTL)_237_a65037ef33dcef484b97.png","format":"png","width":1000,"height":600,"_type":"image-file"},"predicted_stock_price":180.4263916015625,"dim":128,"Runtime (seconds)":89.41261434555054,"_runtime":2962.501670233,"train_loss":0.07200987161967098,"real_stock_price":197.9600067138672,"depth":4,"_wandb":{"runtime":2962},"_timestamp":1.7387736534439404e+09}