{"seasonal_2_train_loss":1.5801632819341727,"final_predicted_stock_price":105.62580871582031,"real_seasonal_3_stock_price":9.210042698987007,"mae":113.31419372558594,"predicted_seasonal_3_stock_price":0.03606891632080078,"seasonal_1_train_loss":0.8959828835249183,"mse":12840.10649967962,"seasonal_3_train_loss":1.6285518558548155,"seasonal_3_valid_loss":1.4858162137214972,"real_trend_stock_price":167.5354913342489,"real_seasonal_2_stock_price":16.307195141839433,"dim":128,"resid_valid_loss":1.0933975471709436,"_wandb":{"runtime":12},"predicted_trend_stock_price":91.13429260253906,"predicted_seasonal_2_stock_price":-0.7998864054679871,"Runtime (seconds)":5.4385223388671875,"real_resid_stock_price":30.052430487608945,"_runtime":12.245771528,"resid_train_loss":0.770518572329822,"trend_train_loss":0.6531851041845472,"predicted_seasonal_0_stock_price":-4.4787983894348145,"trend_valid_loss":1.1841200837798396,"seasonal_2_valid_loss":1.0910001508394878,"real_seasonal_1_stock_price":2.721535027645758,"seasonal_1_valid_loss":0.595653591128252,"_step":9,"seasonal_0_valid_loss":0.4194205701351166,"AMZN Stock Price Prediction by iTransformer":{"sha256":"25d616f4f65e88bc9d99a73c6ad6e9c04bb390777ed78a0a30610282eeaf976d","size":46756,"path":"media/images/AMZN Stock Price Prediction by iTransformer_8_25d616f4f65e88bc9d99.png","format":"png","width":1000,"height":600,"_type":"image-file"},"depth":4,"real_stock_price":218.94000244140625,"periods":[252,504,756,1260],"rmse":113.31419372558594,"predicted_seasonal_1_stock_price":1.4648096561431885,"real_seasonal_0_stock_price":-6.886692248923765,"seasonal_0_train_loss":0.8262380969603651,"_timestamp":1.7367376651988184e+09,"predicted_resid_stock_price":18.269315719604492}