{"predicted_seasonal_3_stock_price":4.970000267028809,"AAPL Stock Price Prediction by iTransformer":{"_type":"image-file","sha256":"7968464973e554264330b1e446e6186e926d7465ed4f7ab6fd31fded299259dc","size":46196,"path":"media/images/AAPL Stock Price Prediction by iTransformer_8_7968464973e554264330.png","format":"png","width":1000,"height":600},"seasonal_1_train_loss":0.40695144571965663,"predicted_seasonal_2_stock_price":2.904062271118164,"_timestamp":1.7367292676129017e+09,"final_predicted_stock_price":61.586158752441406,"_runtime":10.452105827,"real_seasonal_1_stock_price":-3.140677044477858,"mae":175.26384735107422,"depth":4,"real_stock_price":236.85000610351562,"predicted_seasonal_0_stock_price":-0.2504052221775055,"seasonal_3_train_loss":0.5445967371323293,"rmse":175.26384735107422,"seasonal_3_valid_loss":0.43523208280854103,"trend_valid_loss":4.157109705866247,"real_resid_stock_price":9.055697103093365,"seasonal_2_train_loss":0.9213147969313071,"predicted_trend_stock_price":60.85194778442383,"seasonal_1_valid_loss":0.9801201224327087,"Runtime (seconds)":4.503757476806641,"real_trend_stock_price":221.26011148825268,"trend_train_loss":1.3665271008539654,"mse":30717.416188300645,"real_seasonal_3_stock_price":4.6707893480669105,"seasonal_0_valid_loss":1.868607997894287,"predicted_resid_stock_price":-3.632791042327881,"resid_valid_loss":1.426130272796573,"seasonal_2_valid_loss":0.7638961082686997,"real_seasonal_2_stock_price":7.340473873232408,"dim":128,"periods":[252,504,756,1260],"_wandb":{"runtime":10},"resid_train_loss":0.9517497750820865,"seasonal_0_train_loss":0.9200417155678938,"predicted_seasonal_1_stock_price":-3.2566592693328857,"real_seasonal_0_stock_price":-2.336388664651912,"_step":9}