{"Train Loss (Seasonal)":0.6630471637843762,"Train Loss (Trend)":0.12585116078238015,"Validation Loss (Seasonal)":1.462097037185743,"_runtime":13.52340922,"Validation Loss (Resid)":2.254210109849578,"_wandb":{"runtime":13},"_step":0,"Validation Loss (Trend)":0.6045872687714772,"Train Loss (Resid)":0.8609702052908602,"_timestamp":1.7304709230594873e+09}