{"Runtime (seconds)":1909.7046101093292,"real_seasonal_0_stock_price":-1.3132173203735578,"seasonal_0_valid_loss":0.0007591336422289411,"real_stock_price":166.38125610351562,"real_seasonal_2_stock_price":10.097003812636515,"seasonal_1_train_loss":0.00046523501168162397,"resid_valid_loss":0.03726356400424851,"predicted_trend_stock_price":152.409423828125,"_runtime":24929.603964521,"real_trend_stock_price":155.5934872035951,"mae":6.2819366455078125,"trend_train_loss":0.00171907383965242,"GOOG Stock Price Prediction by iTransformer":{"height":600,"_type":"image-file","sha256":"3e7c259d9ec4a7616221ac8395240e43b0c1f3b1cf5e43e65515e28aa4561804","size":55373,"path":"media/images/GOOG Stock Price Prediction by iTransformer_1618_3e7c259d9ec4a7616221.png","format":"png","width":1000},"predicted_seasonal_3_stock_price":3.6143674850463867,"predicted_seasonal_1_stock_price":-3.956212043762207,"resid_train_loss":0.01819829272520949,"periods":[252,504,756,1260],"rmse":6.2819366455078125,"seasonal_0_train_loss":0.00014517817885850376,"seasonal_3_train_loss":0.007892325099121146,"predicted_seasonal_0_stock_price":0.34938088059425354,"seasonal_1_valid_loss":0.0006579459877684712,"dim":128,"seasonal_2_train_loss":0.002622423255641186,"_wandb":{"runtime":24929},"real_seasonal_1_stock_price":-5.300193898968819,"depth":4,"_timestamp":1.7386800831853907e+09,"final_predicted_stock_price":172.66319274902344,"real_resid_stock_price":6.291929751020717,"predicted_seasonal_2_stock_price":11.154666900634766,"seasonal_2_valid_loss":0.0027200330497085382,"seasonal_3_valid_loss":0.005459463689476252,"mse":39.46272801817395,"_step":1619,"real_seasonal_3_stock_price":1.0122465556056577,"predicted_resid_stock_price":9.091565132141113,"trend_valid_loss":0.004303104244172573}