{"seasonal_2_train_loss":2.3608711297200307,"_runtime":20.086191989,"Runtime (seconds)":9.345703840255737,"depth":4,"real_trend_stock_price":167.5354913342489,"resid_valid_loss":0.5664960345706425,"AMZN Stock Price Prediction by iTransformer":{"height":600,"_type":"image-file","sha256":"19659e9f3c2893ff97676d1047ec5a45a857bbb5eb67398c023d606f741ee339","size":46401,"path":"media/images/AMZN Stock Price Prediction by iTransformer_8_19659e9f3c2893ff9767.png","format":"png","width":1000},"dim":128,"seasonal_0_valid_loss":0.12322572271709573,"final_predicted_stock_price":124.89321899414062,"real_seasonal_1_stock_price":2.721535027645758,"seasonal_2_valid_loss":2.0170593529939653,"predicted_seasonal_2_stock_price":-6.410597324371338,"seasonal_1_valid_loss":0.27525138716365016,"mse":8844.797476776876,"real_resid_stock_price":30.052430487608945,"mae":94.04678344726562,"_timestamp":1.7367380461801808e+09,"predicted_resid_stock_price":15.870759010314941,"rmse":94.04678344726562,"_step":9,"trend_valid_loss":0.24578377856849745,"predicted_seasonal_3_stock_price":-6.4329986572265625,"real_seasonal_0_stock_price":-6.886692248923765,"seasonal_1_train_loss":0.4294522128437716,"seasonal_3_train_loss":1.9093600163386726,"real_stock_price":218.94000244140625,"seasonal_3_valid_loss":2.3949349766929053,"trend_train_loss":0.352239135643847,"real_seasonal_3_stock_price":9.210042698987007,"predicted_seasonal_1_stock_price":2.079171657562256,"resid_train_loss":0.5187705985683929,"real_seasonal_2_stock_price":16.307195141839433,"predicted_trend_stock_price":127.2083969116211,"predicted_seasonal_0_stock_price":-7.421506881713867,"seasonal_0_train_loss":0.21058800188366553,"_wandb":{"runtime":20},"periods":[252,504,756,1260]}