{"seasonal_2_train_loss":2.638885930802295,"trend_train_loss":1.175863790421995,"mse":19097.010257342423,"trend_valid_loss":3.356032751608586,"periods":[252,504,756,1260],"predicted_seasonal_3_stock_price":2.103388547897339,"predicted_seasonal_1_stock_price":-3.3276190757751465,"seasonal_0_train_loss":0.23557801681344415,"real_seasonal_2_stock_price":7.340473984595387,"predicted_resid_stock_price":2.8206636905670166,"AAPL Stock Price Prediction by iTransformer":{"width":1000,"height":600,"_type":"image-file","sha256":"ff6618553d4b078316a41998399498cd2b07d472b0760e860e29189ee66651ca","size":47574,"path":"media/images/AAPL Stock Price Prediction by iTransformer_8_ff6618553d4b078316a4.png","format":"png"},"_timestamp":1.7367081190082283e+09,"seasonal_0_valid_loss":0.39018079335801303,"depth":4,"final_predicted_stock_price":98.65807342529297,"seasonal_3_train_loss":0.5116405791365688,"seasonal_1_train_loss":0.31109469060016715,"_wandb":{"runtime":14},"real_trend_stock_price":221.26011232234669,"resid_train_loss":0.6077123590002103,"mae":138.19193267822266,"Runtime (seconds)":7.604924440383911,"real_seasonal_0_stock_price":-2.336378515080429,"rmse":138.19193267822266,"real_stock_price":236.85000610351562,"predicted_trend_stock_price":101.25558471679688,"resid_valid_loss":1.4845889806747437,"predicted_seasonal_2_stock_price":-4.562259674072266,"seasonal_2_valid_loss":3.2344248294830322,"real_seasonal_3_stock_price":4.670782315791607,"dim":128,"seasonal_1_valid_loss":0.11335089839246106,"real_resid_stock_price":9.055693141731524,"seasonal_3_valid_loss":0.2403693050146103,"_step":9,"predicted_seasonal_0_stock_price":0.3683241605758667,"_runtime":14.941240748,"real_seasonal_1_stock_price":-3.1406771458691063}