{"trend_valid_loss":0.03525907173752785,"_timestamp":1.7339111372993178e+09,"_runtime":437.972372239,"_step":458,"seasonal_0_train_loss":0.03964593152559067,"seasonal_0_valid_loss":0.036848392337560654,"_wandb":{"runtime":439},"trend_train_loss":0.04239246464447895}