{"predicted_seasonal_3_stock_price":2.8044798374176025,"seasonal_3_valid_loss":0.43799019118415256,"Runtime (seconds)":7.030477523803711,"seasonal_1_valid_loss":0.1934157632491141,"real_resid_stock_price":9.055691016972844,"predicted_seasonal_1_stock_price":-2.022167444229126,"seasonal_0_train_loss":0.6886836351734011,"predicted_resid_stock_price":10.4323091506958,"real_seasonal_1_stock_price":-3.1406839978521717,"seasonal_0_valid_loss":0.9624166920267302,"trend_train_loss":1.8058645335795498,"_runtime":13.478011673,"dim":128,"predicted_seasonal_0_stock_price":1.326319932937622,"seasonal_3_train_loss":0.840871288164242,"trend_valid_loss":5.789639472961426,"AAPL Stock Price Prediction by iTransformer":{"path":"media/images/AAPL Stock Price Prediction by iTransformer_8_8a85a67ee16cbb9688c6.png","format":"png","width":1000,"height":600,"_type":"image-file","sha256":"8a85a67ee16cbb9688c637532ea9641e73341e484dda6b75bb4580c0efde9c9f","size":46370},"resid_valid_loss":0.24350683238882959,"seasonal_2_train_loss":0.6083248134049992,"_step":9,"mae":160.2668228149414,"real_stock_price":236.85000610351562,"predicted_trend_stock_price":62.70472717285156,"seasonal_2_valid_loss":0.5872541598661649,"final_predicted_stock_price":76.58318328857422,"rmse":160.2668228149414,"periods":[252,504,756,1260],"depth":4,"real_seasonal_2_stock_price":7.340475270129348,"seasonal_1_train_loss":0.43411385611652925,"_wandb":{"runtime":13},"real_seasonal_3_stock_price":4.670789525484073,"mse":25685.454495195823,"real_trend_stock_price":221.26011171716178,"real_seasonal_0_stock_price":-2.3363774283802528,"predicted_seasonal_2_stock_price":1.337516188621521,"_timestamp":1.7367241279205449e+09,"resid_train_loss":0.7030880538352132}