{"predicted_trend_stock_price":96.94094848632812,"periods":[252,504,756,1260],"real_seasonal_1_stock_price":2.721535027645758,"resid_valid_loss":0.8227594061030282,"predicted_seasonal_1_stock_price":1.352541446685791,"resid_train_loss":0.761465251613199,"seasonal_1_valid_loss":0.41505358146275845,"seasonal_0_train_loss":1.5549532883565942,"trend_valid_loss":1.4696424102403254,"real_seasonal_3_stock_price":9.210042698987007,"final_predicted_stock_price":124.77423858642578,"real_seasonal_2_stock_price":16.307195141839433,"predicted_resid_stock_price":3.038426399230957,"seasonal_0_valid_loss":1.801627001716679,"rmse":94.16576385498047,"seasonal_2_train_loss":1.8139395042647,"predicted_seasonal_3_stock_price":22.410009384155273,"_runtime":9.443364416,"seasonal_3_train_loss":0.8455816873153209,"depth":4,"_step":9,"dim":128,"trend_train_loss":0.4922105096019325,"real_seasonal_0_stock_price":-6.886692248923765,"seasonal_1_train_loss":0.4661717950471557,"predicted_seasonal_2_stock_price":0.7248031497001648,"real_stock_price":218.94000244140625,"seasonal_2_valid_loss":1.506532424872102,"seasonal_3_valid_loss":1.7056004626448877,"mse":8867.191082391946,"predicted_seasonal_0_stock_price":0.3075084388256073,"real_resid_stock_price":30.052430487608945,"Runtime (seconds)":4.342753648757935,"AMZN Stock Price Prediction by iTransformer":{"path":"media/images/AMZN Stock Price Prediction by iTransformer_8_b3c5a9fd7ac4f7793f40.png","format":"png","width":1000,"height":600,"_type":"image-file","sha256":"b3c5a9fd7ac4f7793f409826b15a53688b58a08dfea8738ae2e664d682d1f5ae","size":46448},"_timestamp":1.736721083865667e+09,"mae":94.16576385498047,"_wandb":{"runtime":9},"real_trend_stock_price":167.5354913342489}