{"seasonal_2_train_loss":0.002844990088258526,"_wandb":{"runtime":20864},"Runtime (seconds)":1455.9373614788055,"predicted_trend_stock_price":161.18228149414062,"seasonal_3_valid_loss":8.061000698944554e-05,"dim":128,"predicted_seasonal_1_stock_price":2.073760986328125,"final_predicted_stock_price":198.6473846435547,"AMZN Stock Price Prediction by iTransformer":{"height":600,"_type":"image-file","sha256":"71d2468690ce1dca134186f07c5d4832eb578aa928503a5a4c4a774bce25bc9e","size":55948,"path":"media/images/AMZN Stock Price Prediction by iTransformer_1802_71d2468690ce1dca1341.png","format":"png","width":1000},"resid_valid_loss":0.010984794152212866,"mae":2.8026123046875,"predicted_seasonal_3_stock_price":1.6800024509429932,"seasonal_3_train_loss":0.0003198417727969104,"seasonal_1_train_loss":0.00019088509673046051,"seasonal_0_train_loss":0.0008038454563465928,"seasonal_0_valid_loss":0.0015843620545602417,"seasonal_1_valid_loss":0.0007481873617507517,"real_seasonal_0_stock_price":-5.140506355379676,"resid_train_loss":0.007966993874320864,"rmse":2.8026123046875,"trend_valid_loss":4.514009257642708e-06,"predicted_resid_stock_price":21.723392486572266,"_step":1803,"real_seasonal_2_stock_price":15.452060060109867,"real_trend_stock_price":161.34832524481084,"_runtime":20864.058274746,"real_stock_price":201.4499969482422,"real_seasonal_1_stock_price":3.124664217904731,"real_seasonal_3_stock_price":2.887818194753555,"seasonal_2_valid_loss":0.0032395391958362323,"real_resid_stock_price":23.77763558604289,"predicted_seasonal_0_stock_price":-3.430485725402832,"depth":4,"trend_train_loss":2.5187314864661085e-05,"_timestamp":1.7368053098630114e+09,"periods":[252,504,756,1260],"predicted_seasonal_2_stock_price":15.418432235717773,"mse":7.85463573038578}