{"seasonal_2_valid_loss":0.588841017891259,"seasonal_1_valid_loss":0.5587444062510581,"predicted_seasonal_3_stock_price":1.0990345478057861,"trend_valid_loss":0.8561051267262405,"predicted_seasonal_0_stock_price":-4.694369792938232,"real_resid_stock_price":30.052430487608945,"_timestamp":1.7367392329153972e+09,"real_seasonal_3_stock_price":9.210042698987007,"final_predicted_stock_price":121.94010162353516,"real_stock_price":218.94000244140625,"seasonal_0_train_loss":0.5122815743511251,"mse":9408.98075867683,"predicted_seasonal_1_stock_price":1.1174119710922241,"periods":[252,504,756,1260],"real_seasonal_1_stock_price":2.721535027645758,"predicted_resid_stock_price":9.373559951782227,"_wandb":{"runtime":10},"seasonal_1_train_loss":0.7234933065818475,"trend_train_loss":0.46244925698843736,"depth":4,"seasonal_0_valid_loss":0.6450624111873,"real_seasonal_0_stock_price":-6.886692248923765,"resid_train_loss":1.3285349303934464,"seasonal_3_valid_loss":0.4151613660858351,"predicted_trend_stock_price":108.29204559326172,"dim":128,"real_seasonal_2_stock_price":16.307195141839433,"Runtime (seconds)":4.8446245193481445,"mae":96.9999008178711,"seasonal_2_train_loss":0.943862796970993,"resid_valid_loss":0.34300995513331145,"predicted_seasonal_2_stock_price":6.752420902252197,"rmse":96.9999008178711,"AMZN Stock Price Prediction by iTransformer":{"path":"media/images/AMZN Stock Price Prediction by iTransformer_8_1fa9edf80da30bdca61f.png","format":"png","width":1000,"height":600,"_type":"image-file","sha256":"1fa9edf80da30bdca61fcd835dbc5466881e205c26a5c493f2ee55534a0e4486","size":46523},"_step":9,"_runtime":10.567005161,"seasonal_3_train_loss":1.2197986548481035,"real_trend_stock_price":167.5354913342489}