{"mse":0.7288015224039555,"valid_loss":0.04382068628072738,"r2_score":NaN,"_step":302,"predicted_stock_price":113.92630004882812,"_runtime":3413.747056297,"XOM Stock Price Prediction by iTransformer(no MSTL)":{"sha256":"6bdb022c863d3f46e83030729639a13c853a2bd4cd48f43b91c0a87af65c3409","size":49976,"path":"media/images/XOM Stock Price Prediction by iTransformer(no MSTL)_301_6bdb022c863d3f46e830.png","format":"png","width":1000,"height":600,"_type":"image-file"},"mae":0.85369873046875,"_wandb":{"runtime":3413},"real_stock_price":114.77999877929688,"Runtime (seconds)":156.904531955719,"train_loss":0.0069043705183419405,"dim":128,"rmse":0.85369873046875,"depth":4,"_timestamp":1.7386053094513643e+09}