{"final_predicted_stock_price":77.8432388305664,"seasonal_3_train_loss":0.6090880073714325,"predicted_resid_stock_price":-3.4981188774108887,"_runtime":8.722952075,"seasonal_2_valid_loss":0.27663047304019817,"Runtime (seconds)":3.9911811351776123,"resid_valid_loss":2.1211834498073743,"trend_valid_loss":3.0986529672354983,"real_stock_price":236.85000610351562,"predicted_trend_stock_price":76.30449676513672,"predicted_seasonal_0_stock_price":2.7280843257904053,"seasonal_3_valid_loss":0.23806970448660147,"rmse":159.00676727294922,"trend_train_loss":0.886505587865755,"AAPL Stock Price Prediction by iTransformer":{"format":"png","width":1000,"height":600,"_type":"image-file","sha256":"f44fb3e775f988ac2014fc87b9f65ee12d442d9a04932bddb35208d8ce812209","size":46442,"path":"media/images/AAPL Stock Price Prediction by iTransformer_8_f44fb3e775f988ac2014.png"},"_wandb":{"runtime":8},"_step":9,"dim":128,"seasonal_1_valid_loss":0.525976605275098,"real_seasonal_0_stock_price":-2.3363789303190456,"seasonal_1_train_loss":1.0227772001953643,"mae":159.00676727294922,"depth":4,"predicted_seasonal_2_stock_price":5.1883673667907715,"resid_train_loss":1.5859732955881634,"mse":25283.152038593835,"seasonal_2_train_loss":0.5949303168941297,"periods":[252,504,756,1260],"real_resid_stock_price":9.055693328896695,"real_seasonal_2_stock_price":7.340469427589171,"predicted_seasonal_3_stock_price":-0.16941553354263306,"real_seasonal_1_stock_price":-3.140674962066388,"predicted_seasonal_1_stock_price":-2.710175037384033,"seasonal_0_train_loss":0.6925030720965484,"real_trend_stock_price":221.26011182632533,"_timestamp":1.7367506244624639e+09,"real_seasonal_3_stock_price":4.670785413089879,"seasonal_0_valid_loss":0.721269313778196}