{"seasonal_3_valid_loss":1.665068090804049,"_timestamp":1.7367182187369003e+09,"seasonal_1_train_loss":0.40184733858444244,"_runtime":10.600108464,"mse":9585.444060787617,"resid_valid_loss":1.2351974081900332,"final_predicted_stock_price":121.03472137451172,"trend_valid_loss":1.0363911528384824,"mae":97.90528106689453,"real_trend_stock_price":167.5354913342489,"depth":4,"seasonal_0_valid_loss":0.5546499112540959,"seasonal_1_valid_loss":0.129271038355743,"seasonal_2_valid_loss":0.07402475908575322,"periods":[252,504,756,1260],"AMZN Stock Price Prediction by iTransformer":{"height":600,"_type":"image-file","sha256":"2bf17e5e9bdb45f6e877c91b3fd17ecd308c6bfd5e79c1a70e52f02a1c965d16","size":46516,"path":"media/images/AMZN Stock Price Prediction by iTransformer_8_2bf17e5e9bdb45f6e877.png","format":"png","width":1000},"predicted_trend_stock_price":106.2091064453125,"predicted_seasonal_2_stock_price":12.235491752624512,"real_seasonal_3_stock_price":9.210042698987007,"resid_train_loss":0.5404919937336556,"predicted_seasonal_0_stock_price":-5.539284706115723,"_wandb":{"runtime":10},"predicted_resid_stock_price":4.955977916717529,"real_seasonal_0_stock_price":-6.886692248923765,"predicted_seasonal_1_stock_price":3.225931167602539,"_step":9,"seasonal_3_train_loss":1.3450697076508331,"seasonal_2_train_loss":1.0487827929873286,"rmse":97.90528106689453,"real_seasonal_2_stock_price":16.307195141839433,"real_stock_price":218.94000244140625,"predicted_seasonal_3_stock_price":-0.052501410245895386,"trend_train_loss":0.20176227262755506,"Runtime (seconds)":5.192935943603516,"dim":128,"real_seasonal_1_stock_price":2.721535027645758,"seasonal_0_train_loss":0.4275998757046982,"real_resid_stock_price":30.052430487608945}