{"final_predicted_stock_price":102.4703369140625,"real_stock_price":218.94000244140625,"predicted_seasonal_2_stock_price":7.037254333496094,"predicted_trend_stock_price":103.57073211669922,"Runtime (seconds)":4.621300458908081,"trend_valid_loss":1.33070264347529,"real_seasonal_2_stock_price":16.307195141839433,"periods":[252,504,756,1260],"real_trend_stock_price":167.5354913342489,"real_seasonal_0_stock_price":-6.886692248923765,"seasonal_3_valid_loss":0.5088597104467195,"predicted_seasonal_3_stock_price":-2.9362168312072754,"depth":4,"predicted_resid_stock_price":-5.034518241882324,"predicted_seasonal_0_stock_price":-2.1459434032440186,"resid_valid_loss":1.2331441554277303,"_runtime":10.76135464,"seasonal_2_train_loss":0.3537661532002888,"mae":116.46966552734375,"AMZN Stock Price Prediction by iTransformer":{"sha256":"29cc637064f498a1c389d38a8349d715904fb78232be57ccdab046b2544d39cd","size":46963,"path":"media/images/AMZN Stock Price Prediction by iTransformer_8_29cc637064f498a1c389.png","format":"png","width":1000,"height":600,"_type":"image-file"},"real_resid_stock_price":30.052430487608945,"_timestamp":1.736732351885623e+09,"rmse":116.46966552734375,"trend_train_loss":0.2617302483274325,"_step":9,"resid_train_loss":1.3861518572253357,"seasonal_0_train_loss":0.6606748665736104,"real_seasonal_3_stock_price":9.210042698987007,"seasonal_0_valid_loss":1.010453959306081,"seasonal_3_train_loss":1.923915121622069,"seasonal_2_valid_loss":0.19128761644396475,"_wandb":{"runtime":10},"mse":13565.182988051325,"dim":128,"predicted_seasonal_1_stock_price":1.9790242910385132,"real_seasonal_1_stock_price":2.721535027645758,"seasonal_1_train_loss":1.0961289160695427,"seasonal_1_valid_loss":0.9800969522932301}