{"AMZN Stock Price Prediction by iTransformer":{"format":"png","width":1000,"height":600,"_type":"image-file","sha256":"09b60002b0df8cf6df22eb231aab82cc32215574e8b0ee09912b43fc95e34b60","size":48610,"path":"media/images/AMZN Stock Price Prediction by iTransformer_8_09b60002b0df8cf6df22.png"},"depth":4,"predicted_seasonal_2_stock_price":17.008745193481445,"seasonal_1_train_loss":0.5342957795549481,"predicted_trend_stock_price":131.51756286621094,"final_predicted_stock_price":160.1943817138672,"real_seasonal_0_stock_price":-6.886692248923765,"trend_train_loss":0.227362720495158,"_timestamp":1.7367348748907316e+09,"mae":58.74562072753906,"seasonal_0_train_loss":0.7392294474392799,"seasonal_0_valid_loss":0.643711268901825,"real_seasonal_2_stock_price":16.307195141839433,"resid_train_loss":0.5396868281780541,"rmse":58.74562072753906,"predicted_seasonal_0_stock_price":-1.0788934230804443,"real_trend_stock_price":167.5354913342489,"dim":128,"seasonal_2_train_loss":0.44593473333745104,"seasonal_3_train_loss":0.7447318185524726,"predicted_seasonal_1_stock_price":1.725272536277771,"_wandb":{"runtime":18},"real_stock_price":218.94000244140625,"real_seasonal_1_stock_price":2.721535027645758,"resid_valid_loss":2.2457110715466877,"seasonal_1_valid_loss":0.1517665982246399,"predicted_seasonal_3_stock_price":1.5642220973968506,"real_resid_stock_price":30.052430487608945,"_step":9,"seasonal_3_valid_loss":0.6643632774073451,"predicted_resid_stock_price":9.457476615905762,"Runtime (seconds)":9.527074337005615,"trend_valid_loss":0.15460029592619517,"_runtime":18.007015436,"seasonal_2_valid_loss":0.23025856629445238,"real_seasonal_3_stock_price":9.210042698987007,"periods":[252,504,756,1260],"mse":3451.047954663867}