{"trend_valid_loss":0.3938340663909912,"predicted_seasonal_1_stock_price":1.7653261423110962,"seasonal_0_train_loss":0.36260988592442106,"periods":[252,504,756,1260],"seasonal_1_train_loss":0.5393852742109898,"_runtime":12.935235381,"seasonal_3_train_loss":1.1103787222471448,"dim":128,"_step":9,"resid_valid_loss":0.23448500037193298,"seasonal_2_train_loss":0.8054149117913207,"real_seasonal_1_stock_price":2.721535027645758,"mae":63.35551452636719,"depth":4,"final_predicted_stock_price":155.58448791503906,"predicted_seasonal_2_stock_price":2.9289674758911133,"predicted_seasonal_0_stock_price":-6.897243022918701,"real_trend_stock_price":167.5354913342489,"predicted_seasonal_3_stock_price":11.698441505432129,"rmse":63.35551452636719,"_wandb":{"runtime":12},"real_seasonal_0_stock_price":-6.886692248923765,"trend_train_loss":1.0915074578753166,"Runtime (seconds)":8.260036706924438,"real_seasonal_2_stock_price":16.307195141839433,"predicted_resid_stock_price":22.667407989501953,"real_resid_stock_price":30.052430487608945,"AMZN Stock Price Prediction by iTransformer":{"sha256":"67c7f2ba92a3d2379fa1430e6c60235256617b6074acfa087e9fd6b02adb1cc6","size":48555,"path":"media/images/AMZN Stock Price Prediction by iTransformer_8_67c7f2ba92a3d2379fa1.png","format":"png","width":1000,"height":600,"_type":"image-file"},"seasonal_0_valid_loss":0.24636277455638572,"mse":4013.9212209007237,"seasonal_1_valid_loss":0.24429300512950208,"real_stock_price":218.94000244140625,"_timestamp":1.7367555418979955e+09,"seasonal_2_valid_loss":0.7440096827160844,"resid_train_loss":0.4006193821886277,"predicted_trend_stock_price":123.42158508300781,"seasonal_3_valid_loss":0.13429616809671008,"real_seasonal_3_stock_price":9.210042698987007}