{"_timestamp":1.7367079097438455e+09,"dim":128,"rmse":93.13909912109375,"mae":93.13909912109375,"trend_valid_loss":2.036414279993788,"trend_train_loss":1.9927339058727096,"_wandb":{"runtime":10},"real_trend_stock_price":167.5354913342489,"seasonal_2_train_loss":0.4413098740618563,"real_seasonal_3_stock_price":9.210042698987007,"_runtime":10.754863024,"real_seasonal_2_stock_price":16.307195141839433,"predicted_trend_stock_price":75.00403594970703,"_step":9,"AMZN Stock Price Prediction by iTransformer":{"height":600,"_type":"image-file","sha256":"1dfe5658b322c7b1f8c37a0f051bd34f606019e1680ad295b5bd71157531f9a6","size":46004,"path":"media/images/AMZN Stock Price Prediction by iTransformer_8_1dfe5658b322c7b1f8c3.png","format":"png","width":1000},"seasonal_3_valid_loss":0.5131595835450611,"seasonal_0_valid_loss":1.2037180647792587,"seasonal_3_train_loss":0.681852802758545,"predicted_seasonal_2_stock_price":13.188371658325195,"resid_train_loss":0.433688211201695,"predicted_resid_stock_price":23.998340606689453,"seasonal_2_valid_loss":0.14548619249498987,"depth":4,"seasonal_1_valid_loss":0.36994951328293224,"real_resid_stock_price":30.052430487608945,"seasonal_1_train_loss":1.3480379884308584,"periods":[252,504,756,1260],"seasonal_0_train_loss":0.9216266320096609,"real_stock_price":218.94000244140625,"resid_valid_loss":0.7846353989920465,"real_seasonal_0_stock_price":-6.886692248923765,"predicted_seasonal_3_stock_price":11.365869522094727,"real_seasonal_1_stock_price":2.721535027645758,"Runtime (seconds)":5.368635177612305,"final_predicted_stock_price":125.8009033203125,"predicted_seasonal_1_stock_price":3.39558744430542,"mse":8674.891785088927,"predicted_seasonal_0_stock_price":-1.1512913703918457}