{"_timestamp":1.736732833799943e+09,"predicted_seasonal_1_stock_price":2.9813363552093506,"seasonal_2_valid_loss":2.1854674128859255,"predicted_seasonal_3_stock_price":15.473943710327148,"predicted_resid_stock_price":-5.055232048034668,"seasonal_1_valid_loss":0.21053962243927848,"trend_train_loss":0.19449811744510004,"_wandb":{"runtime":9},"depth":4,"resid_train_loss":1.4710122708622848,"real_seasonal_0_stock_price":-6.886692248923765,"mae":91.53368377685547,"real_seasonal_3_stock_price":9.210042698987007,"seasonal_3_train_loss":1.033822693952251,"trend_valid_loss":0.23586663574478198,"mse":8378.415265761374,"seasonal_2_train_loss":2.0377319658400026,"real_seasonal_1_stock_price":2.721535027645758,"_runtime":9.137013917,"predicted_seasonal_2_stock_price":-4.522688388824463,"seasonal_3_valid_loss":0.3892776555105179,"dim":128,"resid_valid_loss":1.219174516649501,"AMZN Stock Price Prediction by iTransformer":{"width":1000,"height":600,"_type":"image-file","sha256":"f767ac731b51bb8780ba74228eca945eb9b10577bc7840de3979caa4cb1dd38a","size":45913,"path":"media/images/AMZN Stock Price Prediction by iTransformer_8_f767ac731b51bb8780ba.png","format":"png"},"real_resid_stock_price":30.052430487608945,"predicted_seasonal_0_stock_price":-6.252659320831299,"predicted_trend_stock_price":124.7816162109375,"_step":9,"periods":[252,504,756,1260],"seasonal_1_train_loss":0.4613709911275253,"rmse":91.53368377685547,"Runtime (seconds)":4.2517311573028564,"seasonal_0_valid_loss":0.29073906710748815,"final_predicted_stock_price":127.40631866455078,"real_seasonal_2_stock_price":16.307195141839433,"real_trend_stock_price":167.5354913342489,"real_stock_price":218.94000244140625,"seasonal_0_train_loss":0.34409520454740755}