{"predicted_seasonal_2_stock_price":25.73756980895996,"resid_valid_loss":0.9064668879295007,"real_seasonal_3_stock_price":9.210042698987007,"mae":68.47830200195312,"seasonal_3_train_loss":2.0755799250727853,"seasonal_0_valid_loss":0.23952643603206158,"_runtime":13.18198396,"periods":[252,504,756,1260],"dim":128,"predicted_resid_stock_price":3.1174163818359375,"seasonal_2_train_loss":1.029781701134436,"seasonal_1_valid_loss":0.3429831597961325,"trend_train_loss":0.5014778567880281,"predicted_trend_stock_price":131.58267211914062,"mse":4689.277845070697,"_wandb":{"runtime":13},"AMZN Stock Price Prediction by iTransformer":{"format":"png","width":1000,"height":600,"_type":"image-file","sha256":"def92848a747e4f531e7b16a6847cc0d4a60efabaa4d71238b0994406281bef7","size":48913,"path":"media/images/AMZN Stock Price Prediction by iTransformer_8_def92848a747e4f531e7.png"},"real_seasonal_1_stock_price":2.721535027645758,"real_seasonal_2_stock_price":16.307195141839433,"Runtime (seconds)":6.346018314361572,"_timestamp":1.7367396564632916e+09,"real_resid_stock_price":30.052430487608945,"seasonal_1_train_loss":0.3696453844446813,"seasonal_3_valid_loss":1.5449091252550609,"rmse":68.47830200195312,"predicted_seasonal_0_stock_price":-7.96152925491333,"real_seasonal_0_stock_price":-6.886692248923765,"trend_valid_loss":0.22191672625818423,"seasonal_0_train_loss":0.24666138007892807,"real_stock_price":218.94000244140625,"predicted_seasonal_3_stock_price":-4.371287822723389,"resid_train_loss":1.3753008608066395,"seasonal_2_valid_loss":0.5625615065748041,"_step":9,"final_predicted_stock_price":150.46170043945312,"predicted_seasonal_1_stock_price":2.3568661212921143,"depth":4,"real_trend_stock_price":167.5354913342489}