{"trend_train_loss":0.7799509385373534,"depth":4,"predicted_seasonal_0_stock_price":-0.6277889609336853,"seasonal_2_train_loss":0.1762886210266038,"seasonal_3_train_loss":0.5918760409917974,"predicted_resid_stock_price":8.827996253967285,"real_seasonal_3_stock_price":4.670785386553333,"seasonal_3_valid_loss":0.32364020312302993,"seasonal_1_train_loss":0.2652565254310963,"periods":[252,504,756,1260],"mse":24445.15502332762,"_step":9,"resid_valid_loss":0.6084932552058567,"resid_train_loss":1.36872751365613,"mae":156.3494644165039,"final_predicted_stock_price":80.50054168701172,"real_seasonal_2_stock_price":7.340476110776223,"seasonal_0_train_loss":0.927130291173106,"predicted_seasonal_1_stock_price":-3.351839065551758,"seasonal_2_valid_loss":0.10197916452112145,"seasonal_1_valid_loss":0.08051945269107819,"dim":128,"seasonal_0_valid_loss":2.704511689359086,"AAPL Stock Price Prediction by iTransformer":{"_type":"image-file","sha256":"a91447f14ea7020d6750f8d7c28a05b6a3016538a4f64a67d20635a55f91128a","size":46407,"path":"media/images/AAPL Stock Price Prediction by iTransformer_8_a91447f14ea7020d6750.png","format":"png","width":1000,"height":600},"real_seasonal_1_stock_price":-3.140677775131431,"real_resid_stock_price":9.055692635146954,"predicted_seasonal_2_stock_price":5.1303205490112305,"_wandb":{"runtime":14},"predicted_trend_stock_price":58.5462646484375,"real_stock_price":236.85000610351562,"real_seasonal_0_stock_price":-2.3363818332135717,"real_trend_stock_price":221.2601115793841,"predicted_seasonal_3_stock_price":11.975589752197266,"_timestamp":1.736741636030204e+09,"rmse":156.3494644165039,"trend_valid_loss":4.3469395196956135,"Runtime (seconds)":6.918450832366943,"_runtime":14.544126898}