{"mae":22.174911499023438,"real_seasonal_2_stock_price":7.340473650141165,"seasonal_2_valid_loss":0.07695420091221859,"_runtime":12.52508349,"predicted_seasonal_2_stock_price":7.876644134521484,"periods":[252,504,756,1260],"_wandb":{"runtime":12},"seasonal_0_train_loss":0.44459090102296756,"dim":128,"real_stock_price":236.85000610351562,"predicted_seasonal_0_stock_price":2.2865028381347656,"resid_valid_loss":0.8863702762616824,"_step":9,"seasonal_1_valid_loss":1.0716063976287842,"AAPL Stock Price Prediction by iTransformer":{"path":"media/images/AAPL Stock Price Prediction by iTransformer_8_129e53eb783fff6eed97.png","format":"png","width":1000,"height":600,"_type":"image-file","sha256":"129e53eb783fff6eed9796d9ef9f78d06c9a3ca3c94d16e5f3edc9e53996761d","size":48261},"real_seasonal_1_stock_price":-3.140672927350226,"depth":4,"_timestamp":1.7367118956993353e+09,"resid_train_loss":1.0527642593901518,"trend_train_loss":1.097725330516929,"predicted_seasonal_3_stock_price":-4.351541996002197,"seasonal_0_valid_loss":0.5702560683091481,"seasonal_2_train_loss":0.8605166471841867,"predicted_resid_stock_price":6.91944694519043,"real_seasonal_0_stock_price":-2.3363795513598573,"rmse":22.174911499023438,"predicted_trend_stock_price":203.75997924804688,"mse":491.7266999895219,"final_predicted_stock_price":214.6750946044922,"seasonal_3_valid_loss":2.1537533027287816,"seasonal_1_train_loss":1.0214001887129167,"real_trend_stock_price":221.26011210248848,"Runtime (seconds)":5.873910427093506,"real_resid_stock_price":9.055692111576036,"seasonal_3_train_loss":1.6065821592789038,"trend_valid_loss":0.3965944325111169,"real_seasonal_3_stock_price":4.670780718020047,"predicted_seasonal_1_stock_price":-1.815928339958191}