{"periods":[252,504,756,1260],"final_predicted_stock_price":88.65985107421875,"real_seasonal_1_stock_price":2.721535027645758,"trend_train_loss":1.992739282622155,"_step":9,"seasonal_2_valid_loss":0.1414186477661133,"Runtime (seconds)":8.971871614456177,"depth":4,"predicted_resid_stock_price":11.740263938903809,"_wandb":{"runtime":18},"_timestamp":1.7367395010060332e+09,"dim":128,"real_seasonal_3_stock_price":9.210042698987007,"real_resid_stock_price":30.052430487608945,"predicted_seasonal_2_stock_price":12.343111991882324,"rmse":130.2801513671875,"seasonal_1_valid_loss":0.16625794768333435,"mae":130.2801513671875,"seasonal_2_train_loss":0.5462939343951945,"predicted_seasonal_1_stock_price":2.685666084289551,"seasonal_0_valid_loss":0.0911156661037741,"trend_valid_loss":2.7553721559487663,"_runtime":18.479202931,"predicted_seasonal_0_stock_price":-6.611844539642334,"predicted_seasonal_3_stock_price":7.420644760131836,"resid_train_loss":0.36273267660411346,"seasonal_1_train_loss":0.6785798161525092,"AMZN Stock Price Prediction by iTransformer":{"_type":"image-file","sha256":"22359686a41cba9011522016997304af9953406b6340b81123814609b93ed42e","size":46604,"path":"media/images/AMZN Stock Price Prediction by iTransformer_8_22359686a41cba901152.png","format":"png","width":1000,"height":600},"resid_valid_loss":0.3298236744142322,"real_seasonal_2_stock_price":16.307195141839433,"predicted_trend_stock_price":61.08200454711914,"real_seasonal_0_stock_price":-6.886692248923765,"real_stock_price":218.94000244140625,"seasonal_3_train_loss":2.2496018468574692,"real_trend_stock_price":167.5354913342489,"seasonal_0_train_loss":0.7392484302781209,"mse":16972.917840257287,"seasonal_3_valid_loss":1.1311609945618188}