{"Runtime (seconds)":9.913977861404419,"Validation Loss (Seasonal)":0.18717455334333052,"_timestamp":1.7287533726754954e+09,"_runtime":12.255378835,"Validation Loss (Trend)":0.09263648074793529,"Apple Stock Price Prediction":{"width":1000,"height":600,"_type":"image-file","sha256":"2e57dda7fa6aa248b7f1e179a3f63c294afcaee954780f4873a4bf9c07546a65","size":47167,"path":"media/images/Apple Stock Price Prediction_10_2e57dda7fa6aa248b7f1.png","format":"png"},"Train Loss (Resid)":0.1349578535529823,"Train Loss (Trend)":0.056382484239600544,"Validation Loss (Resid)":0.14359824090118867,"_wandb":{"runtime":12},"_step":11,"Train Loss (Seasonal)":0.16749436980279142}