{"Runtime (seconds)":5.252050399780273,"seasonal_3_train_loss":0.8919932555995489,"trend_valid_loss":0.31697526574134827,"predicted_seasonal_1_stock_price":1.729461431503296,"AMZN Stock Price Prediction by iTransformer":{"height":600,"_type":"image-file","sha256":"4a63d3d17c6cb36802189938c01d0c5d1a4d00f70d96bc67866a80d8025957e5","size":57846,"path":"media/images/AMZN Stock Price Prediction by iTransformer_8_4a63d3d17c6cb3680218.png","format":"png","width":1000},"predicted_seasonal_2_stock_price":9.497477531433105,"real_seasonal_0_stock_price":-6.886692248923765,"seasonal_2_train_loss":0.6163718527155388,"periods":[252,504,756,1260],"seasonal_0_train_loss":0.46692457642310703,"final_predicted_stock_price":218.8362579345703,"seasonal_0_valid_loss":0.6043147805083282,"resid_train_loss":1.4196140686597705,"mse":0.010762922698631883,"real_stock_price":218.94000244140625,"resid_valid_loss":0.490265253455715,"_runtime":11.773345848,"trend_train_loss":1.183012808463399,"seasonal_1_train_loss":0.8092114715504671,"seasonal_2_valid_loss":0.25510788914746585,"real_trend_stock_price":167.5354913342489,"rmse":0.1037445068359375,"predicted_resid_stock_price":9.990442276000977,"predicted_seasonal_0_stock_price":-2.5087413787841797,"predicted_trend_stock_price":193.81260681152344,"_wandb":{"runtime":11},"_timestamp":1.7367491136429877e+09,"real_resid_stock_price":30.052430487608945,"real_seasonal_3_stock_price":9.210042698987007,"real_seasonal_2_stock_price":16.307195141839433,"real_seasonal_1_stock_price":2.721535027645758,"_step":9,"depth":4,"dim":128,"seasonal_1_valid_loss":0.43236074794696855,"seasonal_3_valid_loss":0.8175018811571735,"predicted_seasonal_3_stock_price":6.315009117126465,"mae":0.1037445068359375}