{"predicted_resid_stock_price":-9.733006477355957,"predicted_seasonal_0_stock_price":-1.97916841506958,"seasonal_0_train_loss":0.7677633763332491,"rmse":70.64743041992188,"real_stock_price":218.94000244140625,"final_predicted_stock_price":148.29257202148438,"seasonal_0_valid_loss":1.0459589925939907,"seasonal_3_train_loss":1.1673749085523324,"real_resid_stock_price":30.052430487608945,"seasonal_2_valid_loss":0.4392901829310826,"_step":9,"depth":4,"_timestamp":1.7367526515325158e+09,"trend_valid_loss":0.10187629610300064,"real_trend_stock_price":167.5354913342489,"real_seasonal_2_stock_price":16.307195141839433,"periods":[252,504,756,1260],"resid_train_loss":1.0230943794062675,"Runtime (seconds)":5.0893824100494385,"predicted_seasonal_3_stock_price":2.027869701385498,"predicted_trend_stock_price":150.86964416503906,"real_seasonal_1_stock_price":2.721535027645758,"_wandb":{"runtime":10},"predicted_seasonal_1_stock_price":-0.19918926060199738,"trend_train_loss":0.2936630089910662,"dim":128,"seasonal_1_train_loss":0.7222263623424634,"real_seasonal_3_stock_price":9.210042698987007,"real_seasonal_0_stock_price":-6.886692248923765,"AMZN Stock Price Prediction by iTransformer":{"_type":"image-file","sha256":"67df01dd3d3dfea5146fd7b8f00775f2575812fe6cecca2cef564663cb4167f4","size":48855,"path":"media/images/AMZN Stock Price Prediction by iTransformer_8_67df01dd3d3dfea5146f.png","format":"png","width":1000,"height":600},"seasonal_1_valid_loss":0.8462627685215254,"_runtime":10.358248226,"seasonal_3_valid_loss":1.3625384598450605,"resid_valid_loss":8.848858833312988,"predicted_seasonal_2_stock_price":7.306430816650391,"seasonal_2_train_loss":0.983579624860168,"mse":4991.059424937703,"mae":70.64743041992188}