{"depth":4,"periods":[252,504,756,1260],"_wandb":{"runtime":14},"rmse":63.379852294921875,"seasonal_0_valid_loss":0.3611645229329074,"predicted_seasonal_0_stock_price":-6.361209392547607,"seasonal_0_train_loss":0.5001023944205495,"seasonal_3_train_loss":1.0091729404806802,"seasonal_3_valid_loss":0.10344698761196379,"final_predicted_stock_price":155.56015014648438,"seasonal_2_train_loss":1.819764404083198,"seasonal_1_valid_loss":0.25494993571192026,"predicted_seasonal_1_stock_price":3.9585373401641846,"real_resid_stock_price":30.052430487608945,"real_stock_price":218.94000244140625,"seasonal_1_train_loss":0.8629618596290881,"dim":128,"real_seasonal_1_stock_price":2.721535027645758,"AMZN Stock Price Prediction by iTransformer":{"height":600,"_type":"image-file","sha256":"2fd012d169b9d457e412779c808cfa162e116513c21271b936a8e8e55820a3e1","size":48561,"path":"media/images/AMZN Stock Price Prediction by iTransformer_8_2fd012d169b9d457e412.png","format":"png","width":1000},"resid_train_loss":1.581173625403801,"predicted_seasonal_3_stock_price":6.254590034484863,"real_seasonal_2_stock_price":16.307195141839433,"trend_train_loss":0.7453630249631896,"predicted_resid_stock_price":16.80094337463379,"_runtime":14.940991839,"predicted_trend_stock_price":135.9032440185547,"real_seasonal_0_stock_price":-6.886692248923765,"_timestamp":1.7367090413071876e+09,"real_trend_stock_price":167.5354913342489,"resid_valid_loss":1.0661462912192712,"Runtime (seconds)":6.58922004699707,"trend_valid_loss":0.18713184589639717,"predicted_seasonal_2_stock_price":-0.9959726333618164,"real_seasonal_3_stock_price":9.210042698987007,"mse":4017.0056769261137,"_step":9,"seasonal_2_valid_loss":1.8503117856765594,"mae":63.379852294921875}