{"seasonal_1_train_loss":0.6986916002824318,"trend_train_loss":0.2182130428184265,"rmse":43.91459655761719,"mse":1928.4917908182833,"seasonal_2_train_loss":1.1515126060707905,"resid_valid_loss":1.1246265857547955,"final_predicted_stock_price":175.02540588378906,"real_seasonal_1_stock_price":2.721535027645758,"real_seasonal_3_stock_price":9.210042698987007,"_runtime":18.893426911,"seasonal_3_valid_loss":1.586200546024809,"predicted_seasonal_2_stock_price":7.730218410491943,"real_trend_stock_price":167.5354913342489,"dim":128,"predicted_seasonal_3_stock_price":-3.0558555126190186,"periods":[252,504,756,1260],"_step":9,"AMZN Stock Price Prediction by iTransformer":{"path":"media/images/AMZN Stock Price Prediction by iTransformer_8_c542cdecff5c2b808ae9.png","format":"png","width":1000,"height":600,"_type":"image-file","sha256":"c542cdecff5c2b808ae94e889200b3a9b8e2b3396dd2599f047e59509947499b","size":48281},"seasonal_0_valid_loss":0.12325758735338847,"mae":43.91459655761719,"depth":4,"seasonal_0_train_loss":0.6176783033857874,"real_stock_price":218.94000244140625,"trend_valid_loss":0.018029898405075073,"_timestamp":1.7367528453531713e+09,"_wandb":{"runtime":18},"predicted_seasonal_1_stock_price":2.3067562580108643,"resid_train_loss":1.1756952798841385,"seasonal_1_valid_loss":0.12893302807203033,"real_seasonal_0_stock_price":-6.886692248923765,"real_resid_stock_price":30.052430487608945,"real_seasonal_2_stock_price":16.307195141839433,"predicted_seasonal_0_stock_price":-4.6594085693359375,"predicted_resid_stock_price":13.653870582580566,"seasonal_2_valid_loss":0.30125819829946066,"seasonal_3_train_loss":1.8198727900801153,"Runtime (seconds)":10.841702938079834,"predicted_trend_stock_price":159.04981994628906}