{"resid_train_loss":0.9666122934981667,"seasonal_2_train_loss":0.37238290033746474,"real_stock_price":218.94000244140625,"_timestamp":1.736715256150136e+09,"seasonal_0_train_loss":0.4054880292144225,"AMZN Stock Price Prediction by iTransformer":{"path":"media/images/AMZN Stock Price Prediction by iTransformer_8_e743f0a6b98a45667c53.png","format":"png","width":1000,"height":600,"_type":"image-file","sha256":"e743f0a6b98a45667c53a69717dad1e97786a992a847b620897db6ae3390bbb0","size":46833},"_step":9,"real_seasonal_2_stock_price":16.307195141839433,"rmse":117.52259826660156,"mae":117.52259826660156,"seasonal_3_train_loss":0.9689216615880676,"real_seasonal_0_stock_price":-6.886692248923765,"seasonal_1_valid_loss":0.39998960494995117,"real_seasonal_1_stock_price":2.721535027645758,"_runtime":11.742113881,"final_predicted_stock_price":101.41740417480469,"Runtime (seconds)":5.216200113296509,"seasonal_2_valid_loss":0.11569339386087851,"predicted_seasonal_1_stock_price":1.1175577640533447,"dim":128,"predicted_seasonal_3_stock_price":11.296991348266602,"trend_train_loss":1.0665511552215912,"resid_valid_loss":0.5093626855237848,"trend_valid_loss":2.657341179640397,"real_seasonal_3_stock_price":9.210042698987007,"periods":[252,504,756,1260],"predicted_seasonal_0_stock_price":-5.830732345581055,"seasonal_1_train_loss":0.6884026362560333,"seasonal_0_valid_loss":0.21964537435107762,"predicted_trend_stock_price":73.13186645507812,"real_resid_stock_price":30.052430487608945,"mse":13811.56110333302,"predicted_resid_stock_price":10.107660293579102,"seasonal_3_valid_loss":0.43804457502645106,"depth":4,"_wandb":{"runtime":11},"predicted_seasonal_2_stock_price":11.594059944152832,"real_trend_stock_price":167.5354913342489}