{"seasonal_2_train_loss":0.667041549988178,"trend_valid_loss":0.09798014576391854,"predicted_resid_stock_price":-1.131947636604309,"seasonal_2_valid_loss":0.23598731099704923,"real_resid_stock_price":30.052430487608945,"rmse":61.75437927246094,"real_seasonal_2_stock_price":16.307195141839433,"predicted_seasonal_3_stock_price":9.677573204040527,"_timestamp":1.7367537317640417e+09,"resid_valid_loss":1.9481683605830575,"AMZN Stock Price Prediction by iTransformer":{"height":600,"_type":"image-file","sha256":"b277d38d0b328300a6eb4bd90e62bae643d9afc6b76aeabd7587d59fc354d874","size":48597,"path":"media/images/AMZN Stock Price Prediction by iTransformer_8_b277d38d0b328300a6eb.png","format":"png","width":1000},"mae":61.75437927246094,"seasonal_3_valid_loss":0.2646320675494,"seasonal_0_train_loss":0.5024426852375614,"_runtime":9.597368841,"dim":128,"_wandb":{"runtime":9},"predicted_seasonal_0_stock_price":-6.665754795074463,"mse":3813.603359326953,"depth":4,"trend_train_loss":0.10163225072254568,"final_predicted_stock_price":157.1856231689453,"real_seasonal_3_stock_price":9.210042698987007,"periods":[252,504,756,1260],"seasonal_1_train_loss":0.9894621544928939,"real_seasonal_1_stock_price":2.721535027645758,"real_seasonal_0_stock_price":-6.886692248923765,"_step":9,"real_stock_price":218.94000244140625,"predicted_seasonal_2_stock_price":15.953548431396484,"Runtime (seconds)":4.493266344070435,"seasonal_3_train_loss":0.7475481498241424,"seasonal_1_valid_loss":0.8484811639982807,"real_trend_stock_price":167.5354913342489,"predicted_seasonal_1_stock_price":-0.6627746820449829,"predicted_trend_stock_price":140.01498413085938,"seasonal_0_valid_loss":0.2931607174873352,"resid_train_loss":2.0986064969865237}