{"_timestamp":1.7357383253886743e+09,"resid_valid_loss":0.03344661276357016,"predicted_seasonal_0_stock_price":1.5443465525441036,"predicted_trend_stock_price":213.641528177272,"real_seasonal_2_stock_price":6.958660041119763,"seasonal_3_train_loss":0.02075902275281278,"trend_train_loss":0.0628387253653062,"real_stock_price":237.3300018310547,"predicted_seasonal_1_stock_price":0.938934072789073,"seasonal_2_valid_loss":0.028635139912366867,"seasonal_0_train_loss":0.05111157277574459,"Runtime (seconds)":13600.395016670227,"_wandb":{"runtime":75389},"predicted_resid_stock_price":8.256024366972941,"trend_valid_loss":0.0269476844108167,"predicted_seasonal_2_stock_price":6.665811313684089,"seasonal_1_train_loss":0.05569187122512028,"resid_train_loss":0.06503947386469403,"real_seasonal_1_stock_price":0.8952654410177077,"real_seasonal_0_stock_price":-0.2383596852570691,"AAPL Stock Price Prediction by iTransformer":{"path":"media/images/AAPL Stock Price Prediction by iTransformer_1718_055096108963f55f341a.png","format":"png","width":1000,"height":600,"_type":"image-file","sha256":"055096108963f55f341a142d48a2d33807410d270ae3c923889033dbd8a2ef96","size":48215},"real_resid_stock_price":10.572520145988392,"real_seasonal_3_stock_price":3.1916640983662052,"seasonal_3_valid_loss":0.03315989952534437,"seasonal_2_train_loss":0.02448625143521098,"real_trend_stock_price":215.9502517898197,"final_predicted_stock_price":231.61821579218085,"seasonal_1_valid_loss":0.03250262792562834,"_runtime":75389.660418329,"seasonal_0_valid_loss":0.025849815595081482,"predicted_seasonal_3_stock_price":0.5715713089186352,"_step":1719}