{"seasonal_2_valid_loss":0.30720861462905513,"seasonal_3_train_loss":1.9053125225676217,"real_seasonal_2_stock_price":7.340470287960286,"Runtime (seconds)":5.730649948120117,"real_seasonal_0_stock_price":-2.3363803177486777,"seasonal_3_valid_loss":1.2048935018914566,"predicted_seasonal_1_stock_price":-3.2506260871887207,"_timestamp":1.7367209991598666e+09,"predicted_trend_stock_price":129.54574584960938,"_wandb":{"runtime":12},"seasonal_0_valid_loss":2.2335991859436035,"AAPL Stock Price Prediction by iTransformer":{"height":600,"_type":"image-file","sha256":"c3865db048a3c6e106a97a9ae68ca3461541bf532f5c57702f2a97cca7f9a81c","size":46823,"path":"media/images/AAPL Stock Price Prediction by iTransformer_8_c3865db048a3c6e106a9.png","format":"png","width":1000},"dim":128,"seasonal_1_valid_loss":0.28347465550282086,"predicted_seasonal_3_stock_price":-2.991124391555786,"real_resid_stock_price":9.05569673883545,"seasonal_2_train_loss":1.160701604602743,"real_seasonal_3_stock_price":4.670784266285246,"predicted_seasonal_0_stock_price":1.2703545093536377,"real_seasonal_1_stock_price":-3.1406763276257044,"final_predicted_stock_price":134.20159912109375,"periods":[252,504,756,1260],"seasonal_0_train_loss":0.9289997120551556,"_runtime":12.011413776,"resid_valid_loss":0.45379053188694846,"resid_train_loss":0.43288327292527373,"_step":9,"predicted_seasonal_2_stock_price":3.5435826778411865,"trend_train_loss":0.18418840892613392,"real_trend_stock_price":221.26011145580904,"mae":102.64840698242188,"rmse":102.64840698242188,"real_stock_price":236.85000610351562,"predicted_resid_stock_price":6.083664894104004,"trend_valid_loss":0.7028024427998073,"seasonal_1_train_loss":1.3484690358247085,"mse":10536.695456028916,"depth":4}