{"real_trend_stock_price":221.26011188956915,"predicted_seasonal_3_stock_price":13.160757064819336,"seasonal_2_valid_loss":0.3588037082120721,"predicted_resid_stock_price":2.026507616043091,"Runtime (seconds)":6.294556379318237,"seasonal_2_train_loss":2.410023352089893,"predicted_seasonal_1_stock_price":-2.2346653938293457,"real_seasonal_3_stock_price":4.670785850498481,"predicted_seasonal_2_stock_price":8.352602005004883,"_step":9,"real_seasonal_1_stock_price":-3.140678812189507,"final_predicted_stock_price":233.97982788085938,"seasonal_1_train_loss":0.3261707319028349,"_wandb":{"runtime":13},"AAPL Stock Price Prediction by iTransformer":{"height":600,"_type":"image-file","sha256":"a082bbb3d277aa595a3e49716f77bfd2d02a4ac2dbfb7b151d6259a3edaff97e","size":50449,"path":"media/images/AAPL Stock Price Prediction by iTransformer_8_a082bbb3d277aa595a3e.png","format":"png","width":1000},"seasonal_0_train_loss":0.24690952889546,"real_seasonal_0_stock_price":-2.3363752086162863,"mae":2.87017822265625,"resid_train_loss":1.4176944546275219,"seasonal_3_valid_loss":1.6357723601285923,"seasonal_0_valid_loss":0.4846718031198867,"real_resid_stock_price":9.055687918233929,"rmse":2.87017822265625,"seasonal_3_train_loss":1.6181912852582736,"periods":[252,504,756,1260],"real_seasonal_2_stock_price":7.340474466019884,"real_stock_price":236.85000610351562,"mse":8.23792302981019,"resid_valid_loss":1.4516058477325056,"_timestamp":1.7367554284431405e+09,"dim":128,"predicted_trend_stock_price":212.0799560546875,"_runtime":13.197489788,"predicted_seasonal_0_stock_price":0.5946809649467468,"depth":4,"trend_train_loss":0.12554305121866516,"seasonal_1_valid_loss":0.16725495487982384,"trend_valid_loss":0.012025244153020058}