{"seasonal_2_valid_loss":1.271164630834287,"real_seasonal_3_stock_price":4.670786491699863,"seasonal_1_valid_loss":2.8604492486037056,"real_seasonal_0_stock_price":-2.3363848460813816,"resid_train_loss":0.795058104488578,"_timestamp":1.7367224337975225e+09,"predicted_resid_stock_price":-0.9948232173919678,"seasonal_0_train_loss":0.8985357451804997,"_wandb":{"runtime":11},"rmse":130.12020111083984,"seasonal_2_train_loss":1.2687188182521845,"_step":9,"predicted_seasonal_2_stock_price":-3.0924232006073,"predicted_trend_stock_price":106.3391342163086,"real_seasonal_2_stock_price":7.340469201613845,"real_resid_stock_price":9.055697119155951,"_runtime":11.903925982,"seasonal_0_valid_loss":1.831057840235093,"real_stock_price":236.85000610351562,"mae":130.12020111083984,"seasonal_3_valid_loss":1.7102977145362546,"depth":4,"seasonal_3_train_loss":2.365122869563567,"trend_valid_loss":1.0159755921678426,"Runtime (seconds)":6.404807090759277,"real_trend_stock_price":221.2601122478037,"real_seasonal_1_stock_price":-3.140674110676353,"predicted_seasonal_3_stock_price":3.8402020931243896,"AAPL Stock Price Prediction by iTransformer":{"height":600,"_type":"image-file","sha256":"bff161c956af5711bba69cc8fbc353efa32b8329419e3cddc0dbbb34d4f6e31e","size":47767,"path":"media/images/AAPL Stock Price Prediction by iTransformer_8_bff161c956af5711bba6.png","format":"png","width":1000},"mse":16931.266737125407,"predicted_seasonal_1_stock_price":1.177494764328003,"trend_train_loss":0.7565397414656403,"final_predicted_stock_price":106.72980499267578,"seasonal_1_train_loss":2.854034448837067,"dim":128,"predicted_seasonal_0_stock_price":-0.5397870540618896,"resid_valid_loss":0.758817595641246,"periods":[252,504,756,1260]}