{"seasonal_2_train_loss":2.796083875268125,"seasonal_3_valid_loss":0.25832945827845555,"AAPL Stock Price Prediction by iTransformer":{"height":600,"_type":"image-file","sha256":"44acf0ad352d8691ba358a1896b8ea0fd88b707f05e39ea659ee8e1b7f802fbb","size":47462,"path":"media/images/AAPL Stock Price Prediction by iTransformer_8_44acf0ad352d8691ba35.png","format":"png","width":1000},"seasonal_1_train_loss":0.5564989266873983,"rmse":138.743896484375,"_runtime":7.784486799,"final_predicted_stock_price":98.10610961914062,"depth":4,"seasonal_0_train_loss":0.94934689788152,"trend_train_loss":0.25287209790760434,"real_resid_stock_price":9.055695013937253,"real_seasonal_2_stock_price":7.34046990289315,"resid_train_loss":2.1601401213784075,"dim":128,"predicted_seasonal_0_stock_price":-0.14557665586471558,"predicted_resid_stock_price":-1.081404447555542,"resid_valid_loss":0.9484685561948307,"seasonal_1_valid_loss":0.5885705813894354,"mae":138.743896484375,"real_seasonal_0_stock_price":-2.336380081304433,"real_trend_stock_price":221.26011238807308,"mse":19249.868811666965,"Runtime (seconds)":3.4553399085998535,"predicted_seasonal_3_stock_price":11.038351058959961,"seasonal_2_valid_loss":2.67187829347367,"predicted_seasonal_2_stock_price":-4.723016262054443,"seasonal_3_train_loss":0.49030956760395406,"_timestamp":1.736730356626622e+09,"_step":9,"seasonal_0_valid_loss":1.648176670074463,"predicted_seasonal_1_stock_price":-2.424111843109131,"periods":[252,504,756,1260],"real_seasonal_3_stock_price":4.670781522438536,"real_seasonal_1_stock_price":-3.1406726425219604,"trend_valid_loss":1.3729367505373626,"real_stock_price":236.85000610351562,"_wandb":{"runtime":7},"predicted_trend_stock_price":95.44186401367188}