{"predicted_seasonal_0_stock_price":1.2983520030975342,"dim":128,"_step":9,"real_trend_stock_price":221.26011148000572,"resid_train_loss":0.5340854694708338,"predicted_seasonal_2_stock_price":6.371796607971191,"real_seasonal_1_stock_price":-3.140672532482285,"trend_valid_loss":1.0608782808341284,"mse":11060.420401772717,"resid_valid_loss":0.9634670392685646,"_timestamp":1.7367503953121583e+09,"predicted_seasonal_1_stock_price":-2.694157361984253,"trend_train_loss":0.15262006799295977,"Runtime (seconds)":5.689041614532471,"seasonal_3_train_loss":1.7422415293741738,"_wandb":{"runtime":11},"seasonal_3_valid_loss":0.46340137634243,"final_predicted_stock_price":131.6814727783203,"seasonal_0_train_loss":0.5816975836329452,"predicted_seasonal_3_stock_price":3.411942720413208,"seasonal_0_valid_loss":0.8615978417136156,"_runtime":11.400153446000001,"rmse":105.16853332519531,"seasonal_1_valid_loss":0.14035577069133287,"AAPL Stock Price Prediction by iTransformer":{"height":600,"_type":"image-file","sha256":"e1c852f022a45d12137737320176f8f35b64f9a3f6f4aaa14ff25e27511a96db","size":46896,"path":"media/images/AAPL Stock Price Prediction by iTransformer_8_e1c852f022a45d121377.png","format":"png","width":1000},"real_stock_price":236.85000610351562,"seasonal_1_train_loss":0.6691539408450716,"depth":4,"real_seasonal_3_stock_price":4.670781700266749,"real_resid_stock_price":9.05569733567333,"real_seasonal_2_stock_price":7.340469342737379,"mae":105.16853332519531,"predicted_resid_stock_price":0.4709451198577881,"seasonal_2_valid_loss":0.12733143169089411,"seasonal_2_train_loss":0.23933928406016286,"periods":[252,504,756,1260],"predicted_trend_stock_price":122.82258605957031,"real_seasonal_0_stock_price":-2.3363812226853047}