{"mse":1824.0690767357592,"predicted_resid_stock_price":2.6437082290649414,"predicted_seasonal_0_stock_price":-3.4654195308685303,"Runtime (seconds)":7.617413759231567,"rmse":42.70912170410156,"predicted_seasonal_2_stock_price":-3.0076513290405273,"real_trend_stock_price":167.5354913342489,"seasonal_3_valid_loss":0.3603975990044525,"real_stock_price":218.94000244140625,"seasonal_2_train_loss":2.0860531836618827,"mae":42.70912170410156,"periods":[252,504,756,1260],"real_seasonal_1_stock_price":2.721535027645758,"seasonal_0_valid_loss":0.5237698508763634,"seasonal_1_train_loss":0.6078697265046608,"final_predicted_stock_price":176.2308807373047,"_timestamp":1.7367231887463481e+09,"trend_train_loss":0.10016288210311368,"real_resid_stock_price":30.052430487608945,"resid_train_loss":0.9668410184054539,"_step":9,"dim":128,"seasonal_1_valid_loss":0.21888858327968708,"real_seasonal_2_stock_price":16.307195141839433,"real_seasonal_3_stock_price":9.210042698987007,"predicted_trend_stock_price":164.9429168701172,"resid_valid_loss":0.7723138737068935,"real_seasonal_0_stock_price":-6.886692248923765,"_wandb":{"runtime":14},"seasonal_0_train_loss":0.38426013385468044,"predicted_seasonal_1_stock_price":3.2060978412628174,"AMZN Stock Price Prediction by iTransformer":{"format":"png","width":1000,"height":600,"_type":"image-file","sha256":"f1420cbfc878e617637097efc94cd16d27e0c0de69b516f692ba014fda34e605","size":48073,"path":"media/images/AMZN Stock Price Prediction by iTransformer_8_f1420cbfc878e6176370.png"},"depth":4,"predicted_seasonal_3_stock_price":11.91121768951416,"trend_valid_loss":0.0006476225077234413,"seasonal_2_valid_loss":1.7319574557848432,"seasonal_3_train_loss":1.2261986571832593,"_runtime":14.593370129}