{"real_seasonal_2_stock_price":16.307195141839433,"resid_valid_loss":0.5611706207726748,"seasonal_1_valid_loss":0.4306659400463104,"real_seasonal_0_stock_price":-6.886692248923765,"seasonal_3_valid_loss":0.30581723773510944,"rmse":68.00547790527344,"depth":4,"seasonal_0_train_loss":0.8601580270424417,"predicted_trend_stock_price":136.37689208984375,"resid_train_loss":0.7061092942224046,"real_seasonal_3_stock_price":9.210042698987007,"seasonal_1_train_loss":0.9510674581208637,"seasonal_2_valid_loss":2.568814754486084,"Runtime (seconds)":7.059110164642334,"real_seasonal_1_stock_price":2.721535027645758,"periods":[252,504,756,1260],"trend_train_loss":0.836929758812929,"real_resid_stock_price":30.052430487608945,"seasonal_3_train_loss":0.5931709162233507,"seasonal_2_train_loss":2.318971680810225,"mae":68.00547790527344,"final_predicted_stock_price":150.9345245361328,"_wandb":{"runtime":12},"mse":4624.745025124634,"predicted_seasonal_3_stock_price":10.336579322814941,"predicted_seasonal_2_stock_price":-3.9553980827331543,"real_trend_stock_price":167.5354913342489,"_timestamp":1.7367417083877385e+09,"real_stock_price":218.94000244140625,"predicted_seasonal_0_stock_price":-0.5713661313056946,"_runtime":12.073120208,"seasonal_0_valid_loss":1.0818559805964858,"predicted_resid_stock_price":6.444509983062744,"dim":128,"AMZN Stock Price Prediction by iTransformer":{"width":1000,"height":600,"_type":"image-file","sha256":"9dc0dc8c567082b3936a0d9cc05e9ca065934dedfc89d27e328ebaa5c98ad3ed","size":48903,"path":"media/images/AMZN Stock Price Prediction by iTransformer_8_9dc0dc8c567082b3936a.png","format":"png"},"_step":9,"predicted_seasonal_1_stock_price":2.303309440612793,"trend_valid_loss":0.14237259697390103}