{"predicted_seasonal_1_stock_price":-2.3259565830230713,"_runtime":9.222999366,"seasonal_3_valid_loss":0.3455029609041256,"real_stock_price":236.85000610351562,"real_resid_stock_price":9.055692364164884,"periods":[252,504,756,1260],"seasonal_0_valid_loss":0.2856484055519104,"real_seasonal_0_stock_price":-2.336383006218993,"predicted_seasonal_2_stock_price":1.6112253665924072,"resid_valid_loss":0.8641528568007577,"predicted_seasonal_3_stock_price":0.37647849321365356,"seasonal_2_valid_loss":1.3589259139058723,"seasonal_2_train_loss":1.3918947641251644,"seasonal_0_train_loss":0.4930357655601982,"predicted_resid_stock_price":20.532390594482422,"dim":128,"_timestamp":1.736718903021658e+09,"seasonal_1_valid_loss":0.28433387816274924,"_wandb":{"runtime":9},"seasonal_3_train_loss":2.1626238680793333,"AAPL Stock Price Prediction by iTransformer":{"_type":"image-file","sha256":"f313aa64864c02e89d59883663fe53561799c8ee76c7b223537898bffc1b640c","size":46291,"path":"media/images/AAPL Stock Price Prediction by iTransformer_8_f313aa64864c02e89d59.png","format":"png","width":1000,"height":600},"predicted_trend_stock_price":50.389686584472656,"depth":4,"Runtime (seconds)":4.6418821811676025,"_step":9,"predicted_seasonal_0_stock_price":1.354798436164856,"mae":164.91138458251953,"real_trend_stock_price":221.26011173395193,"real_seasonal_3_stock_price":4.670787968411693,"resid_train_loss":1.4173994989384533,"real_seasonal_1_stock_price":-3.1406751455890616,"final_predicted_stock_price":71.9386215209961,"trend_valid_loss":3.9412202520029886,"rmse":164.91138458251953,"real_seasonal_2_stock_price":7.340472188795148,"seasonal_1_train_loss":0.609022058744162,"trend_train_loss":0.8117522756003641,"mse":27195.76476492366}