{"periods":[252,504,756,1260],"dim":128,"trend_train_loss":0.10099671758162858,"_timestamp":1.7367374951944914e+09,"trend_valid_loss":0.832082107345142,"predicted_seasonal_3_stock_price":3.293246030807495,"predicted_seasonal_0_stock_price":-0.33430343866348267,"seasonal_3_train_loss":1.8279593096870297,"_step":9,"real_seasonal_1_stock_price":-3.1406787782595273,"real_seasonal_2_stock_price":7.3404748364970835,"seasonal_1_train_loss":0.38885864378994284,"real_stock_price":236.85000610351562,"depth":4,"real_resid_stock_price":9.055692923910328,"_wandb":{"runtime":9},"predicted_seasonal_1_stock_price":-2.1495585441589355,"predicted_seasonal_2_stock_price":-2.018702507019043,"AAPL Stock Price Prediction by iTransformer":{"sha256":"76f994d01a016689952fb629e211683608edf3b2a1cb79934202151914cea5e6","size":46926,"path":"media/images/AAPL Stock Price Prediction by iTransformer_8_76f994d01a016689952f.png","format":"png","width":1000,"height":600,"_type":"image-file"},"real_seasonal_0_stock_price":-2.336382935952659,"Runtime (seconds)":4.3489768505096436,"_runtime":9.492065343,"mse":10333.05008560419,"final_predicted_stock_price":135.19839477539062,"resid_valid_loss":0.46808848621128935,"resid_train_loss":0.40209489495463346,"predicted_resid_stock_price":5.548230171203613,"seasonal_3_valid_loss":1.144703966134344,"predicted_trend_stock_price":130.85946655273438,"real_seasonal_3_stock_price":4.670788192117364,"seasonal_2_valid_loss":1.4343501634375995,"real_trend_stock_price":221.26011186520302,"seasonal_0_train_loss":1.555566549000266,"seasonal_2_train_loss":1.0707709045867204,"seasonal_0_valid_loss":3.303922665638136,"mae":101.651611328125,"seasonal_1_valid_loss":0.1850408676495536,"rmse":101.651611328125}