{"predicted_seasonal_2_stock_price":-0.11838747560977936,"trend_valid_loss":2.091951786823895,"_runtime":11.75334973,"real_seasonal_3_stock_price":4.670785110478436,"seasonal_3_valid_loss":0.11657063652362143,"trend_train_loss":1.1124676506852313,"predicted_seasonal_1_stock_price":-4.359165668487549,"seasonal_2_train_loss":1.1269334490144636,"_step":9,"rmse":140.62012481689453,"AAPL Stock Price Prediction by iTransformer":{"width":1000,"height":600,"_type":"image-file","sha256":"e2ac011144c38ec5317708c46beaa13da8616c379a1d5d35b55f4b9492bd2c0a","size":47752,"path":"media/images/AAPL Stock Price Prediction by iTransformer_8_e2ac011144c38ec53177.png","format":"png"},"seasonal_1_train_loss":0.8299017781264162,"predicted_trend_stock_price":87.28112030029297,"mse":19774.019503518997,"dim":128,"final_predicted_stock_price":96.2298812866211,"seasonal_0_valid_loss":1.3580147916111498,"_wandb":{"runtime":11},"predicted_seasonal_3_stock_price":3.017953872680664,"seasonal_3_train_loss":1.387917679990585,"resid_train_loss":0.9344318263487231,"real_trend_stock_price":221.2601116269937,"real_seasonal_2_stock_price":7.340469195277021,"seasonal_1_valid_loss":0.39302905510973046,"real_seasonal_1_stock_price":-3.1406754845459397,"predicted_resid_stock_price":7.608610153198242,"predicted_seasonal_0_stock_price":2.799750566482544,"real_seasonal_0_stock_price":-2.3363807164319406,"seasonal_0_train_loss":0.5965305992102219,"depth":4,"real_resid_stock_price":9.055696371744318,"seasonal_2_valid_loss":1.1100430994817656,"mae":140.62012481689453,"resid_valid_loss":0.4474217632712235,"periods":[252,504,756,1260],"real_stock_price":236.85000610351562,"_timestamp":1.7367433156435227e+09,"Runtime (seconds)":6.266562461853027}