{"predicted_seasonal_2_stock_price":8.133392333984375,"mse":3342.5180475749075,"seasonal_0_valid_loss":2.2046241760253906,"seasonal_3_valid_loss":0.7250327548934418,"real_seasonal_3_stock_price":4.67078110909601,"seasonal_3_train_loss":1.324009854356343,"AAPL Stock Price Prediction by iTransformer":{"size":49546,"path":"media/images/AAPL Stock Price Prediction by iTransformer_8_d82ba3da21215216a064.png","format":"png","width":1000,"height":600,"_type":"image-file","sha256":"d82ba3da21215216a0640e17edfefdeb027a627b9e7b5686caba47c23394d49c"},"resid_valid_loss":0.3706690550128125,"real_seasonal_1_stock_price":-3.1406690375333834,"resid_train_loss":0.7508421283752263,"real_seasonal_2_stock_price":7.340467368302389,"_timestamp":1.7367578626784062e+09,"predicted_resid_stock_price":9.959442138671875,"predicted_trend_stock_price":168.398681640625,"real_stock_price":236.85000610351562,"seasonal_1_valid_loss":1.2098167163544689,"seasonal_0_train_loss":1.0088979788930412,"depth":4,"trend_valid_loss":0.17589067740560468,"seasonal_2_valid_loss":0.30533784822673765,"rmse":57.81451416015625,"dim":128,"real_resid_stock_price":9.055694299014789,"_runtime":10.448755662,"real_seasonal_0_stock_price":-2.3363795641300875,"seasonal_2_train_loss":0.7876353311384546,"_wandb":{"runtime":10},"predicted_seasonal_1_stock_price":-1.2306814193725586,"predicted_seasonal_0_stock_price":0.5275053977966309,"periods":[252,504,756,1260],"Runtime (seconds)":5.419412851333618,"trend_train_loss":0.2860122715212189,"seasonal_1_train_loss":1.4846967269476654,"final_predicted_stock_price":179.03549194335938,"real_trend_stock_price":221.2601119287659,"_step":9,"predicted_seasonal_3_stock_price":-6.7528581619262695,"mae":57.81451416015625}