{"_runtime":8.969756198,"real_trend_stock_price":221.2601123956802,"predicted_resid_stock_price":2.629183053970337,"Runtime (seconds)":4.099668979644775,"trend_train_loss":0.12130503643776987,"real_stock_price":236.85000610351562,"periods":[252,504,756,1260],"real_seasonal_2_stock_price":7.34047221963742,"predicted_seasonal_2_stock_price":7.614416122436523,"seasonal_3_valid_loss":3.1734438335756745,"_step":9,"seasonal_0_valid_loss":1.7864160354116134,"predicted_seasonal_3_stock_price":-8.41524600982666,"_timestamp":1.7367102654757988e+09,"seasonal_1_valid_loss":0.26806165065084187,"seasonal_2_train_loss":1.2700463116874114,"final_predicted_stock_price":105.46121978759766,"real_seasonal_0_stock_price":-2.3363823900549376,"real_seasonal_1_stock_price":-3.140676894472248,"predicted_seasonal_1_stock_price":-3.2707996368408203,"real_seasonal_3_stock_price":4.670786265056589,"mae":131.38878631591797,"rmse":131.38878631591797,"mse":17263.013169569953,"resid_train_loss":0.9451511737547422,"predicted_trend_stock_price":106.28400421142578,"real_resid_stock_price":9.05569450766859,"seasonal_1_train_loss":0.9000452604636885,"predicted_seasonal_0_stock_price":0.6196619272232056,"AAPL Stock Price Prediction by iTransformer":{"sha256":"7ae8de42cbdde71a23dfa77695154cefd7361c125d222c31f5a41de0ab0a39f8","size":47773,"path":"media/images/AAPL Stock Price Prediction by iTransformer_8_7ae8de42cbdde71a23df.png","format":"png","width":1000,"height":600,"_type":"image-file"},"seasonal_3_train_loss":2.555679821719162,"resid_valid_loss":0.7531095477549926,"seasonal_0_train_loss":0.9348710162001986,"_wandb":{"runtime":8},"depth":4,"dim":128,"seasonal_2_valid_loss":0.2552373383856723,"trend_valid_loss":1.2136715623214074}