{"predicted_seasonal_0_stock_price":-5.417003154754639,"final_predicted_stock_price":124.62336730957031,"seasonal_3_train_loss":0.6526493248320139,"real_resid_stock_price":30.052430487608945,"real_seasonal_2_stock_price":16.307195141839433,"seasonal_2_valid_loss":0.5554972018116895,"mse":8895.627662591869,"rmse":94.31663513183594,"real_seasonal_0_stock_price":-6.886692248923765,"predicted_seasonal_2_stock_price":5.770512580871582,"seasonal_3_valid_loss":0.627003569833257,"predicted_seasonal_1_stock_price":2.401597023010254,"real_stock_price":218.94000244140625,"AMZN Stock Price Prediction by iTransformer":{"height":600,"_type":"image-file","sha256":"da77c1f7d7204bada13dd3f58438b741e7e0b40ba53abaf2f3466ff4bdbbaa0c","size":46426,"path":"media/images/AMZN Stock Price Prediction by iTransformer_8_da77c1f7d7204bada13d.png","format":"png","width":1000},"seasonal_2_train_loss":0.5983099542496277,"real_seasonal_3_stock_price":9.210042698987007,"predicted_seasonal_3_stock_price":5.2495856285095215,"resid_train_loss":0.8591153837068434,"real_trend_stock_price":167.5354913342489,"_runtime":9.672080875,"mae":94.31663513183594,"seasonal_0_valid_loss":0.5388200524029166,"predicted_trend_stock_price":87.45768737792969,"resid_valid_loss":2.0911089736892254,"predicted_resid_stock_price":29.160982131958008,"seasonal_1_valid_loss":0.46059730648994446,"trend_train_loss":0.7850230727901849,"_timestamp":1.7367389783031704e+09,"depth":4,"seasonal_1_train_loss":0.8647702906583977,"trend_valid_loss":1.9096904600132778,"Runtime (seconds)":4.461690187454224,"_wandb":{"runtime":9},"seasonal_0_train_loss":0.8604287619993185,"periods":[252,504,756,1260],"real_seasonal_1_stock_price":2.721535027645758,"_step":9,"dim":128}