{"depth":4,"_step":302,"train_loss":0.06042433275292021,"rmse":15.127792358398438,"_wandb":{"runtime":4426},"dim":128,"Runtime (seconds)":316.22865438461304,"_runtime":4426.53614619,"mae":15.127792358398438,"AMZN Stock Price Prediction by iTransformer(no MSTL)":{"size":54079,"path":"media/images/AMZN Stock Price Prediction by iTransformer(no MSTL)_301_17034b9762c25ae5c99d.png","format":"png","width":1000,"height":600,"_type":"image-file","sha256":"17034b9762c25ae5c99d375df3d98876e0009f8c245efb1cac879daf05fafd43"},"_timestamp":1.7359947367964303e+09,"r2_score":NaN,"valid_loss":0.03251143262472028,"predicted_stock_price":190.61221313476562,"mse":228.85010163881816,"real_stock_price":205.74000549316406}