{"seasonal_0_valid_loss":0.1236637607216835,"predicted_seasonal_2_stock_price":15.09130859375,"mae":4.48883056640625,"real_seasonal_2_stock_price":15.452060060109867,"_step":1742,"real_trend_stock_price":161.34832524481084,"real_seasonal_0_stock_price":-5.140506355379676,"predicted_seasonal_0_stock_price":-3.1412723064422607,"predicted_seasonal_1_stock_price":3.643035650253296,"seasonal_1_valid_loss":0.14574572443962097,"real_seasonal_1_stock_price":3.124664217904731,"Stock_Price_Prediction":{"width":1000,"height":600,"_type":"image-file","sha256":"1e52f105c625a47da979f45af29665dbdfffd13c1f666ab6067c15cdccdad57b","size":46069,"path":"media/images/Stock_Price_Prediction_1741_1e52f105c625a47da979.png","format":"png"},"predicted_resid_stock_price":21.131488800048828,"trend_valid_loss":0.059025708585977554,"seasonal_2_valid_loss":0.1142386243504993,"resid_valid_loss":0.057807840861198376,"rmse":4.48883056640625,"final_predicted_stock_price":196.96116638183594,"real_resid_stock_price":23.77763558604289,"seasonal_3_valid_loss":0.09732129385596827,"seasonal_3_train_loss":0.07034176408548319,"resid_train_loss":0.03550512440561653,"_runtime":56820.976698418,"_wandb":{"runtime":56820},"real_seasonal_3_stock_price":2.887818194753555,"trend_train_loss":0.07635335769068716,"mse":20.149599853903055,"seasonal_2_train_loss":0.12342775961494594,"predicted_trend_stock_price":159.7216796875,"Runtime (seconds)":2596.2524445056915,"real_stock_price":201.4499969482422,"seasonal_1_train_loss":0.13489671315988583,"_timestamp":1.7359725180046237e+09,"predicted_seasonal_3_stock_price":0.5149214863777161,"seasonal_0_train_loss":0.09585507595589128}