{"seasonal_1_train_loss":0.8386826596506862,"_runtime":14.573986803,"predicted_seasonal_3_stock_price":14.625457763671875,"mae":45.62236022949219,"trend_train_loss":0.19988430615485214,"AMZN Stock Price Prediction by iTransformer":{"width":1000,"height":600,"_type":"image-file","sha256":"71607bb70b20ac1c8d3bc032f2989e4f48aca116759531e8440138c0c37ffc57","size":48362,"path":"media/images/AMZN Stock Price Prediction by iTransformer_8_71607bb70b20ac1c8d3b.png","format":"png"},"seasonal_3_train_loss":0.45438319518738096,"seasonal_2_valid_loss":0.16213789015047012,"real_seasonal_1_stock_price":2.721535027645758,"Runtime (seconds)":7.033824443817139,"dim":128,"real_trend_stock_price":167.5354913342489,"resid_train_loss":0.4356122421285849,"seasonal_0_train_loss":0.489995270892876,"predicted_resid_stock_price":12.396991729736328,"_step":9,"resid_valid_loss":0.39119159978299145,"periods":[252,504,756,1260],"real_stock_price":218.94000244140625,"predicted_seasonal_1_stock_price":3.101534605026245,"final_predicted_stock_price":173.31764221191406,"predicted_trend_stock_price":141.06642150878906,"mse":2081.3997529095504,"real_seasonal_0_stock_price":-6.886692248923765,"seasonal_2_train_loss":0.3861695888088012,"trend_valid_loss":0.10895565736905805,"seasonal_0_valid_loss":0.4515618539254608,"depth":4,"real_resid_stock_price":30.052430487608945,"seasonal_3_valid_loss":0.5731292810425701,"predicted_seasonal_0_stock_price":-4.935214519500732,"real_seasonal_2_stock_price":16.307195141839433,"seasonal_1_valid_loss":0.45976075530052185,"predicted_seasonal_2_stock_price":7.062449932098389,"real_seasonal_3_stock_price":9.210042698987007,"_timestamp":1.7367382317982135e+09,"rmse":45.62236022949219,"_wandb":{"runtime":14}}