{"real_seasonal_1_stock_price":2.721535027645758,"Runtime (seconds)":4.3280534744262695,"seasonal_1_train_loss":0.7220974718792397,"resid_train_loss":0.9360674076878631,"dim":128,"seasonal_3_train_loss":0.5360720626102602,"_runtime":10.243581006,"mae":73.47740173339844,"trend_train_loss":0.5563814926830142,"_step":9,"_wandb":{"runtime":10},"seasonal_3_valid_loss":0.18118092258499094,"predicted_seasonal_3_stock_price":12.538298606872559,"real_trend_stock_price":167.5354913342489,"predicted_seasonal_2_stock_price":12.813190460205078,"real_seasonal_3_stock_price":9.210042698987007,"mse":5398.928565491224,"periods":[252,504,756,1260],"depth":4,"seasonal_0_train_loss":0.8021042160226717,"resid_valid_loss":0.6864525675773621,"real_resid_stock_price":30.052430487608945,"final_predicted_stock_price":145.4626007080078,"predicted_seasonal_0_stock_price":-3.8642818927764893,"seasonal_0_valid_loss":0.436312170648177,"real_seasonal_2_stock_price":16.307195141839433,"predicted_trend_stock_price":106.05074310302734,"rmse":73.47740173339844,"seasonal_2_train_loss":0.15223820389623027,"_timestamp":1.7367587048727205e+09,"seasonal_1_valid_loss":0.30868784129487586,"trend_valid_loss":0.8009163228698739,"real_stock_price":218.94000244140625,"predicted_resid_stock_price":13.968954086303711,"predicted_seasonal_1_stock_price":3.9556984901428223,"real_seasonal_0_stock_price":-6.886692248923765,"seasonal_2_valid_loss":0.09178155532605212,"AMZN Stock Price Prediction by iTransformer":{"sha256":"c7095512ff02aceb9365af1411d81cb7b031407e10ba35338ff0d5c08d77e41b","size":45510,"path":"media/images/AMZN Stock Price Prediction by iTransformer_8_c7095512ff02aceb9365.png","format":"png","width":1000,"height":600,"_type":"image-file"}}