{"real_stock_price":218.94000244140625,"Runtime (seconds)":6.8838770389556885,"real_trend_stock_price":167.5354913342489,"seasonal_1_train_loss":0.5713422616273596,"resid_valid_loss":2.405837122317964,"predicted_seasonal_2_stock_price":4.217862129211426,"real_seasonal_1_stock_price":2.721535027645758,"seasonal_0_valid_loss":0.12908720786440864,"_step":9,"predicted_seasonal_0_stock_price":-6.838751316070557,"periods":[252,504,756,1260],"real_seasonal_3_stock_price":9.210042698987007,"predicted_seasonal_1_stock_price":4.075262069702148,"depth":4,"seasonal_3_valid_loss":0.7021861598790203,"real_seasonal_2_stock_price":16.307195141839433,"seasonal_2_train_loss":0.9729437963939201,"predicted_resid_stock_price":-8.052162170410156,"real_seasonal_0_stock_price":-6.886692248923765,"_runtime":13.965386441,"resid_train_loss":2.2049821367856346,"mse":2791.4008824387565,"predicted_seasonal_3_stock_price":5.324527740478516,"mae":52.833709716796875,"seasonal_0_train_loss":0.24348086712040728,"seasonal_2_valid_loss":0.265150028426433,"predicted_trend_stock_price":167.37954711914062,"_wandb":{"runtime":13},"final_predicted_stock_price":166.10629272460938,"trend_valid_loss":0.006885361463715252,"dim":128,"rmse":52.833709716796875,"real_resid_stock_price":30.052430487608945,"trend_train_loss":0.22970888236878204,"seasonal_1_valid_loss":0.13965548629052618,"AMZN Stock Price Prediction by iTransformer":{"_type":"image-file","sha256":"344b8fe69aca7ec7d62ae779d5d7792c84141be1df652f3156aee804f46867d8","size":48442,"path":"media/images/AMZN Stock Price Prediction by iTransformer_8_344b8fe69aca7ec7d62a.png","format":"png","width":1000,"height":600},"_timestamp":1.7367523141957457e+09,"seasonal_3_train_loss":0.864301460006935}