{"seasonal_3_valid_loss":0.8876940500010889,"seasonal_0_train_loss":0.3092688330544218,"trend_valid_loss":0.33618824335061154,"real_trend_stock_price":221.26011244752448,"real_stock_price":236.85000610351562,"trend_train_loss":1.2153703300796586,"real_seasonal_1_stock_price":-3.140674707080751,"_wandb":{"runtime":9},"seasonal_1_valid_loss":1.6823694603916273,"AAPL Stock Price Prediction by iTransformer":{"width":1000,"height":600,"_type":"image-file","sha256":"56b1db9e8440cd8a2cd4aae1c2afc827caf3c0bd5ce289bc42da3eccafbfb9f4","size":48484,"path":"media/images/AAPL Stock Price Prediction by iTransformer_8_56b1db9e8440cd8a2cd4.png","format":"png"},"predicted_seasonal_0_stock_price":1.4272847175598145,"Runtime (seconds)":4.203074932098389,"seasonal_3_train_loss":1.0798641537102422,"seasonal_1_train_loss":1.600335420812079,"real_resid_stock_price":9.055696866899979,"_timestamp":1.7367381111641355e+09,"resid_valid_loss":0.6566729176263868,"seasonal_2_train_loss":0.9547766576886534,"mse":707.0757823346648,"depth":4,"mae":26.590896606445312,"predicted_seasonal_1_stock_price":1.9556849002838135,"rmse":26.590896606445312,"predicted_seasonal_3_stock_price":2.5032153129577637,"final_predicted_stock_price":210.2591094970703,"dim":128,"real_seasonal_2_stock_price":7.34047143283971,"seasonal_0_valid_loss":1.2273266228233897,"seasonal_2_valid_loss":0.1793681538569818,"_runtime":9.248130989,"predicted_trend_stock_price":192.4268341064453,"predicted_resid_stock_price":3.607607126235962,"predicted_seasonal_2_stock_price":8.33847427368164,"real_seasonal_0_stock_price":-2.3363837364009443,"real_seasonal_3_stock_price":4.6707837997331625,"_step":9,"resid_train_loss":0.6043625781292206,"periods":[252,504,756,1260]}