{"dim":128,"seasonal_2_valid_loss":1.9723273515701294,"resid_valid_loss":0.7088752618353618,"predicted_seasonal_0_stock_price":-5.827898979187012,"real_stock_price":218.94000244140625,"predicted_seasonal_2_stock_price":-4.401553630828857,"_step":9,"trend_valid_loss":0.7418310546171845,"seasonal_1_train_loss":0.38191028782927183,"AMZN Stock Price Prediction by iTransformer":{"format":"png","width":1000,"height":600,"_type":"image-file","sha256":"3cc2c6bd4b396779c645ed852128c8e59cb94942602b08ec0759dba200883ff6","size":46021,"path":"media/images/AMZN Stock Price Prediction by iTransformer_8_3cc2c6bd4b396779c645.png"},"trend_train_loss":0.19741180786932522,"real_seasonal_0_stock_price":-6.886692248923765,"mse":5847.77310383413,"seasonal_3_valid_loss":0.6974946856498718,"_runtime":12.988867536,"real_seasonal_1_stock_price":2.721535027645758,"seasonal_2_train_loss":2.0472732098267765,"seasonal_0_train_loss":0.24320948777758344,"seasonal_3_train_loss":0.9529612515283667,"mae":76.47073364257812,"periods":[252,504,756,1260],"real_seasonal_3_stock_price":9.210042698987007,"_wandb":{"runtime":12},"_timestamp":1.7367471811067739e+09,"Runtime (seconds)":6.146890878677368,"predicted_seasonal_1_stock_price":3.970017194747925,"predicted_trend_stock_price":109.97821807861328,"real_seasonal_2_stock_price":16.307195141839433,"predicted_seasonal_3_stock_price":14.404792785644531,"real_trend_stock_price":167.5354913342489,"final_predicted_stock_price":142.46926879882812,"depth":4,"rmse":76.47073364257812,"real_resid_stock_price":30.052430487608945,"resid_train_loss":0.6656357061731618,"seasonal_1_valid_loss":0.09460997156191281,"predicted_resid_stock_price":24.34568977355957,"seasonal_0_valid_loss":0.18732783198356628}