{"resid_train_loss":1.3069574918325355,"predicted_resid_stock_price":-6.789058685302734,"AAPL Stock Price Prediction by iTransformer":{"size":48975,"path":"media/images/AAPL Stock Price Prediction by iTransformer_8_e9937445003e530e27e6.png","format":"png","width":1000,"height":600,"_type":"image-file","sha256":"e9937445003e530e27e6449affa3680b1256b82303fbd5f03cae0e739c81f533"},"final_predicted_stock_price":187.10919189453125,"_wandb":{"runtime":10},"trend_valid_loss":0.05164216699465508,"resid_valid_loss":1.4025783872013977,"dim":128,"real_seasonal_2_stock_price":7.340472819359721,"_runtime":10.518663056,"seasonal_2_train_loss":0.710303803860607,"real_seasonal_3_stock_price":4.670787882336918,"real_stock_price":236.85000610351562,"seasonal_1_valid_loss":0.8335093161128214,"real_seasonal_1_stock_price":-3.140678141555882,"mae":49.740814208984375,"predicted_seasonal_1_stock_price":-1.9392422437667847,"predicted_seasonal_2_stock_price":3.7900023460388184,"Runtime (seconds)":5.312183380126953,"trend_train_loss":0.1630860229499599,"predicted_seasonal_0_stock_price":-0.8018828630447388,"seasonal_3_valid_loss":0.7472549969004061,"predicted_trend_stock_price":194.9810028076172,"_step":9,"real_resid_stock_price":9.055694773830055,"seasonal_2_valid_loss":0.20901061758719464,"depth":4,"real_seasonal_0_stock_price":-2.3363833485184817,"seasonal_0_train_loss":0.9261021118195799,"mse":2474.148598172702,"rmse":49.740814208984375,"real_trend_stock_price":221.26011211806332,"seasonal_3_train_loss":0.6598960844519763,"_timestamp":1.7367527723106973e+09,"periods":[252,504,756,1260],"seasonal_0_valid_loss":1.8978458670682685,"seasonal_1_train_loss":0.9893519510174579,"predicted_seasonal_3_stock_price":-2.131640672683716}