{"_step":9,"mse":1037.1975247117225,"seasonal_2_train_loss":0.6649970828969772,"dim":128,"rmse":32.20555114746094,"predicted_seasonal_2_stock_price":7.0599446296691895,"_timestamp":1.7367241337116833e+09,"Runtime (seconds)":5.394217491149902,"seasonal_3_train_loss":1.0836355922284064,"trend_train_loss":0.16562440350546673,"seasonal_1_train_loss":1.4081042927960448,"depth":4,"real_seasonal_2_stock_price":16.307195141839433,"real_stock_price":218.94000244140625,"real_seasonal_1_stock_price":2.721535027645758,"predicted_seasonal_1_stock_price":-1.6656023263931274,"predicted_seasonal_3_stock_price":7.406052112579346,"seasonal_0_valid_loss":0.10262522101402283,"predicted_seasonal_0_stock_price":-5.68242073059082,"real_trend_stock_price":167.5354913342489,"seasonal_0_train_loss":0.2378580218056664,"real_resid_stock_price":30.052430487608945,"periods":[252,504,756,1260],"seasonal_1_valid_loss":1.361235831982523,"seasonal_3_valid_loss":0.6868166675875264,"final_predicted_stock_price":186.7344512939453,"trend_valid_loss":0.0036316089078484637,"mae":32.20555114746094,"real_seasonal_0_stock_price":-6.886692248923765,"predicted_trend_stock_price":163.96066284179688,"predicted_resid_stock_price":15.655808448791504,"AMZN Stock Price Prediction by iTransformer":{"size":51117,"path":"media/images/AMZN Stock Price Prediction by iTransformer_8_b9b4a7d11e4731fcf833.png","format":"png","width":1000,"height":600,"_type":"image-file","sha256":"b9b4a7d11e4731fcf8336d2b2aa3a7682d0953667c06203c91632b2f35ca73f6"},"resid_valid_loss":0.7745368480682373,"_runtime":13.248314146,"seasonal_2_valid_loss":0.6237557427672779,"_wandb":{"runtime":13},"real_seasonal_3_stock_price":9.210042698987007,"resid_train_loss":0.723977559282174}