{"real_seasonal_3_stock_price":4.6707893816874995,"real_seasonal_0_stock_price":-2.336382399108371,"seasonal_0_valid_loss":2.2052972753842672,"seasonal_2_valid_loss":0.15974936008740642,"predicted_seasonal_1_stock_price":-3.9783387184143066,"predicted_resid_stock_price":8.21475601196289,"trend_valid_loss":2.1486783027648926,"rmse":92.78897094726562,"depth":4,"real_seasonal_1_stock_price":-3.140677195457641,"predicted_seasonal_3_stock_price":7.925891876220703,"predicted_trend_stock_price":125.69892883300781,"real_seasonal_2_stock_price":7.340470016300575,"real_resid_stock_price":9.055694353998462,"predicted_seasonal_0_stock_price":-1.019902229309082,"predicted_seasonal_2_stock_price":7.219707012176514,"seasonal_0_train_loss":1.069484450588502,"final_predicted_stock_price":144.06103515625,"periods":[252,504,756,1260],"seasonal_2_train_loss":0.43350031524479327,"trend_train_loss":0.28571613827425213,"Runtime (seconds)":6.999454021453857,"mse":8609.793129452504,"_wandb":{"runtime":13},"resid_train_loss":0.6281934133343232,"seasonal_1_train_loss":0.28115303310289363,"seasonal_3_valid_loss":0.41833940148353577,"_step":9,"resid_valid_loss":0.440566947574735,"_runtime":13.378602099,"seasonal_1_valid_loss":0.15673807893217223,"real_trend_stock_price":221.2601119460951,"mae":92.78897094726562,"real_stock_price":236.85000610351562,"seasonal_3_train_loss":0.7326653799066296,"AAPL Stock Price Prediction by iTransformer":{"height":600,"_type":"image-file","sha256":"3883568fc5da64158f9a02c68e53ceef0214ea41ae17a499f745fc87834314b8","size":47068,"path":"media/images/AAPL Stock Price Prediction by iTransformer_8_3883568fc5da64158f9a.png","format":"png","width":1000},"dim":128,"_timestamp":1.7367365092242403e+09}