{"periods":[252,504,756,1260],"seasonal_1_valid_loss":0.0005754926824010909,"mse":125.28275438793935,"seasonal_2_valid_loss":0.007553039118647575,"real_seasonal_3_stock_price":7.958065275096058,"predicted_resid_stock_price":23.723003387451172,"predicted_seasonal_2_stock_price":16.340518951416016,"seasonal_1_train_loss":0.00012191531425435466,"real_stock_price":225.0399932861328,"_step":1803,"predicted_trend_stock_price":161.39266967773438,"real_trend_stock_price":163.2085077115918,"seasonal_3_valid_loss":0.0022415919229388237,"resid_train_loss":0.012876333511100657,"seasonal_2_train_loss":0.004537467713214281,"dim":128,"resid_valid_loss":0.01701129841211751,"real_resid_stock_price":31.87258480475404,"predicted_seasonal_3_stock_price":9.152523040771484,"_runtime":23028.105735065,"depth":4,"trend_train_loss":7.42812123499234e-05,"real_seasonal_2_stock_price":19.825702130500105,"predicted_seasonal_0_stock_price":-2.3721389770507812,"predicted_seasonal_1_stock_price":5.610433101654053,"trend_valid_loss":0.0008370095165446401,"mae":11.192977905273438,"seasonal_0_train_loss":0.0003079946150410049,"seasonal_0_valid_loss":0.0009124155499433216,"_timestamp":1.7370587063736284e+09,"Runtime (seconds)":1850.2638869285583,"rmse":11.192977905273438,"real_seasonal_0_stock_price":-3.0076952903603473,"real_seasonal_1_stock_price":5.182828654551149,"final_predicted_stock_price":213.84701538085938,"seasonal_3_train_loss":0.0051744404685482226,"AMZN Stock Price Prediction by iTransformer":{"path":"media/images/AMZN Stock Price Prediction by iTransformer_1802_de327d4c2e89396f359f.png","format":"png","width":1000,"height":600,"_type":"image-file","sha256":"de327d4c2e89396f359f05178d74f9bb3bfd79c0d967f5da58b2d2d91f4d692f","size":51609},"_wandb":{"runtime":23028}}