{"resid_train_loss":0.16978514865823316,"predicted_seasonal_2_stock_price":-10.91789930179275,"seasonal_2_valid_loss":0.473957520140254,"real_seasonal_0_stock_price":2.2796181726360274,"predicted_trend_stock_price":141.17050561042117,"AMZN Stock Price Prediction (STL)":{"format":"png","width":1000,"height":600,"_type":"image-file","sha256":"734cfab93b4db18e5e20ab01c64cc2bd069aa304325d7df40dd0f8f4bf3cf82a","size":49773,"path":"media/images/AMZN Stock Price Prediction (STL)_31_734cfab93b4db18e5e20.png"},"seasonal_3_train_loss":0.2747021589161614,"predicted_seasonal_0_stock_price":1.1686846756140385,"_wandb":{"runtime":99},"resid_valid_loss":0.34004618149755966,"trend_train_loss":0.4816529097652149,"seasonal_1_train_loss":0.4951940752616545,"seasonal_0_train_loss":0.183779277591681,"seasonal_1_valid_loss":1.2866735439451913,"real_seasonal_3_stock_price":-11.177661759798585,"predicted_resid_stock_price":-22.253711776114308,"seasonal_2_train_loss":0.37386387841664503,"_step":32,"trend_valid_loss":0.41430294797534034,"final_predicted_stock_price":95.98989530041374,"predicted_seasonal_3_stock_price":-10.5779811984876,"predicted_seasonal_1_stock_price":-2.5997027092268272,"seasonal_0_valid_loss":0.3790199567965411,"real_seasonal_2_stock_price":-3.4891607947854943,"_timestamp":1.734078658199752e+09,"real_trend_stock_price":161.03402315617853,"Runtime (seconds)":135.114670753479,"real_resid_stock_price":-26.642270213266727,"real_stock_price":120.58000183105469,"seasonal_3_valid_loss":1.2638661433403153,"real_seasonal_1_stock_price":-1.4245467299089907,"_runtime":99.766203521}