{"resid_valid_loss":0.039074195362627503,"predicted_seasonal_3_stock_price":4.909092820279318,"seasonal_1_train_loss":0.0883750755389703,"_step":1651,"final_predicted_stock_price":196.60840310521544,"resid_train_loss":0.03181263531219748,"real_seasonal_2_stock_price":16.76176559855732,"predicted_seasonal_0_stock_price":-3.651798696024794,"seasonal_0_valid_loss":0.03486765689968345,"trend_train_loss":0.08421752633564902,"real_seasonal_1_stock_price":3.36965879515863,"real_stock_price":207.08999633789062,"trend_valid_loss":0.0482265874886467,"predicted_resid_stock_price":22.921935663468812,"seasonal_1_valid_loss":0.05481947790091204,"seasonal_0_train_loss":0.033834283812774736,"real_trend_stock_price":159.3021971585472,"predicted_seasonal_1_stock_price":4.173461532656861,"real_resid_stock_price":25.57286681151163,"predicted_trend_stock_price":157.07322929386797,"seasonal_3_valid_loss":0.05201562133438775,"_wandb":{"runtime":65153},"_timestamp":1.7355598504965768e+09,"predicted_seasonal_2_stock_price":11.182482490967288,"_runtime":65153.923780666,"seasonal_3_train_loss":0.08362764275955911,"real_seasonal_3_stock_price":6.127401711020198,"real_seasonal_0_stock_price":-4.043893736904377,"seasonal_2_valid_loss":0.05776197760236645,"seasonal_2_train_loss":0.06870675888753068}