{"_wandb":{"runtime":15},"seasonal_0_valid_loss":1.2751307487487793,"predicted_resid_stock_price":4.727806091308594,"Runtime (seconds)":8.038145303726196,"real_resid_stock_price":9.055691413637419,"trend_valid_loss":6.37826304938925,"_timestamp":1.7367152864596145e+09,"real_seasonal_2_stock_price":7.340474200484133,"real_seasonal_3_stock_price":4.6707863243844825,"real_seasonal_1_stock_price":-3.1406784179563307,"resid_train_loss":0.48502946633795346,"predicted_seasonal_3_stock_price":-4.670920372009277,"_step":9,"seasonal_2_train_loss":0.8755410962078348,"seasonal_2_valid_loss":0.9439098107154412,"periods":[252,504,756,1260],"depth":4,"AAPL Stock Price Prediction by iTransformer":{"sha256":"a37257a2134c10bc4fd2c6fe3142b4d706b7f8ee4802e107d49bfc462d3b5aeb","size":44514,"path":"media/images/AAPL Stock Price Prediction by iTransformer_8_a37257a2134c10bc4fd2.png","format":"png","width":1000,"height":600,"_type":"image-file"},"predicted_seasonal_0_stock_price":0.43965163826942444,"seasonal_0_train_loss":1.006178306266557,"predicted_seasonal_1_stock_price":-2.887702465057373,"predicted_trend_stock_price":50.08552169799805,"seasonal_3_valid_loss":0.5384504795074463,"resid_valid_loss":0.29232877492904663,"final_predicted_stock_price":48.999176025390625,"real_trend_stock_price":221.26011163388978,"dim":128,"real_stock_price":236.85000610351562,"seasonal_1_train_loss":0.4633153427231451,"rmse":187.850830078125,"_runtime":15.933497098,"trend_train_loss":2.4826486325530697,"real_seasonal_0_stock_price":-2.3363790509238407,"predicted_seasonal_2_stock_price":1.304819107055664,"seasonal_3_train_loss":1.0092132492490726,"mae":187.850830078125,"mse":35287.93436104059,"seasonal_1_valid_loss":0.1114376093490852}