{"dim":128,"predicted_seasonal_3_stock_price":7.01721715927124,"seasonal_2_train_loss":2.019640940087771,"seasonal_0_train_loss":0.3859467652090435,"predicted_seasonal_1_stock_price":-0.5199750661849976,"mae":140.72557830810547,"_runtime":11.369899227,"_wandb":{"runtime":11},"periods":[252,504,756,1260],"_timestamp":1.736734228883076e+09,"real_seasonal_3_stock_price":4.670789225702903,"seasonal_1_train_loss":1.0553793386797907,"real_seasonal_1_stock_price":-3.1406801767159913,"seasonal_0_valid_loss":0.5317463876467993,"resid_train_loss":1.2541252203025754,"trend_valid_loss":2.0764745191277663,"seasonal_3_valid_loss":0.2470555305480957,"predicted_trend_stock_price":95.94005584716797,"_step":9,"seasonal_1_valid_loss":1.1976610497108795,"real_seasonal_0_stock_price":-2.3363786104610718,"seasonal_2_valid_loss":2.037798095935894,"predicted_resid_stock_price":-4.304239749908447,"final_predicted_stock_price":96.12442779541016,"real_resid_stock_price":9.055693045786825,"real_stock_price":236.85000610351562,"resid_valid_loss":1.2903817148424952,"rmse":140.72557830810547,"predicted_seasonal_2_stock_price":-2.661674976348877,"AAPL Stock Price Prediction by iTransformer":{"size":47638,"path":"media/images/AAPL Stock Price Prediction by iTransformer_8_00f7175f4597584a834a.png","format":"png","width":1000,"height":600,"_type":"image-file","sha256":"00f7175f4597584a834a23dd7103bfdde70a9a2a227e08a67f80ea3f4e6be047"},"predicted_seasonal_0_stock_price":0.6530348062515259,"mse":19803.688390150724,"depth":4,"real_seasonal_2_stock_price":7.340470544622377,"seasonal_3_train_loss":1.365497557320678,"real_trend_stock_price":221.2601120745806,"Runtime (seconds)":5.986852407455444,"trend_train_loss":0.9301262701075313}