{"final_predicted_stock_price":89.95101928710938,"real_seasonal_2_stock_price":16.307195141839433,"real_trend_stock_price":167.5354913342489,"trend_train_loss":2.7337870989038873,"predicted_seasonal_3_stock_price":5.1299214363098145,"real_seasonal_0_stock_price":-6.886692248923765,"AMZN Stock Price Prediction by iTransformer":{"height":600,"_type":"image-file","sha256":"c5e27e905df250ea009b9692c751fff155bdd50c5e789da6c225ffa7eb64c295","size":46728,"path":"media/images/AMZN Stock Price Prediction by iTransformer_8_c5e27e905df250ea009b.png","format":"png","width":1000},"predicted_trend_stock_price":59.51128387451172,"mse":16638.157775179483,"real_seasonal_3_stock_price":9.210042698987007,"mae":128.98898315429688,"resid_valid_loss":0.6673546129423489,"predicted_seasonal_2_stock_price":9.500933647155762,"seasonal_3_valid_loss":0.4722299188375473,"depth":4,"seasonal_2_valid_loss":0.21283872523268715,"seasonal_0_valid_loss":0.6981581562175984,"_timestamp":1.736733236913364e+09,"predicted_seasonal_0_stock_price":-2.0291907787323,"dim":128,"real_stock_price":218.94000244140625,"_wandb":{"runtime":10},"real_seasonal_1_stock_price":2.721535027645758,"periods":[252,504,756,1260],"seasonal_2_train_loss":0.4379146850705147,"seasonal_0_train_loss":0.7131097858781973,"seasonal_1_train_loss":0.6215384796068266,"_step":9,"resid_train_loss":0.5835963458702642,"seasonal_1_valid_loss":0.09387931227684021,"predicted_resid_stock_price":15.250575065612793,"trend_valid_loss":4.251273783867669,"Runtime (seconds)":4.943547487258911,"rmse":128.98898315429688,"real_resid_stock_price":30.052430487608945,"seasonal_3_train_loss":0.8226537013063265,"_runtime":10.567500481,"predicted_seasonal_1_stock_price":2.5875015258789062}