{"predicted_resid_stock_price":19.432641983032227,"seasonal_1_train_loss":0.6545228920055084,"seasonal_0_train_loss":1.669713404747007,"real_seasonal_1_stock_price":-3.140674443926077,"real_trend_stock_price":221.26011183200802,"seasonal_1_valid_loss":0.4422370780804647,"_runtime":11.569611136,"_timestamp":1.736752846463515e+09,"real_seasonal_2_stock_price":7.340470501745918,"predicted_seasonal_2_stock_price":1.6318305730819702,"_wandb":{"runtime":11},"dim":128,"mse":7945.634816374863,"resid_train_loss":1.8420365082794796,"predicted_seasonal_0_stock_price":0.5462098121643066,"rmse":89.13829040527344,"real_resid_stock_price":9.055693420255466,"seasonal_3_valid_loss":0.45146179586020924,"mae":89.13829040527344,"real_seasonal_3_stock_price":4.670783498485654,"periods":[252,504,756,1260],"real_stock_price":236.85000610351562,"real_seasonal_0_stock_price":-2.3363787050533715,"predicted_seasonal_1_stock_price":-4.350492000579834,"Runtime (seconds)":4.918414831161499,"AAPL Stock Price Prediction by iTransformer":{"sha256":"a9ef11dd96524e58555104c0ef634f8b250710f866e56f14caedf4f6dfa90186","size":46495,"path":"media/images/AAPL Stock Price Prediction by iTransformer_8_a9ef11dd96524e585551.png","format":"png","width":1000,"height":600,"_type":"image-file"},"predicted_trend_stock_price":127.02011108398438,"resid_valid_loss":1.6208255136086294,"depth":4,"seasonal_3_train_loss":0.7857881160890786,"_step":9,"seasonal_2_valid_loss":0.3067611394530515,"seasonal_2_train_loss":0.45165769218194696,"trend_train_loss":0.2560565189809628,"final_predicted_stock_price":147.7117156982422,"seasonal_0_valid_loss":3.893110724486927,"predicted_seasonal_3_stock_price":3.43141770362854,"trend_valid_loss":1.963670790195465}