{"_step":9,"periods":[252,504,756,1260],"real_seasonal_2_stock_price":7.340469592250632,"predicted_seasonal_2_stock_price":5.0397562980651855,"dim":128,"Runtime (seconds)":8.864954948425293,"resid_valid_loss":0.9972753090578974,"_runtime":17.620348312,"real_seasonal_3_stock_price":4.670786381385733,"real_trend_stock_price":221.26011162098408,"mse":11597.00845509977,"predicted_seasonal_1_stock_price":-3.034655809402466,"trend_valid_loss":0.7068925992998363,"real_seasonal_0_stock_price":-2.336378316349218,"AAPL Stock Price Prediction by iTransformer":{"format":"png","width":1000,"height":600,"_type":"image-file","sha256":"b57927b613674082de29e4f3f7d07b41e6fc779e0ad2730266a09099a40adba0","size":46910,"path":"media/images/AAPL Stock Price Prediction by iTransformer_8_b57927b613674082de29.png"},"mae":107.68940734863281,"real_stock_price":236.85000610351562,"resid_train_loss":1.1738199420994564,"real_seasonal_1_stock_price":-3.140675581303329,"depth":4,"seasonal_1_train_loss":0.6060955471555952,"predicted_trend_stock_price":128.4375762939453,"seasonal_2_valid_loss":0.2712957045954207,"predicted_seasonal_0_stock_price":0.4136004149913788,"trend_train_loss":0.01591918819826054,"predicted_seasonal_3_stock_price":-0.37831100821495056,"_timestamp":1.73674926931917e+09,"final_predicted_stock_price":129.1605987548828,"predicted_resid_stock_price":-1.3173627853393555,"_wandb":{"runtime":17},"seasonal_2_train_loss":0.6139762227456751,"seasonal_0_train_loss":0.6156822222997501,"seasonal_0_valid_loss":0.11179612305179332,"seasonal_3_valid_loss":1.0059994646147186,"real_resid_stock_price":9.055692406547735,"seasonal_1_valid_loss":0.4791989166410241,"rmse":107.68940734863281,"seasonal_3_train_loss":1.2969289592334203}