{"Runtime (seconds)":3.792982339859009,"real_seasonal_0_stock_price":-6.886692248923765,"seasonal_3_train_loss":0.5314965982824639,"final_predicted_stock_price":97.2597427368164,"_timestamp":1.7367478621130018e+09,"seasonal_3_valid_loss":0.28162717819213867,"real_stock_price":218.94000244140625,"seasonal_2_train_loss":0.3951411293272869,"depth":4,"real_resid_stock_price":30.052430487608945,"trend_valid_loss":2.5759778745630952,"real_seasonal_1_stock_price":2.721535027645758,"predicted_seasonal_2_stock_price":0.09566149115562439,"_step":9,"real_trend_stock_price":167.5354913342489,"periods":[252,504,756,1260],"dim":128,"predicted_resid_stock_price":6.3635478019714355,"real_seasonal_2_stock_price":16.307195141839433,"_runtime":8.00948539,"seasonal_0_train_loss":0.5019168297990788,"predicted_seasonal_1_stock_price":2.3072662353515625,"resid_valid_loss":1.0386694145411317,"seasonal_2_valid_loss":0.5404430598155405,"predicted_trend_stock_price":79.13740539550781,"predicted_seasonal_0_stock_price":-4.751705646514893,"seasonal_1_train_loss":0.5708853636437109,"rmse":121.68025970458984,"trend_train_loss":1.5402322884748905,"_wandb":{"runtime":8},"mse":14806.08560177643,"seasonal_0_valid_loss":0.1711648071096057,"predicted_seasonal_3_stock_price":14.10756778717041,"AMZN Stock Price Prediction by iTransformer":{"_type":"image-file","sha256":"eb0f115a6a1a6b38b167e17a751d481682ddf1f67cac96ec762ee62414a6df3b","size":46731,"path":"media/images/AMZN Stock Price Prediction by iTransformer_8_eb0f115a6a1a6b38b167.png","format":"png","width":1000,"height":600},"mae":121.68025970458984,"resid_train_loss":1.4227406149106587,"real_seasonal_3_stock_price":9.210042698987007,"seasonal_1_valid_loss":0.13151775915175676}