{"real_stock_price":218.94000244140625,"_runtime":8.6606452,"real_seasonal_3_stock_price":9.210042698987007,"_timestamp":1.7367513157079413e+09,"trend_valid_loss":0.8282219659424944,"predicted_resid_stock_price":-9.150629997253418,"seasonal_0_valid_loss":0.6860100709617312,"predicted_trend_stock_price":110.3037109375,"seasonal_2_valid_loss":0.09595472205846002,"dim":128,"seasonal_2_train_loss":0.4819695714329421,"predicted_seasonal_0_stock_price":-5.3815813064575195,"mae":101.80509948730469,"seasonal_1_train_loss":1.1949180844037428,"_wandb":{"runtime":8},"final_predicted_stock_price":117.13490295410156,"predicted_seasonal_2_stock_price":18.072168350219727,"resid_train_loss":1.5846617305890107,"real_seasonal_0_stock_price":-6.886692248923765,"mse":10364.278281620005,"real_seasonal_1_stock_price":2.721535027645758,"resid_valid_loss":2.255343189058711,"trend_train_loss":0.47890981645114383,"periods":[252,504,756,1260],"seasonal_3_train_loss":3.0207212294220547,"seasonal_3_valid_loss":1.0210348139933454,"seasonal_1_valid_loss":1.148640787878702,"predicted_seasonal_3_stock_price":2.0374088287353516,"depth":4,"rmse":101.80509948730469,"predicted_seasonal_1_stock_price":1.2538268566131592,"seasonal_0_train_loss":0.6472429808243704,"real_trend_stock_price":167.5354913342489,"_step":9,"Runtime (seconds)":3.8308990001678467,"real_resid_stock_price":30.052430487608945,"real_seasonal_2_stock_price":16.307195141839433,"AMZN Stock Price Prediction by iTransformer":{"path":"media/images/AMZN Stock Price Prediction by iTransformer_8_11943668b4d2fa2eb28e.png","format":"png","width":1000,"height":600,"_type":"image-file","sha256":"11943668b4d2fa2eb28ed9935932a6a659084708e0c0e8a429cbd26034a305a9","size":46300}}