{"seasonal_3_valid_loss":0.0843057930469513,"real_seasonal_1_stock_price":1.0561572081613904,"Stock_Price_Prediction":{"format":"png","width":1000,"height":600,"_type":"image-file","sha256":"fb596033bdf0884392e881ab26a01a5e6c7d9b67853f2394587ca36069782c08","size":44147,"path":"media/images/Stock_Price_Prediction_1694_fb596033bdf0884392e8.png"},"_wandb":{"runtime":53342},"predicted_seasonal_2_stock_price":5.346413612365723,"predicted_trend_stock_price":213.2249755859375,"predicted_seasonal_1_stock_price":-0.10807595402002335,"seasonal_1_valid_loss":0.07217132300138474,"resid_train_loss":0.09299013301745634,"predicted_resid_stock_price":7.166787147521973,"Runtime (seconds)":2778.430413007736,"real_trend_stock_price":215.60252112774182,"seasonal_2_valid_loss":0.14951954782009125,"rmse":10.079818725585938,"_step":1695,"trend_valid_loss":0.1114223524928093,"real_seasonal_3_stock_price":1.4913879826879377,"mse":101.60274554067291,"real_seasonal_0_stock_price":1.089708163362588,"real_stock_price":235.05999755859375,"seasonal_1_train_loss":0.04907904612664918,"_timestamp":1.7360056104006128e+09,"resid_valid_loss":0.08769531548023224,"_runtime":53342.69832174,"real_seasonal_2_stock_price":6.99969141106132,"seasonal_3_train_loss":0.08947248464956269,"seasonal_0_valid_loss":0.11969329416751862,"seasonal_2_train_loss":0.13635191835011495,"predicted_seasonal_0_stock_price":1.5374202728271484,"seasonal_0_train_loss":0.1294062130762211,"predicted_seasonal_3_stock_price":-2.1873481273651123,"real_resid_stock_price":8.820531665578699,"trend_train_loss":0.1259071683779554,"mae":10.079818725585938,"final_predicted_stock_price":224.9801788330078}