{"predicted_seasonal_0_stock_price":1.1511797904968262,"real_seasonal_2_stock_price":7.3404734123332736,"_runtime":11.836271492,"resid_valid_loss":0.5391796779773436,"seasonal_2_train_loss":0.5408875985351019,"trend_train_loss":0.5077418894216601,"seasonal_0_valid_loss":1.4832452169155486,"AAPL Stock Price Prediction by iTransformer":{"width":1000,"height":600,"_type":"image-file","sha256":"fbc2a09468dde298e441c867aa681fbdc0adc32a78515f8b5a08cb7789150037","size":47235,"path":"media/images/AAPL Stock Price Prediction by iTransformer_8_fbc2a09468dde298e441.png","format":"png"},"predicted_seasonal_1_stock_price":-3.2896339893341064,"_timestamp":1.7367082731416504e+09,"seasonal_1_valid_loss":0.2475164383649826,"predicted_seasonal_3_stock_price":-3.9941601753234863,"real_seasonal_1_stock_price":-3.1406749222381416,"mse":15999.526551738905,"seasonal_2_valid_loss":0.17597852512817522,"real_resid_stock_price":9.055692760276543,"periods":[252,504,756,1260],"depth":4,"real_seasonal_0_stock_price":-2.33637800367064,"_step":9,"trend_valid_loss":2.379320456501196,"resid_train_loss":0.6040948464004235,"real_seasonal_3_stock_price":4.670780918188047,"seasonal_1_train_loss":0.53421656052073,"rmse":126.4892349243164,"mae":126.4892349243164,"seasonal_0_train_loss":1.0935906035849992,"predicted_seasonal_2_stock_price":5.934138774871826,"seasonal_3_valid_loss":3.2661150662774543,"Runtime (seconds)":6.109039783477783,"predicted_trend_stock_price":110.03559875488281,"predicted_resid_stock_price":0.5236573219299316,"seasonal_3_train_loss":2.75691855555989,"real_stock_price":236.85000610351562,"final_predicted_stock_price":110.36077117919922,"_wandb":{"runtime":11},"real_trend_stock_price":221.26011193862652,"dim":128}