{"predicted_resid_stock_price":2.81892728805542,"real_seasonal_0_stock_price":-6.886692248923765,"predicted_seasonal_3_stock_price":3.488318681716919,"mse":16113.336156557838,"seasonal_3_valid_loss":0.16133544844020073,"seasonal_3_train_loss":0.6238766564569331,"mae":126.93831634521484,"predicted_seasonal_1_stock_price":4.15018892288208,"final_predicted_stock_price":92.0016860961914,"seasonal_1_train_loss":0.2982984538803842,"rmse":126.93831634521484,"seasonal_0_train_loss":0.4836868984124836,"trend_valid_loss":3.185336446249357,"seasonal_2_valid_loss":0.2747433327580278,"periods":[252,504,756,1260],"predicted_seasonal_2_stock_price":13.703608512878418,"seasonal_2_train_loss":0.7239167962962316,"real_seasonal_3_stock_price":9.210042698987007,"_timestamp":1.7367345281326818e+09,"_runtime":9.976972879,"seasonal_0_valid_loss":0.28601031972860874,"_step":9,"real_seasonal_1_stock_price":2.721535027645758,"seasonal_1_valid_loss":0.32442021194427767,"real_stock_price":218.94000244140625,"real_resid_stock_price":30.052430487608945,"real_trend_stock_price":167.5354913342489,"depth":4,"_wandb":{"runtime":9},"resid_valid_loss":1.9085320234298706,"AMZN Stock Price Prediction by iTransformer":{"sha256":"3d7da136bf1f02fe65cdf23566bfdfed7e3a6e94c6cb525c16bd07caca22bdbf","size":46680,"path":"media/images/AMZN Stock Price Prediction by iTransformer_8_3d7da136bf1f02fe65cd.png","format":"png","width":1000,"height":600,"_type":"image-file"},"Runtime (seconds)":4.842902183532715,"predicted_seasonal_0_stock_price":-6.230999946594238,"predicted_trend_stock_price":74.07164764404297,"trend_train_loss":1.752801712432117,"dim":128,"real_seasonal_2_stock_price":16.307195141839433,"resid_train_loss":1.2742337138536217}