{"periods":[252,504,756,1260],"trend_train_loss":2.342210297633037,"real_seasonal_1_stock_price":-3.1406766699858184,"predicted_resid_stock_price":-1.5210506916046143,"_step":9,"trend_valid_loss":4.267974853515625,"predicted_seasonal_1_stock_price":-1.0815739631652832,"seasonal_3_train_loss":0.7302103144675234,"seasonal_2_train_loss":2.8307164246353778,"seasonal_1_valid_loss":0.6372330711911554,"real_resid_stock_price":9.055697316784546,"seasonal_0_valid_loss":1.03708760093159,"seasonal_2_valid_loss":0.4144035580887104,"dim":128,"_timestamp":1.736719869958173e+09,"real_trend_stock_price":221.26011201314785,"predicted_trend_stock_price":88.20919799804688,"_wandb":{"runtime":10},"rmse":140.0106430053711,"resid_train_loss":0.6363460479154327,"real_seasonal_3_stock_price":4.670784036463646,"predicted_seasonal_2_stock_price":7.621409893035889,"_runtime":10.425186951,"real_seasonal_2_stock_price":7.340469249748802,"predicted_seasonal_3_stock_price":2.364114761352539,"seasonal_1_train_loss":1.1329756930115842,"seasonal_0_train_loss":0.5010644721157979,"resid_valid_loss":0.6389285028512356,"real_stock_price":236.85000610351562,"Runtime (seconds)":4.970925569534302,"depth":4,"seasonal_3_valid_loss":0.11103945970535278,"mae":140.0106430053711,"AAPL Stock Price Prediction by iTransformer":{"sha256":"68679717e79a258f066c0d5991f70fa40c46599711bc7b6172f1b76f0a1b4573","size":47671,"path":"media/images/AAPL Stock Price Prediction by iTransformer_8_68679717e79a258f066c.png","format":"png","width":1000,"height":600,"_type":"image-file"},"predicted_seasonal_0_stock_price":1.2472690343856812,"final_predicted_stock_price":96.83936309814453,"mse":19602.98015477747,"real_seasonal_0_stock_price":-2.336379842643403}