{"predicted_seasonal_3_stock_price":-2.3669204711914062,"resid_train_loss":0.5498631032514235,"resid_valid_loss":0.8945347219705582,"predicted_seasonal_2_stock_price":6.58220100402832,"predicted_resid_stock_price":7.851553916931152,"mae":120.71417236328125,"final_predicted_stock_price":116.13583374023438,"seasonal_1_train_loss":1.0240634557377948,"mse":14571.911409351975,"seasonal_0_train_loss":1.3303591440039602,"seasonal_3_valid_loss":0.6987678326425307,"AAPL Stock Price Prediction by iTransformer":{"sha256":"7732cfd1bde5861f26fcc19c585b7959c411d1ad3fed638402c1ae8e9b728fec","size":47234,"path":"media/images/AAPL Stock Price Prediction by iTransformer_8_7732cfd1bde5861f26fc.png","format":"png","width":1000,"height":600,"_type":"image-file"},"real_stock_price":236.85000610351562,"seasonal_1_valid_loss":1.0084447474458067,"_runtime":20.292205031,"predicted_trend_stock_price":105.77827453613281,"seasonal_3_train_loss":0.9133688776980007,"_step":9,"real_trend_stock_price":221.260111686451,"predicted_seasonal_1_stock_price":-1.7780741453170776,"trend_train_loss":0.43793375083879005,"dim":128,"trend_valid_loss":2.22662517951645,"depth":4,"seasonal_2_train_loss":0.4580851444191129,"real_seasonal_2_stock_price":7.340473058978252,"rmse":120.71417236328125,"seasonal_0_valid_loss":0.3994845747947693,"_timestamp":1.7367541276803074e+09,"real_seasonal_0_stock_price":-2.3363830315014504,"real_seasonal_1_stock_price":-3.1406761789694997,"Runtime (seconds)":9.940006256103516,"predicted_seasonal_0_stock_price":0.06880027055740356,"real_resid_stock_price":9.055697294379115,"_wandb":{"runtime":20},"real_seasonal_3_stock_price":4.670783274178181,"periods":[252,504,756,1260],"seasonal_2_valid_loss":0.032854032003252806}