{"seasonal_0_valid_loss":0.32918623254941753,"_wandb":{"runtime":65},"_step":1,"trend_train_loss":1.1137385521432643,"trend_valid_loss":0.48797911405563354,"_timestamp":1.7357636794776242e+09,"_runtime":60.612956404,"seasonal_0_train_loss":0.5007230507923951}