{"rmse":109.729248046875,"real_stock_price":236.85000610351562,"trend_train_loss":0.4248582287704675,"seasonal_3_train_loss":1.0726911597833175,"seasonal_1_valid_loss":1.1579823557705802,"_runtime":12.133163701,"_timestamp":1.7367404412088442e+09,"periods":[252,504,756,1260],"predicted_trend_stock_price":107.1950454711914,"real_seasonal_0_stock_price":-2.3363850620307396,"seasonal_2_train_loss":0.514127321729539,"predicted_seasonal_0_stock_price":0.09307920187711716,"_step":9,"seasonal_0_valid_loss":0.8543170094490051,"predicted_resid_stock_price":0.7920100688934326,"resid_valid_loss":0.7260285417141573,"seasonal_2_valid_loss":0.18758138658699655,"predicted_seasonal_2_stock_price":2.503690481185913,"resid_train_loss":0.7722265885907635,"real_seasonal_2_stock_price":7.340470016094004,"real_seasonal_1_stock_price":-3.140675152212812,"real_resid_stock_price":9.055696769687813,"dim":128,"mse":12040.507876932621,"final_predicted_stock_price":127.12075805664062,"predicted_seasonal_3_stock_price":15.328701972961426,"AAPL Stock Price Prediction by iTransformer":{"size":46649,"path":"media/images/AAPL Stock Price Prediction by iTransformer_8_cb70163f2ab906208fbc.png","format":"png","width":1000,"height":600,"_type":"image-file","sha256":"cb70163f2ab906208fbc02025384ebd04f7fdfae1e9338d17e43288883b70d27"},"seasonal_1_train_loss":1.4884065792531207,"seasonal_0_train_loss":0.727348710223487,"mae":109.729248046875,"real_seasonal_3_stock_price":4.670788178797201,"Runtime (seconds)":6.152370452880859,"depth":4,"trend_valid_loss":1.4600179731121912,"predicted_seasonal_1_stock_price":1.2082279920578003,"real_trend_stock_price":221.26011135318015,"_wandb":{"runtime":12},"seasonal_3_valid_loss":0.5116950205992907}