{"_timestamp":1.7367486141858826e+09,"seasonal_0_train_loss":0.302120939829769,"real_seasonal_1_stock_price":-3.14067588546208,"real_resid_stock_price":9.05569630444802,"_step":9,"periods":[252,504,756,1260],"resid_train_loss":1.0951546906681031,"predicted_seasonal_0_stock_price":0.7442530393600464,"seasonal_2_train_loss":1.0731598422372066,"predicted_trend_stock_price":194.37881469726562,"predicted_seasonal_1_stock_price":-2.3743278980255127,"seasonal_1_valid_loss":0.3652314150358661,"mse":540.4362103799358,"seasonal_0_valid_loss":0.24637973308563232,"depth":4,"trend_valid_loss":0.08464874445620835,"predicted_seasonal_3_stock_price":4.360119819641113,"_wandb":{"runtime":11},"Runtime (seconds)":4.545588493347168,"predicted_seasonal_2_stock_price":0.9978383183479309,"_runtime":11.111850029,"dim":128,"seasonal_1_train_loss":0.4125890832784374,"AAPL Stock Price Prediction by iTransformer":{"sha256":"1c12c31989d1f9f9d86b611545d6d037323045c486b416fff669b039c5654787","size":48068,"path":"media/images/AAPL Stock Price Prediction by iTransformer_8_1c12c31989d1f9f9d86b.png","format":"png","width":1000,"height":600,"_type":"image-file"},"resid_valid_loss":1.3665605804631766,"real_seasonal_3_stock_price":4.670779701659636,"real_seasonal_2_stock_price":7.340472157897114,"trend_train_loss":0.2554697733917727,"seasonal_2_valid_loss":0.6176125575666842,"final_predicted_stock_price":213.60272216796875,"seasonal_3_train_loss":1.2702938613464247,"real_seasonal_0_stock_price":-2.336378164780635,"predicted_resid_stock_price":15.496037483215332,"mae":23.247283935546875,"seasonal_3_valid_loss":0.9995208248558404,"rmse":23.247283935546875,"real_stock_price":236.85000610351562,"real_trend_stock_price":221.26011198975357}