{"Runtime (seconds)":5.958977699279785,"depth":4,"predicted_trend_stock_price":142.08245849609375,"predicted_seasonal_0_stock_price":-0.2855682969093323,"final_predicted_stock_price":148.90728759765625,"seasonal_0_valid_loss":1.9597863816217178,"real_stock_price":236.85000610351562,"seasonal_2_valid_loss":0.5022181868553162,"real_trend_stock_price":221.26011197473272,"seasonal_3_valid_loss":1.2566171125214842,"_timestamp":1.736709972277937e+09,"_wandb":{"runtime":12},"seasonal_2_train_loss":1.079310075270472,"real_seasonal_0_stock_price":-2.33638331727452,"mae":87.94271850585938,"predicted_seasonal_3_stock_price":3.8844945430755615,"resid_valid_loss":0.792629545169439,"real_seasonal_3_stock_price":4.670787788394676,"mse":7733.921738200821,"seasonal_1_train_loss":0.3938280864874762,"seasonal_0_train_loss":0.9209646139248306,"_step":9,"dim":128,"predicted_seasonal_1_stock_price":-2.241159677505493,"periods":[252,504,756,1260],"predicted_resid_stock_price":2.5243914127349854,"trend_train_loss":0.11923158262963296,"real_resid_stock_price":9.055692717476205,"AAPL Stock Price Prediction by iTransformer":{"format":"png","width":1000,"height":600,"_type":"image-file","sha256":"9e72ee85a8a63ac173be0b208316f453f297ef39639dacc20cd22a996fdbfecb","size":46393,"path":"media/images/AAPL Stock Price Prediction by iTransformer_8_9e72ee85a8a63ac173be.png"},"trend_valid_loss":0.47336513966321947,"seasonal_3_train_loss":1.6379034285698002,"_runtime":12.659432059,"predicted_seasonal_2_stock_price":2.9426796436309814,"real_seasonal_2_stock_price":7.340473091489571,"resid_train_loss":0.7670857066160045,"rmse":87.94271850585938,"seasonal_1_valid_loss":0.19788090846346337,"real_seasonal_1_stock_price":-3.1406761513030355}