{"resid_valid_loss":1.5611234091916064,"seasonal_2_valid_loss":0.6593979196831784,"dim":128,"real_trend_stock_price":221.26011108466275,"real_seasonal_0_stock_price":-2.336384412125902,"real_seasonal_3_stock_price":4.67078813021109,"predicted_trend_stock_price":122.53463745117188,"seasonal_0_train_loss":0.4763177484687602,"seasonal_1_valid_loss":1.2813308238983154,"real_seasonal_1_stock_price":-3.1406790067917507,"seasonal_3_valid_loss":0.08753652671874747,"seasonal_3_train_loss":1.000582483649816,"real_resid_stock_price":9.055696329267846,"seasonal_0_valid_loss":1.6961486444970761,"trend_train_loss":0.4056738449378831,"predicted_seasonal_0_stock_price":0.5770877599716187,"_step":9,"depth":4,"predicted_seasonal_2_stock_price":0.8394989967346191,"seasonal_2_train_loss":1.2033674536117662,"_wandb":{"runtime":10},"predicted_seasonal_3_stock_price":8.212078094482422,"Runtime (seconds)":4.3837690353393555,"mse":11509.485958190868,"AAPL Stock Price Prediction by iTransformer":{"sha256":"0c8f2556f5466377a5b73e5d2d69fb1bcf6bb3125a37d85c02929a3d2616ae2f","size":46899,"path":"media/images/AAPL Stock Price Prediction by iTransformer_8_0c8f2556f5466377a5b7.png","format":"png","width":1000,"height":600,"_type":"image-file"},"predicted_resid_stock_price":-3.950321912765503,"rmse":107.28227233886719,"seasonal_1_train_loss":1.891486041826821,"trend_valid_loss":1.3113869943253982,"real_seasonal_2_stock_price":7.340473978291554,"final_predicted_stock_price":129.56773376464844,"mae":107.28227233886719,"_timestamp":1.7367097803866477e+09,"resid_train_loss":1.8069739611948574,"periods":[252,504,756,1260],"real_stock_price":236.85000610351562,"predicted_seasonal_1_stock_price":1.3547419309616089,"_runtime":10.065277685}