{"depth":4,"trend_train_loss":0.46642913210900944,"real_seasonal_2_stock_price":16.307195141839433,"predicted_seasonal_1_stock_price":2.962324857711792,"mse":10651.987366587855,"resid_train_loss":0.4069393496105977,"seasonal_2_train_loss":1.1849715487800376,"Runtime (seconds)":7.413467168807983,"predicted_seasonal_3_stock_price":2.917799472808838,"real_stock_price":218.94000244140625,"predicted_resid_stock_price":10.693314552307129,"predicted_seasonal_2_stock_price":3.905606269836426,"seasonal_3_valid_loss":0.6468840612692752,"seasonal_1_valid_loss":0.4317327926602261,"real_seasonal_3_stock_price":9.210042698987007,"dim":128,"_timestamp":1.73671739452226e+09,"_runtime":16.079378997,"seasonal_1_train_loss":0.6331191958119687,"rmse":103.20846557617188,"final_predicted_stock_price":115.73153686523438,"real_seasonal_1_stock_price":2.721535027645758,"_step":9,"seasonal_0_valid_loss":1.8335405143995904,"predicted_seasonal_0_stock_price":1.6577039957046509,"real_seasonal_0_stock_price":-6.886692248923765,"real_resid_stock_price":30.052430487608945,"mae":103.20846557617188,"real_trend_stock_price":167.5354913342489,"seasonal_3_train_loss":1.1431476976394164,"predicted_trend_stock_price":93.59477996826172,"trend_valid_loss":1.3688698428758184,"resid_valid_loss":0.35705148199178877,"AMZN Stock Price Prediction by iTransformer":{"size":46215,"path":"media/images/AMZN Stock Price Prediction by iTransformer_8_769e5c8af588335a9d8a.png","format":"png","width":1000,"height":600,"_type":"image-file","sha256":"769e5c8af588335a9d8abc593a18bbfd9e624fda219c3fc4b54717e7b0430621"},"periods":[252,504,756,1260],"seasonal_2_valid_loss":0.6756666302680969,"_wandb":{"runtime":16},"seasonal_0_train_loss":1.9316916569149816}