{"r2_score":NaN,"predicted_stock_price":197.88174438476562,"_step":302,"_runtime":3478.4090054,"mse":115.38508554012515,"train_loss":0.0582586670877892,"_timestamp":1.739026488477558e+09,"Runtime (seconds)":78.81429266929626,"rmse":10.741744995117188,"real_stock_price":187.13999938964844,"_wandb":{"runtime":3478},"valid_loss":0.029049168234546435,"GOOG Stock Price Prediction by iTransformer(no MSTL)":{"width":1000,"height":600,"_type":"image-file","sha256":"f5a3da17da9e0b4bc84332b164df76dc54a95d55243db4d8a4923a4a961a8ed9","size":54027,"path":"media/images/GOOG Stock Price Prediction by iTransformer(no MSTL)_301_f5a3da17da9e0b4bc843.png","format":"png"},"dim":128,"mae":10.741744995117188,"depth":4}