{"real_seasonal_0_stock_price":-2.3363829570907053,"resid_train_loss":0.4105231462635388,"AAPL Stock Price Prediction by iTransformer":{"size":50215,"path":"media/images/AAPL Stock Price Prediction by iTransformer_8_8ef4de5e115077878052.png","format":"png","width":1000,"height":600,"_type":"image-file","sha256":"8ef4de5e1150778780528c7ffc00c1b8ecab5c52650fcbaba45c3e9cd1f5c198"},"trend_train_loss":0.27740720905178257,"real_seasonal_2_stock_price":7.3404715275416486,"real_trend_stock_price":221.26011163681758,"real_resid_stock_price":9.05569563690048,"mse":71.51647397340275,"seasonal_1_valid_loss":0.6689207550578437,"seasonal_0_train_loss":0.33803249711035105,"predicted_seasonal_1_stock_price":-3.1141867637634277,"_runtime":14.009188128,"seasonal_3_train_loss":0.5142020185314203,"predicted_seasonal_0_stock_price":-0.47619307041168213,"real_seasonal_3_stock_price":4.670786398280681,"predicted_seasonal_2_stock_price":3.140200138092041,"resid_valid_loss":0.3886259148842888,"real_seasonal_1_stock_price":-3.1406761389340403,"seasonal_1_train_loss":0.7020133806835241,"dim":128,"Runtime (seconds)":6.998257160186768,"seasonal_2_train_loss":0.9870652048495892,"_wandb":{"runtime":14},"final_predicted_stock_price":228.3932647705078,"seasonal_3_valid_loss":0.12314573723581893,"seasonal_0_valid_loss":0.6882176684425366,"predicted_trend_stock_price":221.68563842773438,"predicted_resid_stock_price":3.7649481296539307,"_timestamp":1.7367225106968374e+09,"real_stock_price":236.85000610351562,"predicted_seasonal_3_stock_price":3.3928492069244385,"mae":8.456741333007812,"_step":9,"rmse":8.456741333007812,"depth":4,"periods":[252,504,756,1260],"trend_valid_loss":0.04877811657705745,"seasonal_2_valid_loss":0.7182051272598845}