{"seasonal_2_valid_loss":0.42421739688727644,"real_trend_stock_price":221.26011152159077,"AAPL Stock Price Prediction by iTransformer":{"sha256":"2ede31aad63be63e0aaf4849ad575e7ae580fcdb3c8b1768b240079a17b1252b","size":49972,"path":"media/images/AAPL Stock Price Prediction by iTransformer_8_2ede31aad63be63e0aaf.png","format":"png","width":1000,"height":600,"_type":"image-file"},"predicted_seasonal_3_stock_price":8.146567344665527,"predicted_seasonal_1_stock_price":-0.14316721260547638,"mae":7.8430023193359375,"trend_train_loss":0.31621403395759545,"_step":9,"Runtime (seconds)":3.6674695014953613,"mse":61.512685381108895,"real_resid_stock_price":9.055696673936325,"_runtime":8.017590936,"seasonal_0_valid_loss":1.648252010451141,"seasonal_3_valid_loss":0.43982926870767886,"depth":4,"final_predicted_stock_price":244.69300842285156,"trend_valid_loss":0.08881671726703644,"real_stock_price":236.85000610351562,"resid_train_loss":0.9903241087702029,"predicted_resid_stock_price":1.5756289958953857,"seasonal_3_train_loss":1.0785072210156932,"periods":[252,504,756,1260],"real_seasonal_1_stock_price":-3.14067872857838,"real_seasonal_3_stock_price":4.6707861300160864,"_wandb":{"runtime":8},"real_seasonal_2_stock_price":7.340470358706992,"real_seasonal_0_stock_price":-2.336379852156159,"_timestamp":1.736738986814478e+09,"predicted_trend_stock_price":229.79061889648438,"predicted_seasonal_2_stock_price":5.126625061035156,"resid_valid_loss":1.6104214957536813,"seasonal_1_train_loss":0.8171221938826194,"rmse":7.8430023193359375,"seasonal_2_train_loss":0.5005945255463483,"predicted_seasonal_0_stock_price":0.19674164056777954,"seasonal_0_train_loss":0.6733094951374886,"dim":128,"seasonal_1_valid_loss":0.7678471516430109}