{"_step":0,"_timestamp":1.7305283971937838e+09,"Validation Loss (Trend)":0.7894426190737381,"_runtime":15.87556861,"_wandb":{"runtime":15},"Validation Loss (Resid)":0.9717096142398501,"Train Loss (Seasonal)":0.7621056639708729,"Train Loss (Resid)":0.2726000207071135,"Train Loss (Trend)":0.2743783271170919,"Validation Loss (Seasonal)":1.7246358602949716}