{"_wandb":{"runtime":498},"Apple Stock Price Prediction":{"format":"png","width":1000,"height":600,"_type":"image-file","sha256":"e56936b98a14c859016b4daf8df6fc2abe9d2025e9fbf1cd73da2997ef3dec2a","size":55586,"path":"media/images/Apple Stock Price Prediction_100_e56936b98a14c859016b.png"},"Runtime (seconds)":490.186306476593,"Train Loss (Resid)":0.025963116674025562,"Validation Loss (Seasonal)":0.10042066127061844,"Validation Loss (Trend)":0.004915908444672823,"_timestamp":1.7295700178986487e+09,"Validation Loss (Resid)":0.027044441550970078,"_runtime":498.016499166,"Train Loss (Trend)":0.0016648179987070494,"Train Loss (Seasonal)":0.030788686486817884,"_step":101}