{"Runtime (seconds)":6.28270411491394,"resid_train_loss":1.7528634836297827,"periods":[252,504,756,1260],"final_predicted_stock_price":85.32066345214844,"real_stock_price":218.94000244140625,"predicted_resid_stock_price":-4.715084552764893,"trend_valid_loss":1.6081997615098953,"predicted_seasonal_2_stock_price":2.0178065299987793,"real_trend_stock_price":167.5354913342489,"_timestamp":1.7367232277098281e+09,"dim":128,"rmse":133.6193389892578,"real_seasonal_0_stock_price":-6.886692248923765,"real_seasonal_3_stock_price":9.210042698987007,"seasonal_3_valid_loss":2.0215200504138844,"resid_valid_loss":1.8037649776975988,"real_seasonal_1_stock_price":2.721535027645758,"predicted_trend_stock_price":90.39625549316406,"_runtime":13.393462122,"seasonal_1_train_loss":1.1481216903915978,"seasonal_0_valid_loss":0.20319493636800004,"trend_train_loss":1.0179144941350768,"real_resid_stock_price":30.052430487608945,"seasonal_0_train_loss":1.4770731524216358,"depth":4,"seasonal_2_valid_loss":0.6245725095554551,"predicted_seasonal_1_stock_price":1.6550817489624023,"mse":17854.127751926193,"predicted_seasonal_3_stock_price":2.7911934852600098,"_step":9,"predicted_seasonal_0_stock_price":-6.824584484100342,"mae":133.6193389892578,"_wandb":{"runtime":13},"real_seasonal_2_stock_price":16.307195141839433,"seasonal_1_valid_loss":0.9595831558767673,"AMZN Stock Price Prediction by iTransformer":{"size":47204,"path":"media/images/AMZN Stock Price Prediction by iTransformer_8_6aa64add69ef86dc7202.png","format":"png","width":1000,"height":600,"_type":"image-file","sha256":"6aa64add69ef86dc72026cfe166c0afe9ebfe386d729cc02556db5f3d0852184"},"seasonal_3_train_loss":1.3340977790406705,"seasonal_2_train_loss":0.6987766442498612}