{"real_seasonal_3_stock_price":9.210042698987007,"mae":51.484649658203125,"seasonal_1_valid_loss":0.33610465115224814,"seasonal_3_valid_loss":0.362432599067688,"seasonal_2_train_loss":2.109660651472261,"Runtime (seconds)":6.8585710525512695,"predicted_trend_stock_price":159.87953186035156,"resid_train_loss":0.6689684867104959,"real_seasonal_0_stock_price":-6.886692248923765,"_step":9,"_wandb":{"runtime":15},"dim":128,"real_seasonal_1_stock_price":2.721535027645758,"predicted_seasonal_3_stock_price":8.614418983459473,"seasonal_1_train_loss":0.5984000011595787,"real_trend_stock_price":167.5354913342489,"real_resid_stock_price":30.052430487608945,"seasonal_2_valid_loss":2.658171152139639,"periods":[252,504,756,1260],"mse":2650.669150427915,"predicted_seasonal_0_stock_price":-8.22557258605957,"resid_valid_loss":0.4248435502139306,"trend_valid_loss":0.013583505430936137,"final_predicted_stock_price":167.45535278320312,"seasonal_0_valid_loss":0.4140125607479025,"_timestamp":1.7367437560010202e+09,"predicted_seasonal_1_stock_price":2.3220324516296387,"depth":4,"_runtime":15.963835015,"real_seasonal_2_stock_price":16.307195141839433,"predicted_resid_stock_price":7.387279987335205,"predicted_seasonal_2_stock_price":-2.522353172302246,"rmse":51.484649658203125,"trend_train_loss":0.22194541718070587,"real_stock_price":218.94000244140625,"seasonal_0_train_loss":0.4951449645101997,"seasonal_3_train_loss":2.1679980601264295,"AMZN Stock Price Prediction by iTransformer":{"_type":"image-file","sha256":"53b42b08457aeed7965a78f9e3add62e18656a9795bf27564135d8de0dcf9d65","size":48532,"path":"media/images/AMZN Stock Price Prediction by iTransformer_8_53b42b08457aeed7965a.png","format":"png","width":1000,"height":600}}