{"_runtime":9.923015337,"real_seasonal_1_stock_price":2.721535027645758,"_wandb":{"runtime":9},"Runtime (seconds)":4.923919677734375,"mae":118.09706115722656,"real_resid_stock_price":30.052430487608945,"predicted_seasonal_2_stock_price":12.476692199707031,"rmse":118.09706115722656,"depth":4,"_step":9,"real_seasonal_3_stock_price":9.210042698987007,"seasonal_0_train_loss":0.2198587299150051,"_timestamp":1.7367213474143188e+09,"predicted_resid_stock_price":7.715461254119873,"real_seasonal_0_stock_price":-6.886692248923765,"periods":[252,504,756,1260],"dim":128,"resid_train_loss":1.1299380716387466,"predicted_trend_stock_price":80.38825988769531,"seasonal_2_valid_loss":0.18755792050883327,"trend_train_loss":2.3147882968309177,"real_stock_price":218.94000244140625,"seasonal_1_train_loss":0.6655989388624827,"real_seasonal_2_stock_price":16.307195141839433,"predicted_seasonal_0_stock_price":-4.650012969970703,"predicted_seasonal_1_stock_price":3.022078514099121,"seasonal_3_train_loss":0.503238745473555,"AMZN Stock Price Prediction by iTransformer":{"height":600,"_type":"image-file","sha256":"f4e92ed0708494300b40eca5e94512d68c4168efcd1b07a7196361b8d90405ab","size":46738,"path":"media/images/AMZN Stock Price Prediction by iTransformer_8_f4e92ed0708494300b40.png","format":"png","width":1000},"final_predicted_stock_price":100.84294128417969,"trend_valid_loss":2.833964452510927,"seasonal_1_valid_loss":0.4666590971195759,"resid_valid_loss":0.2981220274052238,"predicted_seasonal_3_stock_price":1.890456199645996,"seasonal_3_valid_loss":0.23876752754222877,"real_trend_stock_price":167.5354913342489,"seasonal_0_valid_loss":0.2883737644117053,"seasonal_2_train_loss":0.3141734880855652,"mse":13946.91585397371}