{"resid_train_loss":0.7941753490930538,"_runtime":15.361424454,"seasonal_0_train_loss":0.6621907033860727,"real_seasonal_2_stock_price":7.340473085287909,"real_seasonal_0_stock_price":-2.336382937907915,"rmse":137.10857391357422,"_step":9,"trend_valid_loss":2.2175503800880674,"seasonal_0_valid_loss":1.4471423860200108,"dim":128,"real_resid_stock_price":9.055694491443745,"seasonal_1_valid_loss":0.2683621155502637,"depth":4,"_timestamp":1.7367471671390452e+09,"_wandb":{"runtime":15},"predicted_seasonal_2_stock_price":1.944158673286438,"predicted_seasonal_3_stock_price":1.1243696212768555,"real_seasonal_1_stock_price":-3.1406789198007696,"Runtime (seconds)":7.453542232513428,"mae":137.10857391357422,"predicted_resid_stock_price":13.857050895690918,"final_predicted_stock_price":99.7414321899414,"resid_valid_loss":0.11678679527774934,"predicted_trend_stock_price":84.39599609375,"seasonal_3_train_loss":0.5465983400866389,"real_trend_stock_price":221.26011216668766,"seasonal_3_valid_loss":0.45582391019532914,"predicted_seasonal_1_stock_price":-2.819579839706421,"trend_train_loss":0.7126537757613927,"periods":[252,504,756,1260],"seasonal_1_train_loss":0.4611210234441366,"predicted_seasonal_0_stock_price":1.2394415140151978,"AAPL Stock Price Prediction by iTransformer":{"sha256":"4b9babc92636c525b061fcbe29ca40065e23c2a85901af95e1ade37bbf7dda60","size":47610,"path":"media/images/AAPL Stock Price Prediction by iTransformer_8_4b9babc92636c525b061.png","format":"png","width":1000,"height":600,"_type":"image-file"},"mse":18798.761040614045,"seasonal_2_train_loss":1.3176832717508158,"real_stock_price":236.85000610351562,"real_seasonal_3_stock_price":4.670788217805022,"seasonal_2_valid_loss":0.7802352825535275}