{"_timestamp":1.7367520015633886e+09,"resid_valid_loss":0.8921511275693774,"predicted_seasonal_0_stock_price":-4.054331302642822,"predicted_trend_stock_price":119.5879898071289,"seasonal_0_valid_loss":0.1280200417468867,"real_seasonal_1_stock_price":2.721535027645758,"AMZN Stock Price Prediction by iTransformer":{"width":1000,"height":600,"_type":"image-file","sha256":"b58365600ca3caddab0ae59027fe9bbb7f9d174a4a764ea5663b9ea71f850e19","size":48790,"path":"media/images/AMZN Stock Price Prediction by iTransformer_8_b58365600ca3caddab0a.png","format":"png"},"resid_train_loss":1.1660165771144244,"trend_valid_loss":0.4350995645208179,"real_seasonal_0_stock_price":-6.886692248923765,"real_trend_stock_price":167.5354913342489,"trend_train_loss":0.39398821459090966,"mae":72.13999938964844,"final_predicted_stock_price":146.8000030517578,"periods":[252,504,756,1260],"seasonal_1_train_loss":1.275264399959321,"seasonal_2_train_loss":0.33048834037875624,"real_stock_price":218.94000244140625,"predicted_seasonal_2_stock_price":10.42576789855957,"predicted_seasonal_1_stock_price":1.01552152633667,"real_seasonal_2_stock_price":16.307195141839433,"seasonal_0_train_loss":0.32617887818955804,"depth":4,"_runtime":10.837397895,"predicted_seasonal_3_stock_price":14.976688385009766,"_wandb":{"runtime":10},"_step":9,"real_resid_stock_price":30.052430487608945,"seasonal_2_valid_loss":0.21083579320322043,"mse":5204.179511938477,"rmse":72.13999938964844,"predicted_resid_stock_price":4.848374843597412,"dim":128,"seasonal_1_valid_loss":0.8359686112848795,"real_seasonal_3_stock_price":9.210042698987007,"seasonal_3_valid_loss":0.9155666725710034,"Runtime (seconds)":5.023706436157227,"seasonal_3_train_loss":1.2451725828426856}