{"real_trend_stock_price":215.43425463571458,"rmse":8.8919677734375,"mse":79.06709088385105,"seasonal_0_valid_loss":0.036496391129821386,"seasonal_2_train_loss":0.0474300050864409,"trend_train_loss":0.06639640557821647,"seasonal_1_train_loss":0.055593190485851755,"predicted_seasonal_3_stock_price":-0.10989618301391602,"seasonal_3_valid_loss":0.013561389409005642,"seasonal_1_valid_loss":0.024936610801240145,"predicted_resid_stock_price":6.312753677368164,"real_seasonal_0_stock_price":1.3571286335021562,"seasonal_0_train_loss":0.06418839270487729,"trend_valid_loss":0.028521770531761234,"mae":8.8919677734375,"predicted_seasonal_0_stock_price":1.838595986366272,"AAPL Stock Price Prediction by iTransformer":{"format":"png","width":1000,"height":600,"_type":"image-file","sha256":"1f7e103ffda1088b0362a29f2bfc9c374385ba903efd1ad916b6005b08aa62a2","size":52268,"path":"media/images/AAPL Stock Price Prediction by iTransformer_1656_1f7e103ffda1088b0362.png"},"Runtime (seconds)":6171.892032384872,"_timestamp":1.7364815773223433e+09,"resid_valid_loss":0.03444623508779653,"predicted_seasonal_1_stock_price":0.7288415431976318,"real_seasonal_2_stock_price":6.399666474501347,"predicted_seasonal_2_stock_price":4.588685035705566,"depth":32,"seasonal_3_train_loss":0.04450384453515109,"_runtime":35010.336454721,"real_seasonal_1_stock_price":1.009639606379271,"dim":256,"resid_train_loss":0.05768726339681655,"seasonal_2_valid_loss":0.027136691066028156,"real_stock_price":232.8699951171875,"predicted_trend_stock_price":210.61904907226562,"_wandb":{"runtime":35010},"final_predicted_stock_price":223.97802734375,"real_resid_stock_price":8.07011692920375,"real_seasonal_3_stock_price":0.5991888378864121,"_step":1657}