{"trend_train_loss":1.4282374266509659,"predicted_resid_stock_price":13.000733375549316,"mse":27109.673249688058,"real_trend_stock_price":166.2883086375972,"_runtime":12.732530662,"predicted_seasonal_2_stock_price":-14.910030364990234,"real_seasonal_0_stock_price":-6.451699070701747,"dim":128,"seasonal_3_train_loss":1.4688732626377723,"Runtime (seconds)":5.6911773681640625,"periods":[252,504,756,1260],"final_predicted_stock_price":54.739845275878906,"predicted_seasonal_0_stock_price":-5.580718040466309,"depth":4,"seasonal_1_valid_loss":1.1592354049622002,"_wandb":{"runtime":12},"predicted_seasonal_3_stock_price":-7.6187543869018555,"predicted_trend_stock_price":69.40585327148438,"seasonal_3_valid_loss":1.4209309816360474,"resid_valid_loss":0.23950618116789937,"AMZN Stock Price Prediction by iTransformer":{"width":1000,"height":600,"_type":"image-file","sha256":"edfce7be53ccee0d6aa1dbd1eb605174beb249ce82dab733cd2aee172720ddee","size":46083,"path":"media/images/AMZN Stock Price Prediction by iTransformer_8_edfce7be53ccee0d6aa1.png","format":"png"},"real_seasonal_3_stock_price":8.822195994067753,"real_resid_stock_price":31.706300622932616,"rmse":164.65015411376953,"seasonal_1_train_loss":1.144104481115794,"seasonal_0_valid_loss":0.5965544476886363,"predicted_seasonal_1_stock_price":0.4427652359008789,"real_seasonal_1_stock_price":3.104336719681861,"_step":9,"seasonal_2_train_loss":0.9796742056219194,"mae":164.65015411376953,"resid_train_loss":0.45898954214472204,"real_stock_price":219.38999938964844,"trend_valid_loss":2.429948196069807,"seasonal_2_valid_loss":2.9457921120556683,"real_seasonal_2_stock_price":15.920556486070712,"_timestamp":1.7367065235006008e+09,"seasonal_0_train_loss":0.5215385278683373}