{"seasonal_2_train_loss":1.597685025082384,"seasonal_1_valid_loss":1.638709580456769,"_runtime":22.145520063,"mae":47.5003662109375,"predicted_seasonal_0_stock_price":0.8877626657485962,"final_predicted_stock_price":189.34963989257812,"predicted_seasonal_3_stock_price":2.1954379081726074,"_step":9,"trend_valid_loss":0.15805752784144717,"predicted_seasonal_2_stock_price":-1.5809520483016968,"rmse":47.5003662109375,"predicted_seasonal_1_stock_price":0.642387330532074,"trend_train_loss":0.16236050507039507,"depth":4,"dim":128,"real_resid_stock_price":9.055690144409027,"_wandb":{"runtime":22},"real_trend_stock_price":221.2601114753697,"seasonal_0_train_loss":0.5171227694792779,"real_seasonal_0_stock_price":-2.336382337465228,"real_seasonal_3_stock_price":4.670785207634035,"predicted_trend_stock_price":176.30625915527344,"Runtime (seconds)":12.141631126403809,"seasonal_1_train_loss":1.8069551835481192,"_timestamp":1.736754904041359e+09,"resid_train_loss":1.2222475377039625,"real_seasonal_1_stock_price":-3.140674386574672,"mse":2256.284790173173,"periods":[252,504,756,1260],"seasonal_3_valid_loss":0.12179848982627134,"seasonal_2_valid_loss":1.1497827768325806,"predicted_resid_stock_price":10.898761749267578,"AAPL Stock Price Prediction by iTransformer":{"format":"png","width":1000,"height":600,"_type":"image-file","sha256":"96a685984b504f35ddfdb9441a3730e2e2f1ce9b5dd75c18d85740d2a9317f0c","size":48946,"path":"media/images/AAPL Stock Price Prediction by iTransformer_8_96a685984b504f35ddfd.png"},"seasonal_0_valid_loss":1.0384352580980452,"real_stock_price":236.85000610351562,"resid_valid_loss":1.34531109911554,"real_seasonal_2_stock_price":7.340476000142748,"seasonal_3_train_loss":0.8728910994336561}