{"seasonal_2_valid_loss":0.13008748344407323,"seasonal_0_valid_loss":1.7396420594262754,"predicted_seasonal_0_stock_price":1.2222219705581665,"dim":128,"predicted_trend_stock_price":78.89081573486328,"resid_train_loss":1.95494062104969,"_timestamp":1.7367379149176507e+09,"periods":[252,504,756,1260],"predicted_seasonal_3_stock_price":5.798513412475586,"Runtime (seconds)":5.778497219085693,"final_predicted_stock_price":84.35627746582031,"depth":4,"seasonal_3_train_loss":0.4798534606570951,"mse":23254.337273827055,"trend_valid_loss":4.372854035009038,"real_seasonal_1_stock_price":-3.1406739727219763,"trend_train_loss":1.0133055449990112,"seasonal_1_train_loss":0.6495838714542184,"mae":152.4937286376953,"seasonal_3_valid_loss":0.1923602369816407,"real_resid_stock_price":9.055690813021727,"predicted_resid_stock_price":-5.7127275466918945,"_wandb":{"runtime":12},"predicted_seasonal_2_stock_price":7.009742259979248,"_runtime":12.508129903,"real_stock_price":236.85000610351562,"real_trend_stock_price":221.26011257404082,"seasonal_0_train_loss":0.7733778390727002,"resid_valid_loss":2.6682138442993164,"seasonal_2_train_loss":0.425536927422458,"real_seasonal_0_stock_price":-2.336378279048662,"seasonal_1_valid_loss":0.6766963664280332,"predicted_seasonal_1_stock_price":-2.8522865772247314,"real_seasonal_2_stock_price":7.340469819613329,"real_seasonal_3_stock_price":4.670785148610374,"_step":9,"rmse":152.4937286376953,"AAPL Stock Price Prediction by iTransformer":{"height":600,"_type":"image-file","sha256":"7265632b607468d0f34f16afc95b812e16392de96abca945e55a758417286af1","size":46157,"path":"media/images/AAPL Stock Price Prediction by iTransformer_8_7265632b607468d0f34f.png","format":"png","width":1000}}