{"seasonal_0_valid_loss":0.3909686010882312,"predicted_seasonal_0_stock_price":2.514228105545044,"real_seasonal_3_stock_price":4.670781276096053,"Runtime (seconds)":6.039090394973755,"predicted_resid_stock_price":6.59676456451416,"trend_valid_loss":3.4160571098327637,"predicted_trend_stock_price":100.01751708984375,"seasonal_1_train_loss":0.3858671872768291,"predicted_seasonal_1_stock_price":-3.7717883586883545,"_timestamp":1.736718867801847e+09,"_runtime":11.969874216000001,"resid_valid_loss":0.967739017537007,"dim":128,"real_seasonal_0_stock_price":-2.3363786431045446,"periods":[252,504,756,1260],"AAPL Stock Price Prediction by iTransformer":{"format":"png","width":1000,"height":600,"_type":"image-file","sha256":"c6c43d89f164f02175b00b9d27d6bccbfa8386fd85411b84ef57b0c67d36cd25","size":47747,"path":"media/images/AAPL Stock Price Prediction by iTransformer_8_c6c43d89f164f02175b0.png"},"_wandb":{"runtime":11},"real_trend_stock_price":221.2601116267344,"resid_train_loss":0.8317730984864662,"predicted_seasonal_3_stock_price":-3.3643572330474854,"real_resid_stock_price":9.055693698893037,"final_predicted_stock_price":106.1081314086914,"seasonal_3_valid_loss":0.6184338902190707,"depth":4,"rmse":130.74187469482422,"seasonal_1_valid_loss":0.10765494443858001,"seasonal_2_valid_loss":0.25388604165886214,"mse":17093.437798717117,"mae":130.74187469482422,"real_seasonal_2_stock_price":7.340469579447578,"real_stock_price":236.85000610351562,"trend_train_loss":0.8963429327281303,"predicted_seasonal_2_stock_price":4.115767478942871,"seasonal_2_train_loss":0.7454260415257221,"seasonal_3_train_loss":0.9367058739699506,"real_seasonal_1_stock_price":-3.1406714345509164,"_step":9,"seasonal_0_train_loss":0.2547279647563699}