{"seasonal_2_train_loss":0.7767187034557046,"Runtime (seconds)":5.0556182861328125,"_wandb":{"runtime":11},"seasonal_1_train_loss":0.7855111350649571,"real_seasonal_3_stock_price":9.210042698987007,"real_seasonal_1_stock_price":2.721535027645758,"seasonal_0_train_loss":0.9159204805251395,"real_seasonal_2_stock_price":16.307195141839433,"real_resid_stock_price":30.052430487608945,"final_predicted_stock_price":193.27476501464844,"periods":[252,504,756,1260],"_runtime":11.572310577,"trend_train_loss":0.03098234089335604,"resid_valid_loss":0.8928870942462911,"seasonal_1_valid_loss":0.4142323434352875,"trend_valid_loss":0.0046480179892158975,"dim":128,"seasonal_2_valid_loss":0.3753056174449328,"real_seasonal_0_stock_price":-6.886692248923765,"real_stock_price":218.94000244140625,"AMZN Stock Price Prediction by iTransformer":{"format":"png","width":1000,"height":600,"_type":"image-file","sha256":"86d72b659c4887844ae60ba4616569d554ff5f97874b79d22a539e2e61970563","size":50792,"path":"media/images/AMZN Stock Price Prediction by iTransformer_8_86d72b659c4887844ae6.png"},"resid_train_loss":1.5764119721896366,"predicted_seasonal_2_stock_price":12.26881217956543,"seasonal_3_train_loss":0.5010577198865575,"predicted_resid_stock_price":7.125534534454346,"mae":25.665237426757812,"predicted_seasonal_1_stock_price":1.8857641220092773,"rmse":25.665237426757812,"predicted_seasonal_0_stock_price":-1.4736292362213135,"seasonal_3_valid_loss":0.28240743377453126,"depth":4,"_step":9,"predicted_trend_stock_price":160.68411254882812,"real_trend_stock_price":167.5354913342489,"predicted_seasonal_3_stock_price":12.784187316894531,"seasonal_0_valid_loss":0.8570982076680675,"_timestamp":1.7367356936992686e+09,"mse":658.70441217185}