{"seasonal_3_valid_loss":0.24175037238228855,"seasonal_0_train_loss":0.8314053567233065,"mae":11.225311279296875,"predicted_trend_stock_price":160.20919799804688,"real_trend_stock_price":167.5354913342489,"real_seasonal_1_stock_price":2.721535027645758,"resid_train_loss":0.8112794675610282,"depth":4,"seasonal_2_valid_loss":0.32371650831538523,"predicted_seasonal_3_stock_price":16.039405822753906,"_timestamp":1.73671929288598e+09,"AMZN Stock Price Prediction by iTransformer":{"format":"png","width":1000,"height":600,"_type":"image-file","sha256":"7c350fbc227a779beaa19d269ac20d9f4a757f30a0e244f399103dc0ce051e6e","size":56238,"path":"media/images/AMZN Stock Price Prediction by iTransformer_8_7c350fbc227a779beaa1.png"},"real_stock_price":218.94000244140625,"real_resid_stock_price":30.052430487608945,"predicted_seasonal_0_stock_price":-0.7523617744445801,"seasonal_0_valid_loss":0.998664272577655,"_runtime":10.877620397,"real_seasonal_0_stock_price":-6.886692248923765,"predicted_resid_stock_price":15.486578941345215,"seasonal_3_train_loss":0.9134073799786615,"mse":126.00761331710964,"resid_valid_loss":0.5366568804571503,"final_predicted_stock_price":207.71469116210938,"real_seasonal_3_stock_price":9.210042698987007,"predicted_seasonal_2_stock_price":14.534537315368652,"_wandb":{"runtime":10},"trend_valid_loss":0.015312621369957924,"Runtime (seconds)":5.29278302192688,"rmse":11.225311279296875,"seasonal_1_valid_loss":0.38821138243146835,"real_seasonal_2_stock_price":16.307195141839433,"trend_train_loss":0.6129952143464995,"seasonal_1_train_loss":0.6938834774756891,"predicted_seasonal_1_stock_price":2.197340965270996,"dim":128,"_step":9,"seasonal_2_train_loss":1.4385869130534907,"periods":[252,504,756,1260]}