{"predicted_trend_stock_price":141.55238342285156,"AMZN Stock Price Prediction by iTransformer":{"_type":"image-file","sha256":"b1f73184f9bfaafd20d888b3d07680cc4a60cfab3fb4d8932ee5c6b4e8a065a5","size":48554,"path":"media/images/AMZN Stock Price Prediction by iTransformer_8_b1f73184f9bfaafd20d8.png","format":"png","width":1000,"height":600},"real_trend_stock_price":162.02319483743435,"seasonal_0_train_loss":1.1948336668377455,"resid_valid_loss":0.7736497284060689,"predicted_seasonal_1_stock_price":-1.5771851539611816,"real_seasonal_0_stock_price":-2.5046776971302003,"seasonal_0_valid_loss":0.5858776830790335,"seasonal_1_train_loss":1.8241721384714698,"mae":74.65037536621094,"dim":128,"real_resid_stock_price":26.637526961158557,"_runtime":11.075284215,"final_predicted_stock_price":136.05963134765625,"seasonal_3_train_loss":1.416924307202883,"predicted_seasonal_2_stock_price":-2.8325884342193604,"_wandb":{"runtime":11},"predicted_seasonal_0_stock_price":0.034630004316568375,"trend_valid_loss":0.05037333206321294,"rmse":74.65037536621094,"Runtime (seconds)":5.096662998199463,"_step":9,"real_stock_price":210.7100067138672,"seasonal_2_valid_loss":1.3339883544832638,"resid_train_loss":0.4558959123279791,"seasonal_1_valid_loss":1.6550089635011804,"periods":[252,504,756,1260],"predicted_resid_stock_price":9.77132797241211,"mse":5572.678542316193,"real_seasonal_3_stock_price":5.216633589795272,"depth":4,"predicted_seasonal_3_stock_price":-10.888947486877441,"real_seasonal_2_stock_price":16.28136016205976,"seasonal_3_valid_loss":0.8461884123067887,"_timestamp":1.736705713781675e+09,"seasonal_2_train_loss":1.2601023499224637,"real_seasonal_1_stock_price":3.055968860549449,"trend_train_loss":1.0186384509953539}