{"seasonal_0_valid_loss":0.5498674189569376,"predicted_seasonal_3_stock_price":1.465012788772583,"predicted_seasonal_0_stock_price":0.5250519514083862,"mse":17833.68374850694,"resid_train_loss":0.8705351003817575,"seasonal_1_valid_loss":0.3527616000399081,"final_predicted_stock_price":103.30718994140625,"real_seasonal_2_stock_price":7.340468953098454,"predicted_seasonal_2_stock_price":13.368372917175293,"seasonal_2_valid_loss":0.6166150747135343,"resid_valid_loss":0.3973906748514209,"_step":9,"seasonal_3_train_loss":0.5286508050862601,"periods":[252,504,756,1260],"rmse":133.54281616210938,"seasonal_0_train_loss":0.5741435759752727,"AAPL Stock Price Prediction by iTransformer":{"width":1000,"height":600,"_type":"image-file","sha256":"bba52d161d1c036ca6d46d670cf453e9c937ca4dd55d5a4dfd5553412945c75c","size":47714,"path":"media/images/AAPL Stock Price Prediction by iTransformer_8_bba52d161d1c036ca6d4.png","format":"png"},"depth":4,"dim":128,"trend_valid_loss":2.0147266015410423,"_wandb":{"runtime":12},"trend_train_loss":0.8782485403769881,"_runtime":12.90922198,"_timestamp":1.736729688600454e+09,"seasonal_1_train_loss":0.4347765294424799,"mae":133.54281616210938,"predicted_trend_stock_price":79.92192840576172,"Runtime (seconds)":6.311236143112183,"seasonal_2_train_loss":0.7719424935939425,"real_seasonal_3_stock_price":4.670788599432317,"real_trend_stock_price":221.26011241388542,"real_seasonal_0_stock_price":-2.336382191150032,"predicted_resid_stock_price":7.149509429931641,"predicted_seasonal_1_stock_price":0.8773221969604492,"real_resid_stock_price":9.0556939549366,"real_seasonal_1_stock_price":-3.1406756266871447,"seasonal_3_valid_loss":0.17597057856619358,"real_stock_price":236.85000610351562}