{"Runtime (seconds)":9.607404232025146,"seasonal_3_valid_loss":1.5228963142349607,"rmse":79.82406616210938,"_timestamp":1.7367075215035741e+09,"AAPL Stock Price Prediction by iTransformer":{"height":600,"_type":"image-file","sha256":"36a4701c40cbdfa4583bbd912d5ecb7a0fbab3ab6f883617d0cc2643eff79d54","size":46754,"path":"media/images/AAPL Stock Price Prediction by iTransformer_8_36a4701c40cbdfa4583b.png","format":"png","width":1000},"real_seasonal_2_stock_price":7.340473653749399,"periods":[252,504,756,1260],"predicted_seasonal_3_stock_price":-2.6099720001220703,"seasonal_0_valid_loss":0.5779252548266978,"seasonal_3_train_loss":2.0933019216463435,"trend_valid_loss":0.20807440565329524,"seasonal_2_train_loss":1.4834913618974668,"real_seasonal_3_stock_price":4.670782312630031,"predicted_resid_stock_price":1.9272425174713135,"trend_train_loss":0.012860592031727288,"depth":4,"predicted_seasonal_0_stock_price":0.7581173777580261,"_runtime":18.426010998,"real_seasonal_1_stock_price":-3.140674328383367,"seasonal_1_train_loss":0.41733896630410555,"resid_train_loss":0.7698713992615692,"_wandb":{"runtime":18},"real_trend_stock_price":221.26011210520224,"real_seasonal_0_stock_price":-2.336383114131361,"seasonal_2_valid_loss":1.3921955232910252,"seasonal_0_train_loss":0.43922841729154044,"predicted_seasonal_2_stock_price":0.6551833748817444,"mse":6371.881538652815,"resid_valid_loss":0.8712724878658517,"seasonal_1_valid_loss":0.17632198420636855,"mae":79.82406616210938,"dim":128,"final_predicted_stock_price":157.02593994140625,"predicted_trend_stock_price":158.66897583007812,"_step":9,"predicted_seasonal_1_stock_price":-2.3736042976379395,"real_resid_stock_price":9.055695474448697,"real_stock_price":236.85000610351562}