{"mae":116.68681335449219,"real_trend_stock_price":167.5354913342489,"seasonal_0_valid_loss":0.4116501808166504,"periods":[252,504,756,1260],"seasonal_3_valid_loss":0.5895251017792643,"_step":9,"Runtime (seconds)":5.302595138549805,"trend_valid_loss":0.30789560670406513,"final_predicted_stock_price":102.25318908691406,"real_seasonal_3_stock_price":9.210042698987007,"seasonal_1_train_loss":0.706110579357547,"predicted_seasonal_2_stock_price":-12.490100860595703,"depth":4,"AMZN Stock Price Prediction by iTransformer":{"sha256":"5f3cb165b0e3700ae203a863e0241051e8eb1824f3a846427771b4a1b07c6ae7","size":46899,"path":"media/images/AMZN Stock Price Prediction by iTransformer_8_5f3cb165b0e3700ae203.png","format":"png","width":1000,"height":600,"_type":"image-file"},"resid_valid_loss":1.9852297227039482,"predicted_seasonal_3_stock_price":-1.5130864381790161,"predicted_resid_stock_price":-8.756404876708984,"predicted_trend_stock_price":122.62138366699219,"real_seasonal_2_stock_price":16.307195141839433,"real_resid_stock_price":30.052430487608945,"mse":13615.812410826096,"resid_train_loss":2.3218763452888274,"seasonal_3_train_loss":0.5633011955833005,"predicted_seasonal_0_stock_price":-1.6355236768722534,"seasonal_1_valid_loss":0.18524587235415962,"real_stock_price":218.94000244140625,"seasonal_2_valid_loss":3.64155398947852,"_runtime":10.945990848,"seasonal_0_train_loss":1.6241404378020878,"dim":128,"trend_train_loss":0.6039076388228308,"rmse":116.68681335449219,"_wandb":{"runtime":10},"predicted_seasonal_1_stock_price":4.026917457580566,"seasonal_2_train_loss":3.930234879255295,"real_seasonal_1_stock_price":2.721535027645758,"real_seasonal_0_stock_price":-6.886692248923765,"_timestamp":1.7367121289855409e+09}