{"seasonal_2_valid_loss":0.16990075862444592,"real_stock_price":218.94000244140625,"real_seasonal_0_stock_price":-6.886692248923765,"predicted_trend_stock_price":94.66015625,"seasonal_0_valid_loss":0.10433722881536031,"periods":[252,504,756,1260],"trend_valid_loss":1.5225678403326806,"real_seasonal_1_stock_price":2.721535027645758,"predicted_resid_stock_price":-4.341726779937744,"mae":118.1472396850586,"seasonal_3_valid_loss":0.1606567009566302,"resid_valid_loss":2.8649363018081573,"seasonal_3_train_loss":1.195874665583883,"Runtime (seconds)":8.70715618133545,"predicted_seasonal_2_stock_price":9.93055534362793,"rmse":118.1472396850586,"trend_train_loss":0.8863100640835396,"real_seasonal_3_stock_price":9.210042698987007,"_wandb":{"runtime":19},"AMZN Stock Price Prediction by iTransformer":{"_type":"image-file","sha256":"19722c1ba282a02e3506534d08822768408ea4d011f03a3035098b0e5d282f65","size":46761,"path":"media/images/AMZN Stock Price Prediction by iTransformer_8_19722c1ba282a02e3506.png","format":"png","width":1000,"height":600},"_timestamp":1.7367334356007862e+09,"depth":4,"predicted_seasonal_0_stock_price":-5.769462585449219,"predicted_seasonal_1_stock_price":2.0956923961639404,"_runtime":19.269186855,"real_seasonal_2_stock_price":16.307195141839433,"_step":9,"seasonal_0_train_loss":0.8817772856760563,"mse":13958.770245198684,"final_predicted_stock_price":100.79276275634766,"seasonal_2_train_loss":0.6092814625640661,"dim":128,"predicted_seasonal_3_stock_price":4.217540740966797,"real_resid_stock_price":30.052430487608945,"seasonal_1_train_loss":0.9114923792157039,"real_trend_stock_price":167.5354913342489,"seasonal_1_valid_loss":0.1413919266979426,"resid_train_loss":1.298799367960776}