{"Train Loss (Trend)":0.047323533503807864,"Validation Loss (Resid)":0.14403114912201123,"_timestamp":1.7287517456295533e+09,"_step":9,"_wandb":{"runtime":10},"Train Loss (Seasonal)":0.0878292432288059,"Validation Loss (Seasonal)":0.18685329606734127,"Train Loss (Resid)":0.11364191950356439,"Validation Loss (Trend)":0.04630423575101129,"_runtime":10.770165913}