{"_timestamp":1.7367405488198185e+09,"_step":9,"seasonal_0_train_loss":0.6098473270458586,"trend_train_loss":1.119915382395443,"_runtime":7.68035414,"periods":[252,504,756,1260],"mae":136.4885482788086,"seasonal_3_valid_loss":0.3885366372565669,"predicted_seasonal_3_stock_price":-1.1117979288101196,"final_predicted_stock_price":100.36145782470703,"depth":4,"seasonal_1_valid_loss":0.8871903548450173,"real_seasonal_1_stock_price":-3.140678102545155,"real_stock_price":236.85000610351562,"real_seasonal_3_stock_price":4.670786009766661,"real_seasonal_2_stock_price":7.340474310612051,"seasonal_1_train_loss":0.9765030903013842,"predicted_seasonal_1_stock_price":-0.9611788988113403,"predicted_seasonal_0_stock_price":1.5018924474716187,"seasonal_0_valid_loss":1.5966044655141904,"predicted_resid_stock_price":5.601861000061035,"seasonal_2_valid_loss":0.1709278677658072,"dim":128,"seasonal_3_train_loss":0.738209070891213,"AAPL Stock Price Prediction by iTransformer":{"_type":"image-file","sha256":"f24ccc62dff4245152a082387bdeb55dadba4e5c612f580e388813a9d0e55c6e","size":47592,"path":"media/images/AAPL Stock Price Prediction by iTransformer_8_f24ccc62dff4245152a0.png","format":"png","width":1000,"height":600},"_wandb":{"runtime":7},"real_trend_stock_price":221.26011201535945,"predicted_seasonal_2_stock_price":7.8864054679870605,"resid_train_loss":0.5952390159169832,"real_resid_stock_price":9.055697273455081,"mse":18629.123811256664,"Runtime (seconds)":3.4535365104675293,"seasonal_2_train_loss":0.912615157633708,"rmse":136.4885482788086,"real_seasonal_0_stock_price":-2.3363854031324607,"predicted_trend_stock_price":87.44428253173828,"trend_valid_loss":3.5658176460266113,"resid_valid_loss":0.48711630939823625}