{"_wandb":{"runtime":10},"AAPL Stock Price Prediction by iTransformer":{"_type":"image-file","sha256":"700c7217ac5f1b07da164dadb428fa36ef37d7843a9f4bdaf4c0645e65d2a462","size":47722,"path":"media/images/AAPL Stock Price Prediction by iTransformer_8_700c7217ac5f1b07da16.png","format":"png","width":1000,"height":600},"dim":128,"real_seasonal_1_stock_price":-3.140674066400676,"depth":4,"trend_valid_loss":2.701171434766524,"predicted_trend_stock_price":103.8514633178711,"periods":[252,504,756,1260],"trend_train_loss":0.6807188016394526,"predicted_resid_stock_price":5.9436140060424805,"real_resid_stock_price":9.05569687231582,"seasonal_2_train_loss":0.8482609993785981,"mse":17071.249049257545,"real_stock_price":236.85000610351562,"real_seasonal_2_stock_price":7.340471734718881,"seasonal_2_valid_loss":0.36266045316611184,"seasonal_0_valid_loss":1.8017528363176294,"seasonal_0_train_loss":0.9938032139632782,"Runtime (seconds)":4.558866024017334,"predicted_seasonal_1_stock_price":1.52825927734375,"seasonal_1_train_loss":0.6434746451621508,"real_trend_stock_price":221.26011164028935,"_timestamp":1.7367400975450249e+09,"resid_train_loss":0.4913973204642691,"_runtime":10.088090663,"seasonal_3_valid_loss":1.266777983733586,"seasonal_1_valid_loss":0.7212476054466542,"real_seasonal_0_stock_price":-2.3363849226644717,"predicted_seasonal_3_stock_price":-7.214020252227783,"real_seasonal_3_stock_price":4.670784845256712,"final_predicted_stock_price":106.1930160522461,"resid_valid_loss":0.38881710171699524,"mae":130.65699005126953,"predicted_seasonal_2_stock_price":3.434138059616089,"rmse":130.65699005126953,"seasonal_3_train_loss":1.1830572289989723,"_step":9,"predicted_seasonal_0_stock_price":-1.350433588027954}