{"resid_train_loss":0.8375443051358298,"periods":[252,504,756,1260],"real_stock_price":218.94000244140625,"resid_valid_loss":0.5648554191257047,"seasonal_3_valid_loss":0.08280675113201141,"real_seasonal_0_stock_price":-6.886692248923765,"trend_train_loss":0.40139729207312336,"_wandb":{"runtime":10},"_step":9,"predicted_seasonal_3_stock_price":8.22939682006836,"real_trend_stock_price":167.5354913342489,"real_seasonal_3_stock_price":9.210042698987007,"predicted_resid_stock_price":9.589930534362793,"_timestamp":1.7367292611788878e+09,"predicted_seasonal_0_stock_price":-6.30753755569458,"predicted_seasonal_1_stock_price":4.168417453765869,"rmse":119.6654281616211,"real_seasonal_1_stock_price":2.721535027645758,"dim":128,"real_seasonal_2_stock_price":16.307195141839433,"mae":119.6654281616211,"seasonal_1_valid_loss":0.1346244364976883,"seasonal_2_valid_loss":1.2779713297409971,"mse":14319.814697104099,"predicted_trend_stock_price":82.2670669555664,"Runtime (seconds)":4.476378679275513,"final_predicted_stock_price":99.27457427978516,"AMZN Stock Price Prediction by iTransformer":{"sha256":"51f4d65980b3c603c779fe2382d3ec1d2fdf27639e15a7435dda1c6256d9ca88","size":46527,"path":"media/images/AMZN Stock Price Prediction by iTransformer_8_51f4d65980b3c603c779.png","format":"png","width":1000,"height":600,"_type":"image-file"},"seasonal_1_train_loss":0.41124521675810893,"trend_valid_loss":1.885548588934909,"_runtime":10.038771787,"predicted_seasonal_2_stock_price":1.3273123502731323,"real_resid_stock_price":30.052430487608945,"seasonal_0_valid_loss":0.4277331053506671,"seasonal_3_train_loss":1.257596124441766,"seasonal_0_train_loss":0.6430856637223589,"depth":4,"seasonal_2_train_loss":1.1592360333057206}