{"dim":128,"seasonal_1_train_loss":0.34793189672574915,"seasonal_1_valid_loss":0.2666562497615814,"seasonal_3_valid_loss":0.31464458415002533,"trend_train_loss":0.5870702426099108,"resid_valid_loss":1.6749451020668293,"real_resid_stock_price":9.05568892462702,"_timestamp":1.7367446401306884e+09,"Runtime (seconds)":11.196885347366333,"predicted_resid_stock_price":1.5113554000854492,"predicted_trend_stock_price":88.46284484863281,"predicted_seasonal_2_stock_price":3.8281173706054688,"predicted_seasonal_0_stock_price":2.4291534423828125,"_wandb":{"runtime":20},"mae":141.12532806396484,"real_seasonal_2_stock_price":7.340472927881105,"seasonal_3_train_loss":1.2217369130207831,"resid_train_loss":0.3446995871156003,"real_seasonal_3_stock_price":4.67079070173174,"real_seasonal_1_stock_price":-3.1406794570137313,"real_seasonal_0_stock_price":-2.3363785951013503,"periods":[252,504,756,1260],"predicted_seasonal_3_stock_price":1.7806003093719482,"mse":19916.358221161703,"final_predicted_stock_price":95.72467803955078,"real_stock_price":236.85000610351562,"trend_valid_loss":3.5494546159621208,"seasonal_2_train_loss":0.4442575728616416,"seasonal_0_train_loss":0.35536622570228765,"rmse":141.12532806396484,"seasonal_0_valid_loss":0.37562207134543746,"predicted_seasonal_1_stock_price":-2.287388324737549,"seasonal_2_valid_loss":0.23217626259089336,"real_trend_stock_price":221.26011160139083,"_runtime":20.861011048,"AAPL Stock Price Prediction by iTransformer":{"height":600,"_type":"image-file","sha256":"662cae0943795adf1e4f6a5b2e1163f4507961d12b344ab934b3d0da13937f2b","size":47611,"path":"media/images/AAPL Stock Price Prediction by iTransformer_8_662cae0943795adf1e4f.png","format":"png","width":1000},"_step":9,"depth":4}