{"_timestamp":1.736736512083963e+09,"depth":4,"predicted_trend_stock_price":118.97537231445312,"AMZN Stock Price Prediction by iTransformer":{"sha256":"04f5bc5f9827a3f0193465e4254a70fbcc57b5e19428ff72635880a4b9539a2a","size":45986,"path":"media/images/AMZN Stock Price Prediction by iTransformer_8_04f5bc5f9827a3f01934.png","format":"png","width":1000,"height":600,"_type":"image-file"},"real_seasonal_1_stock_price":2.721535027645758,"predicted_resid_stock_price":0.3098886013031006,"trend_train_loss":0.36626001617484044,"seasonal_2_train_loss":1.0414241699809073,"final_predicted_stock_price":135.12828063964844,"resid_train_loss":0.9764646659764092,"_wandb":{"runtime":10},"seasonal_3_valid_loss":0.32136446237564087,"_runtime":10.219174539,"trend_valid_loss":0.7016781883155845,"predicted_seasonal_0_stock_price":-5.6178178787231445,"mae":83.81172180175781,"real_resid_stock_price":30.052430487608945,"real_stock_price":218.94000244140625,"dim":128,"seasonal_3_train_loss":1.0807819598734516,"periods":[252,504,756,1260],"predicted_seasonal_3_stock_price":14.708568572998047,"seasonal_0_train_loss":0.33028102009039784,"real_seasonal_2_stock_price":16.307195141839433,"seasonal_1_valid_loss":0.22605217275239767,"resid_valid_loss":0.7589093479417985,"mse":7024.404711375246,"seasonal_1_train_loss":0.48038780620728416,"seasonal_2_valid_loss":0.8618689086135359,"_step":9,"predicted_seasonal_2_stock_price":4.223860740661621,"real_seasonal_0_stock_price":-6.886692248923765,"predicted_seasonal_1_stock_price":2.5284056663513184,"real_seasonal_3_stock_price":9.210042698987007,"rmse":83.81172180175781,"seasonal_0_valid_loss":0.18065603077411652,"real_trend_stock_price":167.5354913342489,"Runtime (seconds)":4.298809766769409}