{"seasonal_0_train_loss":0.8945233771868495,"seasonal_0_valid_loss":0.20867879688739777,"seasonal_2_train_loss":0.45971517347307583,"resid_valid_loss":1.0042870605693144,"AAPL Stock Price Prediction by iTransformer":{"sha256":"7b95322631e88e0d7f0ae89dd1c0d1e69a3ef94c7a89aae6ce0ede424a3ffd2e","size":46211,"path":"media/images/AAPL Stock Price Prediction by iTransformer_8_7b95322631e88e0d7f0a.png","format":"png","width":1000,"height":600,"_type":"image-file"},"trend_valid_loss":2.9175753522473173,"rmse":174.25950241088867,"trend_train_loss":1.0032315213462162,"Runtime (seconds)":6.992847442626953,"seasonal_3_valid_loss":0.9987448975695833,"real_seasonal_0_stock_price":-2.3363797504262807,"periods":[252,504,756,1260],"_wandb":{"runtime":17},"predicted_seasonal_0_stock_price":1.2761131525039673,"dim":128,"real_trend_stock_price":221.26011167941903,"_runtime":17.595325812,"resid_train_loss":0.8799766758333744,"predicted_seasonal_1_stock_price":-2.982391595840454,"real_resid_stock_price":9.055692955249441,"mae":174.25950241088867,"real_seasonal_1_stock_price":-3.140675209578212,"predicted_seasonal_2_stock_price":2.6296346187591553,"mse":30366.374180490515,"_step":9,"predicted_trend_stock_price":60.895896911621094,"seasonal_1_valid_loss":0.1001379097751259,"seasonal_1_train_loss":0.3161874430091976,"seasonal_3_train_loss":0.8050970498702688,"predicted_resid_stock_price":1.2900428771972656,"real_seasonal_3_stock_price":4.670788949093699,"_timestamp":1.7367397805531094e+09,"real_seasonal_2_stock_price":7.340467479757979,"predicted_seasonal_3_stock_price":-0.5187908411026001,"final_predicted_stock_price":62.59050369262695,"real_stock_price":236.85000610351562,"seasonal_2_valid_loss":0.48042797727847664,"depth":4}