{"_runtime":17.075670301,"Runtime (seconds)":9.036784410476685,"mae":86.1473388671875,"real_resid_stock_price":30.052430487608945,"real_seasonal_1_stock_price":2.721535027645758,"trend_valid_loss":0.3298164833302253,"real_seasonal_2_stock_price":16.307195141839433,"trend_train_loss":0.24213898911749546,"seasonal_2_valid_loss":0.5042683711009366,"predicted_seasonal_3_stock_price":9.941630363464355,"mse":7421.363993898034,"AMZN Stock Price Prediction by iTransformer":{"height":600,"_type":"image-file","sha256":"4b2de98b5d1572fd07cef6a36fae4ce699da6c49650b2cd4e0daaf3f9468f13a","size":46038,"path":"media/images/AMZN Stock Price Prediction by iTransformer_8_4b2de98b5d1572fd07ce.png","format":"png","width":1000},"final_predicted_stock_price":132.79266357421875,"real_stock_price":218.94000244140625,"seasonal_1_valid_loss":0.17545350996337772,"_wandb":{"runtime":17},"seasonal_3_valid_loss":0.6679734229734263,"predicted_resid_stock_price":-3.2330679893493652,"seasonal_0_valid_loss":0.5184175674404417,"seasonal_2_train_loss":0.7046742763078947,"dim":128,"_timestamp":1.7367162847833018e+09,"_step":9,"predicted_seasonal_1_stock_price":3.2233364582061768,"resid_valid_loss":1.1986678717555581,"periods":[252,504,756,1260],"real_trend_stock_price":167.5354913342489,"seasonal_3_train_loss":0.8380362232166452,"rmse":86.1473388671875,"resid_train_loss":0.798323924363854,"predicted_seasonal_2_stock_price":4.864079475402832,"real_seasonal_3_stock_price":9.210042698987007,"depth":4,"seasonal_1_train_loss":0.5510878408990674,"seasonal_0_train_loss":0.4271924689544768,"predicted_seasonal_0_stock_price":-2.4520938396453857,"predicted_trend_stock_price":120.44876861572266,"real_seasonal_0_stock_price":-6.886692248923765}