{"predicted_trend_stock_price":149.8178253173828,"_wandb":{"runtime":15},"resid_train_loss":0.588940061621606,"real_seasonal_0_stock_price":-6.886692248923765,"real_stock_price":218.94000244140625,"predicted_seasonal_1_stock_price":3.131160020828247,"real_seasonal_3_stock_price":9.210042698987007,"real_resid_stock_price":30.052430487608945,"periods":[252,504,756,1260],"real_trend_stock_price":167.5354913342489,"_timestamp":1.73671055983065e+09,"seasonal_2_train_loss":1.0395322643578462,"seasonal_0_train_loss":0.21006710355073377,"seasonal_1_valid_loss":0.9967963615640248,"mae":50.149566650390625,"seasonal_1_train_loss":0.869738216931523,"seasonal_3_valid_loss":1.818628031911037,"seasonal_0_valid_loss":0.2032866185690089,"predicted_seasonal_2_stock_price":2.116828441619873,"trend_valid_loss":0.03933585402608352,"resid_valid_loss":1.7489564417761503,"Runtime (seconds)":7.869181156158447,"depth":4,"trend_train_loss":0.047682788759698044,"real_seasonal_2_stock_price":16.307195141839433,"predicted_resid_stock_price":21.694005966186523,"seasonal_3_train_loss":1.5637149965511405,"_runtime":15.07349301,"_step":9,"predicted_seasonal_0_stock_price":-7.245785236358643,"final_predicted_stock_price":168.79043579101562,"predicted_seasonal_3_stock_price":-0.7235888242721558,"AMZN Stock Price Prediction by iTransformer":{"_type":"image-file","sha256":"e47016bd25039ffbece81b588b7519bf348b24d28b670495a581ea5a594ecaf2","size":48462,"path":"media/images/AMZN Stock Price Prediction by iTransformer_8_e47016bd25039ffbece8.png","format":"png","width":1000,"height":600},"dim":128,"rmse":50.149566650390625,"real_seasonal_1_stock_price":2.721535027645758,"seasonal_2_valid_loss":0.6655548099622967,"mse":2514.9790352219716}