{"_step":9,"rmse":60.28327941894531,"_runtime":9.794583981,"predicted_resid_stock_price":6.513136386871338,"real_seasonal_2_stock_price":16.307195141839433,"resid_train_loss":0.8198098299642131,"predicted_seasonal_0_stock_price":-7.373885631561279,"_timestamp":1.7367333177591634e+09,"real_trend_stock_price":167.5354913342489,"AMZN Stock Price Prediction by iTransformer":{"format":"png","width":1000,"height":600,"_type":"image-file","sha256":"80ce274d8d0d0f0e71cba5f103363217581aa7db133d5bb39fb055ade5f4a375","size":48558,"path":"media/images/AMZN Stock Price Prediction by iTransformer_8_80ce274d8d0d0f0e71cb.png"},"_wandb":{"runtime":9},"trend_train_loss":1.223356118798256,"predicted_seasonal_3_stock_price":22.265310287475586,"predicted_seasonal_1_stock_price":3.5060489177703857,"mse":3634.0737775026355,"predicted_trend_stock_price":130.05191040039062,"depth":4,"real_resid_stock_price":30.052430487608945,"final_predicted_stock_price":158.65672302246094,"seasonal_3_train_loss":0.8583481686587512,"seasonal_0_train_loss":0.3595085064290275,"seasonal_2_train_loss":0.9193983694717786,"trend_valid_loss":0.31393925606959655,"seasonal_1_train_loss":0.9070899119348337,"dim":128,"resid_valid_loss":0.6011605696670664,"real_stock_price":218.94000244140625,"seasonal_2_valid_loss":0.526758499443531,"seasonal_0_valid_loss":0.26015920306001206,"seasonal_1_valid_loss":0.9342411085031926,"mae":60.28327941894531,"real_seasonal_3_stock_price":9.210042698987007,"predicted_seasonal_2_stock_price":3.694207191467285,"seasonal_3_valid_loss":1.2063387422600274,"Runtime (seconds)":4.684527397155762,"periods":[252,504,756,1260],"real_seasonal_0_stock_price":-6.886692248923765,"real_seasonal_1_stock_price":2.721535027645758}