{"_step":0,"Validation Loss (Resid)":1.2437295977351734,"_runtime":11.010952994,"Train Loss (Trend)":0.4317729858241646,"Train Loss (Resid)":0.30889868533795245,"Train Loss (Seasonal)":0.36956462871955537,"Validation Loss (Seasonal)":1.2789154692182263,"Validation Loss (Trend)":0.35649480124555744,"_timestamp":1.7304706675595748e+09,"_wandb":{"runtime":11}}