{"predicted_seasonal_0_stock_price":0.9870474934577942,"seasonal_3_valid_loss":0.3690615597103412,"resid_train_loss":1.035530912066927,"seasonal_1_valid_loss":1.1690681698521594,"Runtime (seconds)":9.347028017044067,"trend_valid_loss":6.193457587820585,"periods":[252,504,756,1260],"_wandb":{"runtime":17},"depth":4,"_timestamp":1.7367255304403381e+09,"predicted_seasonal_1_stock_price":-0.6742232441902161,"real_stock_price":236.85000610351562,"trend_train_loss":1.6942509239866534,"predicted_trend_stock_price":56.686553955078125,"real_seasonal_0_stock_price":-2.3363828502242487,"_step":9,"mse":33122.18796728716,"mae":181.99502182006836,"seasonal_2_valid_loss":0.14195213429421685,"seasonal_3_train_loss":0.9530499274037105,"seasonal_1_train_loss":1.795592296214166,"rmse":181.99502182006836,"real_trend_stock_price":221.26011209719906,"predicted_seasonal_3_stock_price":-5.938054084777832,"seasonal_2_train_loss":0.979581250274677,"final_predicted_stock_price":54.854984283447266,"AAPL Stock Price Prediction by iTransformer":{"size":46641,"path":"media/images/AAPL Stock Price Prediction by iTransformer_8_fa76e39d8509cbf9746d.png","format":"png","width":1000,"height":600,"_type":"image-file","sha256":"fa76e39d8509cbf9746d7d642b3566081fca9ad6943ba0b9ff7270b22b51b0fd"},"real_resid_stock_price":9.05569701971396,"_runtime":17.652018774,"real_seasonal_2_stock_price":7.34046713865061,"dim":128,"predicted_seasonal_2_stock_price":5.140051364898682,"predicted_resid_stock_price":-1.346392273902893,"real_seasonal_1_stock_price":-3.1406710928808756,"real_seasonal_3_stock_price":4.67078379105711,"seasonal_0_valid_loss":3.025844583921088,"seasonal_0_train_loss":1.4380498395098444,"resid_valid_loss":1.021813610557621}