{"final_predicted_stock_price":153.36415100097656,"rmse":65.57585144042969,"predicted_seasonal_3_stock_price":-0.8261576890945435,"periods":[252,504,756,1260],"predicted_seasonal_1_stock_price":4.127822399139404,"real_seasonal_2_stock_price":16.307195141839433,"real_resid_stock_price":30.052430487608945,"trend_valid_loss":0.06403715165784266,"seasonal_3_train_loss":1.1769743829593777,"seasonal_1_train_loss":1.4082628807083717,"real_seasonal_1_stock_price":2.721535027645758,"trend_train_loss":0.4665711817308629,"_runtime":11.515978075,"predicted_seasonal_2_stock_price":3.4049153327941895,"seasonal_2_valid_loss":0.6800969170624983,"Runtime (seconds)":5.44546365737915,"mae":65.57585144042969,"seasonal_2_train_loss":0.7254156882973745,"seasonal_3_valid_loss":1.0943399115822203,"dim":128,"predicted_resid_stock_price":3.982880115509033,"seasonal_0_valid_loss":0.593472485416032,"AMZN Stock Price Prediction by iTransformer":{"size":48957,"path":"media/images/AMZN Stock Price Prediction by iTransformer_8_011fb9ea2ad6cbf1cb1e.png","format":"png","width":1000,"height":600,"_type":"image-file","sha256":"011fb9ea2ad6cbf1cb1e3f597bc9fefb0926edf470d07ea0f8f84e847d45a7ba"},"real_seasonal_3_stock_price":9.210042698987007,"seasonal_1_valid_loss":1.2977010524818595,"resid_train_loss":0.6051493112957708,"real_stock_price":218.94000244140625,"real_trend_stock_price":167.5354913342489,"_step":9,"mse":4300.192292137304,"resid_valid_loss":0.6847546842922322,"seasonal_0_train_loss":0.42058518175577425,"real_seasonal_0_stock_price":-6.886692248923765,"predicted_trend_stock_price":145.60206604003906,"depth":4,"predicted_seasonal_0_stock_price":-2.9273881912231445,"_timestamp":1.7367216928660052e+09,"_wandb":{"runtime":11}}