{"resid_valid_loss":1.8662798404693604,"real_stock_price":236.85000610351562,"predicted_seasonal_1_stock_price":-2.572460889816284,"predicted_seasonal_0_stock_price":0.9391550421714783,"real_seasonal_3_stock_price":4.670787054251009,"seasonal_0_valid_loss":0.44017907023223624,"final_predicted_stock_price":91.33416748046875,"real_seasonal_0_stock_price":-2.3363809160618754,"rmse":145.51583862304688,"depth":4,"_runtime":15.003547944,"real_resid_stock_price":9.055692085353485,"predicted_resid_stock_price":-3.5079307556152344,"trend_valid_loss":1.6456412382070877,"real_seasonal_2_stock_price":7.34047303044011,"_wandb":{"runtime":15},"seasonal_2_train_loss":0.6751607080350894,"mse":21174.85929016862,"periods":[252,504,756,1260],"_timestamp":1.7367426987474577e+09,"real_trend_stock_price":221.26011107462634,"Runtime (seconds)":7.12499475479126,"seasonal_0_train_loss":0.35857672206678237,"dim":128,"predicted_trend_stock_price":89.97225952148438,"AAPL Stock Price Prediction by iTransformer":{"_type":"image-file","sha256":"2d6d814f205e74d90bd3f66aa829a786a002a8ea9a122de9831a64d0a7f0053f","size":46104,"path":"media/images/AAPL Stock Price Prediction by iTransformer_8_2d6d814f205e74d90bd3.png","format":"png","width":1000,"height":600},"resid_train_loss":0.9293825892762765,"trend_train_loss":0.23649363321567018,"seasonal_1_train_loss":1.014889576828068,"predicted_seasonal_3_stock_price":3.474731206893921,"seasonal_3_valid_loss":0.24707014260092222,"real_seasonal_1_stock_price":-3.1406762250934417,"seasonal_3_train_loss":0.49900693398128015,"seasonal_2_valid_loss":0.42670324444770813,"mae":145.51583862304688,"_step":9,"predicted_seasonal_2_stock_price":3.0284152030944824,"seasonal_1_valid_loss":0.17862610784659497}