{"predicted_seasonal_0_stock_price":0.8396121263504028,"real_stock_price":236.85000610351562,"_runtime":9.159786993,"real_seasonal_1_stock_price":-3.1406722437012458,"seasonal_3_train_loss":0.8915067056184862,"predicted_seasonal_2_stock_price":2.0789079666137695,"dim":128,"trend_train_loss":0.4897176741217538,"seasonal_1_valid_loss":0.9194570748176266,"real_seasonal_3_stock_price":4.670784805088189,"seasonal_2_valid_loss":0.42124435488871714,"seasonal_1_train_loss":0.8452591369911533,"_timestamp":1.7367070712526393e+09,"depth":4,"real_seasonal_2_stock_price":7.340471114328044,"predicted_seasonal_3_stock_price":5.281532287597656,"Runtime (seconds)":4.345516204833984,"seasonal_2_train_loss":0.7878991469530993,"real_resid_stock_price":9.055695802602457,"predicted_seasonal_1_stock_price":1.909507155418396,"predicted_resid_stock_price":4.195650100708008,"final_predicted_stock_price":109.71842193603516,"mse":16162.43969293317,"rmse":127.13158416748047,"_step":9,"trend_valid_loss":2.2769216633752065,"seasonal_3_valid_loss":0.4262934341140163,"resid_valid_loss":1.5067883250816017,"_wandb":{"runtime":9},"periods":[252,504,756,1260],"AAPL Stock Price Prediction by iTransformer":{"width":1000,"height":600,"_type":"image-file","sha256":"2e4381488ed7f79ab9b901526394143687780d8a5cdd33e19d6b2a6302efb5a3","size":47233,"path":"media/images/AAPL Stock Price Prediction by iTransformer_8_2e4381488ed7f79ab9b9.png","format":"png"},"seasonal_0_train_loss":0.363597481757937,"seasonal_0_valid_loss":1.230812702026773,"predicted_trend_stock_price":95.4132080078125,"mae":127.13158416748047,"resid_train_loss":0.6771547035167091,"real_seasonal_0_stock_price":-2.336385096690232,"real_trend_stock_price":221.26011172188842}