{"trend_train_loss":0.2937506284217268,"mse":6225.100684684003,"real_resid_stock_price":30.052430487608945,"resid_train_loss":0.6122860498190354,"_step":9,"real_trend_stock_price":167.5354913342489,"seasonal_1_valid_loss":0.22681308898495123,"seasonal_2_valid_loss":0.06570728909895286,"seasonal_0_train_loss":0.5155742981373796,"final_predicted_stock_price":140.0406951904297,"predicted_trend_stock_price":109.49348449707031,"predicted_seasonal_0_stock_price":-8.60108470916748,"seasonal_1_train_loss":0.5729491565743124,"_wandb":{"runtime":13},"AMZN Stock Price Prediction by iTransformer":{"height":600,"_type":"image-file","sha256":"4a149484eff1a48367b02c84495109cf6a6903d15ead1a4d2da87d88a79608d0","size":46159,"path":"media/images/AMZN Stock Price Prediction by iTransformer_8_4a149484eff1a48367b0.png","format":"png","width":1000},"predicted_seasonal_3_stock_price":11.725394248962402,"real_seasonal_2_stock_price":16.307195141839433,"predicted_seasonal_2_stock_price":12.392794609069824,"_runtime":13.550141427,"real_stock_price":218.94000244140625,"seasonal_3_valid_loss":1.2576977264136076,"seasonal_2_train_loss":0.2836392091950978,"real_seasonal_1_stock_price":2.721535027645758,"seasonal_0_valid_loss":0.43065494879330274,"real_seasonal_3_stock_price":9.210042698987007,"depth":4,"dim":128,"_timestamp":1.736723833161323e+09,"rmse":78.89930725097656,"seasonal_3_train_loss":1.0930315307662135,"Runtime (seconds)":5.934194803237915,"predicted_resid_stock_price":12.984513282775879,"real_seasonal_0_stock_price":-6.886692248923765,"trend_valid_loss":0.6524067767674014,"mae":78.89930725097656,"resid_valid_loss":0.8840958476066589,"periods":[252,504,756,1260],"predicted_seasonal_1_stock_price":2.045588493347168}