{"Runtime (seconds)":399.7575135231018,"_timestamp":1.7295679758074203e+09,"Validation Loss (Seasonal)":0.9716231185245011,"Train Loss (Seasonal)":0.011706522325359618,"_wandb":{"runtime":407},"Validation Loss (Trend)":0.006615036451089454,"Apple Stock Price Prediction":{"format":"png","width":1000,"height":600,"_type":"image-file","sha256":"f68e014d3ac596986e420d08f331076336a75ab6d69df02dc28d117aeb4bd689","size":55026,"path":"media/images/Apple Stock Price Prediction_100_f68e014d3ac596986e42.png"},"_step":101,"Train Loss (Resid)":0.016183893378189904,"Validation Loss (Resid)":0.15272225312529558,"_runtime":407.278593041,"Train Loss (Trend)":0.0009583057677175136}