{"predicted_seasonal_2_stock_price":-6.362032413482666,"periods":[252,504,756,1260],"predicted_resid_stock_price":9.783284187316895,"seasonal_3_valid_loss":0.2787063621792449,"seasonal_2_valid_loss":1.5818344079805706,"mae":64.38150024414062,"depth":4,"real_seasonal_2_stock_price":16.307195141839433,"seasonal_2_train_loss":1.7383869832454177,"resid_valid_loss":0.37960158824570556,"real_seasonal_1_stock_price":2.721535027645758,"seasonal_1_valid_loss":0.7677372512610062,"Runtime (seconds)":4.214776992797852,"seasonal_0_valid_loss":1.4395520147360885,"seasonal_1_train_loss":0.7451085384800603,"seasonal_3_train_loss":0.7003889409691318,"predicted_seasonal_1_stock_price":0.4246397614479065,"seasonal_0_train_loss":1.0896724137740257,"_wandb":{"runtime":10},"real_stock_price":218.94000244140625,"real_resid_stock_price":30.052430487608945,"rmse":64.38150024414062,"real_seasonal_3_stock_price":9.210042698987007,"predicted_trend_stock_price":153.68524169921875,"mse":4144.977573686279,"predicted_seasonal_0_stock_price":-0.75995934009552,"predicted_seasonal_3_stock_price":-2.2126550674438477,"_runtime":10.165399611,"AMZN Stock Price Prediction by iTransformer":{"width":1000,"height":600,"_type":"image-file","sha256":"ba04bf9ad60a680c26f608565929a91a7423254987cf296f7571954615a4110b","size":48408,"path":"media/images/AMZN Stock Price Prediction by iTransformer_8_ba04bf9ad60a680c26f6.png","format":"png"},"real_seasonal_0_stock_price":-6.886692248923765,"resid_train_loss":0.48834079176322365,"dim":128,"final_predicted_stock_price":154.55850219726562,"_step":9,"trend_valid_loss":0.028911400234466266,"real_trend_stock_price":167.5354913342489,"trend_train_loss":0.5836261458728197,"_timestamp":1.736724021346472e+09}