{"_step":9,"predicted_seasonal_2_stock_price":6.812114715576172,"predicted_trend_stock_price":70.10113525390625,"rmse":154.25515747070312,"real_seasonal_2_stock_price":7.340472196553285,"seasonal_0_valid_loss":1.2328112154806916,"real_stock_price":236.85000610351562,"final_predicted_stock_price":82.5948486328125,"real_resid_stock_price":9.055693757960285,"AAPL Stock Price Prediction by iTransformer":{"width":1000,"height":600,"_type":"image-file","sha256":"3a55f170ec1146e666d46492afe0319f6451f1b915b043900ff4b9fb6dbc45e8","size":46290,"path":"media/images/AAPL Stock Price Prediction by iTransformer_8_3a55f170ec1146e666d4.png","format":"png"},"real_seasonal_3_stock_price":4.670789207056874,"seasonal_0_train_loss":0.7326132051554727,"predicted_seasonal_3_stock_price":7.389429569244385,"seasonal_1_train_loss":0.8927755122599395,"trend_train_loss":1.7164982012239116,"trend_valid_loss":4.494759042656382,"real_seasonal_0_stock_price":-2.336384226888741,"Runtime (seconds)":6.495786428451538,"predicted_seasonal_0_stock_price":0.6080471873283386,"seasonal_1_valid_loss":0.866523489356041,"seasonal_2_valid_loss":0.09544591644397205,"resid_train_loss":1.2342925260261612,"real_trend_stock_price":221.26011184534264,"predicted_resid_stock_price":-1.955162525177002,"periods":[252,504,756,1260],"_runtime":13.295052959,"_wandb":{"runtime":13},"real_seasonal_1_stock_price":-3.140676676508718,"seasonal_2_train_loss":1.2384599225465642,"dim":128,"predicted_seasonal_1_stock_price":-0.3607117831707001,"depth":4,"seasonal_3_train_loss":1.6573214002154968,"_timestamp":1.7367086165506244e+09,"mse":23794.653606311418,"mae":154.25515747070312,"seasonal_3_valid_loss":1.440399259823811,"resid_valid_loss":1.951325535774231}