{"final_predicted_stock_price":144.20578002929688,"_step":9,"real_seasonal_0_stock_price":-2.336384027613208,"predicted_seasonal_3_stock_price":17.022153854370117,"mse":8582.952624890953,"resid_valid_loss":1.3277348723215392,"trend_valid_loss":1.0236911670787328,"_runtime":9.37095041,"real_seasonal_3_stock_price":4.670786921788748,"predicted_trend_stock_price":108.49602508544922,"depth":4,"predicted_resid_stock_price":15.286625862121582,"seasonal_0_train_loss":0.366661550174833,"Runtime (seconds)":4.4964330196380615,"real_seasonal_1_stock_price":-3.1406723711179514,"predicted_seasonal_2_stock_price":5.375417709350586,"predicted_seasonal_0_stock_price":1.1150710582733154,"real_stock_price":236.85000610351562,"dim":128,"seasonal_1_train_loss":0.39594417185789715,"real_resid_stock_price":9.055695554515125,"resid_train_loss":1.9310331865561232,"seasonal_3_valid_loss":0.9890492458341115,"predicted_seasonal_1_stock_price":-3.0895071029663086,"trend_train_loss":0.635442056037425,"AAPL Stock Price Prediction by iTransformer":{"path":"media/images/AAPL Stock Price Prediction by iTransformer_8_5f34faf07ce54595add7.png","format":"png","width":1000,"height":600,"_type":"image-file","sha256":"5f34faf07ce54595add701d07d5f1a915987a497a7034504e037836c698ef561","size":47018},"real_seasonal_2_stock_price":7.340468500318881,"seasonal_1_valid_loss":0.23977560978129978,"_timestamp":1.736731162154213e+09,"seasonal_0_valid_loss":0.31486571041943523,"seasonal_2_train_loss":0.7287944902698583,"mae":92.64422607421875,"rmse":92.64422607421875,"real_trend_stock_price":221.260111525624,"_wandb":{"runtime":9},"seasonal_2_valid_loss":0.395459172968379,"periods":[252,504,756,1260],"seasonal_3_train_loss":0.7017743035473607}