{"_wandb":{"runtime":10},"_step":9,"predicted_resid_stock_price":-5.822113990783691,"seasonal_2_train_loss":1.1419777886749454,"predicted_seasonal_1_stock_price":-0.4445950984954834,"seasonal_1_train_loss":2.7370405354193137,"_runtime":10.92677032,"resid_valid_loss":1.0502871341595892,"periods":[252,504,756,1260],"real_seasonal_3_stock_price":9.210042698987007,"seasonal_0_train_loss":0.2442875693862637,"trend_train_loss":0.17375667622183827,"_timestamp":1.7367205918189297e+09,"depth":4,"AMZN Stock Price Prediction by iTransformer":{"width":1000,"height":600,"_type":"image-file","sha256":"285258d49f2f77239782a0bcec54370b5c08036ba4f121a06340aad277c216dd","size":45797,"path":"media/images/AMZN Stock Price Prediction by iTransformer_8_285258d49f2f77239782.png","format":"png"},"real_seasonal_2_stock_price":16.307195141839433,"predicted_seasonal_0_stock_price":-7.75140380859375,"seasonal_3_valid_loss":0.45843229015063874,"mse":8518.307538092136,"predicted_trend_stock_price":125.55929565429688,"seasonal_0_valid_loss":0.2173713560287769,"seasonal_1_valid_loss":2.591502975572449,"real_resid_stock_price":30.052430487608945,"predicted_seasonal_3_stock_price":8.913318634033203,"seasonal_2_valid_loss":0.5520648154109834,"Runtime (seconds)":5.155245542526245,"final_predicted_stock_price":126.64532470703125,"real_trend_stock_price":167.5354913342489,"trend_valid_loss":0.25046297763799164,"rmse":92.294677734375,"dim":128,"mae":92.294677734375,"resid_train_loss":1.1661962999642856,"real_seasonal_1_stock_price":2.721535027645758,"real_seasonal_0_stock_price":-6.886692248923765,"seasonal_3_train_loss":1.3733649222698427,"predicted_seasonal_2_stock_price":6.190828800201416,"real_stock_price":218.94000244140625}