{"real_stock_price":236.85000610351562,"predicted_seasonal_0_stock_price":1.6286786794662476,"Runtime (seconds)":5.2776939868927,"real_seasonal_3_stock_price":4.670789576280097,"real_seasonal_2_stock_price":7.340472772255294,"seasonal_0_train_loss":0.8229064929432792,"mse":4433.9817236738745,"_runtime":11.386591915,"trend_train_loss":0.2639746771472251,"seasonal_1_valid_loss":0.2521979079719869,"predicted_seasonal_2_stock_price":5.730919361114502,"final_predicted_stock_price":170.26185607910156,"seasonal_3_valid_loss":0.8230394009381427,"real_seasonal_1_stock_price":-3.1406764436848027,"real_trend_stock_price":221.26011143571068,"real_seasonal_0_stock_price":-2.3363828365125827,"AAPL Stock Price Prediction by iTransformer":{"size":46306,"path":"media/images/AAPL Stock Price Prediction by iTransformer_8_812f549667b9512e25e5.png","format":"png","width":1000,"height":600,"_type":"image-file","sha256":"812f549667b9512e25e57af1ad9ae7a6d6bb2252d2d85901a162bb5de61f8e9e"},"_timestamp":1.7367525063733537e+09,"resid_train_loss":0.39976174964860905,"depth":4,"seasonal_2_train_loss":0.9688254395724399,"_step":9,"seasonal_3_train_loss":0.8591707524431794,"predicted_resid_stock_price":2.7183635234832764,"predicted_seasonal_3_stock_price":3.4991214275360107,"dim":128,"predicted_seasonal_1_stock_price":-2.5671582221984863,"seasonal_2_valid_loss":0.4452975623040314,"real_resid_stock_price":9.05569159946694,"_wandb":{"runtime":11},"seasonal_1_train_loss":0.2551368133938085,"trend_valid_loss":0.27787615906633156,"mae":66.58815002441406,"resid_valid_loss":0.34592384505554064,"rmse":66.58815002441406,"periods":[252,504,756,1260],"seasonal_0_valid_loss":1.813446361868874,"predicted_trend_stock_price":159.25192260742188}