{"real_seasonal_1_stock_price":-3.1406739275343027,"dim":128,"real_seasonal_3_stock_price":4.670783455996174,"real_seasonal_0_stock_price":-2.336383264173871,"predicted_seasonal_3_stock_price":1.9622173309326172,"periods":[252,504,756,1260],"real_trend_stock_price":221.2601120826378,"predicted_seasonal_1_stock_price":-3.2348506450653076,"seasonal_0_valid_loss":1.6760195587810718,"resid_train_loss":0.4061096468529291,"real_stock_price":236.85000610351562,"seasonal_0_train_loss":0.7011533466026155,"_timestamp":1.736757244441522e+09,"seasonal_1_train_loss":0.42963060582068113,"seasonal_2_valid_loss":0.19854560738082888,"seasonal_2_train_loss":0.5404159275150692,"depth":4,"seasonal_3_train_loss":1.5867794140113844,"resid_valid_loss":0.20943629501649996,"predicted_seasonal_0_stock_price":-0.944699227809906,"_step":9,"real_resid_stock_price":9.05569917725407,"mae":81.67782592773438,"mse":6671.267248281278,"_runtime":12.066740542,"final_predicted_stock_price":155.17218017578125,"seasonal_3_valid_loss":0.5659592401849799,"rmse":81.67782592773438,"Runtime (seconds)":5.385106325149536,"predicted_resid_stock_price":7.640481948852539,"AAPL Stock Price Prediction by iTransformer":{"_type":"image-file","sha256":"c8ea39b5f227a4a25a894df2f3a2283680f8fa1648592a2cdd5211c6a05aa5ee","size":46632,"path":"media/images/AAPL Stock Price Prediction by iTransformer_8_c8ea39b5f227a4a25a89.png","format":"png","width":1000,"height":600},"predicted_trend_stock_price":144.08233642578125,"_wandb":{"runtime":12},"trend_valid_loss":0.4163255110703725,"trend_train_loss":0.10297858184969458,"real_seasonal_2_stock_price":7.34046857933574,"predicted_seasonal_2_stock_price":5.666691780090332,"seasonal_1_valid_loss":0.2934124651807466}