{"_wandb":{"runtime":86},"_step":99,"Validation Loss (Trend)":0.02075892235769565,"Train Loss (Seasonal)":0.027053741634251664,"_timestamp":1.728751307542462e+09,"Train Loss (Resid)":0.05483579024290427,"Validation Loss (Resid)":0.11020787980362594,"Train Loss (Trend)":0.013482137838853341,"Validation Loss (Seasonal)":0.1392177193459258,"_runtime":85.941160658}