{"seasonal_1_valid_loss":1.115866999947623,"trend_valid_loss":3.7708981037139893,"mse":17574.79268194182,"predicted_resid_stock_price":-3.9372661113739014,"real_seasonal_1_stock_price":-3.1406742664865317,"seasonal_2_valid_loss":2.614083766937256,"resid_train_loss":1.6817920079972182,"seasonal_0_train_loss":0.9220915451776563,"predicted_seasonal_0_stock_price":-0.9293138980865479,"resid_valid_loss":1.65315708550005,"AAPL Stock Price Prediction by iTransformer":{"sha256":"c897dafe88d09fa2b0a8cbc2a352610fa0e6fdee1aa34bc80a81540b625c9327","size":47620,"path":"media/images/AAPL Stock Price Prediction by iTransformer_8_c897dafe88d09fa2b0a8.png","format":"png","width":1000,"height":600,"_type":"image-file"},"real_stock_price":236.85000610351562,"predicted_seasonal_1_stock_price":-0.14582689106464386,"rmse":132.56995391845703,"predicted_trend_stock_price":94.98424530029297,"real_trend_stock_price":221.26011113936656,"depth":4,"_runtime":11.379828052,"Runtime (seconds)":6.2427051067352295,"seasonal_0_valid_loss":1.2616692781448364,"real_seasonal_2_stock_price":7.340468737758885,"predicted_seasonal_3_stock_price":18.188777923583984,"_step":9,"_timestamp":1.7367375321750634e+09,"real_resid_stock_price":9.05569245474058,"predicted_seasonal_2_stock_price":-3.8805599212646484,"final_predicted_stock_price":104.2800521850586,"seasonal_3_valid_loss":0.8361395691730538,"seasonal_2_train_loss":2.1762527120672233,"periods":[252,504,756,1260],"_wandb":{"runtime":11},"mae":132.56995391845703,"seasonal_1_train_loss":1.2801861745828147,"seasonal_3_train_loss":0.9911490061160315,"trend_train_loss":0.8376716905606539,"real_seasonal_0_stock_price":-2.336379444717344,"dim":128,"real_seasonal_3_stock_price":4.670787482853472}