{"predicted_trend_stock_price":73.31600952148438,"predicted_resid_stock_price":12.591795921325684,"trend_train_loss":1.7101714421937895,"seasonal_3_valid_loss":0.3626166528041384,"predicted_seasonal_1_stock_price":2.5956320762634277,"depth":4,"AMZN Stock Price Prediction by iTransformer":{"height":600,"_type":"image-file","sha256":"95fa8bf9b50af2c5a5e4667fc269d14eb4eb254e166f631b0b30c87a0354cbb7","size":46617,"path":"media/images/AMZN Stock Price Prediction by iTransformer_8_95fa8bf9b50af2c5a5e4.png","format":"png","width":1000},"resid_train_loss":1.294506431903963,"seasonal_2_train_loss":0.39003832109225095,"final_predicted_stock_price":92.58990478515625,"seasonal_0_valid_loss":0.08041517453831296,"_timestamp":1.7367543687793703e+09,"_runtime":18.188423978,"real_resid_stock_price":30.052430487608945,"_step":9,"real_trend_stock_price":167.5354913342489,"dim":128,"real_seasonal_3_stock_price":9.210042698987007,"seasonal_0_train_loss":0.2836731671419064,"_wandb":{"runtime":18},"rmse":126.35009765625,"seasonal_2_valid_loss":0.3541221255040997,"real_seasonal_2_stock_price":16.307195141839433,"trend_valid_loss":3.3359715938568115,"real_seasonal_0_stock_price":-6.886692248923765,"predicted_seasonal_3_stock_price":2.8818914890289307,"seasonal_1_train_loss":0.6275308666892218,"Runtime (seconds)":6.4586334228515625,"seasonal_1_valid_loss":0.3233772996129105,"mae":126.35009765625,"real_stock_price":218.94000244140625,"resid_valid_loss":1.924944281578064,"periods":[252,504,756,1260],"seasonal_3_train_loss":0.4830436152232138,"mse":15964.347177743912,"real_seasonal_1_stock_price":2.721535027645758,"predicted_seasonal_2_stock_price":6.989939212799072,"predicted_seasonal_0_stock_price":-5.785358905792236}