{"predicted_seasonal_0_stock_price":0.11345736682415009,"_runtime":7.956672848,"predicted_resid_stock_price":3.792001247406006,"mse":15550.315669458883,"depth":4,"_wandb":{"runtime":7},"mae":124.7009048461914,"predicted_trend_stock_price":87.99724578857422,"trend_train_loss":0.999675332763139,"predicted_seasonal_2_stock_price":-8.464088439941406,"seasonal_3_train_loss":1.2668757300353746,"seasonal_2_train_loss":2.2757650373036387,"Runtime (seconds)":3.7213759422302246,"seasonal_0_train_loss":1.1207681888063765,"real_stock_price":218.94000244140625,"seasonal_0_valid_loss":1.0916350138814825,"rmse":124.7009048461914,"resid_train_loss":0.7688560070065205,"seasonal_2_valid_loss":2.424755930164714,"dim":128,"real_seasonal_3_stock_price":9.210042698987007,"_step":9,"real_trend_stock_price":167.5354913342489,"AMZN Stock Price Prediction by iTransformer":{"path":"media/images/AMZN Stock Price Prediction by iTransformer_8_772884953d5401939e5b.png","format":"png","width":1000,"height":600,"_type":"image-file","sha256":"772884953d5401939e5b9b89ca670cfa700d8046f890d78b48e8aa15f290231f","size":46886},"seasonal_1_valid_loss":0.3650384575128555,"resid_valid_loss":0.5323619558018461,"real_seasonal_1_stock_price":2.721535027645758,"seasonal_3_valid_loss":0.338367222384973,"real_seasonal_0_stock_price":-6.886692248923765,"seasonal_1_train_loss":0.5488974699540454,"predicted_seasonal_1_stock_price":1.7414003610610962,"real_resid_stock_price":30.052430487608945,"final_predicted_stock_price":94.23909759521484,"periods":[252,504,756,1260],"real_seasonal_2_stock_price":16.307195141839433,"trend_valid_loss":2.1133835077285767,"_timestamp":1.736749395095015e+09,"predicted_seasonal_3_stock_price":9.059080123901367}