{"_wandb":{"runtime":12},"trend_valid_loss":2.211302713692537,"depth":4,"resid_train_loss":0.6808765974194564,"seasonal_0_train_loss":0.7801318908665106,"real_seasonal_0_stock_price":-2.3363858045259884,"predicted_seasonal_0_stock_price":-0.4852342903614044,"resid_valid_loss":0.701602206011185,"seasonal_2_valid_loss":0.24945899651299977,"trend_train_loss":0.9958312990430496,"real_stock_price":236.85000610351562,"_runtime":12.077600608,"rmse":148.053466796875,"real_trend_stock_price":221.26011197690354,"real_resid_stock_price":9.055698107419886,"real_seasonal_3_stock_price":4.6707850915739995,"seasonal_0_valid_loss":0.576026976108551,"Runtime (seconds)":5.560670852661133,"real_seasonal_1_stock_price":-3.1406711408676338,"real_seasonal_2_stock_price":7.340467873011824,"AAPL Stock Price Prediction by iTransformer":{"width":1000,"height":600,"_type":"image-file","sha256":"c93d22a35b9867028df14d377a06b1713f09c1124cbf95b3cbc66516adedc4d0","size":45958,"path":"media/images/AAPL Stock Price Prediction by iTransformer_8_c93d22a35b9867028df1.png","format":"png"},"predicted_resid_stock_price":11.471332550048828,"seasonal_1_valid_loss":0.8590996559099717,"predicted_seasonal_2_stock_price":5.28538179397583,"predicted_trend_stock_price":74.03355407714844,"_timestamp":1.736718573367718e+09,"periods":[252,504,756,1260],"final_predicted_stock_price":88.79653930664062,"seasonal_1_train_loss":0.749861471259577,"seasonal_3_train_loss":0.9684452018707584,"seasonal_2_train_loss":0.9672740283204927,"dim":128,"seasonal_3_valid_loss":0.40208236694335936,"_step":9,"predicted_seasonal_1_stock_price":0.3490300476551056,"predicted_seasonal_3_stock_price":-1.8575273752212524,"mae":148.053466796875,"mse":21919.829030573368}