{"Runtime (seconds)":6.326743841171265,"final_predicted_stock_price":148.62205505371094,"trend_train_loss":0.22859190652363964,"real_seasonal_1_stock_price":-3.140673736620381,"predicted_seasonal_3_stock_price":0.40544307231903076,"seasonal_0_train_loss":0.9134997589663946,"dim":128,"seasonal_0_valid_loss":1.8491537038952026,"predicted_seasonal_1_stock_price":-1.4460893869400024,"predicted_seasonal_2_stock_price":7.90461540222168,"depth":4,"_runtime":13.986538166,"rmse":88.22795104980469,"predicted_seasonal_0_stock_price":0.06378138065338135,"predicted_resid_stock_price":5.132533073425293,"predicted_trend_stock_price":136.561767578125,"real_stock_price":236.85000610351562,"periods":[252,504,756,1260],"real_trend_stock_price":221.26011248930132,"seasonal_3_valid_loss":0.7085730101838902,"seasonal_2_train_loss":1.046470258717824,"AAPL Stock Price Prediction by iTransformer":{"sha256":"535de7c2d606bd4d97aea05ca1903a9c9755c0e6e35e9f415cb2055df630c09e","size":46391,"path":"media/images/AAPL Stock Price Prediction by iTransformer_8_535de7c2d606bd4d97ae.png","format":"png","width":1000,"height":600,"_type":"image-file"},"_wandb":{"runtime":13},"_timestamp":1.736730249631938e+09,"seasonal_3_train_loss":0.5887408245087747,"resid_train_loss":0.5772293698407382,"seasonal_2_valid_loss":0.0461183050647378,"mse":7784.171346446732,"resid_valid_loss":0.5837135677536328,"trend_valid_loss":0.48898242073204284,"real_seasonal_0_stock_price":-2.3363819000444574,"mae":88.22795104980469,"seasonal_1_valid_loss":1.4532478623980776,"seasonal_1_train_loss":1.3030483424903112,"real_seasonal_3_stock_price":4.67078237418076,"real_resid_stock_price":9.0556983764057,"real_seasonal_2_stock_price":7.34046850029271,"_step":9}