{"seasonal_3_valid_loss":0.22358632629567926,"trend_valid_loss":0.9766736119024215,"trend_train_loss":0.3376190011419382,"real_resid_stock_price":30.052430487608945,"real_trend_stock_price":167.5354913342489,"real_seasonal_0_stock_price":-6.886692248923765,"_timestamp":1.7367306264313533e+09,"seasonal_1_train_loss":0.43830273380713347,"final_predicted_stock_price":122.4266586303711,"AMZN Stock Price Prediction by iTransformer":{"width":1000,"height":600,"_type":"image-file","sha256":"b2d6784f5cf23cab82cf757fc3b6a4d57a5a9146f9782fbfebcab959cd6d76c1","size":46406,"path":"media/images/AMZN Stock Price Prediction by iTransformer_8_b2d6784f5cf23cab82cf.png","format":"png"},"_wandb":{"runtime":8},"real_seasonal_3_stock_price":9.210042698987007,"seasonal_1_valid_loss":0.1833910495042801,"periods":[252,504,756,1260],"real_seasonal_1_stock_price":2.721535027645758,"resid_valid_loss":5.067225456237793,"predicted_trend_stock_price":105.71086120605469,"predicted_seasonal_0_stock_price":-4.189023971557617,"rmse":96.51334381103516,"real_seasonal_2_stock_price":16.307195141839433,"seasonal_0_train_loss":0.2382831327153887,"resid_train_loss":0.9650805158762709,"dim":128,"real_stock_price":218.94000244140625,"predicted_seasonal_2_stock_price":1.8372608423233032,"predicted_resid_stock_price":1.7014724016189575,"predicted_seasonal_1_stock_price":2.40881085395813,"_runtime":8.775481965,"seasonal_3_train_loss":0.5833036878436171,"seasonal_2_valid_loss":0.7741623452638735,"seasonal_2_train_loss":0.7484393660658648,"mse":9314.825533587078,"predicted_seasonal_3_stock_price":14.957281112670898,"mae":96.51334381103516,"depth":4,"seasonal_0_valid_loss":0.18992558625258005,"_step":9,"Runtime (seconds)":4.103513479232788}