{"_wandb":{"runtime":10},"trend_Train_Loss":0.023445482667587385,"trend_Valid_Loss":0.08006873821455335,"_timestamp":1.7341924577598715e+09,"_runtime":10.656276065,"_step":0}