{"seasonal_1_valid_loss":0.1045876480978673,"real_resid_stock_price":30.052430487608945,"_wandb":{"runtime":10},"dim":128,"seasonal_0_train_loss":0.2936625305441575,"periods":[252,504,756,1260],"_timestamp":1.7367215317510917e+09,"predicted_seasonal_2_stock_price":3.900022029876709,"mse":11675.579715846165,"predicted_seasonal_1_stock_price":3.32999324798584,"seasonal_2_valid_loss":0.5632872475138845,"seasonal_3_valid_loss":0.26979920268058777,"predicted_trend_stock_price":100.1475601196289,"predicted_seasonal_3_stock_price":0.41866981983184814,"AMZN Stock Price Prediction by iTransformer":{"width":1000,"height":600,"_type":"image-file","sha256":"30ba730169b7480313489a4f11fbd272940928d92cc317da905356b457ff85d9","size":46163,"path":"media/images/AMZN Stock Price Prediction by iTransformer_8_30ba730169b748031348.png","format":"png"},"real_seasonal_0_stock_price":-6.886692248923765,"depth":4,"real_trend_stock_price":167.5354913342489,"seasonal_1_train_loss":0.49703923480816625,"Runtime (seconds)":5.032081127166748,"seasonal_0_valid_loss":0.24710184335708618,"real_seasonal_3_stock_price":9.210042698987007,"resid_valid_loss":0.36309395169754893,"predicted_resid_stock_price":7.775166988372803,"trend_valid_loss":0.8869094423568595,"_runtime":10.337310402,"predicted_seasonal_0_stock_price":-4.685009956359863,"mae":108.05359649658203,"seasonal_2_train_loss":0.8382268799112462,"resid_train_loss":0.7986922795946133,"trend_train_loss":0.7917393207096973,"_step":9,"final_predicted_stock_price":110.88640594482422,"real_seasonal_1_stock_price":2.721535027645758,"real_stock_price":218.94000244140625,"rmse":108.05359649658203,"real_seasonal_2_stock_price":16.307195141839433,"seasonal_3_train_loss":1.369733083887902}