{"seasonal_3_valid_loss":0.3082005445866571,"predicted_seasonal_2_stock_price":3.8957619667053223,"mse":17661.589118424803,"seasonal_1_train_loss":0.3671038616473375,"real_stock_price":236.85000610351562,"predicted_seasonal_3_stock_price":5.43723201751709,"_runtime":13.931070455,"predicted_seasonal_1_stock_price":-2.4655332565307617,"Runtime (seconds)":7.020100355148315,"seasonal_0_valid_loss":0.3572655617238614,"AAPL Stock Price Prediction by iTransformer":{"size":47550,"path":"media/images/AAPL Stock Price Prediction by iTransformer_8_76b02ebf0f52025058c7.png","format":"png","width":1000,"height":600,"_type":"image-file","sha256":"76b02ebf0f52025058c799d80937f91a71296bb668dcd9b40a67190b1110a404"},"real_seasonal_1_stock_price":-3.1406739023494503,"seasonal_3_train_loss":0.6169468165160754,"real_resid_stock_price":9.055697690540654,"_timestamp":1.7367352383156767e+09,"real_seasonal_2_stock_price":7.340470373245188,"trend_train_loss":0.2850400449287553,"mae":132.89691162109375,"resid_valid_loss":1.740309325496802,"real_seasonal_0_stock_price":-2.336383157615561,"periods":[252,504,756,1260],"seasonal_2_train_loss":2.149859523932849,"predicted_seasonal_0_stock_price":2.610386371612549,"seasonal_0_train_loss":0.34774675159208807,"rmse":132.89691162109375,"final_predicted_stock_price":103.95309448242188,"predicted_resid_stock_price":4.289542198181152,"real_trend_stock_price":221.2601119628704,"dim":128,"seasonal_2_valid_loss":0.4192934792015434,"_wandb":{"runtime":13},"seasonal_1_valid_loss":0.2503514492327405,"_step":9,"predicted_trend_stock_price":90.18569946289062,"depth":4,"real_seasonal_3_stock_price":4.6707831368243875,"trend_valid_loss":2.3892528467208334,"resid_train_loss":0.8619949789045358}