{"real_resid_stock_price":30.052430487608945,"_runtime":14.81018421,"mse":23187.367060963064,"seasonal_0_valid_loss":0.38405334754068343,"real_seasonal_3_stock_price":9.210042698987007,"rmse":152.27398681640625,"predicted_seasonal_3_stock_price":-7.471470355987549,"_timestamp":1.7367324307920618e+09,"_step":9,"predicted_trend_stock_price":77.05299377441406,"real_seasonal_1_stock_price":2.721535027645758,"real_stock_price":218.94000244140625,"real_seasonal_2_stock_price":16.307195141839433,"trend_valid_loss":1.872262776854806,"trend_train_loss":0.8439762213308335,"predicted_seasonal_0_stock_price":-6.596873760223389,"predicted_seasonal_1_stock_price":-2.9724483489990234,"predicted_resid_stock_price":9.756759643554688,"periods":[252,504,756,1260],"depth":4,"Runtime (seconds)":7.249768018722534,"seasonal_1_valid_loss":0.9467177333752753,"real_trend_stock_price":167.5354913342489,"seasonal_2_valid_loss":3.2724161707642017,"seasonal_3_valid_loss":1.562580426387927,"seasonal_0_train_loss":0.6518854532394446,"final_predicted_stock_price":66.666015625,"seasonal_3_train_loss":1.9535319922529055,"seasonal_1_train_loss":0.9883077987011204,"real_seasonal_0_stock_price":-6.886692248923765,"dim":128,"resid_train_loss":0.8232446896284169,"AMZN Stock Price Prediction by iTransformer":{"sha256":"a9de74d872c9657b95ca6681bb60afdf53d545849fddb0afb11c4c6e7ca4b8d0","size":47331,"path":"media/images/AMZN Stock Price Prediction by iTransformer_8_a9de74d872c9657b95ca.png","format":"png","width":1000,"height":600,"_type":"image-file"},"_wandb":{"runtime":14},"seasonal_2_train_loss":3.241636204940194,"mae":152.27398681640625,"resid_valid_loss":0.4051280806105444,"predicted_seasonal_2_stock_price":-3.102945327758789}