{"real_trend_stock_price":167.5354913342489,"dim":128,"_timestamp":1.736723377665828e+09,"predicted_seasonal_1_stock_price":3.4496045112609863,"resid_valid_loss":1.2466758489608765,"real_seasonal_1_stock_price":2.721535027645758,"AMZN Stock Price Prediction by iTransformer":{"sha256":"49d755b2fed19f18184de214ee902c832884ef8a4fadbd286998b8d0f11bb72d","size":46237,"path":"media/images/AMZN Stock Price Prediction by iTransformer_8_49d755b2fed19f18184d.png","format":"png","width":1000,"height":600,"_type":"image-file"},"real_seasonal_2_stock_price":16.307195141839433,"seasonal_3_valid_loss":0.2383154277869796,"real_seasonal_3_stock_price":9.210042698987007,"predicted_seasonal_3_stock_price":10.453218460083008,"seasonal_0_valid_loss":0.3196607232093811,"_runtime":11.286636258,"final_predicted_stock_price":108.27438354492188,"seasonal_1_train_loss":0.5456274375965112,"trend_train_loss":0.9600356171132491,"real_resid_stock_price":30.052430487608945,"depth":4,"predicted_seasonal_2_stock_price":2.7238011360168457,"real_seasonal_0_stock_price":-6.886692248923765,"seasonal_0_train_loss":0.6529991594974931,"predicted_resid_stock_price":8.097691535949707,"real_stock_price":218.94000244140625,"trend_valid_loss":2.1628551483154297,"Runtime (seconds)":4.234332084655762,"seasonal_1_valid_loss":0.200333458817834,"_wandb":{"runtime":11},"seasonal_2_train_loss":1.0705649708938443,"predicted_seasonal_0_stock_price":-5.622720718383789,"seasonal_3_train_loss":0.29217623805165965,"rmse":110.66561889648438,"_step":9,"periods":[252,504,756,1260],"mae":110.66561889648438,"mse":12246.87920574192,"resid_train_loss":1.4595013675555062,"seasonal_2_valid_loss":0.6290458493428276,"predicted_trend_stock_price":89.17278289794922}