{"real_seasonal_0_stock_price":-0.1920271056439857,"seasonal_0_valid_loss":0.15222153067588806,"final_predicted_stock_price":116.46998596191406,"seasonal_1_valid_loss":0.14168134331703186,"seasonal_2_valid_loss":0.12124332385575211,"mse":28.302559106668923,"seasonal_3_train_loss":0.0975697637084573,"real_seasonal_3_stock_price":7.165861754216562,"XOM Stock Price Prediction by iTransformer":{"sha256":"0699d30fc7763d1c200a68ba3b89474efd2bebf1b5f0f60bf55d806a067cc66f","size":52089,"path":"media/images/XOM Stock Price Prediction by iTransformer_1801_0699d30fc7763d1c200a.png","format":"png","width":1000,"height":600,"_type":"image-file"},"real_seasonal_2_stock_price":0.4498742276855169,"predicted_trend_stock_price":107.66096496582031,"_timestamp":1.7386166658494241e+09,"_wandb":{"runtime":46361},"predicted_seasonal_2_stock_price":-1.01386559009552,"seasonal_1_train_loss":0.12136628146084742,"_runtime":46361.45108652,"trend_train_loss":0.08648875658643976,"real_seasonal_1_stock_price":1.7783729381114208,"predicted_seasonal_3_stock_price":7.250199317932129,"_step":1802,"real_trend_stock_price":110.08612315739894,"predicted_resid_stock_price":1.103482961654663,"real_stock_price":121.79000091552734,"seasonal_3_valid_loss":0.12285669147968292,"resid_valid_loss":0.103464275598526,"mae":5.320014953613281,"predicted_seasonal_1_stock_price":1.123734712600708,"rmse":5.320014953613281,"trend_valid_loss":0.10314788669347763,"predicted_seasonal_0_stock_price":0.34546995162963867,"Runtime (seconds)":2418.1817543506622,"seasonal_2_train_loss":0.0890435663434671,"seasonal_0_train_loss":0.11099508885654626,"resid_train_loss":0.08956284817624537,"real_resid_stock_price":2.501795943758893}