{"Runtime (seconds)":6.279279470443726,"seasonal_0_valid_loss":0.2737007904017043,"mse":21450.36372198374,"real_seasonal_0_stock_price":-6.886692248923765,"real_resid_stock_price":30.052430487608945,"real_trend_stock_price":167.5354913342489,"dim":128,"real_seasonal_2_stock_price":16.307195141839433,"periods":[252,504,756,1260],"predicted_seasonal_0_stock_price":-6.423290252685547,"trend_valid_loss":3.2530668431520464,"seasonal_2_train_loss":2.3514022763871467,"_timestamp":1.7367565769782634e+09,"resid_train_loss":1.5283914557500284,"real_seasonal_3_stock_price":9.210042698987007,"seasonal_0_train_loss":0.47955251545582306,"mae":146.4594268798828,"resid_valid_loss":1.3051123180365198,"predicted_trend_stock_price":61.69385528564453,"seasonal_2_valid_loss":0.48874634198653394,"real_seasonal_1_stock_price":2.721535027645758,"final_predicted_stock_price":72.48057556152344,"seasonal_1_train_loss":0.5247404519988064,"_runtime":12.930889612,"real_stock_price":218.94000244140625,"predicted_seasonal_2_stock_price":18.22395133972168,"depth":4,"AMZN Stock Price Prediction by iTransformer":{"sha256":"51a281a0f235a64ed6e8aee621b9b6d8adb6f706cf0a6e48da345b01ab12f4c6","size":47162,"path":"media/images/AMZN Stock Price Prediction by iTransformer_8_51a281a0f235a64ed6e8.png","format":"png","width":1000,"height":600,"_type":"image-file"},"predicted_resid_stock_price":-9.618439674377441,"_wandb":{"runtime":12},"_step":9,"predicted_seasonal_1_stock_price":1.786765456199646,"seasonal_1_valid_loss":0.3715058758854866,"predicted_seasonal_3_stock_price":6.817729949951172,"rmse":146.4594268798828,"trend_train_loss":1.8334742046873875,"seasonal_3_valid_loss":0.4456293915186651,"seasonal_3_train_loss":1.303259888210126}