{"trend_train_loss":0.2742342293619831,"seasonal_0_train_loss":0.5150437938637484,"real_resid_stock_price":9.055694588013097,"real_seasonal_0_stock_price":-2.336383400381817,"predicted_seasonal_3_stock_price":2.463149070739746,"mse":4120.812855223427,"resid_train_loss":1.4648203556343804,"final_predicted_stock_price":172.6564483642578,"real_seasonal_3_stock_price":4.6707849479425185,"real_stock_price":236.85000610351562,"dim":128,"seasonal_2_valid_loss":0.28874312779958405,"depth":4,"seasonal_2_train_loss":0.8262751917381072,"trend_valid_loss":0.2265938477980536,"mae":64.19355773925781,"_timestamp":1.7367178889506905e+09,"seasonal_1_valid_loss":1.2853097448425908,"predicted_seasonal_1_stock_price":-0.706428050994873,"predicted_trend_stock_price":166.18270874023438,"real_seasonal_2_stock_price":7.340476472621315,"seasonal_0_valid_loss":1.3201367515275082,"predicted_seasonal_2_stock_price":4.421844959259033,"rmse":64.19355773925781,"_wandb":{"runtime":9},"predicted_resid_stock_price":0.2606990337371826,"real_trend_stock_price":221.26011151224225,"real_seasonal_1_stock_price":-3.1406780169217186,"AAPL Stock Price Prediction by iTransformer":{"width":1000,"height":600,"_type":"image-file","sha256":"eb9120cd1703de707ce0fac37f89e00881c4b8e9c732565956213db0299f28fa","size":46318,"path":"media/images/AAPL Stock Price Prediction by iTransformer_8_eb9120cd1703de707ce0.png","format":"png"},"predicted_seasonal_0_stock_price":0.03446577861905098,"resid_valid_loss":1.197032720718569,"periods":[252,504,756,1260],"seasonal_3_valid_loss":0.5195806381390922,"seasonal_3_train_loss":1.0517652884736481,"Runtime (seconds)":4.016642093658447,"seasonal_1_train_loss":1.2657122028509185,"_step":9,"_runtime":9.821506278}