{"_runtime":11.210183184,"predicted_seasonal_0_stock_price":-6.288182258605957,"trend_valid_loss":0.6016076828042666,"trend_train_loss":0.775384392217565,"real_trend_stock_price":167.5354913342489,"predicted_trend_stock_price":121.5819091796875,"real_stock_price":218.94000244140625,"seasonal_3_valid_loss":0.9660397227657469,"periods":[252,504,756,1260],"resid_valid_loss":0.3051455066754268,"seasonal_3_train_loss":0.9891306716979414,"dim":128,"mse":6841.616640100488,"Runtime (seconds)":5.320125102996826,"AMZN Stock Price Prediction by iTransformer":{"height":600,"_type":"image-file","sha256":"27e3d0e9e8803123c81a4ebbf7f7864cd4c8f2bbcad6525f521d1061361cdc53","size":45966,"path":"media/images/AMZN Stock Price Prediction by iTransformer_8_27e3d0e9e8803123c81a.png","format":"png","width":1000},"resid_train_loss":1.0292217988289316,"predicted_seasonal_1_stock_price":2.3912253379821777,"seasonal_1_valid_loss":0.6951454728841782,"_timestamp":1.7367395774871676e+09,"predicted_resid_stock_price":16.2781982421875,"real_seasonal_3_stock_price":9.210042698987007,"_step":9,"seasonal_0_valid_loss":0.2722311010318143,"predicted_seasonal_3_stock_price":6.444240570068359,"_wandb":{"runtime":11},"real_resid_stock_price":30.052430487608945,"depth":4,"predicted_seasonal_2_stock_price":-4.181447505950928,"seasonal_2_valid_loss":2.1551730632781982,"mae":82.71406555175781,"real_seasonal_1_stock_price":2.721535027645758,"real_seasonal_0_stock_price":-6.886692248923765,"seasonal_0_train_loss":0.31197511059176164,"seasonal_1_train_loss":0.6572138890923801,"rmse":82.71406555175781,"seasonal_2_train_loss":1.1311693122906796,"real_seasonal_2_stock_price":16.307195141839433,"final_predicted_stock_price":136.22593688964844}