{"dim":128,"real_seasonal_2_stock_price":7.340468830685556,"seasonal_3_valid_loss":0.25278718746492435,"seasonal_3_train_loss":0.5156227948089365,"mse":19248.590126336552,"real_seasonal_3_stock_price":4.67078674764174,"Runtime (seconds)":5.058690786361694,"trend_train_loss":0.29370115911789985,"real_stock_price":236.85000610351562,"rmse":138.73928833007812,"predicted_seasonal_1_stock_price":-1.8865647315979004,"real_seasonal_1_stock_price":-3.1406785303852085,"real_seasonal_0_stock_price":-2.33637882662357,"seasonal_0_valid_loss":1.7871750123225725,"predicted_seasonal_3_stock_price":-1.810624599456787,"seasonal_1_train_loss":0.6846070327486095,"mae":138.73928833007812,"_runtime":10.314818713,"final_predicted_stock_price":98.1107177734375,"periods":[252,504,756,1260],"predicted_seasonal_2_stock_price":4.184495449066162,"AAPL Stock Price Prediction by iTransformer":{"size":47487,"path":"media/images/AAPL Stock Price Prediction by iTransformer_8_de7c8d1cb046a132c25a.png","format":"png","width":1000,"height":600,"_type":"image-file","sha256":"de7c8d1cb046a132c25aa42b741c74ca90b6462d77da4027d4ccc0c4eedc4aca"},"real_trend_stock_price":221.2601113186586,"predicted_seasonal_0_stock_price":0.7383435368537903,"resid_train_loss":0.8246445688544356,"seasonal_0_train_loss":1.018065247312659,"seasonal_2_train_loss":0.9029986222079455,"seasonal_1_valid_loss":0.4866747097296862,"_step":9,"resid_valid_loss":1.0846447409706925,"_wandb":{"runtime":10},"depth":4,"real_resid_stock_price":9.055696563538504,"trend_valid_loss":1.340637453812063,"predicted_trend_stock_price":97.75379180908203,"predicted_resid_stock_price":-0.8687236309051514,"seasonal_2_valid_loss":0.18557133191957814,"_timestamp":1.7367328490659726e+09}