{"_timestamp":1.7359994988984418e+09,"_runtime":5248.471074192,"mse":120.27297646948136,"predicted_stock_price":226.36309814453125,"train_loss":0.019126788406712315,"_wandb":{"runtime":5248},"Runtime (seconds)":497.9221782684326,"_step":302,"depth":4,"dim":128,"AAPL Stock Price Prediction by iTransformer(no MSTL)":{"format":"png","width":1000,"height":600,"_type":"image-file","sha256":"4bb097a34a6fbfbed95846c0a7da5ce93917fed046670e747c7188715d811d3e","size":51339,"path":"media/images/AAPL Stock Price Prediction by iTransformer(no MSTL)_301_4bb097a34a6fbfbed958.png"},"mae":10.966903686523438,"real_stock_price":237.3300018310547,"r2_score":NaN,"valid_loss":0.027367036248434264,"rmse":10.966903686523438}