{"predicted_trend_stock_price":125.47532653808594,"predicted_resid_stock_price":4.416008949279785,"real_seasonal_0_stock_price":-2.336375923543015,"periods":[252,504,756,1260],"real_trend_stock_price":221.26011185643608,"real_resid_stock_price":9.055685572147581,"real_seasonal_1_stock_price":-3.1406794902527406,"real_seasonal_3_stock_price":4.670787057968979,"_timestamp":1.7367417873015625e+09,"rmse":101.34307861328125,"mse":10270.419582817703,"trend_train_loss":0.17280567410744954,"resid_valid_loss":0.8562071491538077,"seasonal_0_train_loss":0.6834920118086993,"final_predicted_stock_price":135.50692749023438,"trend_valid_loss":0.5947941656756391,"seasonal_3_train_loss":1.0321298177347207,"depth":4,"real_seasonal_2_stock_price":7.340477030758762,"real_stock_price":236.85000610351562,"seasonal_1_train_loss":0.5567185879163222,"predicted_seasonal_0_stock_price":0.7786727547645569,"predicted_seasonal_2_stock_price":6.174247741699219,"_wandb":{"runtime":15},"dim":128,"Runtime (seconds)":8.73746919631958,"mae":101.34307861328125,"_step":9,"_runtime":15.435357527,"resid_train_loss":0.688075199104628,"seasonal_1_valid_loss":0.42212001089089973,"seasonal_2_train_loss":0.3802128738365124,"AAPL Stock Price Prediction by iTransformer":{"format":"png","width":1000,"height":600,"_type":"image-file","sha256":"b0137b341f02a4da5e82c0e9ca7af2074d5fcaedc769cb297f683032e5d0905e","size":46854,"path":"media/images/AAPL Stock Price Prediction by iTransformer_8_b0137b341f02a4da5e82.png"},"seasonal_3_valid_loss":1.292254120340714,"predicted_seasonal_3_stock_price":0.9367414116859436,"predicted_seasonal_1_stock_price":-2.2740700244903564,"seasonal_2_valid_loss":0.15681029052964518,"seasonal_0_valid_loss":0.8323360544475005}