{"dim":128,"periods":[252,504,756,1260],"seasonal_3_valid_loss":0.1999903995146866,"real_trend_stock_price":221.26011246816836,"Runtime (seconds)":5.418073415756226,"predicted_seasonal_2_stock_price":-0.47412124276161194,"predicted_seasonal_1_stock_price":-3.157296657562256,"depth":4,"AAPL Stock Price Prediction by iTransformer":{"_type":"image-file","sha256":"cc36a579faa615f0119d8d34888a7f154b55850e6af4506229c4ccb68407f1aa","size":46963,"path":"media/images/AAPL Stock Price Prediction by iTransformer_8_cc36a579faa615f0119d.png","format":"png","width":1000,"height":600},"resid_valid_loss":1.1722457966318838,"real_seasonal_2_stock_price":7.340471220969453,"mae":93.49432373046875,"predicted_resid_stock_price":-1.9353182315826416,"real_resid_stock_price":9.055694330955816,"seasonal_0_train_loss":0.7995951563010032,"_step":9,"real_seasonal_3_stock_price":4.670784063680833,"seasonal_3_train_loss":0.5813214953411385,"real_seasonal_0_stock_price":-2.33637854129754,"trend_train_loss":0.2019758551845285,"_timestamp":1.7367326302814686e+09,"seasonal_0_valid_loss":1.8891832184355277,"_wandb":{"runtime":11},"predicted_seasonal_3_stock_price":1.1524183750152588,"seasonal_1_valid_loss":0.2458242637415727,"trend_valid_loss":0.34141625116661,"real_seasonal_1_stock_price":-3.140677438961285,"resid_train_loss":0.9590696088372099,"seasonal_2_train_loss":1.7980090488454878,"real_stock_price":236.85000610351562,"seasonal_1_train_loss":0.39558160519995833,"_runtime":11.856930414,"final_predicted_stock_price":143.35568237304688,"seasonal_2_valid_loss":1.0225410909803063,"rmse":93.49432373046875,"mse":8741.188569817692,"predicted_seasonal_0_stock_price":0.4252840280532837,"predicted_trend_stock_price":147.3447265625}