{"resid_valid_loss":1.688705099004729,"final_predicted_stock_price":55.991310119628906,"predicted_seasonal_2_stock_price":-0.7391844391822815,"seasonal_1_train_loss":0.2959184991905515,"seasonal_2_train_loss":1.199899757813367,"depth":4,"seasonal_3_valid_loss":0.20473588543269924,"real_trend_stock_price":221.26011223279178,"real_stock_price":236.85000610351562,"seasonal_1_valid_loss":0.18127488388734705,"predicted_trend_stock_price":58.016929626464844,"mae":180.85869598388672,"_runtime":9.623981296,"seasonal_0_valid_loss":0.49267667531967163,"_wandb":{"runtime":9},"real_seasonal_2_stock_price":7.340471969238265,"_timestamp":1.736758090218385e+09,"resid_train_loss":1.4835535262782686,"AAPL Stock Price Prediction by iTransformer":{"_type":"image-file","sha256":"508c5a6c1149d1b7030171c766f0dc563afa8c0f9adfb3060774bc105be63c87","size":46649,"path":"media/images/AAPL Stock Price Prediction by iTransformer_8_508c5a6c1149d1b70301.png","format":"png","width":1000,"height":600},"seasonal_2_valid_loss":1.1094599120497923,"seasonal_3_train_loss":0.83350798919681,"trend_valid_loss":5.186417814573584,"Runtime (seconds)":4.342538356781006,"predicted_seasonal_3_stock_price":5.913396835327148,"mse":32709.867912991962,"real_resid_stock_price":9.055691373387361,"periods":[252,504,756,1260],"rmse":180.85869598388672,"predicted_resid_stock_price":-6.73858642578125,"predicted_seasonal_1_stock_price":-3.154169797897339,"real_seasonal_1_stock_price":-3.1406750382955977,"dim":128,"_step":9,"real_seasonal_0_stock_price":-2.3363731358180306,"trend_train_loss":1.4021854526466793,"seasonal_0_train_loss":0.3809378456051757,"real_seasonal_3_stock_price":4.670778702211868,"predicted_seasonal_0_stock_price":2.692922830581665}