{"train_loss":0.06907054823800599,"real_stock_price":25.35089683532715,"mae":0.24279212951660156,"_wandb":{"runtime":3358},"depth":4,"valid_loss":0.038519115394640174,"rmse":0.24279212951660156,"_runtime":3358.892002064,"_timestamp":1.7384928885451531e+09,"dim":128,"_step":302,"PFE Stock Price Prediction by iTransformer(no MSTL)":{"width":1000,"height":600,"_type":"image-file","sha256":"1224f01da5faee3161cbc2c1be390d19dde1379d2b750f23590f7c02b0eec39f","size":57738,"path":"media/images/PFE Stock Price Prediction by iTransformer(no MSTL)_301_1224f01da5faee3161cb.png","format":"png"},"r2_score":NaN,"predicted_stock_price":25.108104705810547,"Runtime (seconds)":78.02805852890015,"mse":0.05894801815520623}