{"mae":39.6661376953125,"r2_score":NaN,"real_stock_price":228.97000122070312,"dim":128,"_wandb":{"runtime":7711},"Runtime (seconds)":347.3323905467987,"_step":276,"valid_loss":0.08294799165767536,"AMZN Stock Price Prediction by Transformer(no MSTL)":{"path":"media/images/AMZN Stock Price Prediction by Transformer(no MSTL)_275_478f75abfb2a200bbacc.png","format":"png","width":1000,"height":600,"_type":"image-file","sha256":"478f75abfb2a200bbacc126ebc115d23c186d277f9a2ff82ed16339e56524014","size":49748},"_runtime":7711.521884347,"rmse":39.6661376953125,"_timestamp":1.736217135788888e+09,"mse":1573.4024796634912,"train_loss":0.08194223380556499,"predicted_stock_price":189.30386352539062,"depth":4}