{"predicted_seasonal_0_stock_price":-1.5005172491073608,"_runtime":13.992230386,"resid_train_loss":1.1643422943913344,"seasonal_2_train_loss":1.0861166920272263,"seasonal_1_valid_loss":0.17511973116497637,"mae":22.005905151367188,"seasonal_2_valid_loss":0.1991272419235633,"depth":4,"seasonal_1_train_loss":0.5321101541958708,"trend_valid_loss":0.0015698947152486653,"Runtime (seconds)":5.775458097457886,"seasonal_0_valid_loss":0.8806301270154204,"predicted_trend_stock_price":165.23507690429688,"real_stock_price":218.94000244140625,"predicted_seasonal_3_stock_price":-5.444212436676025,"seasonal_3_valid_loss":1.996149995940269,"final_predicted_stock_price":196.93409729003906,"real_trend_stock_price":167.5354913342489,"real_seasonal_2_stock_price":16.307195141839433,"resid_valid_loss":2.317676311186953,"predicted_seasonal_1_stock_price":2.443493604660034,"trend_train_loss":0.17934632028727315,"real_resid_stock_price":30.052430487608945,"_timestamp":1.7367475613610718e+09,"real_seasonal_0_stock_price":-6.886692248923765,"mse":484.2598615309689,"_wandb":{"runtime":13},"dim":128,"real_seasonal_1_stock_price":2.721535027645758,"real_seasonal_3_stock_price":9.210042698987007,"rmse":22.005905151367188,"seasonal_3_train_loss":1.9132792042183813,"predicted_seasonal_2_stock_price":15.905924797058105,"AMZN Stock Price Prediction by iTransformer":{"sha256":"411d31748e9c9b7bc4a47c63ba41da25e8bc5f501ca8717f1f14d372df970d2c","size":50451,"path":"media/images/AMZN Stock Price Prediction by iTransformer_8_411d31748e9c9b7bc4a4.png","format":"png","width":1000,"height":600,"_type":"image-file"},"_step":9,"predicted_resid_stock_price":20.294321060180664,"periods":[252,504,756,1260],"seasonal_0_train_loss":0.785522664461321}