{"_timestamp":1.736726028611655e+09,"rmse":169.1725311279297,"periods":[252,504,756,1260],"seasonal_1_valid_loss":1.1110747778902248,"seasonal_3_valid_loss":0.693744552118462,"mse":28619.34528823034,"dim":128,"real_seasonal_1_stock_price":-3.1406730729539234,"seasonal_0_valid_loss":0.9075544202617305,"AAPL Stock Price Prediction by iTransformer":{"format":"png","width":1000,"height":600,"_type":"image-file","sha256":"b83d5fe68abb71a1983e3906ea27ad86504c54b19ea091584a6886881d13d515","size":46358,"path":"media/images/AAPL Stock Price Prediction by iTransformer_8_b83d5fe68abb71a1983e.png"},"trend_train_loss":0.5265226637380528,"predicted_seasonal_2_stock_price":3.446049451828003,"seasonal_3_train_loss":1.5052177560111641,"real_seasonal_2_stock_price":7.340470384460584,"predicted_seasonal_0_stock_price":1.105821132659912,"real_seasonal_3_stock_price":4.67078427236526,"real_resid_stock_price":9.055693094933872,"_step":9,"final_predicted_stock_price":67.67747497558594,"depth":4,"seasonal_2_train_loss":1.8988921968010593,"real_seasonal_0_stock_price":-2.3363803035982738,"real_trend_stock_price":221.26011172830812,"predicted_seasonal_3_stock_price":-0.9628030061721802,"seasonal_1_train_loss":1.1507425582638644,"real_stock_price":236.85000610351562,"mae":169.1725311279297,"resid_train_loss":0.7962829346386546,"predicted_resid_stock_price":-0.16367506980895996,"trend_valid_loss":3.084022817892187,"resid_valid_loss":1.0682926265991222,"seasonal_2_valid_loss":0.5669978545704469,"_wandb":{"runtime":11},"predicted_trend_stock_price":66.111572265625,"predicted_seasonal_1_stock_price":-1.8594893217086792,"Runtime (seconds)":6.062200307846069,"seasonal_0_train_loss":0.42995367250509336,"_runtime":11.856042711}