{"trend_valid_loss":3.831353519984654,"real_seasonal_3_stock_price":4.670779293316878,"seasonal_1_valid_loss":0.17751475814056683,"Runtime (seconds)":7.190227270126343,"real_seasonal_2_stock_price":7.340473275705209,"real_resid_stock_price":9.055693491726089,"AAPL Stock Price Prediction by iTransformer":{"width":1000,"height":600,"_type":"image-file","sha256":"a5f95a57a9d88f8e36968ceb699fccf68019f648ba7f1c61035b3f164e4d290a","size":46292,"path":"media/images/AAPL Stock Price Prediction by iTransformer_8_a5f95a57a9d88f8e3696.png","format":"png"},"depth":4,"dim":128,"real_stock_price":236.85000610351562,"real_seasonal_0_stock_price":-2.3363761935567204,"seasonal_2_train_loss":0.8292832042451107,"_runtime":15.308001308,"seasonal_3_valid_loss":0.9285004640050067,"seasonal_3_train_loss":1.0316050348247026,"resid_valid_loss":1.6750443763091785,"_timestamp":1.7367176322343278e+09,"predicted_seasonal_3_stock_price":-3.774862051010132,"_step":9,"predicted_seasonal_0_stock_price":0.846015214920044,"real_seasonal_1_stock_price":-3.140675323056812,"predicted_seasonal_2_stock_price":4.829124927520752,"periods":[252,504,756,1260],"rmse":166.61048126220703,"_wandb":{"runtime":15},"predicted_trend_stock_price":78.78022766113281,"predicted_resid_stock_price":-6.750494003295898,"resid_train_loss":2.393132358639558,"final_predicted_stock_price":70.2395248413086,"real_trend_stock_price":221.260111559381,"seasonal_1_train_loss":0.3450627878916182,"seasonal_0_valid_loss":0.26007038751089506,"trend_train_loss":0.9242299447343548,"seasonal_0_train_loss":0.3048337675057925,"predicted_seasonal_1_stock_price":-3.6904797554016113,"mae":166.61048126220703,"mse":27759.05246642424,"seasonal_2_valid_loss":0.1349378187885488}