{"predicted_seasonal_0_stock_price":-5.585515022277832,"real_seasonal_3_stock_price":9.210042698987007,"real_seasonal_0_stock_price":-6.886692248923765,"predicted_trend_stock_price":136.73837280273438,"AMZN Stock Price Prediction by iTransformer":{"sha256":"9c75272d85bb20adfb5a09ea548c6db2c18c5b87539e9e1b25094358fdd53376","size":48630,"path":"media/images/AMZN Stock Price Prediction by iTransformer_8_9c75272d85bb20adfb5a.png","format":"png","width":1000,"height":600,"_type":"image-file"},"real_stock_price":218.94000244140625,"seasonal_0_train_loss":0.28573782194410874,"real_trend_stock_price":167.5354913342489,"trend_valid_loss":0.1961978538828786,"predicted_seasonal_3_stock_price":6.7155866622924805,"seasonal_1_valid_loss":0.7776255896891368,"Runtime (seconds)":7.62310791015625,"seasonal_3_valid_loss":0.44766079613990023,"final_predicted_stock_price":157.59585571289062,"predicted_resid_stock_price":11.353963851928711,"seasonal_3_train_loss":0.7363358530538534,"real_resid_stock_price":30.052430487608945,"_step":9,"_wandb":{"runtime":18},"real_seasonal_2_stock_price":16.307195141839433,"periods":[252,504,756,1260],"rmse":61.344146728515625,"mse":3763.1043378496543,"resid_valid_loss":0.3307011008216261,"depth":4,"seasonal_2_valid_loss":0.21592943204773796,"seasonal_0_valid_loss":0.08341563948813607,"seasonal_2_train_loss":0.36984055017049494,"real_seasonal_1_stock_price":2.721535027645758,"dim":128,"_runtime":18.055815984,"_timestamp":1.7367374798332076e+09,"mae":61.344146728515625,"seasonal_1_train_loss":0.8001547111057322,"predicted_seasonal_1_stock_price":-0.8621446490287781,"resid_train_loss":0.47387550811509827,"predicted_seasonal_2_stock_price":9.235602378845215,"trend_train_loss":0.6125579351370584}