{"real_seasonal_1_stock_price":2.721535027645758,"Runtime (seconds)":8.141679763793945,"_wandb":{"runtime":17},"trend_train_loss":0.5481880776430005,"rmse":29.662506103515625,"predicted_resid_stock_price":6.66407585144043,"predicted_seasonal_0_stock_price":-0.22007788717746735,"real_resid_stock_price":30.052430487608945,"predicted_seasonal_2_stock_price":9.529557228088379,"resid_valid_loss":0.7084584947844565,"resid_train_loss":1.1802246784192612,"seasonal_0_train_loss":0.9354797899723053,"seasonal_1_train_loss":1.1051724573164998,"final_predicted_stock_price":189.27749633789062,"seasonal_2_train_loss":0.6249358975569717,"_runtime":17.313462883,"seasonal_3_train_loss":0.7028654461480853,"mae":29.662506103515625,"_step":9,"_timestamp":1.736736790648039e+09,"depth":4,"real_trend_stock_price":167.5354913342489,"real_seasonal_0_stock_price":-6.886692248923765,"periods":[252,504,756,1260],"predicted_seasonal_3_stock_price":10.840642929077148,"seasonal_2_valid_loss":0.2367078198056169,"real_stock_price":218.94000244140625,"seasonal_0_valid_loss":1.1323113088567263,"real_seasonal_2_stock_price":16.307195141839433,"real_seasonal_3_stock_price":9.210042698987007,"predicted_trend_stock_price":165.2655029296875,"mse":879.8642683411017,"AMZN Stock Price Prediction by iTransformer":{"size":50876,"path":"media/images/AMZN Stock Price Prediction by iTransformer_8_a305134bc21611df3716.png","format":"png","width":1000,"height":600,"_type":"image-file","sha256":"a305134bc21611df3716cfbbb7282ed18d178b46ec36a7575322ccee2c4d5333"},"seasonal_3_valid_loss":0.36070069670677185,"dim":128,"trend_valid_loss":0.04168360675088563,"seasonal_1_valid_loss":1.0900630149906037,"predicted_seasonal_1_stock_price":-2.8022074699401855}