{"predicted_seasonal_1_stock_price":3.041799545288086,"trend_valid_loss":2.8878583908081055,"_timestamp":1.736754063439244e+09,"depth":4,"seasonal_0_train_loss":0.8565524031211954,"predicted_trend_stock_price":80.89476776123047,"seasonal_3_valid_loss":1.839444952706496,"seasonal_1_train_loss":0.45109330914972623,"_step":9,"AMZN Stock Price Prediction by iTransformer":{"format":"png","width":1000,"height":600,"_type":"image-file","sha256":"3c64a526fdc42e75e314f36828bc11950666535cccba113b68b8f1e165e48701","size":46728,"path":"media/images/AMZN Stock Price Prediction by iTransformer_8_3c64a526fdc42e75e314.png"},"real_seasonal_3_stock_price":9.210042698987007,"rmse":125.66593170166016,"seasonal_2_train_loss":0.3723719234318555,"real_stock_price":218.94000244140625,"periods":[252,504,756,1260],"final_predicted_stock_price":93.2740707397461,"real_seasonal_2_stock_price":16.307195141839433,"seasonal_0_valid_loss":1.0326815481382836,"_wandb":{"runtime":8},"_runtime":8.517112049,"real_seasonal_0_stock_price":-6.886692248923765,"real_resid_stock_price":30.052430487608945,"dim":128,"mae":125.66593170166016,"mse":15791.926390446315,"resid_train_loss":0.45359327073720207,"seasonal_3_train_loss":2.1119779852056006,"predicted_seasonal_3_stock_price":-1.3561952114105225,"seasonal_1_valid_loss":0.12734452513572964,"real_seasonal_1_stock_price":2.721535027645758,"Runtime (seconds)":3.7006990909576416,"predicted_seasonal_2_stock_price":6.634974002838135,"resid_valid_loss":1.1668428527681451,"predicted_seasonal_0_stock_price":-1.874354600906372,"trend_train_loss":1.9928017603655044,"seasonal_2_valid_loss":0.19257186927659586,"real_trend_stock_price":167.5354913342489,"predicted_resid_stock_price":5.933075904846191}