{"periods":[252,504,756,1260],"predicted_trend_stock_price":118.94409942626953,"seasonal_1_train_loss":0.5738552301211128,"trend_valid_loss":0.4804791929589914,"seasonal_0_valid_loss":0.9167032702469532,"seasonal_2_valid_loss":1.8877901105937132,"final_predicted_stock_price":117.01775360107422,"resid_train_loss":1.7704775344538954,"seasonal_2_train_loss":1.8566895507572923,"seasonal_0_train_loss":1.0317412188589743,"real_seasonal_0_stock_price":-6.886692248923765,"rmse":101.92224884033203,"predicted_resid_stock_price":-3.809006690979004,"seasonal_3_valid_loss":1.0929176246418673,"Runtime (seconds)":5.962268114089966,"real_resid_stock_price":30.052430487608945,"predicted_seasonal_3_stock_price":-7.777978897094727,"seasonal_1_valid_loss":0.19341503139999178,"real_seasonal_3_stock_price":9.210042698987007,"AMZN Stock Price Prediction by iTransformer":{"height":600,"_type":"image-file","sha256":"365dbe9835e285fbe8acf80478dcdc20382c54f5b7dcc6c7ba244a465c2567a1","size":46367,"path":"media/images/AMZN Stock Price Prediction by iTransformer_8_365dbe9835e285fbe8ac.png","format":"png","width":1000},"_wandb":{"runtime":12},"dim":128,"predicted_seasonal_0_stock_price":-1.5106710195541382,"_runtime":12.66334449,"resid_valid_loss":1.1008698346728054,"predicted_seasonal_1_stock_price":2.959083080291748,"trend_train_loss":0.17127461403799446,"real_trend_stock_price":167.5354913342489,"mse":10388.144808670564,"real_seasonal_2_stock_price":16.307195141839433,"depth":4,"real_stock_price":218.94000244140625,"real_seasonal_1_stock_price":2.721535027645758,"_timestamp":1.7367295611527622e+09,"_step":9,"predicted_seasonal_2_stock_price":8.212227821350098,"seasonal_3_train_loss":1.8372462638423135,"mae":101.92224884033203}