{"predicted_seasonal_0_stock_price":0.07921898365020752,"_timestamp":1.7367459997485025e+09,"predicted_seasonal_1_stock_price":-3.0610454082489014,"trend_train_loss":0.05294536058243109,"seasonal_3_train_loss":1.1645903765569288,"predicted_seasonal_3_stock_price":4.326798915863037,"resid_valid_loss":0.609850320470083,"_runtime":12.52140993,"AMZN Stock Price Prediction by iTransformer":{"width":1000,"height":600,"_type":"image-file","sha256":"5766fb1ddb6c108a0a48a21a73287b87219e2dff659caed868ab10af9852b156","size":45900,"path":"media/images/AMZN Stock Price Prediction by iTransformer_8_5766fb1ddb6c108a0a48.png","format":"png"},"mae":90.423828125,"seasonal_0_train_loss":1.4089279535690478,"predicted_seasonal_2_stock_price":-6.183731555938721,"rmse":90.423828125,"seasonal_2_valid_loss":2.130093574908472,"_step":9,"depth":4,"final_predicted_stock_price":128.51617431640625,"predicted_trend_stock_price":130.0797882080078,"periods":[252,504,756,1260],"Runtime (seconds)":6.031864404678345,"real_stock_price":218.94000244140625,"seasonal_3_valid_loss":1.4831359234953543,"real_seasonal_3_stock_price":9.210042698987007,"seasonal_2_train_loss":2.862463440684035,"real_seasonal_1_stock_price":2.721535027645758,"seasonal_1_train_loss":1.4454999259859027,"dim":128,"real_seasonal_2_stock_price":16.307195141839433,"seasonal_0_valid_loss":1.5081694363361566,"resid_train_loss":0.5260860202156149,"real_resid_stock_price":30.052430487608945,"trend_valid_loss":0.171325668359186,"real_seasonal_0_stock_price":-6.886692248923765,"_wandb":{"runtime":12},"seasonal_1_valid_loss":1.3656577964227987,"mse":8176.468692779541,"predicted_resid_stock_price":3.275137424468994,"real_trend_stock_price":167.5354913342489}