{"Train Loss (Trend)":0.0039241190704616125,"Validation Loss (Resid)":0.026157885789871216,"Apple Stock Price Prediction (STL)":{"width":1000,"height":600,"_type":"image-file","sha256":"6d3b0f652b92e46f5266aa61f62ff467a8c61596659c2ef414352c6a14e1864a","size":54502,"path":"media/images/Apple Stock Price Prediction (STL)_100_6d3b0f652b92e46f5266.png","format":"png"},"Runtime (seconds)":34459.00383901596,"_wandb":{"runtime":34460},"_step":101,"Train Loss (Seasonal)":0.003160885358779435,"Train Loss (Resid)":0.013551018350607865,"Validation Loss (Trend)":0.0036331330026899067,"Validation Loss (Seasonal)":0.025050515042884008,"_timestamp":1.730778481436707e+09,"_runtime":34460.288227172}