{"seasonal_0_train_loss":0.432955078769936,"real_stock_price":218.94000244140625,"seasonal_3_valid_loss":0.6398978777411507,"trend_train_loss":0.13818677062818355,"predicted_seasonal_1_stock_price":1.4883559942245483,"mse":10205.906031014456,"_runtime":15.890466429,"seasonal_2_valid_loss":1.5217345136485687,"predicted_seasonal_3_stock_price":8.321115493774414,"seasonal_1_train_loss":0.5419093775929154,"seasonal_2_train_loss":1.12027855805836,"dim":128,"mae":101.02428436279297,"real_seasonal_0_stock_price":-6.886692248923765,"resid_valid_loss":1.1047338259847541,"real_seasonal_1_stock_price":2.721535027645758,"predicted_resid_stock_price":-5.378635883331299,"trend_valid_loss":0.4410537624100812,"_timestamp":1.7367592058052301e+09,"_wandb":{"runtime":15},"final_predicted_stock_price":117.91571807861328,"depth":4,"predicted_trend_stock_price":122.51893615722656,"real_seasonal_3_stock_price":9.210042698987007,"periods":[252,504,756,1260],"predicted_seasonal_0_stock_price":-7.526562213897705,"rmse":101.02428436279297,"AMZN Stock Price Prediction by iTransformer":{"format":"png","width":1000,"height":600,"_type":"image-file","sha256":"e10138beee933d89d9c3268c61ac1d0d64300c6710a5293841d8381813f71a33","size":46162,"path":"media/images/AMZN Stock Price Prediction by iTransformer_8_e10138beee933d89d9c3.png"},"seasonal_1_valid_loss":0.2232811413705349,"real_resid_stock_price":30.052430487608945,"seasonal_3_train_loss":0.722230266366058,"predicted_seasonal_2_stock_price":-1.507483720779419,"real_seasonal_2_stock_price":16.307195141839433,"Runtime (seconds)":7.227988243103027,"seasonal_0_valid_loss":0.23866662346118425,"_step":9,"resid_train_loss":2.057487194553672,"real_trend_stock_price":167.5354913342489}