{"seasonal_2_valid_loss":0.0008040367442946364,"trend_train_loss":0.00012488327655938477,"_wandb":{"runtime":27455},"mse":20.776325464248657,"real_trend_stock_price":156.74403666746682,"predicted_trend_stock_price":153.41574096679688,"real_seasonal_1_stock_price":-3.4996011208459525,"seasonal_0_valid_loss":0.0015072797716129572,"trend_valid_loss":0.0020011233335303666,"GOOG Stock Price Prediction by iTransformer":{"width":1000,"height":600,"_type":"image-file","sha256":"c1f5f22e9e6ecd08f1b5347a9021a63f059fb498720894c48b98a78d9189009e","size":53796,"path":"media/images/GOOG Stock Price Prediction by iTransformer_1802_c1f5f22e9e6ecd08f1b5.png","format":"png"},"_step":1803,"periods":[252,504,756,1260],"predicted_seasonal_3_stock_price":3.327859878540039,"_runtime":27455.352765456,"seasonal_1_train_loss":0.0003209854266235192,"seasonal_0_train_loss":0.0006707004267728391,"real_resid_stock_price":10.183221205275487,"seasonal_3_valid_loss":0.0035542480000112955,"predicted_resid_stock_price":9.616800308227539,"seasonal_2_train_loss":0.0005161039167140977,"Runtime (seconds)":3799.1379907131195,"real_seasonal_3_stock_price":3.7521244191265266,"seasonal_1_valid_loss":0.0006037202547304332,"real_seasonal_0_stock_price":-1.1388860701038206,"resid_valid_loss":0.024637657787962633,"mae":4.55810546875,"final_predicted_stock_price":172.54190063476562,"predicted_seasonal_0_stock_price":-1.1236391067504883,"rmse":4.55810546875,"depth":4,"predicted_seasonal_2_stock_price":10.785776138305664,"real_stock_price":177.10000610351562,"real_seasonal_2_stock_price":11.059111002596586,"resid_train_loss":0.016510735524327053,"seasonal_3_train_loss":0.006210249750824905,"dim":128,"_timestamp":1.738954376383803e+09,"predicted_seasonal_1_stock_price":-3.480649709701538}