{"predicted_trend_stock_price":175.84921264648438,"real_seasonal_3_stock_price":9.210042698987007,"depth":4,"real_stock_price":218.94000244140625,"_step":9,"trend_train_loss":1.5627211316294558,"_wandb":{"runtime":14},"predicted_seasonal_3_stock_price":14.224422454833984,"seasonal_1_valid_loss":0.22797942239987223,"mae":9.106796264648438,"real_seasonal_2_stock_price":16.307195141839433,"seasonal_2_train_loss":0.43559336616117367,"predicted_seasonal_0_stock_price":-6.06189489364624,"real_resid_stock_price":30.052430487608945,"real_seasonal_1_stock_price":2.721535027645758,"dim":128,"_runtime":14.215233491,"resid_valid_loss":1.0710235413752105,"seasonal_2_valid_loss":0.09322907114109116,"_timestamp":1.736713423199377e+09,"real_trend_stock_price":167.5354913342489,"seasonal_1_train_loss":0.6156086103274582,"predicted_seasonal_1_stock_price":5.421378135681152,"predicted_seasonal_2_stock_price":12.455253601074219,"predicted_resid_stock_price":26.158437728881836,"seasonal_3_train_loss":0.9643184120685909,"periods":[252,504,756,1260],"seasonal_0_train_loss":0.3387169795739496,"final_predicted_stock_price":228.0467987060547,"rmse":9.106796264648438,"AMZN Stock Price Prediction by iTransformer":{"_type":"image-file","sha256":"dc0952fcdb37c99b7a88dbb911e6edeff997667aeb1cfd0e57c0f8a343bea01b","size":59374,"path":"media/images/AMZN Stock Price Prediction by iTransformer_8_dc0952fcdb37c99b7a88.png","format":"png","width":1000,"height":600},"resid_train_loss":1.7297111990689076,"trend_valid_loss":0.07599688714742661,"seasonal_3_valid_loss":0.21524479224326762,"seasonal_0_valid_loss":0.2817121007327479,"real_seasonal_0_stock_price":-6.886692248923765,"mse":82.93373820581473,"Runtime (seconds)":7.02592134475708}