{"final_predicted_stock_price":192.5645294189453,"seasonal_0_valid_loss":0.24090564937245582,"real_trend_stock_price":167.5354913342489,"real_stock_price":218.94000244140625,"_runtime":10.064451437,"rmse":26.375473022460938,"predicted_seasonal_0_stock_price":-7.585593223571777,"trend_train_loss":0.7934289579250456,"_wandb":{"runtime":10},"real_seasonal_2_stock_price":16.307195141839433,"_step":9,"mae":26.375473022460938,"mse":695.6655771585647,"_timestamp":1.736718853934135e+09,"predicted_seasonal_2_stock_price":11.009689331054688,"real_seasonal_1_stock_price":2.721535027645758,"seasonal_2_valid_loss":0.22916315542699123,"seasonal_2_train_loss":1.11219581495096,"seasonal_3_valid_loss":0.7881590516278238,"depth":4,"seasonal_0_train_loss":0.26646276237673716,"resid_valid_loss":0.4312433800587314,"predicted_resid_stock_price":14.530735969543457,"trend_valid_loss":0.014477900994795173,"real_seasonal_0_stock_price":-6.886692248923765,"AMZN Stock Price Prediction by iTransformer":{"path":"media/images/AMZN Stock Price Prediction by iTransformer_8_bfeb2b53d1bcc81fa3d0.png","format":"png","width":1000,"height":600,"_type":"image-file","sha256":"bfeb2b53d1bcc81fa3d05e971f17f0188c47e0e26d4c76d43f5bb934c663135e","size":50440},"real_seasonal_3_stock_price":9.210042698987007,"resid_train_loss":0.9994298555713219,"seasonal_1_train_loss":1.1389612823876447,"real_resid_stock_price":30.052430487608945,"predicted_seasonal_3_stock_price":6.582680702209473,"seasonal_3_train_loss":1.2722665032402414,"Runtime (seconds)":4.733403921127319,"predicted_seasonal_1_stock_price":0.9412662386894226,"seasonal_1_valid_loss":0.9347613009259753,"predicted_trend_stock_price":167.0857391357422,"dim":128,"periods":[252,504,756,1260]}