{"_runtime":13.903618604,"Runtime (seconds)":6.563637733459473,"seasonal_1_train_loss":0.2966501083272167,"depth":4,"seasonal_0_valid_loss":0.92428471712728,"dim":128,"real_seasonal_3_stock_price":4.670784971264144,"seasonal_2_train_loss":0.3107668193904534,"_wandb":{"runtime":13},"predicted_seasonal_1_stock_price":-2.044404983520508,"predicted_trend_stock_price":156.977294921875,"_step":9,"real_seasonal_1_stock_price":-3.1406709805316115,"seasonal_2_valid_loss":0.1066566432577946,"real_stock_price":236.85000610351562,"real_seasonal_2_stock_price":7.340468971409889,"predicted_seasonal_0_stock_price":0.464650422334671,"resid_train_loss":0.5426272982489225,"AAPL Stock Price Prediction by iTransformer":{"sha256":"d218f3f6f708da0bc0adb8b36f9a9cbd00e36cc6b752afd5ccd21c4ab16fa783","size":46183,"path":"media/images/AAPL Stock Price Prediction by iTransformer_8_d218f3f6f708da0bc0ad.png","format":"png","width":1000,"height":600,"_type":"image-file"},"predicted_seasonal_2_stock_price":4.979190826416016,"predicted_seasonal_3_stock_price":2.1402785778045654,"mae":70.51055908203125,"real_trend_stock_price":221.2601117887472,"real_resid_stock_price":9.055699605868284,"periods":[252,504,756,1260],"final_predicted_stock_price":166.33944702148438,"rmse":70.51055908203125,"resid_valid_loss":0.3000837684530645,"real_seasonal_0_stock_price":-2.3363882532422666,"trend_train_loss":0.14793504537503468,"seasonal_3_valid_loss":0.9149232558338776,"mse":4971.73894206062,"predicted_resid_stock_price":3.8224546909332275,"seasonal_3_train_loss":0.5617418314878394,"trend_valid_loss":0.8512474298477173,"seasonal_0_train_loss":0.4784424014499138,"_timestamp":1.736758425986499e+09,"seasonal_1_valid_loss":0.22663419323209522}