{"real_trend_stock_price":167.5354913342489,"mse":4545.46438308456,"real_seasonal_2_stock_price":16.307195141839433,"predicted_seasonal_0_stock_price":-5.594444751739502,"rmse":67.42005920410156,"resid_train_loss":1.1033534400079479,"final_predicted_stock_price":151.5199432373047,"seasonal_1_valid_loss":0.18903706155040048,"resid_valid_loss":0.4485281745126103,"Runtime (seconds)":7.970344066619873,"trend_valid_loss":1.0246798992156982,"seasonal_3_train_loss":0.4765499236825742,"_runtime":16.469221066,"_wandb":{"runtime":16},"seasonal_0_valid_loss":0.1512310197043524,"periods":[252,504,756,1260],"predicted_resid_stock_price":16.701549530029297,"seasonal_2_valid_loss":0.16241434330400736,"depth":4,"seasonal_3_valid_loss":0.16693469882011414,"predicted_seasonal_2_stock_price":8.86462116241455,"seasonal_0_train_loss":0.49696153461538406,"mae":67.42005920410156,"_timestamp":1.7367440419768639e+09,"trend_train_loss":1.080494016426499,"_step":9,"real_stock_price":218.94000244140625,"real_seasonal_1_stock_price":2.721535027645758,"real_seasonal_3_stock_price":9.210042698987007,"real_seasonal_0_stock_price":-6.886692248923765,"seasonal_2_train_loss":0.7693221783749613,"predicted_seasonal_1_stock_price":2.822314977645874,"AMZN Stock Price Prediction by iTransformer":{"width":1000,"height":600,"_type":"image-file","sha256":"7942e971c358e92ad253771143b8cac96e866a5a118ba10c031d1a566ffb08bd","size":48907,"path":"media/images/AMZN Stock Price Prediction by iTransformer_8_7942e971c358e92ad253.png","format":"png"},"seasonal_1_train_loss":0.6063638833370703,"predicted_trend_stock_price":115.16560363769531,"predicted_seasonal_3_stock_price":13.560300827026367,"real_resid_stock_price":30.052430487608945,"dim":128}