{"seasonal_0_valid_loss":0.03973933872757855,"real_seasonal_2_stock_price":15.775867638133533,"predicted_seasonal_1_stock_price":-0.3020704388618469,"rmse":23.927688598632812,"predicted_resid_stock_price":19.848896026611328,"depth":32,"dim":256,"real_seasonal_0_stock_price":-4.170146295776988,"seasonal_2_train_loss":0.040357848283424945,"_runtime":30531.921389649,"final_predicted_stock_price":181.81231689453125,"resid_valid_loss":0.030597111720113115,"real_stock_price":205.74000549316406,"seasonal_1_train_loss":0.8645455468944967,"_wandb":{"runtime":30531},"seasonal_0_train_loss":0.034991657459361496,"predicted_trend_stock_price":154.62796020507812,"trend_train_loss":0.02390778875809538,"real_resid_stock_price":25.260103639464035,"predicted_seasonal_2_stock_price":13.863555908203125,"seasonal_1_valid_loss":1.7079311010902494,"real_seasonal_1_stock_price":3.1055699709532973,"seasonal_3_train_loss":0.020580820959518558,"predicted_seasonal_3_stock_price":-1.5010364055633545,"real_seasonal_3_stock_price":4.086105894663399,"_step":1802,"seasonal_3_valid_loss":0.03806237678133672,"resid_train_loss":0.05927846260164256,"mae":23.927688598632812,"AMZN Stock Price Prediction by iTransformer":{"height":600,"_type":"image-file","sha256":"b4365965bbdce26273f4ac46de92817bd8d2a050dce05478c8ec945798fa69fe","size":50610,"path":"media/images/AMZN Stock Price Prediction by iTransformer_1801_b4365965bbdce26273f4.png","format":"png","width":1000},"predicted_seasonal_0_stock_price":-4.724993705749512,"mse":572.5342816731427,"Runtime (seconds)":8110.943500995636,"_timestamp":1.7366628066585946e+09,"seasonal_2_valid_loss":0.03533712331574042,"real_trend_stock_price":161.68250464572677,"trend_valid_loss":0.07250287027946159}