{"r2_score":NaN,"mae":2.4384002685546875,"train_loss":0.05555275660882097,"predicted_stock_price":195.74839782714844,"real_stock_price":193.30999755859375,"GOOG Stock Price Prediction by iTransformer(no MSTL)":{"height":600,"_type":"image-file","sha256":"c5c396d017c0d20923c57e25145f7e49bb00c1097df2e4a8fc83062064dffc73","size":61705,"path":"media/images/GOOG Stock Price Prediction by iTransformer(no MSTL)_301_c5c396d017c0d20923c5.png","format":"png","width":1000},"_step":302,"_timestamp":1.7389218305487418e+09,"rmse":2.4384002685546875,"Runtime (seconds)":1047.2985038757324,"_wandb":{"runtime":6632},"mse":5.945795869687572,"_runtime":6632.020400123,"valid_loss":0.02808511249053565,"dim":128,"depth":4}