{"_timestamp":1.7304721903724911e+09,"Train Loss (Seasonal)":0.6126771196499435,"Train Loss (Trend)":0.4038397087797401,"_wandb":{"runtime":15},"Validation Loss (Resid)":0.6053356470413578,"_step":0,"_runtime":15.769829464,"Validation Loss (Seasonal)":0.8912168324572368,"Train Loss (Resid)":0.13825202349192542,"Validation Loss (Trend)":0.3049473091236596}