{"real_trend_stock_price":221.26011199044146,"depth":4,"_wandb":{"runtime":11},"rmse":169.32173919677734,"_runtime":11.693029984,"resid_valid_loss":1.5131028561365036,"trend_valid_loss":4.162606724986324,"seasonal_1_train_loss":0.9221902112678323,"predicted_seasonal_2_stock_price":-2.4333767890930176,"seasonal_2_train_loss":1.7834449849428666,"seasonal_2_valid_loss":1.8162517524931743,"seasonal_0_valid_loss":1.8802840093771616,"final_predicted_stock_price":67.52826690673828,"predicted_seasonal_1_stock_price":-0.7334941625595093,"seasonal_0_train_loss":0.6740186393339384,"predicted_resid_stock_price":6.186953544616699,"dim":128,"real_stock_price":236.85000610351562,"mse":28669.851364621485,"real_seasonal_3_stock_price":4.670784961453071,"Runtime (seconds)":5.897015333175659,"real_resid_stock_price":9.055691637757803,"mae":169.32173919677734,"seasonal_3_train_loss":1.9605119669799715,"seasonal_1_valid_loss":0.9548870485036745,"resid_train_loss":0.7837615542481199,"_timestamp":1.7367479720950842e+09,"real_seasonal_2_stock_price":7.340468376885396,"_step":9,"AAPL Stock Price Prediction by iTransformer":{"width":1000,"height":600,"_type":"image-file","sha256":"803a679a07ac6a43eaa81a9a7206e59df86766a943af9bef3a3503a1983f9098","size":46440,"path":"media/images/AAPL Stock Price Prediction by iTransformer_8_803a679a07ac6a43eaa8.png","format":"png"},"seasonal_3_valid_loss":1.2617658442676727,"predicted_trend_stock_price":61.95888137817383,"real_seasonal_1_stock_price":-3.1406754163360677,"predicted_seasonal_3_stock_price":2.8701796531677246,"periods":[252,504,756,1260],"real_seasonal_0_stock_price":-2.3363754466860276,"predicted_seasonal_0_stock_price":-0.3208734691143036,"trend_train_loss":0.9666489707377607}