{"_wandb":{"runtime":13},"seasonal_0_valid_loss":0.3958744704723358,"predicted_seasonal_0_stock_price":1.7701904773712158,"_timestamp":1.7367356950153296e+09,"_runtime":13.204616743,"seasonal_3_valid_loss":0.45357451799377524,"resid_valid_loss":1.5277093789783658,"real_resid_stock_price":9.055695707721867,"final_predicted_stock_price":176.2462921142578,"mse":3672.810149291763,"rmse":60.60371398925781,"seasonal_3_train_loss":0.7931206379023041,"depth":4,"predicted_resid_stock_price":-6.9588117599487305,"seasonal_2_valid_loss":0.11491847479927171,"predicted_seasonal_3_stock_price":13.116134643554688,"real_stock_price":236.85000610351562,"dim":128,"real_seasonal_2_stock_price":7.3404746782007635,"_step":9,"real_trend_stock_price":221.26011123353985,"predicted_seasonal_1_stock_price":-3.6351566314697266,"predicted_seasonal_2_stock_price":4.471350193023682,"predicted_trend_stock_price":167.48260498046875,"seasonal_1_train_loss":0.4806825778439601,"seasonal_2_train_loss":0.6303887751397222,"periods":[252,504,756,1260],"real_seasonal_1_stock_price":-3.140678029220335,"mae":60.60371398925781,"seasonal_0_train_loss":0.29106786163940723,"resid_train_loss":2.6602911489619565,"Runtime (seconds)":5.826351881027222,"seasonal_1_valid_loss":0.36946215731892995,"trend_valid_loss":0.4394833606864334,"AAPL Stock Price Prediction by iTransformer":{"height":600,"_type":"image-file","sha256":"166367635bf0a2a2c2cdbf99aa58b03b429e00b3d239ce8e0beb84fddd9aa63f","size":46550,"path":"media/images/AAPL Stock Price Prediction by iTransformer_8_166367635bf0a2a2c2cd.png","format":"png","width":1000},"real_seasonal_3_stock_price":4.670788323270882,"trend_train_loss":0.4274792579134616,"real_seasonal_0_stock_price":-2.336385809997365}