{"real_seasonal_0_stock_price":-6.886692248923765,"mae":111.59230041503906,"Runtime (seconds)":4.407924652099609,"seasonal_1_train_loss":0.5158912638005053,"dim":128,"resid_valid_loss":0.5315446860988043,"periods":[252,504,756,1260],"real_resid_stock_price":30.052430487608945,"real_seasonal_3_stock_price":9.210042698987007,"rmse":111.59230041503906,"AMZN Stock Price Prediction by iTransformer":{"format":"png","width":1000,"height":600,"_type":"image-file","sha256":"30a2f304487fa87efe0efbac1124e6c7264bd8f66988dabebc3fc2a1d6f81214","size":46380,"path":"media/images/AMZN Stock Price Prediction by iTransformer_8_30a2f304487fa87efe0e.png"},"_wandb":{"runtime":8},"_step":9,"predicted_seasonal_1_stock_price":0.4330400824546814,"depth":4,"real_stock_price":218.94000244140625,"trend_valid_loss":1.917260218513468,"seasonal_2_train_loss":0.7604619912962504,"_runtime":8.917244429,"seasonal_2_valid_loss":0.24174647097049468,"_timestamp":1.7367098062964125e+09,"resid_train_loss":0.3849562828200758,"mse":12452.841511920327,"predicted_seasonal_3_stock_price":15.283662796020508,"seasonal_0_train_loss":0.8176213416249253,"predicted_seasonal_0_stock_price":-7.905492305755615,"real_trend_stock_price":167.5354913342489,"final_predicted_stock_price":107.34770202636719,"predicted_seasonal_2_stock_price":11.34575080871582,"real_seasonal_1_stock_price":2.721535027645758,"predicted_trend_stock_price":84.033447265625,"seasonal_0_valid_loss":0.3798270852942216,"seasonal_3_valid_loss":0.4745086214521475,"seasonal_1_valid_loss":0.210887152920751,"real_seasonal_2_stock_price":16.307195141839433,"seasonal_3_train_loss":1.3510439176789288,"predicted_resid_stock_price":4.157301425933838,"trend_train_loss":0.8732135873417567}