{"Runtime (seconds)":180.41039299964905,"rmse":3.5301513671875,"mae":3.5301513671875,"dim":128,"_runtime":4091.809719216,"r2_score":NaN,"mse":12.461968675255775,"_wandb":{"runtime":4091},"depth":4,"predicted_stock_price":121.19015502929688,"XOM Stock Price Prediction by iTransformer(no MSTL)":{"size":59126,"path":"media/images/XOM Stock Price Prediction by iTransformer(no MSTL)_301_0eb419cccbf1d60c9ce8.png","format":"png","width":1000,"height":600,"_type":"image-file","sha256":"0eb419cccbf1d60c9ce8d5f28bb3f6525a90b390ac65569f809e055154169db5"},"valid_loss":0.034070692461314084,"train_loss":0.02509403502915762,"_timestamp":1.7385881086990507e+09,"_step":302,"real_stock_price":117.66000366210938}