{"seasonal_0_train_loss":0.2886532726527382,"seasonal_0_valid_loss":0.2657270965397738,"depth":4,"resid_valid_loss":0.7000996466868332,"predicted_seasonal_0_stock_price":-6.880589485168457,"periods":[252,504,756,1260],"real_stock_price":218.94000244140625,"_runtime":13.299222242,"predicted_seasonal_3_stock_price":-2.7763848304748535,"rmse":71.436767578125,"Runtime (seconds)":5.560741186141968,"real_seasonal_1_stock_price":2.721535027645758,"_timestamp":1.7367341532678134e+09,"mse":5103.211762011051,"seasonal_1_valid_loss":0.8424880170632922,"seasonal_3_valid_loss":1.576883986809219,"predicted_resid_stock_price":4.118292331695557,"final_predicted_stock_price":147.50323486328125,"seasonal_2_valid_loss":1.2687080761776912,"real_seasonal_3_stock_price":9.210042698987007,"predicted_trend_stock_price":151.5271759033203,"seasonal_1_train_loss":0.8383589398985851,"resid_train_loss":0.31819040747482913,"predicted_seasonal_1_stock_price":1.4745771884918213,"real_trend_stock_price":167.5354913342489,"AMZN Stock Price Prediction by iTransformer":{"path":"media/images/AMZN Stock Price Prediction by iTransformer_8_e4f52933362ad57573c1.png","format":"png","width":1000,"height":600,"_type":"image-file","sha256":"e4f52933362ad57573c1f0e4e7d61d08bcac771f360222dd7afa7cbc1dec81cb","size":48803},"mae":71.436767578125,"predicted_seasonal_2_stock_price":0.0401664562523365,"dim":128,"seasonal_2_train_loss":0.9612180443698216,"trend_valid_loss":0.028618413083530483,"real_seasonal_2_stock_price":16.307195141839433,"_wandb":{"runtime":13},"real_seasonal_0_stock_price":-6.886692248923765,"_step":9,"seasonal_3_train_loss":1.351900888424451,"real_resid_stock_price":30.052430487608945,"trend_train_loss":0.16901793703436852}