{"AAPL Stock Price Prediction by iTransformer":{"width":1000,"height":600,"_type":"image-file","sha256":"ac9e602fdbd1b6940edb9ce1d51da7d8dd45b40e8aaf0f3f690639389f060dcc","size":46622,"path":"media/images/AAPL Stock Price Prediction by iTransformer_8_ac9e602fdbd1b6940edb.png","format":"png"},"predicted_seasonal_2_stock_price":5.251687526702881,"real_seasonal_2_stock_price":7.3404693555442915,"trend_valid_loss":1.1089981422665414,"mse":7598.983676032163,"seasonal_0_valid_loss":0.9148989730699836,"seasonal_2_valid_loss":0.15843194723129272,"_runtime":11.057953805,"real_seasonal_0_stock_price":-2.336381894137033,"real_trend_stock_price":221.26011176157897,"_step":9,"real_seasonal_1_stock_price":-3.140675466046718,"seasonal_1_train_loss":0.8245268602523431,"seasonal_3_valid_loss":2.409121532265733,"resid_train_loss":1.0454818594370388,"Runtime (seconds)":5.611210346221924,"predicted_trend_stock_price":111.45172882080078,"real_stock_price":236.85000610351562,"mae":87.17214965820312,"real_resid_stock_price":9.055697559414824,"_wandb":{"runtime":11},"predicted_seasonal_1_stock_price":0.012849055230617523,"_timestamp":1.7367141300802107e+09,"rmse":87.17214965820312,"predicted_resid_stock_price":10.375877380371094,"real_seasonal_3_stock_price":4.670784787161293,"depth":4,"dim":128,"periods":[252,504,756,1260],"resid_valid_loss":1.1134679847929292,"trend_train_loss":0.12104558627163271,"seasonal_1_valid_loss":1.0018609306943698,"final_predicted_stock_price":149.6778564453125,"seasonal_3_train_loss":0.9717094994264583,"predicted_seasonal_3_stock_price":22.03540802001953,"predicted_seasonal_0_stock_price":0.5503065586090088,"seasonal_0_train_loss":0.7112067497709892,"seasonal_2_train_loss":0.9358010524711462}