{"real_trend_stock_price":167.5354913342489,"predicted_seasonal_2_stock_price":22.023509979248047,"final_predicted_stock_price":119.68973541259766,"AMZN Stock Price Prediction by iTransformer":{"format":"png","width":1000,"height":600,"_type":"image-file","sha256":"b811efa5abbb8fb5bb60430369a4baee6ff625b20915f025155d950226d705cc","size":46469,"path":"media/images/AMZN Stock Price Prediction by iTransformer_8_b811efa5abbb8fb5bb60.png"},"trend_train_loss":0.7891609331519518,"real_resid_stock_price":30.052430487608945,"trend_valid_loss":1.6504614145148033,"_runtime":10.707903523,"real_seasonal_3_stock_price":9.210042698987007,"real_seasonal_1_stock_price":2.721535027645758,"mae":99.2502670288086,"resid_valid_loss":0.4095779107690352,"real_seasonal_2_stock_price":16.307195141839433,"seasonal_2_train_loss":1.7010532087328807,"depth":4,"seasonal_0_valid_loss":0.10750045988120531,"Runtime (seconds)":5.189361810684204,"_step":9,"predicted_resid_stock_price":21.167192459106445,"real_seasonal_0_stock_price":-6.886692248923765,"predicted_seasonal_3_stock_price":0.9236040711402893,"dim":128,"predicted_seasonal_0_stock_price":-5.767208099365234,"resid_train_loss":0.722682125337892,"seasonal_0_train_loss":0.2977623688067807,"seasonal_3_train_loss":1.0362370657618694,"rmse":99.2502670288086,"seasonal_2_valid_loss":0.44472223405814704,"seasonal_3_valid_loss":0.2676632006963094,"predicted_seasonal_1_stock_price":-1.4226891994476318,"seasonal_1_train_loss":2.5307967673900515,"periods":[252,504,756,1260],"_wandb":{"runtime":10},"real_stock_price":218.94000244140625,"mse":9850.61550528981,"seasonal_1_valid_loss":2.0943976618448894,"_timestamp":1.736708589999158e+09,"predicted_trend_stock_price":82.76532745361328}