{"predicted_seasonal_2_stock_price":5.33378267288208,"seasonal_2_train_loss":0.2895568973271646,"resid_valid_loss":2.3055427074432373,"seasonal_1_valid_loss":0.17616498470306396,"seasonal_3_valid_loss":1.2522707405391516,"AAPL Stock Price Prediction by iTransformer":{"format":"png","width":1000,"height":600,"_type":"image-file","sha256":"4af964c17bb8def341b8c647b2c9032857a0a7f1cfb9e14b29483d85c1ff726f","size":46217,"path":"media/images/AAPL Stock Price Prediction by iTransformer_8_4af964c17bb8def341b8.png"},"_runtime":9.640639536,"predicted_seasonal_1_stock_price":-2.5978708267211914,"_wandb":{"runtime":9},"real_seasonal_3_stock_price":4.670781042289662,"periods":[252,504,756,1260],"real_resid_stock_price":9.05569405612141,"rmse":154.1218032836914,"seasonal_0_train_loss":0.7125334301382472,"resid_train_loss":0.856036596160218,"real_seasonal_0_stock_price":-2.336377202339611,"final_predicted_stock_price":82.72820281982422,"real_stock_price":236.85000610351562,"predicted_trend_stock_price":82.6435775756836,"real_trend_stock_price":221.2601117741958,"real_seasonal_2_stock_price":7.340472508312359,"predicted_resid_stock_price":-3.087924003601074,"trend_valid_loss":2.050972242310723,"predicted_seasonal_0_stock_price":0.7386587262153625,"depth":4,"real_seasonal_1_stock_price":-3.140676075064,"predicted_seasonal_3_stock_price":-0.30202457308769226,"seasonal_3_train_loss":1.6312803904215494,"_timestamp":1.736721943829459e+09,"_step":9,"Runtime (seconds)":4.517611026763916,"trend_train_loss":1.0655339731887263,"mse":23753.53024741687,"seasonal_2_valid_loss":0.08266560022914132,"seasonal_0_valid_loss":0.9921341314368004,"dim":128,"seasonal_1_train_loss":0.2608093855148247,"mae":154.1218032836914}