{"real_seasonal_2_stock_price":16.307195141839433,"_runtime":12.848670452,"predicted_resid_stock_price":8.146958351135254,"seasonal_0_train_loss":0.7339902412371863,"seasonal_0_valid_loss":0.13772429632289068,"trend_valid_loss":0.2700209968882071,"seasonal_2_valid_loss":0.6662871288560263,"_wandb":{"runtime":12},"real_resid_stock_price":30.052430487608945,"predicted_trend_stock_price":125.55859375,"depth":4,"periods":[252,504,756,1260],"real_stock_price":218.94000244140625,"predicted_seasonal_0_stock_price":-4.9362945556640625,"predicted_seasonal_3_stock_price":11.698206901550293,"real_seasonal_3_stock_price":9.210042698987007,"final_predicted_stock_price":154.34983825683594,"real_trend_stock_price":167.5354913342489,"real_seasonal_1_stock_price":2.721535027645758,"trend_train_loss":0.21220379215628007,"real_seasonal_0_stock_price":-6.886692248923765,"mse":4171.8893093897495,"mae":64.59016418457031,"resid_valid_loss":0.7323731780052185,"_step":9,"seasonal_1_valid_loss":0.9629013217412509,"rmse":64.59016418457031,"seasonal_2_train_loss":1.7442785459914338,"_timestamp":1.736741507098522e+09,"seasonal_1_train_loss":1.0061172258121966,"predicted_seasonal_1_stock_price":-0.832177460193634,"resid_train_loss":1.0692309283568888,"AMZN Stock Price Prediction by iTransformer":{"path":"media/images/AMZN Stock Price Prediction by iTransformer_8_1542a201352acb72910f.png","format":"png","width":1000,"height":600,"_type":"image-file","sha256":"1542a201352acb72910f9b95c2e2ec29852f10259b1f5959d2064ba1b53cea50","size":48349},"seasonal_3_train_loss":1.053347874382842,"Runtime (seconds)":6.046424150466919,"predicted_seasonal_2_stock_price":14.714540481567383,"seasonal_3_valid_loss":0.791613053723317,"dim":128}