{"Runtime (seconds)":406.4833402633667,"_timestamp":1.7361448984071248e+09,"depth":4,"mae":14.7320556640625,"mse":217.033464089036,"valid_loss":0.09201873209274991,"r2_score":NaN,"_step":302,"AMZN Stock Price Prediction by Transformer(no MSTL)":{"width":1000,"height":600,"_type":"image-file","sha256":"8e9070b72df5a83d3fe98a19b5fa64ca42ad3fc3fd0b83b1086263e030127a21","size":57585,"path":"media/images/AMZN Stock Price Prediction by Transformer(no MSTL)_301_8e9070b72df5a83d3fe9.png","format":"png"},"dim":128,"train_loss":0.1006495230130017,"rmse":14.7320556640625,"predicted_stock_price":198.70794677734375,"real_stock_price":213.44000244140625,"_wandb":{"runtime":8886},"_runtime":8886.752921302}