{"real_resid_stock_price":30.052430487608945,"predicted_seasonal_3_stock_price":15.494941711425781,"rmse":64.924072265625,"seasonal_0_train_loss":2.07444390832457,"seasonal_2_valid_loss":0.2561968626287364,"real_seasonal_3_stock_price":9.210042698987007,"trend_train_loss":0.5304529929958668,"mse":4215.135159552097,"seasonal_0_valid_loss":2.1225499967402093,"seasonal_3_valid_loss":1.143242976628244,"real_stock_price":218.94000244140625,"_timestamp":1.73672421509884e+09,"trend_valid_loss":0.5930006757430498,"real_seasonal_1_stock_price":2.721535027645758,"seasonal_1_train_loss":0.6210288162859333,"AMZN Stock Price Prediction by iTransformer":{"size":48308,"path":"media/images/AMZN Stock Price Prediction by iTransformer_8_7435001d1158faff2d88.png","format":"png","width":1000,"height":600,"_type":"image-file","sha256":"7435001d1158faff2d88cd8f2cb70cc813371f82fa2a349cb2ca125cef4f582e"},"predicted_seasonal_0_stock_price":0.707294225692749,"periods":[252,504,756,1260],"predicted_seasonal_1_stock_price":3.0194284915924072,"predicted_trend_stock_price":123.19252014160156,"real_trend_stock_price":167.5354913342489,"Runtime (seconds)":8.680498600006104,"_runtime":17.809273186,"real_seasonal_2_stock_price":16.307195141839433,"predicted_resid_stock_price":3.146847724914551,"resid_valid_loss":0.8242412291086503,"seasonal_2_train_loss":0.6744063198326482,"seasonal_3_train_loss":0.5979210885635688,"dim":128,"resid_train_loss":0.8077546120791439,"seasonal_1_valid_loss":0.22629065183447858,"mae":64.924072265625,"_step":9,"depth":4,"predicted_seasonal_2_stock_price":8.454888343811035,"final_predicted_stock_price":154.01593017578125,"real_seasonal_0_stock_price":-6.886692248923765,"_wandb":{"runtime":17}}