{"seasonal_0_valid_loss":1.4979346079609326,"real_resid_stock_price":9.055699882110616,"seasonal_1_valid_loss":0.3038555863094451,"_timestamp":1.7367379516544127e+09,"dim":128,"real_seasonal_0_stock_price":-2.336388107781281,"predicted_resid_stock_price":2.5348222255706787,"depth":4,"AAPL Stock Price Prediction by iTransformer":{"width":1000,"height":600,"_type":"image-file","sha256":"8518f7cf137d3d3fb9b5f07fb2dfff1f2acfebc38a493807e389b264fdc5abc6","size":49022,"path":"media/images/AAPL Stock Price Prediction by iTransformer_8_8518f7cf137d3d3fb9b5.png","format":"png"},"predicted_seasonal_3_stock_price":7.246611595153809,"real_trend_stock_price":221.26011183912885,"real_seasonal_2_stock_price":7.340469795429077,"predicted_seasonal_0_stock_price":0.8216332197189331,"_step":9,"resid_train_loss":1.190529096086687,"_runtime":11.053566701,"trend_train_loss":0.20885935973170616,"predicted_seasonal_2_stock_price":7.744487762451172,"predicted_trend_stock_price":176.55313110351562,"Runtime (seconds)":5.287806987762451,"trend_valid_loss":0.30714755973529295,"_wandb":{"runtime":11},"final_predicted_stock_price":191.6925811767578,"seasonal_2_train_loss":0.5377285739567945,"seasonal_1_train_loss":0.4800912583696431,"real_seasonal_3_stock_price":4.670786302147573,"real_stock_price":236.85000610351562,"seasonal_3_valid_loss":1.1321868403658786,"rmse":45.15742492675781,"seasonal_2_valid_loss":0.06100812554359436,"mae":45.15742492675781,"periods":[252,504,756,1260],"resid_valid_loss":1.3472639757250637,"seasonal_3_train_loss":0.9183373194383947,"predicted_seasonal_1_stock_price":-3.2081124782562256,"seasonal_0_train_loss":0.6692405484906941,"mse":2039.1930260157678,"real_seasonal_1_stock_price":-3.140673607519168}