{"real_seasonal_2_stock_price":7.3404713495680465,"predicted_resid_stock_price":4.002232551574707,"trend_train_loss":1.1198866321863026,"predicted_seasonal_2_stock_price":4.296932220458984,"seasonal_0_train_loss":1.2758443942059097,"mae":171.9298324584961,"real_resid_stock_price":9.055690366092335,"_step":9,"depth":4,"Runtime (seconds)":6.47032618522644,"seasonal_2_valid_loss":1.762198480763945,"predicted_seasonal_3_stock_price":3.967716932296753,"seasonal_1_valid_loss":0.4596576608755134,"trend_valid_loss":3.33192322207635,"seasonal_3_valid_loss":2.1961030094595304,"seasonal_2_train_loss":1.6490008522549384,"predicted_seasonal_1_stock_price":-4.073546886444092,"real_trend_stock_price":221.26011170655087,"real_seasonal_0_stock_price":-2.33637811839735,"real_stock_price":236.85000610351562,"AAPL Stock Price Prediction by iTransformer":{"format":"png","width":1000,"height":600,"_type":"image-file","sha256":"7cfaa535532bd5ca65bb59fc0549a8b9ba26284355ec3ccb588bd0c34ec989a1","size":46269,"path":"media/images/AAPL Stock Price Prediction by iTransformer_8_7cfaa535532bd5ca65bb.png"},"dim":128,"predicted_trend_stock_price":56.166969299316406,"predicted_seasonal_0_stock_price":0.5598714351654053,"periods":[252,504,756,1260],"_runtime":13.916848637,"seasonal_0_valid_loss":2.245551757946763,"real_seasonal_3_stock_price":4.67078567208466,"seasonal_1_train_loss":0.8983430939702045,"mse":29559.867289206537,"_timestamp":1.7367128171915996e+09,"rmse":171.9298324584961,"final_predicted_stock_price":64.92017364501953,"real_seasonal_1_stock_price":-3.1406748723829314,"_wandb":{"runtime":13},"resid_train_loss":1.0917403961573373,"resid_valid_loss":2.228591214526783,"seasonal_3_train_loss":1.5453516193914605}