{"real_seasonal_3_stock_price":4.670791390894102,"dim":128,"depth":4,"real_resid_stock_price":9.055691899634724,"seasonal_3_valid_loss":0.45374436570569804,"rmse":95.36630249023438,"real_stock_price":236.85000610351562,"_step":9,"seasonal_3_train_loss":2.2388183304241727,"predicted_seasonal_1_stock_price":-0.39980894327163696,"mae":95.36630249023438,"real_seasonal_2_stock_price":7.340472122344322,"mse":9094.731650658883,"seasonal_0_train_loss":0.9419573487506973,"real_seasonal_0_stock_price":-2.3363790811928924,"seasonal_0_valid_loss":2.054058473067342,"seasonal_2_valid_loss":0.06243193335831165,"trend_train_loss":0.16983091819689755,"predicted_resid_stock_price":9.176054954528809,"predicted_seasonal_0_stock_price":1.078381896018982,"_timestamp":1.7367558234369154e+09,"real_seasonal_1_stock_price":-3.140681550713114,"resid_train_loss":1.2591402152384905,"seasonal_1_train_loss":1.5502333225388276,"seasonal_2_train_loss":0.5436409569825268,"resid_valid_loss":1.1276238641171594,"Runtime (seconds)":6.909955024719238,"_runtime":15.079113541,"_wandb":{"runtime":15},"predicted_seasonal_3_stock_price":4.974514007568359,"trend_valid_loss":1.3680028846630683,"predicted_trend_stock_price":119.34996032714844,"real_trend_stock_price":221.26011132254848,"final_predicted_stock_price":141.48370361328125,"predicted_seasonal_2_stock_price":7.304592132568359,"periods":[252,504,756,1260],"seasonal_1_valid_loss":1.2354616797887361,"AAPL Stock Price Prediction by iTransformer":{"sha256":"a412866aaf23249140cf4ef2963913b24d865b85cd5c3056282052decce04f20","size":46993,"path":"media/images/AAPL Stock Price Prediction by iTransformer_8_a412866aaf23249140cf.png","format":"png","width":1000,"height":600,"_type":"image-file"}}