{"mse":24037.581679145864,"predicted_seasonal_0_stock_price":0.7676002383232117,"predicted_seasonal_2_stock_price":-1.0405982732772827,"Runtime (seconds)":8.433735132217407,"real_seasonal_3_stock_price":4.670782960803537,"seasonal_2_train_loss":1.6709919147870758,"resid_train_loss":2.406535271799103,"_timestamp":1.7367400619323905e+09,"seasonal_0_train_loss":0.9207144873022236,"_wandb":{"runtime":16},"seasonal_0_valid_loss":2.1358533911955986,"predicted_trend_stock_price":71.29008483886719,"real_seasonal_2_stock_price":7.340473748662794,"predicted_seasonal_3_stock_price":11.912027359008789,"seasonal_3_valid_loss":0.21221372184951928,"seasonal_2_valid_loss":1.260878824295631,"trend_train_loss":0.47008493572513244,"rmse":155.04058074951172,"mae":155.04058074951172,"real_stock_price":236.85000610351562,"real_seasonal_1_stock_price":-3.1406738870692914,"depth":4,"final_predicted_stock_price":81.8094253540039,"real_seasonal_0_stock_price":-2.336380421097302,"real_resid_stock_price":9.055692302013,"resid_valid_loss":2.075911521911621,"dim":128,"seasonal_1_valid_loss":0.4456084839832247,"trend_valid_loss":2.535386977609524,"seasonal_1_train_loss":0.5896219185945627,"real_trend_stock_price":221.26011140020287,"AAPL Stock Price Prediction by iTransformer":{"path":"media/images/AAPL Stock Price Prediction by iTransformer_8_74d52edea93ef381898c.png","format":"png","width":1000,"height":600,"_type":"image-file","sha256":"74d52edea93ef381898c5cec5780696769b0f20f53902c0d2d08dbe5f7ab4e06","size":46273},"_step":9,"periods":[252,504,756,1260],"predicted_seasonal_1_stock_price":-2.6093175411224365,"predicted_resid_stock_price":1.4896223545074463,"_runtime":16.881815111,"seasonal_3_train_loss":0.3266672451991707}