{"trend_valid_loss":1.7314377012839666,"final_predicted_stock_price":91.64605712890625,"_timestamp":1.7367139728382025e+09,"periods":[252,504,756,1260],"mae":145.20394897460938,"predicted_trend_stock_price":89.57318115234375,"predicted_seasonal_2_stock_price":3.925100326538086,"real_resid_stock_price":9.05569466756603,"AAPL Stock Price Prediction by iTransformer":{"format":"png","width":1000,"height":600,"_type":"image-file","sha256":"0665e6dfd07c682c9240c83b64b229db0f60a751857287dd3523da8a2ea51408","size":46016,"path":"media/images/AAPL Stock Price Prediction by iTransformer_8_0665e6dfd07c682c9240.png"},"seasonal_0_train_loss":0.25502061271986454,"predicted_seasonal_3_stock_price":3.548255681991577,"predicted_resid_stock_price":-3.1964988708496094,"resid_valid_loss":1.1316936074710282,"Runtime (seconds)":7.168768882751465,"_runtime":15.675728732,"seasonal_0_valid_loss":0.22695197452344168,"seasonal_2_train_loss":0.8565400842350896,"predicted_seasonal_0_stock_price":-0.3253818452358246,"seasonal_1_train_loss":0.3670003551581842,"predicted_seasonal_1_stock_price":-1.8786036968231201,"real_seasonal_1_stock_price":-3.1406830824334926,"seasonal_1_valid_loss":0.3973796601944823,"real_trend_stock_price":221.2601122149138,"depth":4,"real_stock_price":236.85000610351562,"dim":128,"seasonal_2_valid_loss":0.36920849990750115,"_step":9,"seasonal_3_valid_loss":0.3494980656786969,"real_seasonal_0_stock_price":-2.3363844020146427,"real_seasonal_2_stock_price":7.340476831804655,"trend_train_loss":0.3781779388012948,"seasonal_3_train_loss":0.5910238564541458,"_wandb":{"runtime":15},"mse":21084.186797820963,"rmse":145.20394897460938,"resid_train_loss":1.2008684711214863,"real_seasonal_3_stock_price":4.670789873679263}