{"predicted_seasonal_1_stock_price":4.311903476715088,"final_predicted_stock_price":128.85906982421875,"seasonal_3_train_loss":0.7190883289903466,"_step":9,"seasonal_3_valid_loss":0.5740742986120785,"seasonal_1_valid_loss":0.24656310147303015,"depth":4,"periods":[252,504,756,1260],"resid_valid_loss":2.5579191018705782,"predicted_resid_stock_price":-18.041709899902344,"_runtime":10.968571449,"_timestamp":1.7367289232217016e+09,"predicted_trend_stock_price":121.66902160644531,"mae":90.0809326171875,"seasonal_0_train_loss":1.368671325470311,"rmse":90.0809326171875,"real_resid_stock_price":30.052430487608945,"trend_train_loss":0.1919266665354371,"seasonal_1_train_loss":0.5887363378692366,"mse":8114.574421182275,"real_seasonal_0_stock_price":-6.886692248923765,"real_trend_stock_price":167.5354913342489,"real_seasonal_3_stock_price":9.210042698987007,"seasonal_2_train_loss":0.4436622044466838,"real_seasonal_1_stock_price":2.721535027645758,"real_stock_price":218.94000244140625,"seasonal_2_valid_loss":0.1598022090676038,"trend_valid_loss":0.27371483414210906,"resid_train_loss":2.742731941283726,"predicted_seasonal_2_stock_price":8.159764289855957,"AMZN Stock Price Prediction by iTransformer":{"path":"media/images/AMZN Stock Price Prediction by iTransformer_8_50b9f1992b351e4d908b.png","format":"png","width":1000,"height":600,"_type":"image-file","sha256":"50b9f1992b351e4d908b03471f90b15f33fffca74546d09217f140a0002e6006","size":45927},"seasonal_0_valid_loss":1.3113173246383667,"real_seasonal_2_stock_price":16.307195141839433,"_wandb":{"runtime":10},"predicted_seasonal_0_stock_price":0.641986608505249,"dim":128,"Runtime (seconds)":4.996613264083862,"predicted_seasonal_3_stock_price":12.11811351776123}