{"predicted_resid_stock_price":-5.644680023193359,"seasonal_1_valid_loss":2.4468478693152376,"mse":18804.604760169983,"seasonal_3_valid_loss":0.2215016902260044,"_wandb":{"runtime":10},"real_seasonal_3_stock_price":4.670786039583606,"_step":9,"predicted_trend_stock_price":92.69674682617188,"real_stock_price":236.85000610351562,"AAPL Stock Price Prediction by iTransformer":{"format":"png","width":1000,"height":600,"_type":"image-file","sha256":"405ab967fb6a451732bff4601b3d565e2aefacffc3fa2f00f3377e9a3880319e","size":47583,"path":"media/images/AAPL Stock Price Prediction by iTransformer_8_405ab967fb6a451732bf.png"},"real_trend_stock_price":221.26011246330077,"Runtime (seconds)":4.906222820281982,"predicted_seasonal_2_stock_price":2.436847448348999,"real_seasonal_1_stock_price":-3.1406750103055536,"predicted_seasonal_0_stock_price":1.349748134613037,"final_predicted_stock_price":99.72012329101562,"mae":137.1298828125,"rmse":137.1298828125,"seasonal_2_train_loss":0.40504549605012735,"_timestamp":1.7367085015802093e+09,"resid_valid_loss":1.8757100625014962,"real_seasonal_2_stock_price":7.340467993858228,"_runtime":10.499891399,"seasonal_0_valid_loss":0.41224952595626885,"trend_valid_loss":1.5743623648761609,"resid_train_loss":1.8239290153255865,"periods":[252,504,756,1260],"dim":128,"seasonal_2_valid_loss":0.41310057554645635,"seasonal_3_train_loss":0.8395803066467101,"trend_train_loss":0.11489677732923788,"seasonal_1_train_loss":2.4611721092942895,"predicted_seasonal_1_stock_price":3.182628870010376,"real_resid_stock_price":9.055697936436644,"seasonal_0_train_loss":0.31821656196545334,"depth":4,"predicted_seasonal_3_stock_price":5.698828220367432,"real_seasonal_0_stock_price":-2.3363833193580845}