{"predicted_seasonal_2_stock_price":-4.698585033416748,"_timestamp":1.736726401890284e+09,"_wandb":{"runtime":14},"mse":22899.450969883765,"real_seasonal_3_stock_price":9.210042698987007,"_runtime":14.914917061,"AMZN Stock Price Prediction by iTransformer":{"path":"media/images/AMZN Stock Price Prediction by iTransformer_8_2b4a37f5ceef48a2ad4e.png","format":"png","width":1000,"height":600,"_type":"image-file","sha256":"2b4a37f5ceef48a2ad4ebf2c1f869e9dee8c5a753df77c9951476e50b3b04e78","size":47396},"Runtime (seconds)":7.1269402503967285,"real_resid_stock_price":30.052430487608945,"_step":9,"real_stock_price":218.94000244140625,"periods":[252,504,756,1260],"depth":4,"resid_train_loss":0.5753566376905292,"seasonal_2_valid_loss":2.604065874813145,"real_trend_stock_price":167.5354913342489,"trend_train_loss":1.4236051297473336,"trend_valid_loss":2.470663208338615,"real_seasonal_1_stock_price":2.721535027645758,"mae":151.32564544677734,"predicted_seasonal_1_stock_price":2.268810272216797,"resid_valid_loss":1.3467034777395086,"predicted_trend_stock_price":70.74778747558594,"dim":128,"predicted_resid_stock_price":0.9214773178100586,"seasonal_2_train_loss":2.2880673719829883,"seasonal_3_valid_loss":0.3655423563127079,"real_seasonal_2_stock_price":16.307195141839433,"seasonal_1_train_loss":0.5528707068732209,"predicted_seasonal_0_stock_price":-5.150468826293945,"real_seasonal_0_stock_price":-6.886692248923765,"predicted_seasonal_3_stock_price":3.525331735610962,"seasonal_0_train_loss":0.8260169148796204,"seasonal_0_valid_loss":0.12193442322705922,"rmse":151.32564544677734,"final_predicted_stock_price":67.6143569946289,"seasonal_3_train_loss":1.4113817015190677,"seasonal_1_valid_loss":0.26819384132177776}