{"seasonal_3_valid_loss":0.0004898562910966575,"predicted_resid_stock_price":28.622608184814453,"predicted_seasonal_1_stock_price":5.021780490875244,"real_seasonal_3_stock_price":10.178075283577925,"resid_valid_loss":0.011029887167809288,"resid_train_loss":0.008901284942785198,"predicted_seasonal_0_stock_price":-4.038570404052734,"seasonal_2_valid_loss":0.0023562292210445594,"Runtime (seconds)":1550.6982691287994,"mse":170.89809154183604,"seasonal_1_train_loss":0.0007938096405285371,"_wandb":{"runtime":23067},"seasonal_0_valid_loss":0.0007445804541930557,"real_stock_price":232.92999267578125,"dim":128,"periods":[252,504,756,1260],"depth":4,"real_seasonal_1_stock_price":6.594692265072147,"_step":1803,"real_seasonal_0_stock_price":-3.5615541365100074,"seasonal_0_train_loss":0.0004183620416777573,"rmse":13.072799682617188,"AMZN Stock Price Prediction by iTransformer":{"sha256":"7a0c33eb78d9d37fe9273d773b2e66e27e68ef8a1a1aed8998e0bfa01689e83c","size":56284,"path":"media/images/AMZN Stock Price Prediction by iTransformer_1802_7a0c33eb78d9d37fe927.png","format":"png","width":1000,"height":600,"_type":"image-file"},"real_trend_stock_price":164.09585942837555,"predicted_seasonal_3_stock_price":9.103368759155273,"real_seasonal_2_stock_price":19.71888557620284,"final_predicted_stock_price":219.85719299316406,"trend_valid_loss":0.0005280471124875319,"seasonal_2_train_loss":0.0019354617508773205,"predicted_seasonal_2_stock_price":19.60066032409668,"trend_train_loss":1.0630750779975293e-05,"real_resid_stock_price":35.9040342590628,"_timestamp":1.7371571457956758e+09,"_runtime":23067.018323115,"mae":13.072799682617188,"seasonal_1_valid_loss":0.0019011497727325676,"seasonal_3_train_loss":0.0022754389455418703,"predicted_trend_stock_price":161.54736328125}