{"predicted_seasonal_1_stock_price":2.8958685398101807,"_wandb":{"runtime":12},"mse":10708.696904173354,"predicted_seasonal_3_stock_price":-10.856841087341309,"trend_train_loss":0.1908513861273196,"_timestamp":1.7367373143280923e+09,"real_stock_price":218.94000244140625,"seasonal_2_train_loss":0.7929781020060385,"seasonal_3_train_loss":4.327206374489201,"dim":128,"resid_train_loss":1.170975274908605,"seasonal_0_train_loss":0.26712955417962336,"depth":4,"predicted_trend_stock_price":124.30169677734375,"seasonal_2_valid_loss":0.252342210030776,"seasonal_1_valid_loss":0.26248172525730395,"Runtime (seconds)":5.564965724945068,"real_seasonal_1_stock_price":2.721535027645758,"AMZN Stock Price Prediction by iTransformer":{"width":1000,"height":600,"_type":"image-file","sha256":"b1ee7eb0b70cd0d63fbab4bbbff9e64c2efaa620ffef56720a34a157ce5837c1","size":46377,"path":"media/images/AMZN Stock Price Prediction by iTransformer_8_b1ee7eb0b70cd0d63fba.png","format":"png"},"seasonal_1_train_loss":0.6709667738649305,"real_resid_stock_price":30.052430487608945,"_step":9,"real_trend_stock_price":167.5354913342489,"real_seasonal_2_stock_price":16.307195141839433,"rmse":103.48283386230469,"predicted_seasonal_0_stock_price":-5.6575117111206055,"final_predicted_stock_price":115.45716857910156,"predicted_resid_stock_price":-6.732053279876709,"trend_valid_loss":0.6240445845467704,"seasonal_3_valid_loss":1.630435819570729,"real_seasonal_0_stock_price":-6.886692248923765,"real_seasonal_3_stock_price":9.210042698987007,"predicted_seasonal_2_stock_price":11.506016731262207,"seasonal_0_valid_loss":0.11993138492107391,"mae":103.48283386230469,"_runtime":12.486717784,"periods":[252,504,756,1260],"resid_valid_loss":3.944547414779663}