{"_runtime":11.214220535,"mae":70.46726989746094,"predicted_trend_stock_price":113.2208480834961,"seasonal_2_valid_loss":0.6998070512992748,"seasonal_2_train_loss":0.9479356040551473,"seasonal_3_valid_loss":0.21126790344715118,"real_seasonal_1_stock_price":2.721535027645758,"predicted_seasonal_2_stock_price":18.14116668701172,"rmse":70.46726989746094,"seasonal_0_train_loss":0.9257728623019325,"seasonal_1_valid_loss":1.1336451231456193,"_step":9,"Runtime (seconds)":6.09171724319458,"trend_train_loss":0.3574167835798344,"seasonal_0_valid_loss":1.1267713094825176,"seasonal_3_train_loss":1.96580122697042,"resid_valid_loss":0.37222868843090456,"real_seasonal_3_stock_price":9.210042698987007,"trend_valid_loss":0.6777059807270405,"real_trend_stock_price":167.5354913342489,"predicted_resid_stock_price":15.91264820098877,"predicted_seasonal_0_stock_price":1.4426873922348022,"resid_train_loss":0.7352148460284356,"final_predicted_stock_price":148.4727325439453,"AMZN Stock Price Prediction by iTransformer":{"path":"media/images/AMZN Stock Price Prediction by iTransformer_8_2263499840330da27673.png","format":"png","width":1000,"height":600,"_type":"image-file","sha256":"2263499840330da2767324715e8213dace08479d7504085d6caf64af33eca1c5","size":48797},"predicted_seasonal_3_stock_price":-1.0069714784622192,"_timestamp":1.736730699026328e+09,"real_seasonal_2_stock_price":16.307195141839433,"mse":4965.636126801604,"periods":[252,504,756,1260],"real_resid_stock_price":30.052430487608945,"dim":128,"real_seasonal_0_stock_price":-6.886692248923765,"real_stock_price":218.94000244140625,"_wandb":{"runtime":11},"predicted_seasonal_1_stock_price":0.7623631954193115,"seasonal_1_train_loss":1.2135554501836785,"depth":4}