{"real_seasonal_3_stock_price":9.210042698987007,"resid_valid_loss":1.5048082841843768,"seasonal_3_train_loss":0.38497332381256216,"resid_train_loss":1.5275458409328018,"dim":128,"Runtime (seconds)":7.3763933181762695,"seasonal_1_valid_loss":0.5523605942726135,"seasonal_3_valid_loss":0.28111375457488286,"real_seasonal_0_stock_price":-6.886692248923765,"final_predicted_stock_price":134.53195190429688,"_step":9,"seasonal_0_train_loss":0.3640734896063805,"real_stock_price":218.94000244140625,"real_seasonal_2_stock_price":16.307195141839433,"_timestamp":1.7367517843437707e+09,"predicted_seasonal_1_stock_price":0.8628134727478027,"_runtime":18.153583469,"depth":4,"_wandb":{"runtime":18},"real_trend_stock_price":167.5354913342489,"seasonal_2_valid_loss":0.1326282803870938,"AMZN Stock Price Prediction by iTransformer":{"_type":"image-file","sha256":"ad850237882f389d1aecdbc1883e23664d966dd5662ec864dace241dfa3317d6","size":46044,"path":"media/images/AMZN Stock Price Prediction by iTransformer_8_ad850237882f389d1aec.png","format":"png","width":1000,"height":600},"predicted_trend_stock_price":119.00171661376953,"seasonal_0_valid_loss":0.22184289466767085,"trend_valid_loss":0.7710469072615659,"mae":84.40805053710938,"predicted_seasonal_0_stock_price":-7.003015995025635,"real_resid_stock_price":30.052430487608945,"mse":7124.71899547521,"periods":[252,504,756,1260],"seasonal_2_train_loss":0.1873317798540281,"real_seasonal_1_stock_price":2.721535027645758,"predicted_resid_stock_price":-1.7612175941467285,"rmse":84.40805053710938,"predicted_seasonal_3_stock_price":10.98897933959961,"trend_train_loss":0.5697806664558257,"predicted_seasonal_2_stock_price":12.442668914794922,"seasonal_1_train_loss":0.8435886723124364}