{"Runtime (seconds)":7.014444351196289,"AMZN Stock Price Prediction by iTransformer":{"format":"png","width":1000,"height":600,"_type":"image-file","sha256":"56737c0aa0f93d6bbea3c35fc4a5fc7491b0ce9b621b55e9dc72b0b1b6513e39","size":46418,"path":"media/images/AMZN Stock Price Prediction by iTransformer_8_56737c0aa0f93d6bbea3.png"},"real_trend_stock_price":167.5354913342489,"trend_valid_loss":1.0442881264142543,"real_seasonal_0_stock_price":-6.886692248923765,"seasonal_1_valid_loss":0.3426388675387046,"mae":102.0007095336914,"seasonal_2_valid_loss":1.0315118438686168,"predicted_seasonal_0_stock_price":-8.240057945251465,"dim":128,"periods":[252,504,756,1260],"real_stock_price":218.94000244140625,"predicted_seasonal_2_stock_price":3.357542037963867,"real_resid_stock_price":30.052430487608945,"seasonal_1_train_loss":0.4216704373873138,"predicted_seasonal_1_stock_price":3.369494915008545,"rmse":102.0007095336914,"_timestamp":1.7367157104600506e+09,"resid_train_loss":0.745040259672615,"predicted_trend_stock_price":110.00359344482422,"predicted_resid_stock_price":14.177291870117188,"seasonal_3_valid_loss":0.7186040239419765,"depth":4,"seasonal_0_valid_loss":0.23928695141069042,"seasonal_2_train_loss":1.3768815115234245,"trend_train_loss":1.7070959153968197,"_step":9,"real_seasonal_3_stock_price":9.210042698987007,"final_predicted_stock_price":116.93929290771484,"seasonal_3_train_loss":1.8010577450996463,"_wandb":{"runtime":15},"mse":10404.144745376485,"real_seasonal_1_stock_price":2.721535027645758,"_runtime":15.728587513,"resid_valid_loss":0.5385135119410935,"predicted_seasonal_3_stock_price":-5.728570938110352,"real_seasonal_2_stock_price":16.307195141839433,"seasonal_0_train_loss":0.3387497331497892}