{"AAPL Stock Price Prediction by iTransformer":{"width":1000,"height":600,"_type":"image-file","sha256":"4a41d1e2541ec8de94565a396dd2c487da03cedd0b627ba61fe3893495a142a1","size":46192,"path":"media/images/AAPL Stock Price Prediction by iTransformer_8_4a41d1e2541ec8de9456.png","format":"png"},"periods":[252,504,756,1260],"_timestamp":1.7367365861642141e+09,"seasonal_3_valid_loss":0.338310389244493,"_wandb":{"runtime":13},"seasonal_3_train_loss":0.44514677012213694,"seasonal_2_train_loss":1.1022950873719497,"predicted_resid_stock_price":-5.246043682098389,"rmse":173.3264045715332,"resid_valid_loss":1.6313547523675767,"real_seasonal_1_stock_price":-3.1406710259397816,"depth":4,"seasonal_0_valid_loss":2.73912912607193,"real_resid_stock_price":9.055698175851205,"predicted_trend_stock_price":69.22452545166016,"Runtime (seconds)":6.954972743988037,"real_seasonal_3_stock_price":4.670781637656588,"mae":173.3264045715332,"seasonal_2_valid_loss":1.2136041836184301,"real_seasonal_2_stock_price":7.340469537236321,"seasonal_0_train_loss":1.375502459993658,"mse":30042.042521694806,"real_trend_stock_price":221.26011110417932,"dim":128,"_step":9,"real_stock_price":236.85000610351562,"seasonal_1_train_loss":0.6840412970174229,"trend_train_loss":1.891506318147405,"predicted_seasonal_0_stock_price":-3.000119209289551,"resid_train_loss":1.5743379466490106,"trend_valid_loss":5.478298187255859,"predicted_seasonal_3_stock_price":4.189323902130127,"predicted_seasonal_2_stock_price":-0.5137090682983398,"predicted_seasonal_1_stock_price":-1.1303746700286865,"seasonal_1_valid_loss":0.5140782157095467,"real_seasonal_0_stock_price":-2.3363833254679958,"_runtime":13.472364626,"final_predicted_stock_price":63.52360153198242}