{"seasonal_0_valid_loss":1.5139580359534612,"trend_valid_loss":2.9773778915405273,"real_seasonal_3_stock_price":4.670786194588114,"seasonal_3_valid_loss":0.07607515156269073,"seasonal_2_valid_loss":0.1504601210069198,"dim":128,"real_seasonal_2_stock_price":7.340470293142943,"seasonal_1_valid_loss":0.5293054580688477,"real_trend_stock_price":221.2601114765789,"predicted_trend_stock_price":104.83926391601562,"seasonal_0_train_loss":0.8426282473471987,"_step":9,"predicted_seasonal_3_stock_price":7.6880083084106445,"predicted_seasonal_2_stock_price":8.34148120880127,"trend_train_loss":0.39722416003867783,"predicted_resid_stock_price":-4.637240409851074,"_runtime":8.77611582,"seasonal_1_train_loss":0.740661107302566,"predicted_seasonal_0_stock_price":0.8595327138900757,"mae":121.65411376953125,"AAPL Stock Price Prediction by iTransformer":{"_type":"image-file","sha256":"e654ff09f51c8551f0ddd05db617035b58e3c6d4637d8165cb1420630732aaed","size":47254,"path":"media/images/AAPL Stock Price Prediction by iTransformer_8_e654ff09f51c8551f0dd.png","format":"png","width":1000,"height":600},"real_stock_price":236.85000610351562,"real_seasonal_0_stock_price":-2.33637545379491,"_wandb":{"runtime":8},"real_seasonal_1_stock_price":-3.1406764632413102,"real_resid_stock_price":9.055690056241843,"mse":14799.723397050053,"resid_valid_loss":2.6109657287597656,"periods":[252,504,756,1260],"rmse":121.65411376953125,"predicted_seasonal_1_stock_price":-1.8951622247695923,"seasonal_2_train_loss":0.7160404407730614,"depth":4,"Runtime (seconds)":3.918325662612915,"seasonal_3_train_loss":1.4278508643981647,"_timestamp":1.7367444827518327e+09,"resid_train_loss":1.3422419447582856,"final_predicted_stock_price":115.19589233398438}