{"seasonal_1_train_loss":0.8364976136556569,"seasonal_0_valid_loss":2.1917029158489125,"real_stock_price":236.85000610351562,"seasonal_1_valid_loss":0.1586209614607659,"real_seasonal_1_stock_price":-3.1406752432040688,"mse":895.6574116742704,"trend_train_loss":0.4391204669527988,"_timestamp":1.7367299461378758e+09,"periods":[252,504,756,1260],"real_seasonal_0_stock_price":-2.3363835116087897,"final_predicted_stock_price":206.92247009277344,"real_seasonal_2_stock_price":7.340474196766047,"rmse":29.927536010742188,"predicted_seasonal_0_stock_price":-0.9737256765365601,"predicted_resid_stock_price":-0.9448162317276001,"_runtime":16.621782323,"predicted_seasonal_3_stock_price":-6.949532508850098,"trend_valid_loss":0.009699146263301373,"seasonal_3_valid_loss":0.41764701027064943,"seasonal_3_train_loss":0.8703435150781821,"seasonal_2_train_loss":1.0937591258544674,"mae":29.927536010742188,"real_resid_stock_price":9.055694478468638,"predicted_seasonal_1_stock_price":-2.2891104221343994,"resid_valid_loss":3.3540375232696533,"dim":128,"depth":4,"seasonal_0_train_loss":1.278448986532628,"real_trend_stock_price":221.26011179133678,"real_seasonal_3_stock_price":4.670784391757014,"seasonal_2_valid_loss":0.8177503135991214,"_step":9,"AAPL Stock Price Prediction by iTransformer":{"path":"media/images/AAPL Stock Price Prediction by iTransformer_8_140799121ac558fbf44e.png","format":"png","width":1000,"height":600,"_type":"image-file","sha256":"140799121ac558fbf44e0221f0a715f8b7f5e2f292618786b9be8add9f2333dd","size":48500},"_wandb":{"runtime":16},"predicted_seasonal_2_stock_price":5.731202602386475,"resid_train_loss":1.4507589072960874,"predicted_trend_stock_price":212.34844970703125,"Runtime (seconds)":7.800710201263428}