{"seasonal_1_train_loss":0.5467592897494814,"final_predicted_stock_price":36.826019287109375,"real_stock_price":218.94000244140625,"real_seasonal_1_stock_price":2.721535027645758,"trend_train_loss":2.484296148692808,"real_seasonal_0_stock_price":-6.886692248923765,"seasonal_0_valid_loss":0.6876242659489313,"seasonal_0_train_loss":0.9038400307713667,"seasonal_3_train_loss":1.0026013594495051,"predicted_resid_stock_price":2.726472854614258,"resid_train_loss":1.562529062738224,"AMZN Stock Price Prediction by iTransformer":{"format":"png","width":1000,"height":600,"_type":"image-file","sha256":"8c2467865974b30d2d4cdabba692e2e86f0e5d7dd15a892f18527d49f395ad58","size":46037,"path":"media/images/AMZN Stock Price Prediction by iTransformer_8_8c2467865974b30d2d4c.png"},"predicted_seasonal_2_stock_price":12.884541511535645,"real_seasonal_3_stock_price":9.210042698987007,"seasonal_1_valid_loss":0.14338164070638398,"predicted_seasonal_3_stock_price":-1.6749560832977295,"predicted_seasonal_1_stock_price":2.337038278579712,"real_seasonal_2_stock_price":16.307195141839433,"rmse":182.11398315429688,"real_resid_stock_price":30.052430487608945,"_step":9,"_runtime":11.185960325,"mae":182.11398315429688,"Runtime (seconds)":5.139072895050049,"periods":[252,504,756,1260],"_wandb":{"runtime":11},"trend_valid_loss":6.0407624837467395,"_timestamp":1.7367363693701437e+09,"depth":4,"seasonal_2_train_loss":0.22761555927077143,"seasonal_3_valid_loss":0.6566169620452824,"predicted_seasonal_0_stock_price":-3.0776760578155518,"real_trend_stock_price":167.5354913342489,"predicted_trend_stock_price":23.630599975585938,"mse":33165.502860323526,"resid_valid_loss":1.3851241732457045,"seasonal_2_valid_loss":0.19894474595785142,"dim":128}