{"trend_train_loss":0.24385287413360873,"predicted_seasonal_3_stock_price":-7.936163425445557,"depth":4,"seasonal_0_valid_loss":0.07854677553922852,"resid_valid_loss":0.9118067026138306,"dim":128,"real_seasonal_1_stock_price":2.721535027645758,"mse":6887.297956705093,"resid_train_loss":1.575273662883283,"predicted_seasonal_2_stock_price":4.371499061584473,"real_seasonal_0_stock_price":-6.886692248923765,"rmse":82.98974609375,"seasonal_0_train_loss":0.161442315642588,"seasonal_3_valid_loss":1.4336801715768301,"seasonal_1_valid_loss":0.06517262756824493,"seasonal_2_train_loss":1.4964773462227865,"real_seasonal_2_stock_price":16.307195141839433,"predicted_seasonal_0_stock_price":-5.941730499267578,"predicted_trend_stock_price":126.92294311523438,"seasonal_1_train_loss":0.35069650400857283,"predicted_resid_stock_price":14.933148384094238,"trend_valid_loss":0.5980925559997559,"seasonal_2_valid_loss":1.0695291757583618,"seasonal_3_train_loss":1.6575963317369253,"real_resid_stock_price":30.052430487608945,"Runtime (seconds)":7.931558609008789,"_runtime":14.333235955,"_timestamp":1.7367521189232552e+09,"_step":9,"periods":[252,504,756,1260],"mae":82.98974609375,"_wandb":{"runtime":14},"predicted_seasonal_1_stock_price":3.600553512573242,"real_seasonal_3_stock_price":9.210042698987007,"real_stock_price":218.94000244140625,"final_predicted_stock_price":135.95025634765625,"real_trend_stock_price":167.5354913342489,"AMZN Stock Price Prediction by iTransformer":{"width":1000,"height":600,"_type":"image-file","sha256":"2ae34d087003abe18ba24fe0eea3e1c2e81b3f46d4931987308ae03f40028d2d","size":45921,"path":"media/images/AMZN Stock Price Prediction by iTransformer_8_2ae34d087003abe18ba2.png","format":"png"}}