{"seasonal_1_train_loss":1.1217064425127656,"resid_train_loss":1.1607408809117945,"AMZN Stock Price Prediction by iTransformer":{"format":"png","width":1000,"height":600,"_type":"image-file","sha256":"f6fb19a765510e7aa5f83df6804d300fe1a6dcf8868611d0f2a1398936fe49c7","size":46303,"path":"media/images/AMZN Stock Price Prediction by iTransformer_8_f6fb19a765510e7aa5f8.png"},"real_seasonal_1_stock_price":4.045050721181597,"dim":128,"mae":127.37369537353516,"trend_valid_loss":1.5913845447765091,"predicted_trend_stock_price":93.34236907958984,"resid_valid_loss":1.0913727694886142,"_timestamp":1.736706635617175e+09,"seasonal_1_valid_loss":1.0093384110967385,"real_seasonal_3_stock_price":9.65890524919603,"Runtime (seconds)":7.262409210205078,"real_resid_stock_price":33.42573122355867,"seasonal_3_train_loss":0.7757722834415812,"periods":[252,504,756,1260],"trend_train_loss":0.5971726331595676,"_runtime":14.708859556,"real_stock_price":224.19000244140625,"predicted_seasonal_2_stock_price":9.57820987701416,"final_predicted_stock_price":96.8163070678711,"seasonal_3_valid_loss":0.10932944158276359,"seasonal_2_valid_loss":0.24709335560115372,"_wandb":{"runtime":14},"seasonal_0_valid_loss":0.13090249449014663,"depth":4,"seasonal_2_train_loss":0.3295434442913179,"predicted_resid_stock_price":-2.8982114791870117,"real_trend_stock_price":166.712083587477,"predicted_seasonal_1_stock_price":0.5708303451538086,"real_seasonal_0_stock_price":-6.337952985008104,"predicted_seasonal_3_stock_price":0.350109338760376,"seasonal_0_train_loss":0.5842459438742972,"real_seasonal_2_stock_price":16.68618464500105,"_step":9,"mse":16224.058273110131,"predicted_seasonal_0_stock_price":-4.127005577087402,"rmse":127.37369537353516}