{"AMZN Stock Price Prediction by iTransformer":{"size":46586,"path":"media/images/AMZN Stock Price Prediction by iTransformer_8_1aa8e61c784ce25d3a10.png","format":"png","width":1000,"height":600,"_type":"image-file","sha256":"1aa8e61c784ce25d3a101476800cb9181a900b25bb308aaace873b4b1e2f3dd3"},"real_trend_stock_price":167.5354913342489,"seasonal_2_train_loss":0.932692686918863,"_runtime":7.816282095,"trend_valid_loss":3.325002908706665,"_step":9,"real_resid_stock_price":30.052430487608945,"seasonal_0_valid_loss":0.4014155835333005,"mse":16003.307787255384,"periods":[252,504,756,1260],"real_seasonal_1_stock_price":2.721535027645758,"seasonal_1_valid_loss":0.5639562797852051,"_wandb":{"runtime":7},"predicted_trend_stock_price":74.16741180419922,"seasonal_3_valid_loss":0.37030497193336487,"trend_train_loss":2.147700279149169,"seasonal_1_train_loss":0.5442351968843748,"seasonal_2_valid_loss":0.6159233192064776,"real_seasonal_2_stock_price":16.307195141839433,"real_stock_price":218.94000244140625,"mae":126.50418090820312,"predicted_resid_stock_price":9.58849811553955,"rmse":126.50418090820312,"resid_valid_loss":0.3577618274754018,"predicted_seasonal_0_stock_price":-6.492023468017578,"resid_train_loss":0.28461909211662345,"seasonal_3_train_loss":0.48217107031356404,"Runtime (seconds)":3.6979808807373047,"depth":4,"predicted_seasonal_2_stock_price":2.778961181640625,"predicted_seasonal_3_stock_price":8.361138343811035,"real_seasonal_3_stock_price":9.210042698987007,"real_seasonal_0_stock_price":-6.886692248923765,"final_predicted_stock_price":92.43582153320312,"_timestamp":1.7367144010467246e+09,"dim":128,"predicted_seasonal_1_stock_price":4.03183650970459,"seasonal_0_train_loss":0.3632476088463773}