{"dim":128,"depth":4,"r2_score":NaN,"rmse":12.709808349609375,"predicted_stock_price":199.8498077392578,"_step":302,"Runtime (seconds)":132.64449977874756,"mse":161.53922828380018,"mae":12.709808349609375,"_timestamp":1.7390321060747547e+09,"real_stock_price":187.13999938964844,"GOOG Stock Price Prediction by iTransformer(no MSTL)":{"sha256":"4bdd50c38c5e52d16268075865355a6ff6519a5c09191e4f6c9961f819e7fd05","size":54336,"path":"media/images/GOOG Stock Price Prediction by iTransformer(no MSTL)_301_4bdd50c38c5e52d16268.png","format":"png","width":1000,"height":600,"_type":"image-file"},"valid_loss":0.032808258882543656,"_runtime":3081.270560528,"_wandb":{"runtime":3081},"train_loss":0.06585622876912951}