{"seasonal_2_train_loss":0.5762778286175714,"periods":[252,504,756,1260],"seasonal_1_train_loss":1.329382771201045,"predicted_trend_stock_price":84.64339447021484,"seasonal_0_valid_loss":1.794932755483251,"resid_valid_loss":0.5676139268722987,"predicted_seasonal_1_stock_price":2.465176582336426,"real_seasonal_1_stock_price":2.721535027645758,"_runtime":14.463394894,"AMZN Stock Price Prediction by iTransformer":{"_type":"image-file","sha256":"7703ec3f45da0ac3c013c1584818617e5fc6eec686c3faadd17f62cd2d6106fd","size":46219,"path":"media/images/AMZN Stock Price Prediction by iTransformer_8_7703ec3f45da0ac3c013.png","format":"png","width":1000,"height":600},"mse":10899.814333347837,"mae":104.40217590332031,"trend_train_loss":1.357372563893069,"trend_valid_loss":2.4809637526248363,"seasonal_3_valid_loss":1.9896709354173752,"predicted_seasonal_2_stock_price":6.904516220092773,"_timestamp":1.7367583609137812e+09,"real_seasonal_0_stock_price":-6.886692248923765,"rmse":104.40217590332031,"Runtime (seconds)":6.562408208847046,"predicted_resid_stock_price":10.364618301391602,"_wandb":{"runtime":14},"dim":128,"depth":4,"resid_train_loss":0.8986841563567678,"predicted_seasonal_3_stock_price":6.098823070526123,"real_seasonal_3_stock_price":9.210042698987007,"seasonal_3_train_loss":1.1397098370256002,"real_resid_stock_price":30.052430487608945,"real_stock_price":218.94000244140625,"predicted_seasonal_0_stock_price":4.06129264831543,"real_trend_stock_price":167.5354913342489,"seasonal_1_valid_loss":1.1932942521659982,"_step":9,"seasonal_2_valid_loss":0.4976651090032914,"final_predicted_stock_price":114.53782653808594,"seasonal_0_train_loss":2.1680400834093008,"real_seasonal_2_stock_price":16.307195141839433}