{"seasonal_2_valid_loss":0.22984828994897932,"predicted_seasonal_1_stock_price":-2.6171751022338867,"real_stock_price":218.94000244140625,"predicted_seasonal_3_stock_price":-0.4595852196216583,"seasonal_2_train_loss":0.6261566325077377,"seasonal_3_train_loss":1.4809539400567913,"trend_train_loss":0.7208959876709315,"periods":[252,504,756,1260],"trend_valid_loss":0.02661336213350296,"real_resid_stock_price":30.052430487608945,"real_seasonal_2_stock_price":16.307195141839433,"mae":22.545211791992188,"predicted_seasonal_0_stock_price":3.935511350631714,"seasonal_1_valid_loss":1.3102907772247607,"real_seasonal_3_stock_price":9.210042698987007,"resid_train_loss":0.8156785989601495,"depth":4,"real_seasonal_1_stock_price":2.721535027645758,"dim":128,"resid_valid_loss":0.49344213913119056,"_runtime":9.939021081,"predicted_resid_stock_price":12.2003755569458,"Runtime (seconds)":5.2853474617004395,"predicted_trend_stock_price":173.13943481445312,"seasonal_0_valid_loss":2.7048388613053107,"seasonal_1_train_loss":1.3559953039537096,"_wandb":{"runtime":9},"seasonal_3_valid_loss":1.8254913365896879,"_timestamp":1.7367447090400443e+09,"real_trend_stock_price":167.5354913342489,"final_predicted_stock_price":196.39479064941406,"rmse":22.545211791992188,"predicted_seasonal_2_stock_price":10.196208953857422,"seasonal_0_train_loss":2.3238248423799095,"real_seasonal_0_stock_price":-6.886692248923765,"AMZN Stock Price Prediction by iTransformer":{"width":1000,"height":600,"_type":"image-file","sha256":"2417a2679c2a0637bdd463eae12afa8a9292bd2f23c70e2e0b37a1f66af4f75b","size":51121,"path":"media/images/AMZN Stock Price Prediction by iTransformer_8_2417a2679c2a0637bdd4.png","format":"png"},"mse":508.2865747457836,"_step":9}