{"predicted_seasonal_2_stock_price":7.6065192222595215,"dim":128,"_timestamp":1.7367534677474296e+09,"real_seasonal_0_stock_price":-6.886692248923765,"final_predicted_stock_price":113.60936737060547,"seasonal_2_train_loss":0.8606234476262448,"real_seasonal_3_stock_price":9.210042698987007,"mae":105.33063507080078,"_wandb":{"runtime":10},"trend_train_loss":0.488467292297392,"periods":[252,504,756,1260],"real_resid_stock_price":30.052430487608945,"Runtime (seconds)":4.696826696395874,"predicted_seasonal_3_stock_price":2.632537603378296,"seasonal_2_valid_loss":0.2665138568867136,"predicted_seasonal_0_stock_price":-3.9373199939727783,"real_stock_price":218.94000244140625,"mse":11094.542684418208,"real_seasonal_2_stock_price":16.307195141839433,"seasonal_1_valid_loss":0.046673137694597244,"predicted_seasonal_1_stock_price":2.5508148670196533,"seasonal_1_train_loss":0.2918126195596129,"resid_valid_loss":1.4613331011496484,"_runtime":10.130157258,"rmse":105.33063507080078,"real_trend_stock_price":167.5354913342489,"real_seasonal_1_stock_price":2.721535027645758,"resid_train_loss":1.6208685586790645,"predicted_trend_stock_price":106.86637878417969,"_step":9,"trend_valid_loss":0.9030779493208423,"seasonal_3_valid_loss":0.7441020801613645,"seasonal_0_valid_loss":0.17076514048009225,"AMZN Stock Price Prediction by iTransformer":{"_type":"image-file","sha256":"436cc9b323cc325e084998382c6e99d23c30464a6e8ed53b20a9a941af9ab6be","size":46345,"path":"media/images/AMZN Stock Price Prediction by iTransformer_8_436cc9b323cc325e0849.png","format":"png","width":1000,"height":600},"predicted_resid_stock_price":-2.109562873840332,"seasonal_3_train_loss":1.4643585673312423,"seasonal_0_train_loss":0.5493753714502019,"depth":4}