{"mse":14644.203529099992,"trend_train_loss":0.19259876744719667,"seasonal_3_train_loss":1.2052478582628312,"real_seasonal_2_stock_price":7.340470343416758,"_timestamp":1.7367556967847314e+09,"predicted_trend_stock_price":116.44220733642578,"Runtime (seconds)":5.606492519378662,"resid_valid_loss":2.463087797164917,"seasonal_3_valid_loss":0.8929695594695306,"final_predicted_stock_price":115.8367691040039,"depth":4,"mae":121.01323699951172,"real_trend_stock_price":221.26011193528228,"real_resid_stock_price":9.055698785599816,"_runtime":12.915849237,"seasonal_1_train_loss":0.43277001656815905,"predicted_seasonal_0_stock_price":1.0378228425979614,"periods":[252,504,756,1260],"rmse":121.01323699951172,"resid_train_loss":2.476144737045237,"seasonal_2_train_loss":0.7323392414815907,"predicted_seasonal_3_stock_price":-0.2840380072593689,"trend_valid_loss":1.1176046686871086,"seasonal_0_train_loss":0.2733527941588503,"real_seasonal_1_stock_price":-3.140672154535016,"predicted_seasonal_2_stock_price":5.758545398712158,"dim":128,"predicted_resid_stock_price":-3.3927547931671143,"seasonal_2_valid_loss":0.14176319539546967,"predicted_seasonal_1_stock_price":-3.7250218391418457,"_step":9,"seasonal_0_valid_loss":0.26252799870292093,"_wandb":{"runtime":12},"seasonal_1_valid_loss":0.12232677691939911,"AAPL Stock Price Prediction by iTransformer":{"height":600,"_type":"image-file","sha256":"ee70e935bd74a2060fc8fed7270a5921b68af93806beb9dc2d6b6d8d0d0140b8","size":47279,"path":"media/images/AAPL Stock Price Prediction by iTransformer_8_ee70e935bd74a2060fc8.png","format":"png","width":1000},"real_seasonal_0_stock_price":-2.336386343036292,"real_stock_price":236.85000610351562,"real_seasonal_3_stock_price":4.6707835367880595}