{"mae":107.24765014648438,"mse":11502.05846194271,"dim":128,"seasonal_0_train_loss":0.323583979814261,"predicted_seasonal_3_stock_price":-0.9892417192459106,"seasonal_1_valid_loss":0.7784975604125005,"real_resid_stock_price":9.055695867469694,"real_trend_stock_price":221.26011232115656,"_step":9,"seasonal_3_train_loss":1.026765077028797,"_wandb":{"runtime":12},"real_seasonal_0_stock_price":-2.336381236754451,"predicted_seasonal_2_stock_price":8.145516395568848,"seasonal_0_valid_loss":0.1610254713481194,"predicted_resid_stock_price":14.876591682434082,"predicted_trend_stock_price":106.29794311523438,"seasonal_2_train_loss":0.8814288601656185,"rmse":107.24765014648438,"_runtime":12.357177956,"periods":[252,504,756,1260],"real_stock_price":236.85000610351562,"depth":4,"seasonal_2_valid_loss":0.19166259533942562,"AAPL Stock Price Prediction by iTransformer":{"sha256":"54b0eaa57912911a4b9bb776be79dfdc496c38c829db92656b78a461d85581b3","size":46936,"path":"media/images/AAPL Stock Price Prediction by iTransformer_8_54b0eaa57912911a4b9b.png","format":"png","width":1000,"height":600,"_type":"image-file"},"predicted_seasonal_0_stock_price":1.3001635074615479,"seasonal_3_valid_loss":0.4599168002605438,"final_predicted_stock_price":129.60235595703125,"Runtime (seconds)":6.27963924407959,"real_seasonal_1_stock_price":-3.140670038022346,"resid_train_loss":1.7506202667894601,"_timestamp":1.736714318250077e+09,"resid_valid_loss":0.8481008789756082,"real_seasonal_2_stock_price":7.340468391731012,"trend_train_loss":0.42219905958183024,"real_seasonal_3_stock_price":4.670780797935155,"seasonal_1_train_loss":0.7882273250077603,"predicted_seasonal_1_stock_price":-0.028608787804841995,"trend_valid_loss":1.578210989020815}