{"trend_train_loss":1.0771283294278673,"resid_valid_loss":2.238290786743164,"real_seasonal_2_stock_price":16.307195141839433,"seasonal_0_train_loss":0.5397564315795899,"seasonal_1_valid_loss":1.9171772884164984,"real_trend_stock_price":167.5354913342489,"seasonal_1_train_loss":2.147642529565994,"_step":9,"depth":4,"resid_train_loss":0.6624876578511038,"final_predicted_stock_price":89.3386001586914,"AMZN Stock Price Prediction by iTransformer":{"path":"media/images/AMZN Stock Price Prediction by iTransformer_8_b13e3ff394f402b053d0.png","format":"png","width":1000,"height":600,"_type":"image-file","sha256":"b13e3ff394f402b053d04339e1eb1eee6b9ba60c20f52c5cac161dd57852ac15","size":46658},"Runtime (seconds)":4.175583839416504,"predicted_resid_stock_price":10.092885971069336,"mse":16796.523473646084,"trend_valid_loss":2.3441682452740875,"seasonal_3_train_loss":0.9391526235833562,"dim":128,"real_seasonal_1_stock_price":2.721535027645758,"_timestamp":1.7367347593997273e+09,"predicted_seasonal_3_stock_price":0.6448032259941101,"real_seasonal_0_stock_price":-6.886692248923765,"predicted_seasonal_0_stock_price":-3.6882400512695312,"real_resid_stock_price":30.052430487608945,"predicted_seasonal_2_stock_price":1.6077170372009277,"real_seasonal_3_stock_price":9.210042698987007,"predicted_trend_stock_price":81.46849060058594,"seasonal_2_train_loss":1.0991615036044258,"rmse":129.60140228271484,"_wandb":{"runtime":9},"seasonal_3_valid_loss":0.3186173963383967,"seasonal_2_valid_loss":0.6396396372728287,"periods":[252,504,756,1260],"seasonal_0_valid_loss":0.5641975775361061,"real_stock_price":218.94000244140625,"_runtime":9.172545753,"predicted_seasonal_1_stock_price":-0.7870610952377319,"mae":129.60140228271484}