{"_timestamp":1.736712971109799e+09,"real_seasonal_3_stock_price":4.67078531815897,"real_seasonal_2_stock_price":7.340474320683115,"trend_train_loss":0.31891714294707213,"predicted_seasonal_3_stock_price":-0.025511085987091064,"trend_valid_loss":0.9482401175802069,"final_predicted_stock_price":115.21051025390625,"resid_valid_loss":0.9945326346076198,"AAPL Stock Price Prediction by iTransformer":{"format":"png","width":1000,"height":600,"_type":"image-file","sha256":"c94d3c039cb93ee28748a5d819ab47a387fed5db845db0f91af096d07a134f4d","size":47233,"path":"media/images/AAPL Stock Price Prediction by iTransformer_8_c94d3c039cb93ee28748.png"},"predicted_resid_stock_price":-0.5511969327926636,"seasonal_3_valid_loss":1.1717888259480143,"predicted_seasonal_2_stock_price":2.3275511264801025,"seasonal_3_train_loss":1.4335905611155548,"_step":9,"real_seasonal_0_stock_price":-2.3363803344043728,"resid_train_loss":1.041975722657388,"dim":128,"real_resid_stock_price":9.05569332433177,"real_trend_stock_price":221.26011184902183,"periods":[252,504,756,1260],"mae":121.63949584960938,"mse":14796.166950547136,"predicted_seasonal_1_stock_price":0.257685124874115,"seasonal_1_train_loss":1.521973779932145,"predicted_seasonal_0_stock_price":1.5078681707382202,"seasonal_2_valid_loss":0.7258602692570189,"seasonal_0_valid_loss":1.0616416806091733,"real_seasonal_1_stock_price":-3.1406783742756788,"Runtime (seconds)":7.402089357376099,"depth":4,"_wandb":{"runtime":15},"real_stock_price":236.85000610351562,"seasonal_2_train_loss":0.7343325820801571,"rmse":121.63949584960938,"_runtime":15.238625087,"seasonal_0_train_loss":0.3333770548924804,"seasonal_1_valid_loss":1.4905357678370041,"predicted_trend_stock_price":111.6941146850586}