{"seasonal_2_train_loss":0.06536585232756269,"trend_train_loss":0.14357373998270104,"seasonal_3_valid_loss":0.06546409226587561,"seasonal_3_train_loss":0.08263038654479637,"resid_valid_loss":0.15010402823041774,"seasonal_1_train_loss":0.09505869035187754,"seasonal_0_train_loss":0.09793582855190633,"resid_train_loss":0.08671967412420087,"_wandb":{"runtime":85},"_step":29,"_runtime":85.614533661,"trend_valid_loss":0.12003252655267715,"_timestamp":1.733929690124583e+09,"seasonal_2_valid_loss":0.05407387763261795,"seasonal_0_valid_loss":0.0897012934088707,"seasonal_1_valid_loss":0.12964109839363533}