{"train_loss":0.11058799216677284,"valid_loss":0.13571548029299704,"rmse":24.49981689453125,"AAPL Stock Price Prediction by Transformer(no MSTL)":{"_type":"image-file","sha256":"125fd77495c616d645fd418e3173e53de42f26d8826ddd9bdccca97460734910","size":52162,"path":"media/images/AAPL Stock Price Prediction by Transformer(no MSTL)_136_125fd77495c616d645fd.png","format":"png","width":1000,"height":600},"mse":600.2410278655589,"_runtime":7949.321907719,"_wandb":{"runtime":7949},"real_stock_price":255.58999633789062,"mae":24.49981689453125,"dim":128,"Runtime (seconds)":403.3862347602844,"_timestamp":1.7363066725877917e+09,"_step":137,"predicted_stock_price":231.09017944335938,"depth":4,"r2_score":NaN}