{"predicted_resid_stock_price":21.54379653930664,"mae":118.84506225585938,"real_seasonal_2_stock_price":7.340471186750491,"seasonal_1_valid_loss":0.2788188139329085,"resid_valid_loss":2.473719730848548,"_wandb":{"runtime":10},"depth":4,"predicted_seasonal_0_stock_price":0.14659316837787628,"_timestamp":1.736726459235165e+09,"predicted_seasonal_3_stock_price":-3.4496805667877197,"trend_train_loss":0.13460803492377318,"seasonal_2_train_loss":1.6323639629063782,"rmse":118.84506225585938,"real_trend_stock_price":221.26011157373594,"predicted_trend_stock_price":104.61958312988281,"seasonal_3_train_loss":1.4104817467141142,"seasonal_2_valid_loss":1.3523251623720736,"real_seasonal_1_stock_price":-3.1406764024126437,"real_resid_stock_price":9.055692654518708,"resid_train_loss":1.18812415939657,"predicted_seasonal_2_stock_price":-1.911096453666687,"periods":[252,504,756,1260],"seasonal_1_train_loss":0.4791750557487369,"_runtime":10.759477598,"final_predicted_stock_price":118.00494384765625,"Runtime (seconds)":5.257701396942139,"real_seasonal_0_stock_price":-2.336377396259754,"_step":9,"AAPL Stock Price Prediction by iTransformer":{"path":"media/images/AAPL Stock Price Prediction by iTransformer_8_2cd7e9eb760618dada19.png","format":"png","width":1000,"height":600,"_type":"image-file","sha256":"2cd7e9eb760618dada19d248e52ca39f17d41935998e90c3347f12d68d3c5594","size":47053},"trend_valid_loss":1.1553441668497801,"seasonal_3_valid_loss":0.6969565493360191,"predicted_seasonal_1_stock_price":-2.9442434310913086,"real_seasonal_3_stock_price":4.670784487182923,"seasonal_0_train_loss":1.0403032233044438,"mse":14124.14882259909,"dim":128,"seasonal_0_valid_loss":2.168836067406957,"real_stock_price":236.85000610351562}