{"seasonal_2_valid_loss":0.3658055977943616,"predicted_seasonal_1_stock_price":3.270463466644287,"predicted_seasonal_0_stock_price":-5.72355842590332,"_timestamp":1.736733282516995e+09,"mae":38.62098693847656,"real_seasonal_0_stock_price":-6.886692248923765,"real_seasonal_2_stock_price":16.307195141839433,"real_seasonal_3_stock_price":9.210042698987007,"dim":128,"Runtime (seconds)":10.046120405197144,"_wandb":{"runtime":20},"real_trend_stock_price":167.5354913342489,"resid_valid_loss":0.40004204912912056,"depth":4,"real_seasonal_1_stock_price":2.721535027645758,"predicted_seasonal_2_stock_price":6.682320594787598,"mse":1491.5806321019772,"seasonal_2_train_loss":0.31264116635616307,"predicted_seasonal_3_stock_price":6.217153549194336,"AMZN Stock Price Prediction by iTransformer":{"path":"media/images/AMZN Stock Price Prediction by iTransformer_8_14246f284c8b2d7f2616.png","format":"png","width":1000,"height":600,"_type":"image-file","sha256":"14246f284c8b2d7f2616eaf13190646463eae24c930bc4c6d78ebc9ab2786c5d","size":48095},"seasonal_3_valid_loss":0.23561672124352476,"_step":9,"trend_train_loss":0.08179966071054033,"seasonal_0_train_loss":0.7683927196723661,"trend_valid_loss":0.018013898163669963,"real_stock_price":218.94000244140625,"resid_train_loss":0.3352396688988951,"seasonal_0_valid_loss":0.9602020893778119,"final_predicted_stock_price":180.3190155029297,"seasonal_3_train_loss":0.9788689290702229,"real_resid_stock_price":30.052430487608945,"predicted_trend_stock_price":154.99815368652344,"periods":[252,504,756,1260],"seasonal_1_valid_loss":0.12683960499948468,"rmse":38.62098693847656,"predicted_resid_stock_price":14.874478340148926,"seasonal_1_train_loss":0.5564826666589441,"_runtime":20.368048104}