{"real_stock_price":236.85000610351562,"predicted_seasonal_3_stock_price":2.2618966102600098,"predicted_seasonal_1_stock_price":-0.9467084407806396,"_runtime":14.235641234,"dim":128,"mse":16018.367673383094,"seasonal_3_train_loss":0.6565752690018242,"real_seasonal_2_stock_price":7.340473575184163,"_wandb":{"runtime":14},"seasonal_3_valid_loss":0.19042600691318512,"real_resid_stock_price":9.055690047913288,"trend_valid_loss":2.11672150275924,"mae":126.56369018554688,"final_predicted_stock_price":110.28631591796875,"real_seasonal_1_stock_price":-3.1406803889557486,"predicted_trend_stock_price":110.06729888916016,"seasonal_0_train_loss":0.6926220734068067,"seasonal_2_valid_loss":0.5304242489969029,"predicted_seasonal_0_stock_price":1.8901231288909912,"seasonal_0_valid_loss":1.294960511481668,"resid_train_loss":2.3185125509404685,"rmse":126.56369018554688,"seasonal_1_train_loss":1.2815858905128172,"resid_valid_loss":2.1052388179783135,"AAPL Stock Price Prediction by iTransformer":{"sha256":"345028e3e7c5720ba50deb24f82410748255f17335c04b29def0b81cbfcc8c6f","size":47237,"path":"media/images/AAPL Stock Price Prediction by iTransformer_8_345028e3e7c5720ba50d.png","format":"png","width":1000,"height":600,"_type":"image-file"},"trend_train_loss":0.22237176402899042,"real_trend_stock_price":221.2601119463853,"predicted_seasonal_2_stock_price":3.7237844467163086,"depth":4,"seasonal_1_valid_loss":1.2826281356961786,"real_seasonal_3_stock_price":4.670792208354486,"_timestamp":1.7367234904165068e+09,"_step":9,"seasonal_2_train_loss":1.0731569320617746,"predicted_resid_stock_price":-6.710077285766602,"Runtime (seconds)":7.021303176879883,"periods":[252,504,756,1260],"real_seasonal_0_stock_price":-2.3363812853658827}