{"real_seasonal_3_stock_price":4.67078776369282,"seasonal_2_train_loss":1.5766461044967928,"periods":[252,504,756,1260],"resid_train_loss":1.4558257100208576,"dim":128,"trend_train_loss":0.3060159071908538,"_wandb":{"runtime":15},"predicted_seasonal_1_stock_price":-3.286306858062744,"real_stock_price":236.85000610351562,"seasonal_2_valid_loss":1.5099330536286935,"seasonal_3_train_loss":1.141975971934427,"real_seasonal_1_stock_price":-3.1406780829091527,"real_seasonal_2_stock_price":7.340475985029785,"resid_valid_loss":0.9212784902954997,"predicted_seasonal_2_stock_price":-5.954461574554443,"_timestamp":1.7367343137252624e+09,"seasonal_3_valid_loss":0.3391854946420699,"real_trend_stock_price":221.26011154435213,"predicted_seasonal_0_stock_price":1.3617982864379883,"seasonal_1_train_loss":0.25856965332539805,"real_resid_stock_price":9.055694840979612,"_step":9,"rmse":68.56436157226562,"Runtime (seconds)":7.048620700836182,"predicted_seasonal_3_stock_price":1.5456500053405762,"trend_valid_loss":0.23238810346453911,"seasonal_0_train_loss":0.6131030516984516,"mae":68.56436157226562,"AAPL Stock Price Prediction by iTransformer":{"size":46303,"path":"media/images/AAPL Stock Price Prediction by iTransformer_8_c1309c963972c206fc82.png","format":"png","width":1000,"height":600,"_type":"image-file","sha256":"c1309c963972c206fc82c202beb7f92729f1cef99d56884296c056542e8485f7"},"predicted_resid_stock_price":14.674981117248535,"mse":4701.071677812375,"final_predicted_stock_price":168.28564453125,"_runtime":15.141161315,"depth":4,"seasonal_0_valid_loss":0.2881959320779809,"seasonal_1_valid_loss":0.22911524485392742,"predicted_trend_stock_price":159.9439697265625,"real_seasonal_0_stock_price":-2.3363859476295827}