{"predicted_trend_stock_price":105.84648895263672,"mse":9664.524102588708,"periods":[252,504,756,1260],"real_resid_stock_price":30.052430487608945,"final_predicted_stock_price":120.6316909790039,"trend_valid_loss":0.6496303501478631,"Runtime (seconds)":4.116917371749878,"predicted_seasonal_2_stock_price":9.698691368103027,"seasonal_2_valid_loss":0.287777979976934,"real_seasonal_1_stock_price":2.721535027645758,"trend_train_loss":0.2228033668712897,"_wandb":{"runtime":10},"resid_train_loss":0.6074362185343292,"seasonal_2_train_loss":0.45407525935361,"seasonal_0_valid_loss":0.8106727186241954,"dim":128,"predicted_seasonal_1_stock_price":2.619462251663208,"_runtime":10.070647152,"real_stock_price":218.94000244140625,"predicted_seasonal_0_stock_price":-3.470197916030884,"predicted_resid_stock_price":3.08526611328125,"_step":9,"seasonal_1_valid_loss":0.23630891740322113,"real_trend_stock_price":167.5354913342489,"AMZN Stock Price Prediction by iTransformer":{"path":"media/images/AMZN Stock Price Prediction by iTransformer_8_9988336d7b5a7674fad4.png","format":"png","width":1000,"height":600,"_type":"image-file","sha256":"9988336d7b5a7674fad4be1341eac9319e1cdcae1af8cd496e80cf3191d75ce7","size":46391},"depth":4,"seasonal_1_train_loss":0.558119832578842,"real_seasonal_0_stock_price":-6.886692248923765,"seasonal_0_train_loss":0.6381940457857016,"mae":98.30831146240234,"seasonal_3_train_loss":0.8898574764387619,"real_seasonal_2_stock_price":16.307195141839433,"resid_valid_loss":0.49673508362180546,"_timestamp":1.7367157460427415e+09,"predicted_seasonal_3_stock_price":2.851980447769165,"rmse":98.30831146240234,"real_seasonal_3_stock_price":9.210042698987007,"seasonal_3_valid_loss":0.396506858275349}