{"trend_train_loss":0.2841398078576823,"real_trend_stock_price":221.2601120649138,"_timestamp":1.736712357968376e+09,"seasonal_1_valid_loss":2.055662761941368,"predicted_seasonal_0_stock_price":0.06382919102907181,"Runtime (seconds)":4.50292706489563,"predicted_seasonal_3_stock_price":-1.74245285987854,"final_predicted_stock_price":189.1417694091797,"predicted_resid_stock_price":16.491191864013672,"dim":128,"seasonal_1_train_loss":2.0277691771495596,"seasonal_0_valid_loss":3.124624953319348,"AAPL Stock Price Prediction by iTransformer":{"height":600,"_type":"image-file","sha256":"30f5131645ba339b220572d09e7ba3a7da8a5ad0c7e3113012466241f548a1b1","size":48962,"path":"media/images/AAPL Stock Price Prediction by iTransformer_8_30f5131645ba339b2205.png","format":"png","width":1000},"seasonal_2_valid_loss":0.7222271995935012,"trend_valid_loss":0.3025470278386412,"seasonal_3_train_loss":1.3268834955754665,"mse":2276.075848482782,"seasonal_3_valid_loss":0.5247170925140381,"resid_valid_loss":0.6651947017638914,"_wandb":{"runtime":8},"real_stock_price":236.85000610351562,"_runtime":8.860380912,"predicted_seasonal_1_stock_price":1.5004361867904663,"real_seasonal_3_stock_price":4.670786071855169,"mae":47.70823669433594,"rmse":47.70823669433594,"real_seasonal_2_stock_price":7.340470479128926,"_step":9,"seasonal_2_train_loss":0.9669361239270895,"real_resid_stock_price":9.05569314706409,"resid_train_loss":1.0976567763739158,"periods":[252,504,756,1260],"real_seasonal_0_stock_price":-2.3363774089231963,"predicted_trend_stock_price":167.49423217773438,"seasonal_0_train_loss":1.3949636138341264,"real_seasonal_1_stock_price":-3.140678250523167,"predicted_seasonal_2_stock_price":5.334522724151611,"depth":4}