{"mse":3.219909780251328,"_runtime":5479.641723033,"_timestamp":1.7386543589641483e+09,"_step":302,"train_loss":0.021608235478411758,"real_stock_price":105.87000274658203,"_wandb":{"runtime":5479},"XOM Stock Price Prediction by iTransformer(no MSTL)":{"_type":"image-file","sha256":"c5123c0e9c77803fbc73d24b1c5f80d000763e9faafaa48909c121e742ed6455","size":52009,"path":"media/images/XOM Stock Price Prediction by iTransformer(no MSTL)_301_c5123c0e9c77803fbc73.png","format":"png","width":1000,"height":600},"rmse":1.7944107055664062,"mae":1.7944107055664062,"Runtime (seconds)":566.8746728897095,"valid_loss":0.03234510589390993,"r2_score":NaN,"depth":4,"predicted_stock_price":107.66441345214844,"dim":128}