{"real_seasonal_2_stock_price":7.34047060547232,"periods":[252,504,756,1260],"seasonal_2_train_loss":1.0200103775979394,"seasonal_1_valid_loss":1.3811471633813728,"seasonal_2_valid_loss":0.7965495748329292,"depth":4,"AAPL Stock Price Prediction by iTransformer":{"width":1000,"height":600,"_type":"image-file","sha256":"c3996198ff3cfa4b5f623d06eedbd58c7ce3bfb55a4546b049abda7a7a0f387f","size":46979,"path":"media/images/AAPL Stock Price Prediction by iTransformer_8_c3996198ff3cfa4b5f62.png","format":"png"},"real_seasonal_0_stock_price":-2.3363797594544295,"predicted_resid_stock_price":0.8898062705993652,"real_resid_stock_price":9.055694509984448,"seasonal_3_train_loss":0.6299428868718732,"final_predicted_stock_price":142.20164489746094,"predicted_seasonal_1_stock_price":0.3765655755996704,"real_stock_price":236.85000610351562,"seasonal_1_train_loss":1.521560324445052,"real_trend_stock_price":221.26011260817674,"_wandb":{"runtime":12},"predicted_seasonal_0_stock_price":1.0055792331695557,"dim":128,"seasonal_3_valid_loss":0.48379495858829075,"rmse":94.64836120605469,"resid_valid_loss":0.7978875517231693,"real_seasonal_1_stock_price":-3.140676214449337,"seasonal_0_train_loss":0.32601466291545983,"mse":8958.312278991798,"resid_train_loss":1.0851199808683822,"seasonal_0_valid_loss":0.33107154372656444,"_timestamp":1.7367489197363927e+09,"predicted_seasonal_3_stock_price":3.9224207401275635,"trend_valid_loss":0.6134602611998349,"real_seasonal_3_stock_price":4.670784353785866,"mae":94.64836120605469,"Runtime (seconds)":5.710898160934448,"_runtime":12.98240706,"trend_train_loss":0.10622586015195035,"predicted_seasonal_2_stock_price":3.23244047164917,"_step":9,"predicted_trend_stock_price":132.7748260498047}