{"predicted_seasonal_1_stock_price":-4.188714027404785,"predicted_seasonal_3_stock_price":-1.7918989658355713,"_step":9,"_runtime":9.733033294,"real_trend_stock_price":221.26011203228808,"AAPL Stock Price Prediction by iTransformer":{"path":"media/images/AAPL Stock Price Prediction by iTransformer_8_82d9d6c28d02eaed8533.png","format":"png","width":1000,"height":600,"_type":"image-file","sha256":"82d9d6c28d02eaed853368a967e29b52fb942bbf7d79d8c0e098cdb2b3afd9fb","size":49610},"seasonal_2_train_loss":0.5359219325489456,"predicted_seasonal_0_stock_price":1.6327450275421143,"_wandb":{"runtime":9},"depth":4,"seasonal_0_train_loss":0.5089259070137427,"seasonal_0_valid_loss":1.4863584722638665,"final_predicted_stock_price":177.9982452392578,"real_seasonal_2_stock_price":7.340468932179771,"real_resid_stock_price":9.055696183575861,"resid_valid_loss":2.960123300552368,"dim":128,"predicted_trend_stock_price":178.044921875,"trend_train_loss":0.16141080471095928,"_timestamp":1.7367413734905593e+09,"seasonal_1_train_loss":0.2407398758521631,"real_stock_price":236.85000610351562,"mae":58.85176086425781,"trend_valid_loss":0.4002422094345093,"resid_train_loss":0.8167980100919359,"seasonal_2_valid_loss":0.07558198273181915,"seasonal_3_valid_loss":1.6935246731908549,"mse":3463.5297568237875,"real_seasonal_0_stock_price":-2.3363814948667123,"seasonal_1_valid_loss":0.14055836257588772,"periods":[252,504,756,1260],"predicted_resid_stock_price":-2.9041876792907715,"real_seasonal_1_stock_price":-3.1406726936989187,"seasonal_3_train_loss":1.3671061905181927,"predicted_seasonal_2_stock_price":7.205390453338623,"Runtime (seconds)":4.375876426696777,"rmse":58.85176086425781,"real_seasonal_3_stock_price":4.670783144037582}