{"dim":128,"periods":[252,504,756,1260],"rmse":61.35954284667969,"_timestamp":1.736715397052047e+09,"predicted_seasonal_1_stock_price":0.019173771142959595,"depth":4,"predicted_seasonal_3_stock_price":2.519209861755371,"real_seasonal_3_stock_price":4.670791639656857,"resid_valid_loss":0.8212838649585102,"seasonal_0_train_loss":0.6205967217963102,"seasonal_2_valid_loss":0.5147735350381183,"predicted_resid_stock_price":5.867344856262207,"_runtime":11.173650064,"predicted_trend_stock_price":159.01638793945312,"real_resid_stock_price":9.055696789352623,"real_seasonal_1_stock_price":-3.140680613544475,"real_trend_stock_price":221.26011178661926,"seasonal_3_valid_loss":0.1822668974004362,"mse":3764.9934983535204,"seasonal_3_train_loss":0.5624024539725132,"real_seasonal_2_stock_price":7.340464959127233,"seasonal_0_valid_loss":0.8721703001208079,"real_stock_price":236.85000610351562,"real_seasonal_0_stock_price":-2.336378457695872,"predicted_seasonal_2_stock_price":7.396853923797607,"seasonal_1_train_loss":0.8250397914157676,"resid_train_loss":1.4321929389680965,"_wandb":{"runtime":11},"trend_train_loss":0.13373380935403553,"seasonal_1_valid_loss":0.6296870941053266,"_step":9,"trend_valid_loss":0.32071678224578154,"seasonal_2_train_loss":0.8069891125336648,"final_predicted_stock_price":175.49046325683594,"mae":61.35954284667969,"Runtime (seconds)":6.05047345161438,"AAPL Stock Price Prediction by iTransformer":{"width":1000,"height":600,"_type":"image-file","sha256":"eb44e9052ee04eacf2e7ff4f16ef9bfc25b855be8f27e6ea1eeb2bc4ef85b2a7","size":46492,"path":"media/images/AAPL Stock Price Prediction by iTransformer_8_eb44e9052ee04eacf2e7.png","format":"png"},"predicted_seasonal_0_stock_price":0.6714903116226196}