{"Validation Loss (Trend)":0.1955564022064209,"_timestamp":1.7318343912156022e+09,"Validation Loss (Seasonal)":0.7175698102788722,"real_seasonal_stock_price":-3.030556073840005,"real_trend_stock_price":161.47567574270363,"predicted_trend_stock_price":149.0399593303389,"_wandb":{"runtime":134},"Train Loss (Trend)":0.019111673287086652,"_step":207,"predicted_resid_stock_price":13.128819125681037,"Validation Loss (Resid)":0.16400600969791412,"_runtime":134.767238649,"predicted_seasonal_stock_price":1.9243354470012213,"Apple Stock Price Prediction (STL)":{"_type":"image-file","sha256":"197aae9dbe1b1973becc6a97891277b0658be4ae0b962c4066686bf160b62f03","size":51699,"path":"media/images/Apple Stock Price Prediction (STL)_206_197aae9dbe1b1973becc.png","format":"png","width":1000,"height":600},"Train Loss (Resid)":0.042117537442276975,"Train Loss (Seasonal)":0.21390500373451618,"real_resid_stock_price":17.471124837972326,"Runtime (seconds)":133.78879141807556,"final_predicted_stock_price":164.09311390302116}