{"seasonal_0_train_loss":0.3125408864343059,"_wandb":{"runtime":11},"seasonal_2_train_loss":0.7839428183983783,"mse":3164.448749885196,"real_seasonal_1_stock_price":2.721535027645758,"real_seasonal_2_stock_price":16.307195141839433,"real_stock_price":218.94000244140625,"predicted_resid_stock_price":6.129916667938232,"mae":56.25343322753906,"trend_valid_loss":0.018530554619842564,"final_predicted_stock_price":162.6865692138672,"predicted_seasonal_1_stock_price":0.928268551826477,"real_seasonal_3_stock_price":9.210042698987007,"seasonal_1_valid_loss":0.5061171647487032,"predicted_seasonal_2_stock_price":-0.09453420341014862,"trend_train_loss":0.12770088133769153,"predicted_seasonal_3_stock_price":2.858443021774292,"predicted_seasonal_0_stock_price":-5.789821147918701,"seasonal_0_valid_loss":0.24643234597457633,"resid_train_loss":0.6280031132654684,"depth":4,"real_resid_stock_price":30.052430487608945,"seasonal_3_valid_loss":0.35590465818348344,"resid_valid_loss":0.5284365539342328,"rmse":56.25343322753906,"_step":9,"predicted_trend_stock_price":158.654296875,"seasonal_3_train_loss":0.6528374314451988,"_timestamp":1.736741282745654e+09,"Runtime (seconds)":5.410098552703857,"seasonal_1_train_loss":0.6320471425845561,"periods":[252,504,756,1260],"real_seasonal_0_stock_price":-6.886692248923765,"_runtime":11.501090895,"seasonal_2_valid_loss":0.9425717078342339,"real_trend_stock_price":167.5354913342489,"dim":128,"AMZN Stock Price Prediction by iTransformer":{"width":1000,"height":600,"_type":"image-file","sha256":"35c92be008600792982b366011f34f8c2c4f0043a334d0e201ab8196025e5e29","size":48727,"path":"media/images/AMZN Stock Price Prediction by iTransformer_8_35c92be008600792982b.png","format":"png"}}