{"mse":48.554970160126686,"depth":4,"rmse":6.9681396484375,"valid_loss":0.039353572479086725,"GOOG Stock Price Prediction by iTransformer(no MSTL)":{"format":"png","width":1000,"height":600,"_type":"image-file","sha256":"97bbf10eb739d3acf31a319d86891182ccf26d48ae9b7b39574fcfc9366081f7","size":61985,"path":"media/images/GOOG Stock Price Prediction by iTransformer(no MSTL)_252_97bbf10eb739d3acf31a.png"},"Runtime (seconds)":742.7223465442657,"r2_score":NaN,"predicted_stock_price":197.40814208984375,"_step":253,"mae":6.9681396484375,"real_stock_price":190.44000244140625,"_timestamp":1.7387639426779463e+09,"_runtime":3345.162634253,"_wandb":{"runtime":3345},"train_loss":0.07141544782790843,"dim":128}