{"_runtime":5289.973426769,"_step":289,"_timestamp":1.7389641107415438e+09,"train_loss":0.05907083566175814,"rmse":17.567596435546875,"mse":308.62044452223927,"valid_loss":0.033661050370560504,"real_stock_price":187.55499267578125,"mae":17.567596435546875,"r2_score":NaN,"_wandb":{"runtime":5289},"dim":128,"Runtime (seconds)":268.3458983898163,"predicted_stock_price":205.12258911132812,"depth":4,"GOOG Stock Price Prediction by iTransformer(no MSTL)":{"height":600,"_type":"image-file","sha256":"cdb2e8b5649f5897d1fe8bde4eae6f2199d560727b96950771c91a4feb23ca60","size":60199,"path":"media/images/GOOG Stock Price Prediction by iTransformer(no MSTL)_288_cdb2e8b5649f5897d1fe.png","format":"png","width":1000}}