{"dim":128,"resid_train_loss":0.03471719238560592,"real_seasonal_3_stock_price":6.016666188785651,"predicted_resid_stock_price":2.3055787086486816,"seasonal_3_train_loss":0.017146914209732845,"real_seasonal_2_stock_price":-0.5858780319496537,"mae":2.2348175048828125,"predicted_seasonal_2_stock_price":0.9887707233428955,"trend_train_loss":0.030956483661855865,"_timestamp":1.7386478439325254e+09,"mse":4.99440928013064,"real_seasonal_1_stock_price":1.4248453867446487,"predicted_seasonal_1_stock_price":1.741906762123108,"real_seasonal_0_stock_price":0.361541223658706,"predicted_seasonal_0_stock_price":0.366668701171875,"seasonal_3_valid_loss":0.030811596661806107,"XOM Stock Price Prediction by iTransformer":{"size":59605,"path":"media/images/XOM Stock Price Prediction by iTransformer_1739_de577f3e2c707fb93402.png","format":"png","width":1000,"height":600,"_type":"image-file","sha256":"de577f3e2c707fb9340282a0d94cecaedec155105ac17933f9a93d4eed78c731"},"periods":[252,504,756,1260],"trend_valid_loss":0.03682439349522101,"predicted_seasonal_3_stock_price":6.969601631164551,"seasonal_1_train_loss":0.03908131504741047,"seasonal_2_valid_loss":0.04475842702926861,"depth":4,"real_resid_stock_price":0.5209640251114109,"_runtime":22636.985239807,"final_predicted_stock_price":120.20481872558594,"_step":1740,"seasonal_1_valid_loss":0.04529163359719164,"seasonal_0_train_loss":0.028940950437929696,"_wandb":{"runtime":22636},"seasonal_0_valid_loss":0.046994285193674885,"real_stock_price":117.97000122070312,"real_trend_stock_price":110.23186242835236,"resid_valid_loss":0.045828591611830644,"seasonal_2_train_loss":0.005579780120010667,"rmse":2.2348175048828125,"Runtime (seconds)":1889.2179334163666,"predicted_trend_stock_price":107.83229064941406}