{"real_seasonal_1_stock_price":-2.7533349940908782,"_wandb":{"runtime":87},"predicted_seasonal_1_stock_price":-3.6084169888244952,"AMZN Stock Price Prediction (STL)":{"size":52470,"path":"media/images/AMZN Stock Price Prediction (STL)_31_40f670094abd8c0d5fcc.png","format":"png","width":1000,"height":600,"_type":"image-file","sha256":"40f670094abd8c0d5fcc13b4ea932099f3263f79330851e0f8a33aa30e47db78"},"real_trend_stock_price":163.36755022916904,"predicted_seasonal_3_stock_price":-5.685732361576217,"real_seasonal_3_stock_price":-8.604358973138721,"final_predicted_stock_price":125.85063295532866,"seasonal_3_train_loss":0.08086669288279821,"_timestamp":1.7339314208719323e+09,"seasonal_3_valid_loss":0.06597766243532056,"_runtime":87.359017294,"real_resid_stock_price":-32.1463759600432,"seasonal_0_train_loss":0.09216238433810944,"trend_train_loss":0.1927862184374602,"resid_valid_loss":0.1364459436453745,"predicted_seasonal_0_stock_price":3.3315142056788005,"predicted_trend_stock_price":157.5983983361675,"seasonal_2_valid_loss":0.06031200662255287,"seasonal_1_train_loss":0.09533863047891784,"seasonal_0_valid_loss":0.07799487113952637,"seasonal_2_train_loss":0.06791340751265447,"Runtime (seconds)":83.5498194694519,"predicted_seasonal_2_stock_price":-1.7609332427339108,"real_seasonal_2_stock_price":-1.748972260932262,"real_seasonal_0_stock_price":2.465493790090666,"seasonal_1_valid_loss":0.13439536704258484,"_step":32,"trend_valid_loss":0.1378794014453888,"resid_train_loss":0.1063751029329434,"predicted_resid_stock_price":-24.02419699338303}