{"mse":6145.090087890625,"_timestamp":1.7367360053759415e+09,"seasonal_2_valid_loss":0.26111205637305224,"predicted_seasonal_0_stock_price":0.5584407448768616,"seasonal_1_train_loss":0.4872575656465881,"_runtime":12.460305851,"predicted_resid_stock_price":6.275991439819336,"predicted_trend_stock_price":144.32907104492188,"seasonal_3_train_loss":0.9452440239424478,"final_predicted_stock_price":158.45938110351562,"seasonal_3_valid_loss":0.4980829358100891,"_wandb":{"runtime":12},"real_seasonal_0_stock_price":-2.336382402589104,"seasonal_2_train_loss":1.3280698231824346,"seasonal_0_valid_loss":1.1266959843980395,"trend_train_loss":0.6365483062525638,"resid_train_loss":0.8906933635923926,"dim":128,"mae":78.390625,"real_seasonal_2_stock_price":7.340475211867345,"real_trend_stock_price":221.26011213943218,"seasonal_1_valid_loss":0.21900726592802738,"predicted_seasonal_1_stock_price":-3.1020898818969727,"resid_valid_loss":0.7507873442277168,"real_resid_stock_price":9.05569336045059,"depth":4,"periods":[252,504,756,1260],"trend_valid_loss":1.000861721654092,"predicted_seasonal_2_stock_price":5.677629470825195,"predicted_seasonal_3_stock_price":4.720345497131348,"real_seasonal_1_stock_price":-3.1406788201464364,"real_seasonal_3_stock_price":4.670786614501026,"seasonal_0_train_loss":0.6633590868779229,"AAPL Stock Price Prediction by iTransformer":{"width":1000,"height":600,"_type":"image-file","sha256":"e7169dccb24fb6df0e67451abbdf7a5637c67b7f916f5e15e3954bba499410c9","size":46648,"path":"media/images/AAPL Stock Price Prediction by iTransformer_8_e7169dccb24fb6df0e67.png","format":"png"},"_step":9,"real_stock_price":236.85000610351562,"rmse":78.390625,"Runtime (seconds)":5.5089335441589355}