{"Train Loss (Resid)":0.25586118288194476,"_timestamp":1.7305316589484205e+09,"Train Loss (Trend)":0.057234805971511794,"Train Loss (Seasonal)":1.9349077405512614,"Validation Loss (Seasonal)":3.767627239227295,"_step":0,"_wandb":{"runtime":18},"Validation Loss (Resid)":1.1677324057204053,"Validation Loss (Trend)":0.26239910880917483,"_runtime":18.95085539}