{"seasonal_3_train_loss":1.0679617599996325,"real_seasonal_0_stock_price":-2.3363777534075205,"depth":4,"seasonal_3_valid_loss":1.4634391148509207,"Runtime (seconds)":5.445586442947388,"predicted_seasonal_1_stock_price":-2.0071277618408203,"rmse":87.31614685058594,"real_trend_stock_price":221.26011116777505,"resid_train_loss":3.011296944184737,"real_seasonal_2_stock_price":7.340468235562779,"real_stock_price":236.85000610351562,"mae":87.31614685058594,"seasonal_2_train_loss":1.3217757663709655,"predicted_resid_stock_price":-10.836400032043457,"seasonal_1_valid_loss":0.22432100043430195,"_wandb":{"runtime":13},"predicted_trend_stock_price":152.22039794921875,"trend_valid_loss":0.3733731985335923,"predicted_seasonal_0_stock_price":1.585496425628662,"_runtime":13.408092561,"seasonal_0_train_loss":0.2584716502004963,"seasonal_1_train_loss":0.6900595518217112,"real_seasonal_3_stock_price":4.670793520951887,"AAPL Stock Price Prediction by iTransformer":{"size":46528,"path":"media/images/AAPL Stock Price Prediction by iTransformer_8_5db732e4f99a14394ee7.png","format":"png","width":1000,"height":600,"_type":"image-file","sha256":"5db732e4f99a14394ee7337a52cd32194d45a4b4533a780ed3af382f4c8c48bc"},"resid_valid_loss":2.8608686036073174,"trend_train_loss":0.13347597383969875,"real_seasonal_1_stock_price":-3.140681961717067,"_step":9,"predicted_seasonal_2_stock_price":4.668420314788818,"real_resid_stock_price":9.0556928943505,"seasonal_0_valid_loss":0.23411234115299426,"dim":128,"_timestamp":1.736753056675762e+09,"mse":7624.1095008330885,"predicted_seasonal_3_stock_price":3.90305495262146,"seasonal_2_valid_loss":0.5357414412638251,"final_predicted_stock_price":149.5338592529297,"periods":[252,504,756,1260]}