{"real_resid_stock_price":9.055687989920983,"seasonal_0_valid_loss":0.4007298845034675,"_runtime":14.245316082,"seasonal_1_valid_loss":0.22006886744801002,"real_seasonal_3_stock_price":4.670788387867267,"dim":128,"predicted_seasonal_0_stock_price":0.035762105137109756,"predicted_resid_stock_price":-7.684057235717773,"seasonal_2_train_loss":1.2177781175453748,"predicted_seasonal_2_stock_price":0.7110543251037598,"periods":[252,504,756,1260],"real_seasonal_0_stock_price":-2.3363787857290363,"resid_train_loss":1.8636267514356295,"seasonal_3_valid_loss":1.4300217672271753,"predicted_trend_stock_price":166.19192504882812,"rmse":82.62481689453125,"real_seasonal_1_stock_price":-3.140677098878559,"seasonal_2_valid_loss":0.9273975931970697,"_timestamp":1.7367284981304517e+09,"trend_valid_loss":0.363658954474059,"Runtime (seconds)":7.028219223022461,"trend_train_loss":0.11572819849993579,"real_stock_price":236.85000610351562,"mae":82.62481689453125,"real_trend_stock_price":221.2601112549398,"AAPL Stock Price Prediction by iTransformer":{"size":46491,"path":"media/images/AAPL Stock Price Prediction by iTransformer_8_f7cb80546943a676e425.png","format":"png","width":1000,"height":600,"_type":"image-file","sha256":"f7cb80546943a676e425c729ad7cc6c2240b029cc0d4d18375bf199e07318983"},"real_seasonal_2_stock_price":7.340474355395184,"resid_valid_loss":2.0137368124884527,"mse":6826.860366854817,"final_predicted_stock_price":154.22518920898438,"seasonal_0_train_loss":0.22479364869562354,"_wandb":{"runtime":14},"seasonal_1_train_loss":0.5090993932321515,"predicted_seasonal_3_stock_price":-3.1542370319366455,"depth":4,"_step":9,"predicted_seasonal_1_stock_price":-1.8752765655517578,"seasonal_3_train_loss":1.3073088209034114}