{"Runtime (seconds)":4.3203041553497314,"final_predicted_stock_price":156.67066955566406,"predicted_seasonal_2_stock_price":-9.0914945602417,"predicted_resid_stock_price":2.9794068336486816,"trend_train_loss":0.6830722351091251,"predicted_seasonal_0_stock_price":-6.161986351013184,"trend_valid_loss":0.05996408195872056,"real_resid_stock_price":30.052430487608945,"predicted_trend_stock_price":148.057373046875,"resid_train_loss":1.0940116899354118,"seasonal_3_valid_loss":2.182565480410813,"_runtime":9.145908831,"real_seasonal_3_stock_price":9.210042698987007,"seasonal_1_train_loss":1.0579478863482823,"resid_valid_loss":1.0734977414405424,"seasonal_0_valid_loss":0.35838223585879614,"AMZN Stock Price Prediction by iTransformer":{"_type":"image-file","sha256":"e9e826acd41985ea3315dd100d07ece6fe6826471ddf8e02bf4a1bb3bedfa935","size":48579,"path":"media/images/AMZN Stock Price Prediction by iTransformer_8_e9e826acd41985ea3315.png","format":"png","width":1000,"height":600},"dim":128,"real_seasonal_1_stock_price":2.721535027645758,"real_trend_stock_price":167.5354913342489,"seasonal_2_valid_loss":2.1282997889952227,"mse":3877.4698180353735,"real_seasonal_2_stock_price":16.307195141839433,"periods":[252,504,756,1260],"_step":9,"rmse":62.26933288574219,"_wandb":{"runtime":9},"real_stock_price":218.94000244140625,"depth":4,"predicted_seasonal_3_stock_price":18.482654571533203,"seasonal_0_train_loss":0.4388498035654173,"seasonal_2_train_loss":2.231084953638317,"seasonal_1_valid_loss":0.3841901123523712,"predicted_seasonal_1_stock_price":2.404721975326538,"_timestamp":1.736737925143672e+09,"real_seasonal_0_stock_price":-6.886692248923765,"seasonal_3_train_loss":1.9357816711673619,"mae":62.26933288574219}