{"_timestamp":1.7367340792233574e+09,"final_predicted_stock_price":176.7571258544922,"predicted_seasonal_1_stock_price":3.476309061050415,"real_resid_stock_price":30.052430487608945,"real_seasonal_1_stock_price":2.721535027645758,"seasonal_1_train_loss":0.5556758128033484,"seasonal_2_train_loss":0.19002676099794982,"rmse":42.18287658691406,"predicted_resid_stock_price":10.958345413208008,"periods":[252,504,756,1260],"seasonal_1_valid_loss":0.2536791484593533,"dim":128,"resid_valid_loss":0.5542386802497195,"_runtime":10.588768777,"predicted_seasonal_3_stock_price":19.144426345825195,"AMZN Stock Price Prediction by iTransformer":{"_type":"image-file","sha256":"8a03217782213498f4083d33721930e2e9774be774120f8d811d6c71b03aa6ba","size":48442,"path":"media/images/AMZN Stock Price Prediction by iTransformer_8_8a03217782213498f408.png","format":"png","width":1000,"height":600},"resid_train_loss":0.6300129174850199,"predicted_seasonal_0_stock_price":-5.487289905548096,"real_seasonal_0_stock_price":-6.886692248923765,"seasonal_3_train_loss":0.7849577904789956,"mse":1779.3950771468226,"_step":9,"predicted_seasonal_2_stock_price":10.582889556884766,"real_stock_price":218.94000244140625,"real_seasonal_3_stock_price":9.210042698987007,"_wandb":{"runtime":10},"Runtime (seconds)":4.332210302352905,"seasonal_3_valid_loss":0.49414840452624736,"trend_valid_loss":0.12752823186644785,"seasonal_2_valid_loss":0.11974308548389741,"depth":4,"predicted_trend_stock_price":138.08245849609375,"seasonal_0_train_loss":0.5137562321612189,"real_seasonal_2_stock_price":16.307195141839433,"mae":42.18287658691406,"seasonal_0_valid_loss":0.34548656199429484,"trend_train_loss":0.2681688324158636,"real_trend_stock_price":167.5354913342489}