{"predicted_trend_stock_price":96.16432189941406,"real_resid_stock_price":30.052430487608945,"seasonal_3_train_loss":2.582267935342334,"_timestamp":1.7367237941146452e+09,"real_trend_stock_price":167.5354913342489,"predicted_seasonal_2_stock_price":1.1961733102798462,"_runtime":12.62453219,"real_seasonal_0_stock_price":-6.886692248923765,"predicted_seasonal_0_stock_price":-2.6295361518859863,"real_seasonal_3_stock_price":9.210042698987007,"seasonal_0_train_loss":0.7447733073263745,"mae":118.8932113647461,"AMZN Stock Price Prediction by iTransformer":{"height":600,"_type":"image-file","sha256":"8996cceaadac883f489b6d050f68fcb35b4219ba7c06f58e8a5147d46edf12d7","size":46674,"path":"media/images/AMZN Stock Price Prediction by iTransformer_8_8996cceaadac883f489b.png","format":"png","width":1000},"dim":128,"final_predicted_stock_price":100.04679107666016,"_step":9,"predicted_resid_stock_price":8.846598625183105,"resid_train_loss":0.5872069922871673,"real_stock_price":218.94000244140625,"resid_valid_loss":0.7073344265254552,"real_seasonal_1_stock_price":2.721535027645758,"seasonal_2_train_loss":0.7522786269970368,"depth":4,"Runtime (seconds)":5.699850797653198,"seasonal_2_valid_loss":0.4530587371697095,"rmse":118.8932113647461,"seasonal_3_valid_loss":0.6474612967111171,"predicted_seasonal_3_stock_price":-5.45231294631958,"mse":14135.59570862219,"periods":[252,504,756,1260],"trend_valid_loss":1.764971375465393,"seasonal_1_train_loss":1.0641635541543242,"real_seasonal_2_stock_price":16.307195141839433,"trend_train_loss":0.9634298726457644,"predicted_seasonal_1_stock_price":1.9215574264526367,"_wandb":{"runtime":12},"seasonal_1_valid_loss":0.21105033891950634,"seasonal_0_valid_loss":0.6480101346969604}