{"real_seasonal_2_stock_price":16.307195141839433,"real_seasonal_0_stock_price":-6.886692248923765,"predicted_trend_stock_price":163.75466918945312,"seasonal_2_valid_loss":0.4837886562401598,"_wandb":{"runtime":13},"predicted_resid_stock_price":-5.241881370544434,"predicted_seasonal_2_stock_price":5.728644371032715,"trend_valid_loss":0.001426444340807696,"real_seasonal_3_stock_price":9.210042698987007,"seasonal_0_valid_loss":0.3271593451499939,"dim":128,"AMZN Stock Price Prediction by iTransformer":{"height":600,"_type":"image-file","sha256":"215150c6a2bae8013635ac0c24c2a4e887287d2834bfe7c96c0f1252e181ef9b","size":48363,"path":"media/images/AMZN Stock Price Prediction by iTransformer_8_215150c6a2bae8013635.png","format":"png","width":1000},"_runtime":13.612066594,"seasonal_1_train_loss":1.0350023233890533,"real_seasonal_1_stock_price":2.721535027645758,"mae":45.21809387207031,"resid_train_loss":1.2318715000365819,"real_resid_stock_price":30.052430487608945,"trend_train_loss":0.1436630953478285,"predicted_seasonal_1_stock_price":1.0732697248458862,"predicted_seasonal_3_stock_price":10.544453620910645,"mse":2044.6760134233627,"periods":[252,504,756,1260],"predicted_seasonal_0_stock_price":-2.1372408866882324,"seasonal_2_train_loss":0.597045455080438,"_timestamp":1.7367524665185308e+09,"resid_valid_loss":1.138436000665246,"_step":9,"Runtime (seconds)":6.895358085632324,"real_trend_stock_price":167.5354913342489,"rmse":45.21809387207031,"depth":4,"seasonal_1_valid_loss":0.6067634693572396,"seasonal_0_train_loss":0.5807385246605435,"real_stock_price":218.94000244140625,"seasonal_3_valid_loss":0.3712736964225769,"seasonal_3_train_loss":1.3468252361516375,"final_predicted_stock_price":173.72190856933594}