{"_runtime":105.39903788,"resid_valid_loss":1.2722582237742772,"predicted_seasonal_3_stock_price":-6.25963020324707,"mae":53.73170471191406,"real_stock_price":207.08999633789062,"real_seasonal_2_stock_price":16.76176559855732,"Runtime (seconds)":53.661625385284424,"_timestamp":1.735836407514613e+09,"seasonal_3_train_loss":1.2596376401468599,"seasonal_0_valid_loss":0.147061455508937,"real_trend_stock_price":159.3021971585472,"seasonal_0_train_loss":0.5268357246002154,"seasonal_2_valid_loss":0.32271799328103884,"resid_train_loss":1.9077288498868297,"_wandb":{"runtime":105},"trend_valid_loss":0.668439534022193,"mse":2887.096091248328,"real_seasonal_0_stock_price":-4.043893736904377,"seasonal_1_valid_loss":0.38252521384703486,"real_resid_stock_price":25.57286681151163,"predicted_seasonal_0_stock_price":-2.7062716484069824,"seasonal_3_valid_loss":0.5916272082080053,"trend_train_loss":0.6409056974386617,"real_seasonal_3_stock_price":6.127401711020198,"_step":8,"real_seasonal_1_stock_price":3.36965879515863,"Stock_Price_Prediction":{"sha256":"be6d5f95b5d1822a719fbf52ccefcd38a4f324b917a6503462437a37003bc57f","size":38639,"path":"media/images/Stock_Price_Prediction_7_be6d5f95b5d1822a719f.png","format":"png","width":1000,"height":600,"_type":"image-file"},"final_predicted_stock_price":153.35829162597656,"predicted_seasonal_2_stock_price":14.603875160217285,"predicted_resid_stock_price":3.584947109222412,"rmse":53.73170471191406,"seasonal_1_train_loss":1.263687860517537,"predicted_trend_stock_price":140.1788330078125,"predicted_seasonal_1_stock_price":3.9565322399139404,"seasonal_2_train_loss":0.6133262506031678}