{"real_stock_price":229.8699951171875,"real_resid_stock_price":6.842834458930696,"Runtime (seconds)":8759.33005452156,"trend_valid_loss":0.045948741451508734,"predicted_seasonal_3_stock_price":0.23064011335372925,"real_seasonal_2_stock_price":5.867495659915486,"seasonal_0_train_loss":0.05326682682907195,"seasonal_0_valid_loss":0.02368052862584591,"predicted_seasonal_1_stock_price":0.11175863444805145,"real_seasonal_1_stock_price":0.3951314101975913,"seasonal_3_train_loss":0.06030967790559914,"resid_valid_loss":0.038480944477826816,"AAPL Stock Price Prediction by iTransformer":{"_type":"image-file","sha256":"4c84e8c6b61e3ed3fde4f590bdbbe2c19cb88f9ad52dc6030f735ec33fa27cf7","size":50072,"path":"media/images/AAPL Stock Price Prediction by iTransformer_1513_4c84e8c6b61e3ed3fde4.png","format":"png","width":1000,"height":600},"real_seasonal_0_stock_price":1.615128823468338,"rmse":17.756134033203125,"mae":17.756134033203125,"seasonal_1_valid_loss":2.303466452492608,"predicted_trend_stock_price":203.75360107421875,"seasonal_3_valid_loss":0.03463664448765948,"depth":32,"resid_train_loss":0.0603801979846827,"_runtime":48892.888483294,"_step":1514,"seasonal_2_train_loss":0.9834693878210357,"trend_train_loss":0.07771978613895339,"_timestamp":1.7364465090130284e+09,"dim":256,"final_predicted_stock_price":212.11386108398438,"predicted_seasonal_2_stock_price":0.11029567569494247,"_wandb":{"runtime":48892},"seasonal_2_valid_loss":2.2953720092773438,"predicted_resid_stock_price":6.9225664138793945,"predicted_seasonal_0_stock_price":0.9850192666053772,"mse":315.2802958050743,"seasonal_1_train_loss":0.9817173352823185,"real_trend_stock_price":215.27057249411422,"real_seasonal_3_stock_price":-0.12116772943880205}