{"trend_train_loss":1.243523128484206,"real_seasonal_2_stock_price":16.307195141839433,"Runtime (seconds)":7.800339460372925,"_timestamp":1.7367270447544453e+09,"seasonal_3_valid_loss":0.39754718277030265,"mae":100.98568725585938,"seasonal_1_valid_loss":1.471569882498847,"real_seasonal_3_stock_price":9.210042698987007,"real_trend_stock_price":167.5354913342489,"seasonal_2_valid_loss":0.9164094648710112,"resid_train_loss":0.6083418105025681,"depth":4,"real_resid_stock_price":30.052430487608945,"real_seasonal_0_stock_price":-6.886692248923765,"rmse":100.98568725585938,"_runtime":14.787271863,"final_predicted_stock_price":117.95431518554688,"predicted_resid_stock_price":20.52007484436035,"seasonal_0_valid_loss":0.28495267680539604,"seasonal_3_train_loss":0.6350528550522825,"real_seasonal_1_stock_price":2.721535027645758,"dim":128,"AMZN Stock Price Prediction by iTransformer":{"_type":"image-file","sha256":"fb78355b2e7851b5e1640ced365ad024af07c286a2834914bada65ce71d77671","size":46172,"path":"media/images/AMZN Stock Price Prediction by iTransformer_8_fb78355b2e7851b5e164.png","format":"png","width":1000,"height":600},"real_stock_price":218.94000244140625,"mse":10198.109030538239,"predicted_seasonal_1_stock_price":-1.8288817405700684,"predicted_seasonal_3_stock_price":8.486319541931152,"_step":9,"predicted_trend_stock_price":95.90548706054688,"periods":[252,504,756,1260],"seasonal_1_train_loss":1.3552834418573751,"trend_valid_loss":1.1535518909786262,"seasonal_2_train_loss":0.9321422379190495,"_wandb":{"runtime":14},"predicted_seasonal_0_stock_price":-6.7137227058410645,"predicted_seasonal_2_stock_price":1.5850363969802856,"resid_valid_loss":0.42322778701782227,"seasonal_0_train_loss":0.34192983685849604}