{"seasonal_2_valid_loss":1.3384072858424805,"Runtime (seconds)":5.68601393699646,"predicted_seasonal_1_stock_price":-1.5270453691482544,"dim":128,"final_predicted_stock_price":170.58065795898438,"seasonal_1_valid_loss":1.268821705676414,"_step":9,"seasonal_3_train_loss":1.2491108300985583,"real_seasonal_0_stock_price":-6.886692248923765,"trend_valid_loss":0.0009368396713398397,"AMZN Stock Price Prediction by iTransformer":{"format":"png","width":1000,"height":600,"_type":"image-file","sha256":"0f13ff8fc47e684677ec21b4d942cbc03c79262a927b29544492a433bec9f8a3","size":48533,"path":"media/images/AMZN Stock Price Prediction by iTransformer_8_0f13ff8fc47e684677ec.png"},"trend_train_loss":0.748849616724378,"predicted_trend_stock_price":164.80853271484375,"real_seasonal_3_stock_price":9.210042698987007,"depth":4,"real_seasonal_1_stock_price":2.721535027645758,"real_trend_stock_price":167.5354913342489,"real_seasonal_2_stock_price":16.307195141839433,"mse":2338.626198769547,"_runtime":13.720630151,"_wandb":{"runtime":13},"seasonal_0_train_loss":0.3069262991537647,"predicted_seasonal_2_stock_price":-2.161665916442871,"rmse":48.359344482421875,"seasonal_1_train_loss":1.1200260368436996,"resid_train_loss":1.049850929397348,"seasonal_3_valid_loss":1.4342315235799887,"predicted_seasonal_0_stock_price":-4.9914870262146,"real_stock_price":218.94000244140625,"predicted_resid_stock_price":17.97630500793457,"predicted_seasonal_3_stock_price":-3.5239884853363037,"periods":[252,504,756,1260],"real_resid_stock_price":30.052430487608945,"resid_valid_loss":0.5840760158482662,"_timestamp":1.7367552358644996e+09,"seasonal_2_train_loss":1.5470218230882224,"seasonal_0_valid_loss":0.14989018440246582,"mae":48.359344482421875}