{"real_seasonal_3_stock_price":9.210042698987007,"seasonal_0_valid_loss":1.0398377393178895,"seasonal_2_valid_loss":0.21698853189287626,"predicted_resid_stock_price":18.0523681640625,"_step":9,"real_seasonal_2_stock_price":16.307195141839433,"seasonal_0_train_loss":1.0061402654209515,"seasonal_1_train_loss":0.6908588534126342,"real_resid_stock_price":30.052430487608945,"seasonal_2_train_loss":0.7042777542233978,"predicted_seasonal_1_stock_price":2.567681074142456,"depth":4,"mse":6003.438210627297,"seasonal_3_train_loss":0.8088779842318125,"resid_train_loss":0.8194569246362133,"real_trend_stock_price":167.5354913342489,"_runtime":9.743940283,"predicted_seasonal_2_stock_price":13.856202125549316,"trend_train_loss":0.49399299755702314,"Runtime (seconds)":4.419245004653931,"_wandb":{"runtime":9},"real_seasonal_0_stock_price":-6.886692248923765,"predicted_trend_stock_price":98.36398315429688,"real_stock_price":218.94000244140625,"dim":128,"_timestamp":1.7367517059477491e+09,"predicted_seasonal_0_stock_price":-1.242818832397461,"AMZN Stock Price Prediction by iTransformer":{"_type":"image-file","sha256":"359a96cf32ad198e275e44ab4ddfa2e9f7c888198031f6c90c16c498d9ff88dd","size":46252,"path":"media/images/AMZN Stock Price Prediction by iTransformer_8_359a96cf32ad198e275e.png","format":"png","width":1000,"height":600},"predicted_seasonal_3_stock_price":9.860733985900879,"real_seasonal_1_stock_price":2.721535027645758,"rmse":77.48185729980469,"trend_valid_loss":0.9812055680289198,"mae":77.48185729980469,"final_predicted_stock_price":141.45814514160156,"seasonal_1_valid_loss":0.4460825177773721,"periods":[252,504,756,1260],"seasonal_3_valid_loss":0.4202046263962984,"resid_valid_loss":0.2748992703500248}