{"real_resid_stock_price":30.052430487608945,"mae":66.26336669921875,"depth":4,"trend_train_loss":0.17820554812718042,"real_seasonal_0_stock_price":-6.886692248923765,"resid_valid_loss":0.7690129510127008,"seasonal_3_train_loss":0.5412810946713866,"predicted_trend_stock_price":146.86611938476562,"seasonal_1_train_loss":1.3501023812819335,"seasonal_0_train_loss":0.22896650763332937,"real_trend_stock_price":167.5354913342489,"seasonal_2_train_loss":2.0857726707074593,"seasonal_3_valid_loss":0.7986709988866177,"final_predicted_stock_price":152.6766357421875,"real_seasonal_3_stock_price":9.210042698987007,"real_seasonal_2_stock_price":16.307195141839433,"_wandb":{"runtime":10},"seasonal_0_valid_loss":0.21507732735081303,"mse":4390.833766315132,"trend_valid_loss":0.0448031994973088,"seasonal_2_valid_loss":0.6205994867116835,"_step":9,"AMZN Stock Price Prediction by iTransformer":{"height":600,"_type":"image-file","sha256":"10cedbc303688eea8b5201cad9bb6f25f66f2c2e2eac2f6cccd5579b503bddf2","size":48889,"path":"media/images/AMZN Stock Price Prediction by iTransformer_8_10cedbc303688eea8b52.png","format":"png","width":1000},"real_seasonal_1_stock_price":2.721535027645758,"seasonal_1_valid_loss":0.27711238499405316,"dim":128,"_runtime":10.687466335,"Runtime (seconds)":5.205840826034546,"resid_train_loss":0.6031963659046982,"periods":[252,504,756,1260],"predicted_resid_stock_price":3.4346790313720703,"real_stock_price":218.94000244140625,"rmse":66.26336669921875,"_timestamp":1.7367094635708127e+09,"predicted_seasonal_0_stock_price":-7.0098557472229,"predicted_seasonal_3_stock_price":5.642569065093994,"predicted_seasonal_1_stock_price":1.3816776275634766,"predicted_seasonal_2_stock_price":2.361457347869873}