{"seasonal_1_valid_loss":0.6980572475327386,"predicted_seasonal_0_stock_price":-2.303222179412842,"real_stock_price":218.94000244140625,"real_resid_stock_price":30.052430487608945,"_step":9,"final_predicted_stock_price":155.64808654785156,"periods":[252,504,756,1260],"resid_train_loss":1.2993840572361748,"seasonal_3_valid_loss":0.6836324071320962,"rmse":63.29191589355469,"depth":4,"mae":63.29191589355469,"Runtime (seconds)":4.198471784591675,"seasonal_3_train_loss":0.7280610823400822,"predicted_seasonal_1_stock_price":2.2229514122009277,"predicted_seasonal_3_stock_price":6.071654319763184,"predicted_trend_stock_price":151.33558654785156,"real_seasonal_0_stock_price":-6.886692248923765,"seasonal_2_train_loss":1.7028308605720222,"predicted_seasonal_2_stock_price":-5.3562140464782715,"_wandb":{"runtime":8},"_timestamp":1.7367142640289052e+09,"seasonal_0_train_loss":0.6598380747580342,"_runtime":8.967701951,"real_seasonal_2_stock_price":16.307195141839433,"real_trend_stock_price":167.5354913342489,"dim":128,"real_seasonal_1_stock_price":2.721535027645758,"trend_train_loss":0.937330677782133,"real_seasonal_3_stock_price":9.210042698987007,"seasonal_0_valid_loss":1.1192161797554658,"mse":4005.8666174768005,"seasonal_2_valid_loss":2.2819866852497492,"resid_valid_loss":0.4523834681156838,"AMZN Stock Price Prediction by iTransformer":{"path":"media/images/AMZN Stock Price Prediction by iTransformer_8_96ece1ee2e3ed2fbb893.png","format":"png","width":1000,"height":600,"_type":"image-file","sha256":"96ece1ee2e3ed2fbb893bb3389ac26139d74cf929b907ec1f01ac10c6a70020a","size":48536},"predicted_resid_stock_price":3.677335739135742,"trend_valid_loss":0.026662073078685306,"seasonal_1_train_loss":0.9648991017274453}