{"mse":1629.1895461119711,"depth":4,"predicted_resid_stock_price":17.431060791015625,"real_seasonal_1_stock_price":2.721535027645758,"real_seasonal_0_stock_price":-6.886692248923765,"_wandb":{"runtime":12},"dim":128,"seasonal_0_train_loss":0.6540483671739581,"Runtime (seconds)":5.565560340881348,"seasonal_2_valid_loss":0.6543317437171936,"_step":9,"predicted_seasonal_3_stock_price":22.834463119506836,"trend_valid_loss":0.2042834680035429,"real_seasonal_3_stock_price":9.210042698987007,"real_stock_price":218.94000244140625,"AMZN Stock Price Prediction by iTransformer":{"_type":"image-file","sha256":"7187bc4f10f62c06535823de272322e47e6c3707cca7df6e71ccb9179b1f8932","size":48530,"path":"media/images/AMZN Stock Price Prediction by iTransformer_8_7187bc4f10f62c065358.png","format":"png","width":1000,"height":600},"_runtime":12.422405475,"rmse":40.36322021484375,"real_resid_stock_price":30.052430487608945,"seasonal_1_valid_loss":0.25827088232624495,"predicted_trend_stock_price":132.764892578125,"mae":40.36322021484375,"resid_valid_loss":0.7797289901598273,"resid_train_loss":1.3099700309867632,"periods":[252,504,756,1260],"seasonal_1_train_loss":0.5882159995096634,"seasonal_3_valid_loss":0.4903155437972344,"predicted_seasonal_0_stock_price":0.08005830645561218,"real_seasonal_2_stock_price":16.307195141839433,"seasonal_0_valid_loss":0.8243139832787364,"_timestamp":1.7367508715618074e+09,"seasonal_2_train_loss":0.8219937474914978,"predicted_seasonal_1_stock_price":2.0276355743408203,"final_predicted_stock_price":178.5767822265625,"real_trend_stock_price":167.5354913342489,"predicted_seasonal_2_stock_price":3.43867826461792,"trend_train_loss":0.6739923458590227,"seasonal_3_train_loss":0.35907433903982156}