{"_step":1750,"real_seasonal_2_stock_price":9.133506613685963,"Runtime (seconds)":2089.16734457016,"depth":4,"mae":18.488372802734375,"mse":341.81992889288813,"trend_train_loss":0.005525036510857039,"seasonal_1_train_loss":0.000138099259574032,"real_stock_price":248.0500030517578,"seasonal_2_valid_loss":0.002116013318300247,"predicted_seasonal_0_stock_price":3.750972270965576,"real_seasonal_1_stock_price":-0.30348376941092303,"_wandb":{"runtime":24700},"seasonal_1_valid_loss":0.0008357638291393717,"AAPL Stock Price Prediction by iTransformer":{"path":"media/images/AAPL Stock Price Prediction by iTransformer_1749_5ef17cf2f1c04eafce67.png","format":"png","width":1000,"height":600,"_type":"image-file","sha256":"5ef17cf2f1c04eafce67c327b5fceed0556ec402f3cfdab32ef7cb8b434f56b5","size":48977},"seasonal_3_valid_loss":0.008574089966714382,"real_trend_stock_price":218.45358140914067,"predicted_seasonal_3_stock_price":3.12394380569458,"final_predicted_stock_price":229.56163024902344,"resid_valid_loss":0.02130578042947602,"real_seasonal_0_stock_price":3.4022387732629156,"dim":128,"rmse":18.488372802734375,"predicted_seasonal_2_stock_price":9.632939338684082,"predicted_seasonal_1_stock_price":1.1832536458969116,"real_seasonal_3_stock_price":4.0546707989371145,"real_resid_stock_price":13.309489226142063,"resid_train_loss":0.014495032903869817,"seasonal_0_valid_loss":0.0022768227150663733,"predicted_resid_stock_price":12.40218448638916,"trend_valid_loss":0.05531169846653938,"_timestamp":1.7372332184925768e+09,"periods":[252,504,756,1260],"seasonal_0_train_loss":0.0006341409295403645,"seasonal_3_train_loss":0.008419009550153468,"seasonal_2_train_loss":0.0037048038862055686,"_runtime":24700.024123238,"predicted_trend_stock_price":199.46832275390625}