{"periods":[252,504,756,1260],"Runtime (seconds)":5.543752193450928,"predicted_resid_stock_price":-3.409390449523926,"real_seasonal_3_stock_price":9.210042698987007,"trend_valid_loss":0.43574625014820517,"mse":6499.878855288029,"resid_valid_loss":1.5371312355394844,"seasonal_2_valid_loss":1.561403899670415,"seasonal_1_train_loss":0.6130050303980609,"AMZN Stock Price Prediction by iTransformer":{"_type":"image-file","sha256":"c2c517eef7f439e8ac96cd6ad4702223024c270e903f7c665929a79315febb8b","size":46118,"path":"media/images/AMZN Stock Price Prediction by iTransformer_8_c2c517eef7f439e8ac96.png","format":"png","width":1000,"height":600},"depth":4,"predicted_seasonal_2_stock_price":30.40103530883789,"seasonal_1_valid_loss":0.23369414247525444,"predicted_trend_stock_price":115.35092163085938,"real_seasonal_0_stock_price":-6.886692248923765,"seasonal_0_train_loss":0.6489833368209327,"seasonal_3_valid_loss":1.0690354864771774,"_step":9,"real_resid_stock_price":30.052430487608945,"resid_train_loss":2.0649600259157825,"predicted_seasonal_0_stock_price":-4.204381465911865,"seasonal_0_valid_loss":0.6557804050948571,"real_seasonal_2_stock_price":16.307195141839433,"seasonal_3_train_loss":0.9784619071598136,"rmse":80.621826171875,"mae":80.621826171875,"real_trend_stock_price":167.5354913342489,"real_seasonal_1_stock_price":2.721535027645758,"trend_train_loss":0.14950975625346175,"final_predicted_stock_price":138.31817626953125,"predicted_seasonal_3_stock_price":-1.4165184497833252,"_wandb":{"runtime":12},"_runtime":12.613160388,"seasonal_2_train_loss":0.7538489085098978,"real_stock_price":218.94000244140625,"_timestamp":1.7367564172707767e+09,"dim":128,"predicted_seasonal_1_stock_price":1.5965172052383423}