{"mse":4956.266563072801,"real_stock_price":218.94000244140625,"predicted_seasonal_2_stock_price":-1.799566626548767,"predicted_seasonal_1_stock_price":-2.0495221614837646,"AMZN Stock Price Prediction by iTransformer":{"height":600,"_type":"image-file","sha256":"de179f1e98470af5286efc180d7aacfea8884a42c1025f0afc12ab942c4893bb","size":48822,"path":"media/images/AMZN Stock Price Prediction by iTransformer_8_de179f1e98470af5286e.png","format":"png","width":1000},"seasonal_2_train_loss":1.2251517986878753,"trend_valid_loss":0.030512358568891694,"_timestamp":1.7367427358463008e+09,"trend_train_loss":0.07365194126884504,"final_predicted_stock_price":148.53924560546875,"predicted_trend_stock_price":171.89089965820312,"real_trend_stock_price":167.5354913342489,"real_resid_stock_price":30.052430487608945,"Runtime (seconds)":5.60524582862854,"_step":9,"mae":70.4007568359375,"resid_valid_loss":2.1760697049534974,"real_seasonal_3_stock_price":9.210042698987007,"seasonal_3_train_loss":1.5064902941298763,"seasonal_0_valid_loss":0.18652210303214417,"_runtime":11.879613632,"seasonal_0_train_loss":0.3470641326014824,"predicted_resid_stock_price":-10.435966491699219,"depth":4,"predicted_seasonal_3_stock_price":-3.728308916091919,"real_seasonal_0_stock_price":-6.886692248923765,"rmse":70.4007568359375,"real_seasonal_1_stock_price":2.721535027645758,"seasonal_2_valid_loss":1.8784596533388704,"seasonal_3_valid_loss":1.2037904769740002,"dim":128,"resid_train_loss":1.836071446261149,"seasonal_1_train_loss":1.222746903351992,"seasonal_1_valid_loss":1.0346431246377472,"_wandb":{"runtime":11},"real_seasonal_2_stock_price":16.307195141839433,"predicted_seasonal_0_stock_price":-5.338301181793213,"periods":[252,504,756,1260]}