{"seasonal_2_train_loss":0.3685864328566849,"predicted_seasonal_3_stock_price":5.037075996398926,"real_resid_stock_price":9.0556958375266,"mae":98.12628173828125,"periods":[252,504,756,1260],"trend_train_loss":0.18444542701538924,"seasonal_1_valid_loss":0.16257130976039838,"final_predicted_stock_price":138.72372436523438,"seasonal_0_valid_loss":1.1588518121005857,"real_seasonal_1_stock_price":-3.1406753635112605,"seasonal_2_valid_loss":0.1745710178758159,"predicted_seasonal_1_stock_price":-3.092992067337036,"AAPL Stock Price Prediction by iTransformer":{"size":46905,"path":"media/images/AAPL Stock Price Prediction by iTransformer_8_bba3725cd97945fa81ae.png","format":"png","width":1000,"height":600,"_type":"image-file","sha256":"bba3725cd97945fa81aeff50782fcdf37e188c3cfb3065d6c3a99b8c658e4317"},"mse":9628.767167780548,"predicted_trend_stock_price":124.9774398803711,"real_trend_stock_price":221.26011140491852,"_wandb":{"runtime":12},"predicted_seasonal_0_stock_price":0.308475524187088,"seasonal_0_train_loss":0.5903450604162964,"real_seasonal_0_stock_price":-2.336383300886832,"predicted_seasonal_2_stock_price":5.275749206542969,"real_seasonal_3_stock_price":4.670784129043406,"predicted_resid_stock_price":6.2179718017578125,"_timestamp":1.736738295471134e+09,"dim":128,"_step":9,"rmse":98.12628173828125,"resid_valid_loss":0.508914046435012,"seasonal_1_train_loss":0.5534468748014989,"real_stock_price":236.85000610351562,"seasonal_3_train_loss":0.4943439877033234,"_runtime":12.3329119,"seasonal_3_valid_loss":0.15808034245027855,"Runtime (seconds)":6.183643341064453,"resid_train_loss":0.30618463836554854,"trend_valid_loss":1.6743412174919778,"real_seasonal_2_stock_price":7.340473396425215,"depth":4}