{"dim":128,"seasonal_0_train_loss":0.1850896107380168,"predicted_seasonal_2_stock_price":14.800436973571777,"rmse":54.92369079589844,"_runtime":10.515311968,"predicted_resid_stock_price":4.12419319152832,"trend_train_loss":0.13024187119298414,"trend_valid_loss":0.02772300657701144,"AMZN Stock Price Prediction by iTransformer":{"sha256":"4c87f91199e493ac411a97c3fc36038f731569ec24384e9788faa26bf7ee784a","size":48225,"path":"media/images/AMZN Stock Price Prediction by iTransformer_8_4c87f91199e493ac411a.png","format":"png","width":1000,"height":600,"_type":"image-file"},"resid_train_loss":1.2970673603371787,"_wandb":{"runtime":10},"seasonal_3_valid_loss":0.22698252149426137,"real_stock_price":218.94000244140625,"_timestamp":1.736711214312826e+09,"predicted_seasonal_1_stock_price":-2.361567258834839,"mse":3016.6118106434587,"depth":4,"real_seasonal_0_stock_price":-6.886692248923765,"seasonal_2_train_loss":0.44735592000630603,"resid_valid_loss":1.5740699108950709,"final_predicted_stock_price":164.0163116455078,"predicted_trend_stock_price":151.76708984375,"seasonal_0_valid_loss":0.27992222413241147,"seasonal_1_valid_loss":1.030288457422328,"real_seasonal_3_stock_price":9.210042698987007,"periods":[252,504,756,1260],"mae":54.92369079589844,"Runtime (seconds)":4.728278875350952,"real_trend_stock_price":167.5354913342489,"seasonal_1_train_loss":0.9428179613707542,"real_seasonal_2_stock_price":16.307195141839433,"real_resid_stock_price":30.052430487608945,"seasonal_2_valid_loss":0.07494262041241187,"real_seasonal_1_stock_price":2.721535027645758,"seasonal_3_train_loss":0.8656128156029783,"_step":9,"predicted_seasonal_0_stock_price":-9.268601417541504,"predicted_seasonal_3_stock_price":4.954771041870117}