{"seasonal_2_train_loss":0.04202700864054321,"predicted_seasonal_3_stock_price":-6.680266474750409,"trend_train_loss":0.044593369833163386,"_runtime":2198.2813181,"seasonal_3_valid_loss":0.028448900849115652,"seasonal_3_train_loss":0.022027894503822396,"_wandb":{"runtime":2198},"real_seasonal_1_stock_price":-2.7533349940908782,"seasonal_1_train_loss":0.019811760875329907,"predicted_trend_stock_price":162.22811759700153,"resid_valid_loss":0.0568076064754389,"real_seasonal_2_stock_price":-1.748972260932262,"AMZN Stock Price Prediction (STL)":{"height":600,"_type":"image-file","sha256":"dde872cdcb0cd61e1308d6d3989154b66f74eb0daf38cbbb29d30ed5dea8c38f","size":57367,"path":"media/images/AMZN Stock Price Prediction (STL)_2046_dde872cdcb0cd61e1308.png","format":"png","width":1000},"real_trend_stock_price":163.36755022916904,"predicted_seasonal_1_stock_price":-3.039518002748986,"seasonal_0_train_loss":0.037181000268722925,"final_predicted_stock_price":118.02044861986886,"real_seasonal_0_stock_price":2.465493790090666,"_timestamp":1.7339356645769534e+09,"seasonal_1_valid_loss":0.04330211640758948,"real_seasonal_3_stock_price":-8.604358973138721,"trend_valid_loss":0.03624828904867172,"seasonal_2_valid_loss":0.030307160690426826,"predicted_seasonal_2_stock_price":-2.001865769393687,"seasonal_0_valid_loss":0.034207896515727046,"predicted_resid_stock_price":-35.158489835420674,"resid_train_loss":0.04611914139150648,"Runtime (seconds)":2194.6726388931274,"_step":2047,"real_resid_stock_price":-32.1463759600432,"predicted_seasonal_0_stock_price":2.6724711051810868}