{"trend_train_loss":0.4684391068087684,"trend_valid_loss":0.9373136162757874,"real_resid_stock_price":30.052430487608945,"seasonal_2_valid_loss":3.0115358793447093,"seasonal_2_train_loss":3.3001007458112284,"real_seasonal_1_stock_price":2.721535027645758,"real_stock_price":218.94000244140625,"seasonal_1_valid_loss":0.8818088417781533,"real_seasonal_3_stock_price":9.210042698987007,"seasonal_1_train_loss":0.9135313576192652,"predicted_seasonal_0_stock_price":-5.803179740905762,"_timestamp":1.7367250587802174e+09,"mae":68.04974365234375,"final_predicted_stock_price":150.8902587890625,"predicted_trend_stock_price":117.81777954101562,"mse":4630.7676111496985,"periods":[252,504,756,1260],"predicted_resid_stock_price":14.689803123474121,"resid_valid_loss":0.7087791356402384,"seasonal_3_train_loss":0.5722043943110148,"seasonal_0_valid_loss":0.39128172239090536,"real_trend_stock_price":167.5354913342489,"dim":128,"_wandb":{"runtime":13},"seasonal_0_train_loss":0.6769047311418052,"depth":4,"_runtime":13.313437803,"AMZN Stock Price Prediction by iTransformer":{"width":1000,"height":600,"_type":"image-file","sha256":"10ceefc3295e56fe6ba36a39e71ceed525c861754030b49b066c29d84b21eb35","size":48857,"path":"media/images/AMZN Stock Price Prediction by iTransformer_8_10ceefc3295e56fe6ba3.png","format":"png"},"_step":9,"rmse":68.04974365234375,"real_seasonal_2_stock_price":16.307195141839433,"predicted_seasonal_1_stock_price":-0.12873691320419312,"resid_train_loss":0.9406454515472964,"predicted_seasonal_2_stock_price":18.199737548828125,"real_seasonal_0_stock_price":-6.886692248923765,"seasonal_3_valid_loss":0.3517832592742084,"Runtime (seconds)":5.883776664733887,"predicted_seasonal_3_stock_price":6.1148457527160645}