{"seasonal_1_valid_loss":0.001626252361985416,"predicted_seasonal_2_stock_price":5.80471134185791,"_wandb":{"runtime":23312},"mse":238.9429294692818,"seasonal_2_train_loss":0.0017251766948876285,"real_stock_price":235.05999755859375,"mae":15.457778930664062,"depth":4,"resid_valid_loss":0.028140408918261528,"predicted_seasonal_3_stock_price":-0.2183753252029419,"real_resid_stock_price":8.820533062936278,"rmse":15.457778930664062,"_runtime":23312.4711641,"seasonal_3_valid_loss":0.006364197004586458,"seasonal_3_train_loss":0.005925227153737017,"_timestamp":1.7368317428542724e+09,"predicted_resid_stock_price":6.3880510330200195,"seasonal_1_train_loss":0.0003884233021510173,"real_seasonal_2_stock_price":6.9996877354969955,"real_seasonal_1_stock_price":1.0561523957158796,"predicted_seasonal_1_stock_price":0.32214581966400146,"Runtime (seconds)":1190.090737581253,"predicted_seasonal_0_stock_price":1.5045355558395386,"trend_train_loss":0.0025483193655916965,"predicted_trend_stock_price":205.8011474609375,"resid_train_loss":0.019439961228319834,"seasonal_0_valid_loss":0.001810163725167513,"periods":[252,504,756,1260],"_step":1516,"real_seasonal_0_stock_price":1.089715481064879,"final_predicted_stock_price":219.6022186279297,"AAPL Stock Price Prediction by iTransformer":{"sha256":"9b8dacfb9f33903ad0911cc2530444b2abafac447c89267fa4462b8488d75608","size":52499,"path":"media/images/AAPL Stock Price Prediction by iTransformer_1515_9b8dacfb9f33903ad091.png","format":"png","width":1000,"height":600,"_type":"image-file"},"real_seasonal_3_stock_price":1.491387709591237,"dim":128,"seasonal_2_valid_loss":0.0022361858282238245,"trend_valid_loss":0.020291246473789215,"real_trend_stock_price":215.6025211737885,"seasonal_0_train_loss":0.0006818823488824356}