{"trend_valid_loss":3.4737209926952017,"seasonal_2_train_loss":0.5106338284128742,"real_seasonal_0_stock_price":-6.886692248923765,"predicted_resid_stock_price":19.64780044555664,"dim":128,"trend_train_loss":2.3940800450399946,"predicted_seasonal_1_stock_price":1.2221102714538574,"_runtime":10.299366623,"real_trend_stock_price":167.5354913342489,"resid_valid_loss":0.7444554646869471,"depth":4,"seasonal_2_valid_loss":0.11040984411630181,"real_seasonal_1_stock_price":2.721535027645758,"_timestamp":1.7367329412843916e+09,"predicted_seasonal_3_stock_price":10.6305570602417,"periods":[252,504,756,1260],"final_predicted_stock_price":111.85212707519531,"Runtime (seconds)":5.671196460723877,"seasonal_0_valid_loss":2.4732393884750867,"real_seasonal_3_stock_price":9.210042698987007,"rmse":107.08787536621094,"resid_train_loss":0.4974307435053125,"mae":107.08787536621094,"mse":11467.813050449127,"predicted_trend_stock_price":64.29523468017578,"_wandb":{"runtime":10},"real_resid_stock_price":30.052430487608945,"seasonal_1_train_loss":0.7007444053520754,"real_seasonal_2_stock_price":16.307195141839433,"_step":9,"real_stock_price":218.94000244140625,"seasonal_1_valid_loss":0.5736706606272993,"seasonal_3_valid_loss":0.6034284833995287,"AMZN Stock Price Prediction by iTransformer":{"_type":"image-file","sha256":"675c3f2bb89cdda0d4684a87a80a62e3f7831b26a3d25afc6c1333a860ea333d","size":46273,"path":"media/images/AMZN Stock Price Prediction by iTransformer_8_675c3f2bb89cdda0d468.png","format":"png","width":1000,"height":600},"seasonal_0_train_loss":2.0519328296510246,"predicted_seasonal_2_stock_price":12.467758178710938,"predicted_seasonal_0_stock_price":3.5886785984039307,"seasonal_3_train_loss":0.9336037533309485}