{"predicted_seasonal_2_stock_price":11.960886001586914,"mse":1777.1995881760959,"predicted_seasonal_0_stock_price":-4.961686134338379,"seasonal_2_valid_loss":0.13101838529109955,"resid_valid_loss":1.3248782443445781,"real_seasonal_1_stock_price":2.721535027645758,"dim":128,"seasonal_1_train_loss":1.2755017467179377,"resid_train_loss":1.1134668048365979,"periods":[252,504,756,1260],"seasonal_3_train_loss":0.44715155956797514,"_timestamp":1.7367407128903935e+09,"AMZN Stock Price Prediction by iTransformer":{"sha256":"ad95025b06102f494437f79573fee4b568f7ef38255c7af2b025ec376bee38f0","size":48464,"path":"media/images/AMZN Stock Price Prediction by iTransformer_8_ad95025b06102f494437.png","format":"png","width":1000,"height":600,"_type":"image-file"},"seasonal_0_train_loss":0.7164105701619108,"_step":9,"real_seasonal_0_stock_price":-6.886692248923765,"real_seasonal_3_stock_price":9.210042698987007,"Runtime (seconds)":6.787693977355957,"_wandb":{"runtime":14},"seasonal_0_valid_loss":0.7040868244673076,"seasonal_2_train_loss":0.34482817351818085,"predicted_trend_stock_price":163.8607177734375,"_runtime":14.015479547,"trend_train_loss":0.50210320401486,"trend_valid_loss":0.007096772565383394,"seasonal_1_valid_loss":1.2511978860662765,"real_trend_stock_price":167.5354913342489,"real_seasonal_2_stock_price":16.307195141839433,"seasonal_3_valid_loss":0.1754867555407867,"mae":42.15684509277344,"real_stock_price":218.94000244140625,"final_predicted_stock_price":176.7831573486328,"predicted_seasonal_1_stock_price":-2.1330809593200684,"predicted_seasonal_3_stock_price":6.315418720245361,"rmse":42.15684509277344,"predicted_resid_stock_price":1.7409130334854126,"depth":4,"real_resid_stock_price":30.052430487608945}