{"seasonal_2_train_loss":0.6281291565598821,"real_seasonal_1_stock_price":2.721535027645758,"seasonal_0_valid_loss":0.48470240205178466,"predicted_seasonal_0_stock_price":-6.519758701324463,"predicted_trend_stock_price":156.17868041992188,"rmse":47.32911682128906,"mse":2240.0452990832273,"depth":4,"AMZN Stock Price Prediction by iTransformer":{"format":"png","width":1000,"height":600,"_type":"image-file","sha256":"e91485412deb0b5d52f292310989e1bdd4ae9ea103f21aba5bc7597d41e1dc82","size":48740,"path":"media/images/AMZN Stock Price Prediction by iTransformer_8_e91485412deb0b5d52f2.png"},"predicted_seasonal_3_stock_price":6.765167713165283,"seasonal_2_valid_loss":1.0519341230392456,"predicted_seasonal_1_stock_price":0.43288636207580566,"real_resid_stock_price":30.052430487608945,"Runtime (seconds)":7.694623231887817,"_timestamp":1.7367177021448157e+09,"_runtime":14.161553825,"dim":128,"mae":47.32911682128906,"seasonal_3_train_loss":0.466923352364687,"real_stock_price":218.94000244140625,"predicted_resid_stock_price":14.0035400390625,"_wandb":{"runtime":14},"seasonal_1_train_loss":0.6260061681325083,"seasonal_0_train_loss":0.5112242684747274,"final_predicted_stock_price":171.6108856201172,"real_trend_stock_price":167.5354913342489,"trend_train_loss":0.09940328458526876,"trend_valid_loss":0.012626946070476583,"resid_train_loss":0.6931461652856561,"seasonal_3_valid_loss":0.300318435680603,"predicted_seasonal_2_stock_price":0.7503701448440552,"real_seasonal_2_stock_price":16.307195141839433,"real_seasonal_0_stock_price":-6.886692248923765,"periods":[252,504,756,1260],"resid_valid_loss":0.24575144365863244,"_step":9,"real_seasonal_3_stock_price":9.210042698987007,"seasonal_1_valid_loss":0.34343263506889343}