{"resid_train_loss":1.6358309316905655,"real_seasonal_2_stock_price":7.340472670460322,"seasonal_2_valid_loss":0.2115015029247883,"real_seasonal_3_stock_price":4.670784947228444,"predicted_seasonal_1_stock_price":0.0051584988832473755,"_wandb":{"runtime":17},"_runtime":17.754175194,"predicted_seasonal_3_stock_price":5.231484889984131,"_timestamp":1.736753371374057e+09,"real_trend_stock_price":221.26011121688623,"seasonal_1_train_loss":1.026313681186277,"resid_valid_loss":1.911466862745776,"trend_train_loss":0.15048316168615689,"predicted_trend_stock_price":186.7432861328125,"AAPL Stock Price Prediction by iTransformer":{"size":48683,"path":"media/images/AAPL Stock Price Prediction by iTransformer_8_508e644915b701a59ef6.png","format":"png","width":1000,"height":600,"_type":"image-file","sha256":"508e644915b701a59ef64f48e1b01370cf406f780f4e26417ce7b3d7d2a1610f"},"seasonal_0_valid_loss":1.3247694505585565,"_step":9,"trend_valid_loss":0.19955068826675415,"real_resid_stock_price":9.055691853650018,"seasonal_2_train_loss":1.0830128669550318,"Runtime (seconds)":9.66947340965271,"predicted_seasonal_0_stock_price":1.299048662185669,"real_seasonal_1_stock_price":-3.1406789155375128,"periods":[252,504,756,1260],"seasonal_3_valid_loss":0.07293611542975649,"real_seasonal_0_stock_price":-2.336375669171861,"final_predicted_stock_price":195.65560913085938,"rmse":41.19439697265625,"real_stock_price":236.85000610351562,"seasonal_0_train_loss":0.6322670135635453,"mse":1696.9783419407904,"predicted_resid_stock_price":-4.6204094886779785,"seasonal_1_valid_loss":0.8609073775553564,"predicted_seasonal_2_stock_price":6.997032165527344,"depth":4,"seasonal_3_train_loss":0.3986188476188825,"mae":41.19439697265625,"dim":128}