{"Train Loss (Seasonal)":0.2193774629976685,"Validation Loss (Seasonal)":0.5497477141941346,"Validation Loss (Trend)":2.622587122674127,"Train Loss (Resid)":0.32105234349637496,"Validation Loss (Resid)":0.9895174535154139,"_runtime":13.383251106,"_step":0,"Train Loss (Trend)":1.1859063406615007,"_wandb":{"runtime":13},"_timestamp":1.7304707641142488e+09}