{"seasonal_2_train_loss":0.057498996680510235,"trend_valid_loss":0.03610043428265131,"real_seasonal_2_stock_price":0.482638300074819,"seasonal_3_valid_loss":0.026484725741194745,"depth":4,"_timestamp":1.7361917826340907e+09,"predicted_seasonal_2_stock_price":0.7177942395210266,"final_predicted_stock_price":194.37765502929688,"real_stock_price":201.4499969482422,"rmse":7.0723419189453125,"resid_valid_loss":0.03482882819307132,"mae":7.0723419189453125,"resid_train_loss":0.06485743871546427,"seasonal_3_train_loss":0.056370534215901505,"_step":1600,"seasonal_1_train_loss":0.08326809979541656,"predicted_seasonal_3_stock_price":-0.2696337103843689,"AMZN Stock Price Prediction by iTransformer":{"format":"png","width":1000,"height":600,"_type":"image-file","sha256":"c7ccc2191d2865126aad4617a23758cb6739294cdcfe445905b6b519b3f1c358","size":55062,"path":"media/images/AMZN Stock Price Prediction by iTransformer_1599_c7ccc2191d2865126aad.png"},"Runtime (seconds)":1514.775316476822,"trend_train_loss":0.07827718002147377,"real_trend_stock_price":192.21233326972362,"real_seasonal_3_stock_price":-1.1222804415372578,"predicted_seasonal_0_stock_price":-0.203776553273201,"real_seasonal_1_stock_price":-0.7883427164198439,"_wandb":{"runtime":25443},"seasonal_2_valid_loss":0.04350236430764198,"dim":128,"seasonal_0_valid_loss":0.06465610014023007,"periods":[63,126,252,504],"mse":50.018020218471065,"_runtime":25443.230098385,"seasonal_0_train_loss":0.0908972196229254,"predicted_resid_stock_price":10.804293632507324,"real_seasonal_0_stock_price":-1.7590078940581249,"real_resid_stock_price":12.424656430458981,"seasonal_1_valid_loss":0.048298592912478386,"predicted_seasonal_1_stock_price":-1.5324804782867432,"predicted_trend_stock_price":184.86148071289062}