{"real_resid_stock_price":9.055691833956246,"real_stock_price":236.85000610351562,"Runtime (seconds)":5.620173692703247,"seasonal_2_valid_loss":1.5373437706134663,"real_seasonal_2_stock_price":7.340471063991927,"resid_valid_loss":0.3513913004590361,"real_seasonal_0_stock_price":-2.3363809754382077,"seasonal_0_train_loss":0.3345834601948402,"periods":[252,504,756,1260],"trend_train_loss":0.10520543259145027,"depth":4,"predicted_trend_stock_price":150.73855590820312,"_wandb":{"runtime":10},"mae":81.16325378417969,"seasonal_1_train_loss":0.9295427881397328,"seasonal_2_train_loss":1.5845994506470145,"real_seasonal_1_stock_price":-3.1406754614535815,"trend_valid_loss":0.3154855090379715,"seasonal_0_valid_loss":0.2804607100346509,"predicted_seasonal_1_stock_price":-1.3991447687149048,"predicted_resid_stock_price":7.418490409851074,"_timestamp":1.7367503588475366e+09,"predicted_seasonal_0_stock_price":1.678331971168518,"predicted_seasonal_3_stock_price":-2.083749294281006,"resid_train_loss":0.4934783764896758,"predicted_seasonal_2_stock_price":-0.6657277941703796,"dim":128,"mse":6587.473764835158,"rmse":81.16325378417969,"seasonal_3_train_loss":1.0553924835447608,"real_seasonal_3_stock_price":4.670788429425663,"seasonal_1_valid_loss":0.8073576309648501,"_step":9,"_runtime":10.45131077,"seasonal_3_valid_loss":0.5264227215362631,"AAPL Stock Price Prediction by iTransformer":{"sha256":"53bbb1620920cfe398a952e3cbefe2f7a2eeafc85d5d13c41974f964f2b2715f","size":46580,"path":"media/images/AAPL Stock Price Prediction by iTransformer_8_53bbb1620920cfe398a9.png","format":"png","width":1000,"height":600,"_type":"image-file"},"real_trend_stock_price":221.26011121303355,"final_predicted_stock_price":155.68675231933594}