{"AMZN Stock Price Prediction by iTransformer":{"width":1000,"height":600,"_type":"image-file","sha256":"98b65ca5b9d234db531fea88333b62ec22e35087d4ba7485246c7dab64603ac6","size":48617,"path":"media/images/AMZN Stock Price Prediction by iTransformer_8_98b65ca5b9d234db531f.png","format":"png"},"rmse":61.367095947265625,"Runtime (seconds)":4.194447040557861,"seasonal_2_valid_loss":0.19749620051383973,"final_predicted_stock_price":157.57290649414062,"mse":3765.920465000905,"real_resid_stock_price":30.052430487608945,"seasonal_3_train_loss":1.2227867150620955,"periods":[252,504,756,1260],"seasonal_1_train_loss":0.7177445709975873,"predicted_seasonal_0_stock_price":-0.4894866347312927,"resid_train_loss":1.2615025589413382,"_step":9,"real_trend_stock_price":167.5354913342489,"trend_valid_loss":0.27487170983460685,"seasonal_2_train_loss":0.32177290321753543,"seasonal_0_train_loss":1.3033368704819517,"trend_train_loss":0.562743479670087,"_timestamp":1.736737131011063e+09,"real_seasonal_0_stock_price":-6.886692248923765,"real_seasonal_1_stock_price":2.721535027645758,"depth":4,"real_seasonal_2_stock_price":16.307195141839433,"dim":128,"seasonal_3_valid_loss":1.009584413676575,"mae":61.367095947265625,"predicted_seasonal_1_stock_price":3.7978456020355225,"predicted_trend_stock_price":122.94615173339844,"seasonal_0_valid_loss":1.292569007352696,"_wandb":{"runtime":9},"predicted_seasonal_3_stock_price":9.454051971435547,"predicted_resid_stock_price":9.593132019042969,"predicted_seasonal_2_stock_price":12.27120304107666,"_runtime":9.249053555,"seasonal_1_valid_loss":0.24250384496890035,"real_seasonal_3_stock_price":9.210042698987007,"real_stock_price":218.94000244140625,"resid_valid_loss":0.9798007011413574}