{"real_stock_price":236.85000610351562,"depth":4,"resid_valid_loss":0.897087023674863,"real_seasonal_3_stock_price":4.670785077048895,"seasonal_3_valid_loss":0.29073206525408146,"seasonal_1_train_loss":1.568536113867188,"seasonal_3_train_loss":1.2829413826709362,"predicted_seasonal_3_stock_price":13.985980033874512,"real_seasonal_2_stock_price":7.340471788621764,"trend_train_loss":0.08369372892334606,"_wandb":{"runtime":13},"seasonal_0_train_loss":0.8007832005635349,"real_trend_stock_price":221.26011227241526,"dim":128,"predicted_trend_stock_price":108.2168960571289,"rmse":109.7066421508789,"_runtime":13.547054968,"predicted_resid_stock_price":3.0401132106781006,"periods":[252,504,756,1260],"trend_valid_loss":0.9617158183753755,"real_seasonal_0_stock_price":-2.336381360797967,"final_predicted_stock_price":127.14336395263672,"real_seasonal_1_stock_price":-3.1406784835630233,"Runtime (seconds)":7.429421424865723,"predicted_seasonal_0_stock_price":0.047056734561920166,"predicted_seasonal_1_stock_price":0.6052342653274536,"real_resid_stock_price":9.055696809790703,"mae":109.7066421508789,"AAPL Stock Price Prediction by iTransformer":{"sha256":"ed10977de5898fa7dab4a3aea9e292106d1ed8c8e197e9d21569920b005393dc","size":46619,"path":"media/images/AAPL Stock Price Prediction by iTransformer_8_ed10977de5898fa7dab4.png","format":"png","width":1000,"height":600,"_type":"image-file"},"seasonal_2_train_loss":0.9984135900344976,"_step":9,"mse":12035.547332021,"predicted_seasonal_2_stock_price":1.2480818033218384,"resid_train_loss":0.5615573433661839,"seasonal_1_valid_loss":0.9857653379440308,"seasonal_2_valid_loss":0.6269121930670383,"_timestamp":1.7367288819849095e+09,"seasonal_0_valid_loss":1.9194100882970926}