{"real_resid_stock_price":9.055693903305439,"seasonal_3_valid_loss":1.5536375099335702,"real_seasonal_3_stock_price":4.670788112150695,"predicted_seasonal_1_stock_price":-0.26538407802581787,"trend_train_loss":0.05370834774598741,"_step":9,"predicted_resid_stock_price":5.225708961486816,"resid_train_loss":0.8381397330400175,"seasonal_2_train_loss":1.011605364472684,"real_seasonal_1_stock_price":-3.140678986132566,"seasonal_1_train_loss":0.8985977433408259,"predicted_seasonal_3_stock_price":22.386367797851562,"real_seasonal_0_stock_price":-2.33638083941791,"depth":4,"Runtime (seconds)":8.52522897720337,"seasonal_0_train_loss":0.945439340730077,"predicted_seasonal_2_stock_price":6.11206579208374,"seasonal_3_train_loss":1.3549906417527902,"periods":[252,504,756,1260],"real_seasonal_2_stock_price":7.340472021405675,"AAPL Stock Price Prediction by iTransformer":{"width":1000,"height":600,"_type":"image-file","sha256":"387ce70c9a8a43e0be8b8d4ecbfb39c1663b1d7cec8058fd989bdd6014957688","size":49977,"path":"media/images/AAPL Stock Price Prediction by iTransformer_8_387ce70c9a8a43e0be8b.png","format":"png"},"seasonal_0_valid_loss":2.1192067586005248,"real_trend_stock_price":221.2601118922043,"resid_valid_loss":0.47755027578307446,"predicted_trend_stock_price":204.93385314941406,"final_predicted_stock_price":237.391845703125,"real_stock_price":236.85000610351562,"trend_valid_loss":0.01969001238761894,"mae":0.541839599609375,"predicted_seasonal_0_stock_price":-1.0007659196853638,"_wandb":{"runtime":15},"_runtime":15.282359559,"rmse":0.541839599609375,"dim":128,"seasonal_2_valid_loss":0.12787654995918274,"mse":0.2935901517048478,"_timestamp":1.736757788112294e+09,"seasonal_1_valid_loss":0.8894617250410177}