{"_timestamp":1.7367854265663867e+09,"final_predicted_stock_price":115.16802215576172,"predicted_seasonal_0_stock_price":-0.10659636557102203,"periods":[252,504,756,1260],"Runtime (seconds)":9.003116846084595,"mae":127.8719711303711,"real_seasonal_0_stock_price":2.440900623400127,"mse":16351.241000766458,"dim":128,"resid_valid_loss":1.7620891096716176,"seasonal_3_valid_loss":0.4412087585966466,"seasonal_0_train_loss":1.3726424029935445,"real_stock_price":243.0399932861328,"predicted_seasonal_2_stock_price":-2.6271212100982666,"_step":9,"resid_train_loss":3.025341129486824,"seasonal_0_valid_loss":2.0478215466746006,"_wandb":{"runtime":18},"rmse":127.8719711303711,"_runtime":18.429428044,"predicted_trend_stock_price":122.41105651855469,"real_seasonal_3_stock_price":1.9247147880240703,"real_seasonal_1_stock_price":2.2250571116413695,"AAPL Stock Price Prediction by Transformer":{"sha256":"21b53d2fd95f1ce8cee60f4bd994f2ad1ecc8c6b669a582f1f3008da84e44961","size":54947,"path":"media/images/AAPL Stock Price Prediction by Transformer_8_21b53d2fd95f1ce8cee6.png","format":"png","width":1000,"height":600,"_type":"image-file"},"predicted_resid_stock_price":-5.859493732452393,"seasonal_1_train_loss":0.6128811553215383,"predicted_seasonal_3_stock_price":0.9424896836280823,"trend_train_loss":0.3021381982717965,"seasonal_1_valid_loss":0.09147670120000839,"real_resid_stock_price":12.219209928568205,"real_trend_stock_price":216.68747820232036,"real_seasonal_2_stock_price":7.54263263217868,"seasonal_3_train_loss":0.5364419324391515,"predicted_seasonal_1_stock_price":0.407690167427063,"depth":4,"seasonal_2_train_loss":1.8940137992156072,"seasonal_2_valid_loss":1.2441959299824454,"trend_valid_loss":0.7246780585772639}