{"depth":4,"resid_train_loss":0.015262364012919373,"real_resid_stock_price":14.447759188175013,"seasonal_0_train_loss":0.00044508859851259615,"real_stock_price":251.0399932861328,"_runtime":27256.031833817,"periods":[252,504,756,1260],"real_seasonal_3_stock_price":4.021293425135739,"seasonal_2_train_loss":0.0010758754426082122,"predicted_seasonal_1_stock_price":0.8134059906005859,"seasonal_3_valid_loss":0.000508747179992497,"predicted_seasonal_0_stock_price":2.5366475582122803,"_timestamp":1.7371818117328308e+09,"trend_valid_loss":0.0002351746318461003,"predicted_trend_stock_price":216.39581298828125,"_wandb":{"runtime":27256},"seasonal_1_train_loss":0.0003576972660836604,"mae":5.8681488037109375,"predicted_seasonal_3_stock_price":3.9218904972076416,"predicted_seasonal_2_stock_price":9.078516960144043,"rmse":5.8681488037109375,"real_seasonal_1_stock_price":1.341051009306806,"mse":34.43517038249411,"Runtime (seconds)":2529.6956520080566,"seasonal_2_valid_loss":0.0013033659685075887,"real_seasonal_2_stock_price":9.273246592319662,"final_predicted_stock_price":245.17184448242188,"seasonal_3_train_loss":0.0004935439920767805,"AAPL Stock Price Prediction by iTransformer":{"size":49064,"path":"media/images/AAPL Stock Price Prediction by iTransformer_1796_32a1b15d3144c4651d55.png","format":"png","width":1000,"height":600,"_type":"image-file","sha256":"32a1b15d3144c4651d55b22dfcec219bfa483e1d9ceaee22abdf26b18b580deb"},"trend_train_loss":0.00027472875592087284,"seasonal_1_valid_loss":0.0008633004617877305,"predicted_resid_stock_price":12.425565719604492,"dim":128,"real_trend_stock_price":218.04994945861117,"seasonal_0_valid_loss":0.0032602948161860553,"real_seasonal_0_stock_price":3.906693612584442,"_step":1797,"resid_valid_loss":0.024503272706956677}