{"real_resid_stock_price":9.055692127475083,"real_seasonal_3_stock_price":4.670784776016958,"seasonal_0_train_loss":0.45485186216178214,"trend_valid_loss":9.290895462036133,"seasonal_3_valid_loss":0.6660306886329408,"seasonal_1_train_loss":0.8499587565320923,"Runtime (seconds)":7.191370010375977,"real_seasonal_1_stock_price":-3.140673329567174,"real_seasonal_2_stock_price":7.340468837220863,"resid_valid_loss":1.0786862815641294,"trend_train_loss":3.207722046087007,"real_seasonal_0_stock_price":-2.33637789136142,"_step":9,"predicted_seasonal_3_stock_price":-3.679961681365967,"predicted_trend_stock_price":24.939220428466797,"mse":40807.56010572665,"seasonal_2_train_loss":0.988391928562597,"seasonal_3_train_loss":0.9348730340253849,"rmse":202.0088119506836,"seasonal_1_valid_loss":0.8133567613245685,"seasonal_2_valid_loss":0.3778042624826017,"_wandb":{"runtime":12},"dim":128,"seasonal_0_valid_loss":0.8927348171430537,"final_predicted_stock_price":34.84119415283203,"real_trend_stock_price":221.26011158373132,"predicted_resid_stock_price":4.001304626464844,"real_stock_price":236.85000610351562,"resid_train_loss":0.7938441910409655,"predicted_seasonal_2_stock_price":7.932560443878174,"predicted_seasonal_0_stock_price":1.780963659286499,"AAPL Stock Price Prediction by iTransformer":{"path":"media/images/AAPL Stock Price Prediction by iTransformer_8_d188e5705b78e0a544f7.png","format":"png","width":1000,"height":600,"_type":"image-file","sha256":"d188e5705b78e0a544f742d2ce1ee5821d880958c82134d7506eca7cc4028e2d","size":44515},"_runtime":12.509289118,"predicted_seasonal_1_stock_price":-0.13289344310760498,"periods":[252,504,756,1260],"depth":4,"mae":202.0088119506836,"_timestamp":1.7367424247340486e+09}