{"dim":128,"real_resid_stock_price":30.052430487608945,"seasonal_1_train_loss":1.1626619236550357,"predicted_seasonal_3_stock_price":13.41007137298584,"rmse":16.741119384765625,"_timestamp":1.7367463070251288e+09,"seasonal_3_train_loss":0.6449353997934809,"seasonal_3_valid_loss":0.4011916198049273,"Runtime (seconds)":4.7553627490997314,"predicted_resid_stock_price":16.196292877197266,"real_trend_stock_price":167.5354913342489,"_wandb":{"runtime":10},"seasonal_0_valid_loss":0.8618344109633873,"mae":16.741119384765625,"predicted_seasonal_0_stock_price":-2.481138229370117,"real_seasonal_2_stock_price":16.307195141839433,"periods":[252,504,756,1260],"real_seasonal_1_stock_price":2.721535027645758,"real_seasonal_0_stock_price":-6.886692248923765,"real_seasonal_3_stock_price":9.210042698987007,"predicted_seasonal_1_stock_price":2.8213138580322266,"trend_valid_loss":0.012015395504356173,"_step":9,"seasonal_2_valid_loss":0.13545134626613317,"predicted_trend_stock_price":157.0845947265625,"real_stock_price":218.94000244140625,"trend_train_loss":0.13426767815274687,"AMZN Stock Price Prediction by iTransformer":{"path":"media/images/AMZN Stock Price Prediction by iTransformer_8_360b84dfb8fafee87b41.png","format":"png","width":1000,"height":600,"_type":"image-file","sha256":"360b84dfb8fafee87b414aabb3657ecb43034e47de4eb9b8a6d2221af16d10aa","size":50677},"predicted_seasonal_2_stock_price":15.167750358581543,"seasonal_0_train_loss":0.7402009461458814,"resid_train_loss":1.857366921419793,"final_predicted_stock_price":202.19888305664062,"_runtime":10.261903992,"seasonal_1_valid_loss":0.35494731499581533,"mse":280.2650782549754,"depth":4,"seasonal_2_train_loss":0.905958749028638,"resid_valid_loss":1.3122817569179221}