{"predicted_trend_stock_price":115.3240966796875,"seasonal_3_valid_loss":0.49667482174836197,"predicted_seasonal_3_stock_price":-5.076154708862305,"real_seasonal_2_stock_price":16.307195141839433,"_timestamp":1.736748343635977e+09,"rmse":97.1580581665039,"mae":97.1580581665039,"_wandb":{"runtime":14},"predicted_seasonal_0_stock_price":-7.626490116119385,"resid_valid_loss":0.5901844203472137,"dim":128,"_step":9,"_runtime":14.123269231,"predicted_resid_stock_price":6.230827331542969,"seasonal_0_train_loss":0.39071512238345996,"trend_train_loss":0.15177913908769908,"Runtime (seconds)":6.665077447891235,"seasonal_1_train_loss":0.5159143575489274,"final_predicted_stock_price":121.78194427490234,"real_resid_stock_price":30.052430487608945,"predicted_seasonal_1_stock_price":2.978651285171509,"real_trend_stock_price":167.5354913342489,"seasonal_1_valid_loss":0.15894855036044386,"trend_valid_loss":0.5774177175868923,"seasonal_2_train_loss":0.2736780574362444,"seasonal_0_valid_loss":0.20346740752458572,"real_seasonal_3_stock_price":9.210042698987007,"AMZN Stock Price Prediction by iTransformer":{"format":"png","width":1000,"height":600,"_type":"image-file","sha256":"66a3b0f4d275463e981932745dc3cbf6f16f30037996006c97049af844fd677d","size":46543,"path":"media/images/AMZN Stock Price Prediction by iTransformer_8_66a3b0f4d275463e9819.png"},"seasonal_3_train_loss":1.1881916289753902,"depth":4,"real_seasonal_0_stock_price":-6.886692248923765,"real_seasonal_1_stock_price":2.721535027645758,"real_stock_price":218.94000244140625,"mse":9439.688266685756,"predicted_seasonal_2_stock_price":9.951014518737793,"seasonal_2_valid_loss":0.12513003007621865,"periods":[252,504,756,1260],"resid_train_loss":0.6161053955715478}