{"real_seasonal_0_stock_price":-6.886692248923765,"mae":66.13882446289062,"seasonal_1_train_loss":0.5879654806612337,"predicted_seasonal_1_stock_price":4.629879951477051,"resid_train_loss":0.40011938550895637,"AMZN Stock Price Prediction by iTransformer":{"size":48931,"path":"media/images/AMZN Stock Price Prediction by iTransformer_8_a5b3b17b994e3b1e9f4b.png","format":"png","width":1000,"height":600,"_type":"image-file","sha256":"a5b3b17b994e3b1e9f4b7e457ef2c76b0476990ec9c0e8b7bf9cfebac2963bb3"},"_step":9,"real_seasonal_3_stock_price":9.210042698987007,"mse":4374.344101333059,"seasonal_2_train_loss":4.226317046715225,"seasonal_0_train_loss":1.054954368643418,"depth":4,"seasonal_3_train_loss":0.3103096818789819,"real_trend_stock_price":167.5354913342489,"seasonal_0_valid_loss":1.2052340197152105,"_timestamp":1.7367071654107852e+09,"real_stock_price":218.94000244140625,"predicted_trend_stock_price":135.44247436523438,"seasonal_3_valid_loss":0.2515572724236992,"resid_valid_loss":0.7735742330551147,"predicted_seasonal_3_stock_price":15.132980346679688,"Runtime (seconds)":4.650676012039185,"real_seasonal_1_stock_price":2.721535027645758,"predicted_seasonal_2_stock_price":-11.968303680419922,"predicted_seasonal_0_stock_price":-1.141450047492981,"final_predicted_stock_price":152.80117797851562,"real_resid_stock_price":30.052430487608945,"real_seasonal_2_stock_price":16.307195141839433,"seasonal_1_valid_loss":0.3644472366364306,"dim":128,"trend_train_loss":0.15382984065033722,"periods":[252,504,756,1260],"_wandb":{"runtime":9},"trend_valid_loss":0.31578096747398376,"seasonal_2_valid_loss":4.0145967916294945,"predicted_resid_stock_price":10.705592155456543,"_runtime":9.355516524,"rmse":66.13882446289062}