{"seasonal_2_valid_loss":1.604348166235562,"trend_valid_loss":0.5041279216607412,"seasonal_2_train_loss":0.945099830446288,"_step":9,"seasonal_3_valid_loss":0.7483456769609839,"predicted_seasonal_0_stock_price":0.43468791246414185,"real_trend_stock_price":167.5354913342489,"resid_train_loss":0.9360628696470537,"real_seasonal_1_stock_price":2.721535027645758,"real_seasonal_3_stock_price":9.210042698987007,"Runtime (seconds)":5.643038034439087,"predicted_trend_stock_price":119.84738159179688,"predicted_seasonal_1_stock_price":0.49769091606140137,"_timestamp":1.7367411692724795e+09,"periods":[252,504,756,1260],"depth":4,"mse":8808.416519109393,"real_seasonal_2_stock_price":16.307195141839433,"seasonal_1_valid_loss":0.7694144082420012,"predicted_resid_stock_price":4.202054023742676,"resid_valid_loss":0.6339487518583026,"final_predicted_stock_price":125.08683776855469,"seasonal_0_valid_loss":2.0318916951093757,"AMZN Stock Price Prediction by iTransformer":{"format":"png","width":1000,"height":600,"_type":"image-file","sha256":"6d0cb34a99ab84913ec5dc2417268f9bf42349b4636cdf0e6e640ca3b2e28edd","size":46483,"path":"media/images/AMZN Stock Price Prediction by iTransformer_8_6d0cb34a99ab84913ec5.png"},"predicted_seasonal_3_stock_price":-0.9840789437294006,"dim":128,"seasonal_1_train_loss":0.6867509323418917,"trend_train_loss":0.23317842810255895,"mae":93.85316467285156,"seasonal_0_train_loss":1.7569879920273606,"real_stock_price":218.94000244140625,"real_resid_stock_price":30.052430487608945,"_runtime":12.164608474,"seasonal_3_train_loss":1.240835575954518,"rmse":93.85316467285156,"predicted_seasonal_2_stock_price":1.0891005992889404,"_wandb":{"runtime":12},"real_seasonal_0_stock_price":-6.886692248923765}