{"predicted_resid_stock_price":5.132783889770508,"real_trend_stock_price":221.2601122053756,"seasonal_0_train_loss":0.43044317341016336,"seasonal_1_train_loss":0.5988529562950134,"_wandb":{"runtime":10},"trend_train_loss":0.1482583516000268,"real_stock_price":236.85000610351562,"_runtime":10.857270283,"predicted_seasonal_1_stock_price":-3.2515978813171387,"resid_train_loss":0.45706221168723526,"seasonal_3_train_loss":1.2627930823226965,"periods":[252,504,756,1260],"rmse":83.137939453125,"seasonal_0_valid_loss":0.4033436334755526,"trend_valid_loss":0.6825067665962039,"Runtime (seconds)":5.132009267807007,"predicted_seasonal_2_stock_price":6.735392093658447,"predicted_seasonal_0_stock_price":1.0497313737869263,"predicted_seasonal_3_stock_price":1.9584050178527832,"real_seasonal_1_stock_price":-3.140675474177365,"real_seasonal_0_stock_price":-2.336369671622289,"mae":83.137939453125,"mse":6911.916976511478,"predicted_trend_stock_price":142.0873565673828,"AAPL Stock Price Prediction by iTransformer":{"height":600,"_type":"image-file","sha256":"1bd63ad9617239bf042108c7b9d6cf8c18342d07cef4d3bf0d25021fc5365f76","size":46532,"path":"media/images/AAPL Stock Price Prediction by iTransformer_8_1bd63ad9617239bf0421.png","format":"png","width":1000},"real_seasonal_2_stock_price":7.340466022832686,"depth":4,"_step":9,"real_resid_stock_price":9.055686660168647,"seasonal_2_valid_loss":0.681415474259703,"real_seasonal_3_stock_price":4.670786360938348,"seasonal_2_train_loss":0.6796417102782519,"resid_valid_loss":0.467181707789277,"final_predicted_stock_price":153.71206665039062,"seasonal_3_valid_loss":0.9125356919668278,"dim":128,"seasonal_1_valid_loss":0.24500466821791975,"_timestamp":1.7367515616591392e+09}