{"AAPL Stock Price Prediction by iTransformer":{"width":1000,"height":600,"_type":"image-file","sha256":"9ba0ec007992fb63b814d04406e74f99673bdb7cadadf57a0c85b7d6fefa980d","size":44639,"path":"media/images/AAPL Stock Price Prediction by iTransformer_8_9ba0ec007992fb63b814.png","format":"png"},"_runtime":16.680620876,"final_predicted_stock_price":36.551387786865234,"real_seasonal_2_stock_price":7.340473033869785,"seasonal_2_valid_loss":0.5490271657705307,"predicted_resid_stock_price":5.865124702453613,"trend_train_loss":1.98302021369697,"seasonal_0_train_loss":0.27590438092173075,"real_resid_stock_price":9.055693666841222,"seasonal_1_valid_loss":0.20386373775586644,"resid_valid_loss":0.3893814031535664,"real_trend_stock_price":221.26011194200575,"real_seasonal_0_stock_price":-2.3363849225180733,"predicted_seasonal_3_stock_price":1.7650737762451172,"rmse":200.2986183166504,"predicted_seasonal_0_stock_price":1.5031774044036865,"resid_train_loss":0.34956276084011395,"mae":200.2986183166504,"seasonal_0_valid_loss":0.39951367296454593,"predicted_seasonal_1_stock_price":-2.706601619720459,"trend_valid_loss":7.035067341245454,"dim":128,"_wandb":{"runtime":16},"seasonal_2_train_loss":1.416653032714972,"depth":4,"_timestamp":1.7367288431237023e+09,"_step":9,"mse":40119.536499559195,"predicted_trend_stock_price":29.694522857666016,"seasonal_1_train_loss":0.412762368880268,"real_stock_price":236.85000610351562,"predicted_seasonal_2_stock_price":0.43009260296821594,"Runtime (seconds)":8.252558708190918,"real_seasonal_1_stock_price":-3.140675162752649,"seasonal_3_train_loss":1.0563329628385345,"periods":[252,504,756,1260],"seasonal_3_valid_loss":0.3005055342306638,"real_seasonal_3_stock_price":4.670787546069603}