{"mae":31.5068359375,"valid_loss":0.10400767599285575,"depth":4,"_timestamp":1.7362094014755065e+09,"mse":992.6807107925415,"train_loss":0.0984531368647613,"dim":128,"_runtime":8911.055571228,"_wandb":{"runtime":8911},"real_stock_price":230.25999450683594,"AMZN Stock Price Prediction by Transformer(no MSTL)":{"sha256":"cb6e374b2ad884f06b50882808dba90210819b1f7fd329829ac32dd0514bf8a6","size":51796,"path":"media/images/AMZN Stock Price Prediction by Transformer(no MSTL)_301_cb6e374b2ad884f06b50.png","format":"png","width":1000,"height":600,"_type":"image-file"},"_step":302,"predicted_stock_price":198.75315856933594,"Runtime (seconds)":606.8999090194702,"r2_score":NaN,"rmse":31.5068359375}