{"mse":15905.7682135785,"_timestamp":1.7367202131973486e+09,"seasonal_2_valid_loss":0.3165974938555768,"real_seasonal_1_stock_price":2.721535027645758,"dim":128,"seasonal_0_train_loss":0.7823223846938245,"resid_valid_loss":0.2960923857005068,"_runtime":9.49718123,"seasonal_1_valid_loss":0.7199750259771185,"resid_train_loss":0.6736923231866844,"real_resid_stock_price":30.052430487608945,"real_stock_price":218.94000244140625,"predicted_seasonal_3_stock_price":2.723348617553711,"trend_train_loss":1.3069011043254646,"seasonal_2_train_loss":0.604372978627157,"final_predicted_stock_price":92.82192993164062,"real_seasonal_3_stock_price":9.210042698987007,"Runtime (seconds)":4.603838205337524,"predicted_seasonal_2_stock_price":8.907875061035156,"mae":126.11807250976562,"AMZN Stock Price Prediction by iTransformer":{"_type":"image-file","sha256":"56a51e36a72922dff7f09b8bf0f7abbaf8941c4db1cbae6a2bd9609b2ee9a0a8","size":46593,"path":"media/images/AMZN Stock Price Prediction by iTransformer_8_56a51e36a72922dff7f0.png","format":"png","width":1000,"height":600},"predicted_seasonal_1_stock_price":-0.38572078943252563,"_wandb":{"runtime":9},"real_seasonal_2_stock_price":16.307195141839433,"seasonal_3_valid_loss":0.8174034991300047,"seasonal_0_valid_loss":0.3453180491924286,"predicted_trend_stock_price":74.6716079711914,"real_seasonal_0_stock_price":-6.886692248923765,"seasonal_3_train_loss":1.0207563689903574,"rmse":126.11807250976562,"predicted_seasonal_0_stock_price":-3.507418155670166,"_step":9,"predicted_resid_stock_price":10.412235260009766,"periods":[252,504,756,1260],"seasonal_1_train_loss":0.8892488865547088,"depth":4,"trend_valid_loss":2.1963533948654907,"real_trend_stock_price":167.5354913342489}