{"final_predicted_stock_price":110.83113861083984,"predicted_resid_stock_price":7.820420742034912,"seasonal_3_train_loss":1.010987888456344,"seasonal_3_valid_loss":1.7167055904244384,"seasonal_1_train_loss":0.9661573298936096,"resid_valid_loss":0.4818372792805786,"real_seasonal_2_stock_price":16.307195141839433,"periods":[252,504,756,1260],"Runtime (seconds)":4.894629955291748,"real_seasonal_3_stock_price":9.210042698987007,"_step":9,"_wandb":{"runtime":11},"predicted_seasonal_2_stock_price":12.571375846862793,"predicted_trend_stock_price":87.75547790527344,"predicted_seasonal_1_stock_price":-0.12508699297904968,"trend_valid_loss":2.4332196712493896,"seasonal_0_valid_loss":0.2502025808732743,"resid_train_loss":0.5537832817510009,"seasonal_2_valid_loss":0.14628985027472177,"mse":11687.52643873595,"mae":108.1088638305664,"real_stock_price":218.94000244140625,"AMZN Stock Price Prediction by iTransformer":{"_type":"image-file","sha256":"ee2243810a5fa75e39981fb2af5bb250f836da1a03fd98cc57f24f04523ac784","size":46166,"path":"media/images/AMZN Stock Price Prediction by iTransformer_8_ee2243810a5fa75e3998.png","format":"png","width":1000,"height":600},"_runtime":11.250526671,"rmse":108.1088638305664,"real_seasonal_0_stock_price":-6.886692248923765,"predicted_seasonal_3_stock_price":7.970815658569336,"seasonal_2_train_loss":0.5300749454291802,"seasonal_0_train_loss":0.25428808145174997,"depth":4,"seasonal_1_valid_loss":1.0402962079569071,"_timestamp":1.7367250199113584e+09,"predicted_seasonal_0_stock_price":-5.161867618560791,"dim":128,"real_resid_stock_price":30.052430487608945,"real_trend_stock_price":167.5354913342489,"real_seasonal_1_stock_price":2.721535027645758,"trend_train_loss":1.021019391227691}