{"resid_valid_loss":0.27918301993294764,"seasonal_3_valid_loss":0.32898035645484924,"predicted_resid_stock_price":6.336513519287109,"real_stock_price":236.85000610351562,"Runtime (seconds)":6.434821128845215,"mae":90.78587341308594,"depth":4,"seasonal_1_train_loss":0.2813815377030205,"predicted_seasonal_1_stock_price":-2.745215654373169,"seasonal_0_valid_loss":0.3889576650494866,"_runtime":12.632101661,"seasonal_2_valid_loss":1.4675213098526,"real_seasonal_1_stock_price":-3.140680746612393,"trend_train_loss":0.08153173953727058,"predicted_seasonal_2_stock_price":-0.10459984838962555,"_step":9,"mse":8242.074811376864,"_wandb":{"runtime":12},"real_resid_stock_price":9.055694528395634,"trend_valid_loss":0.3654317392773577,"rmse":90.78587341308594,"seasonal_0_train_loss":0.36698690160367003,"real_seasonal_3_stock_price":4.670790034221541,"seasonal_3_train_loss":0.8454424055719783,"real_seasonal_2_stock_price":7.340473288292165,"predicted_seasonal_3_stock_price":-2.853041887283325,"predicted_seasonal_0_stock_price":1.9182937145233154,"periods":[252,504,756,1260],"seasonal_1_valid_loss":0.1296472073089881,"resid_train_loss":0.3695278912437872,"_timestamp":1.736747592964899e+09,"final_predicted_stock_price":146.0641326904297,"AAPL Stock Price Prediction by iTransformer":{"sha256":"2084dd42fe6ca8db6c963012b0f97c8ec5f3724373786fff7a48557597de339e","size":46340,"path":"media/images/AAPL Stock Price Prediction by iTransformer_8_2084dd42fe6ca8db6c96.png","format":"png","width":1000,"height":600,"_type":"image-file"},"real_trend_stock_price":221.26011145721478,"dim":128,"real_seasonal_0_stock_price":-2.3363824579961094,"predicted_trend_stock_price":143.51217651367188,"seasonal_2_train_loss":0.9869442559839989}