{"Apple Stock Price Prediction":{"format":"png","width":1000,"height":600,"_type":"image-file","sha256":"1e44c7271b05463debe887b2c0f022d069cfc612f35d0aedd169151609f3ddb7","size":55345,"path":"media/images/Apple Stock Price Prediction_10_1e44c7271b05463debe8.png"},"_timestamp":1.7287530388486125e+09,"_runtime":11.044801017,"_wandb":{"runtime":11},"Train Loss (Resid)":0.10173237618188154,"_step":11,"Runtime (seconds)":8.695946216583252,"Validation Loss (Resid)":0.12857904698116235,"Train Loss (Seasonal)":0.0870619333190436,"Validation Loss (Seasonal)":0.16940218497471637,"Validation Loss (Trend)":0.05907264526888548,"Train Loss (Trend)":0.044801185163212756}