{"predicted_seasonal_0_stock_price":2.3102285861968994,"seasonal_0_train_loss":0.27232727134398643,"real_stock_price":236.85000610351562,"_runtime":14.913829933,"mae":99.34597778320312,"seasonal_3_train_loss":0.848441214594682,"predicted_seasonal_2_stock_price":0.7452342510223389,"predicted_resid_stock_price":13.211861610412598,"seasonal_3_valid_loss":0.33967814330752816,"resid_train_loss":0.5204933744409636,"depth":4,"predicted_seasonal_3_stock_price":8.79133415222168,"seasonal_1_valid_loss":0.6487003690318057,"_step":9,"seasonal_1_train_loss":1.3920602834913975,"_timestamp":1.73671095847094e+09,"AAPL Stock Price Prediction by iTransformer":{"_type":"image-file","sha256":"a485c141718c01de262dea801bb8e047c71ed14858caf93350bb71d850ff228e","size":47034,"path":"media/images/AAPL Stock Price Prediction by iTransformer_8_a485c141718c01de262d.png","format":"png","width":1000,"height":600},"real_seasonal_2_stock_price":7.340472319007921,"seasonal_0_valid_loss":0.424220906742869,"seasonal_2_train_loss":0.9006426398502514,"predicted_seasonal_1_stock_price":-0.3773276209831238,"real_seasonal_1_stock_price":-3.140674712893092,"real_seasonal_3_stock_price":4.670782994103108,"_wandb":{"runtime":14},"real_trend_stock_price":221.26011187494507,"trend_valid_loss":1.392600805921988,"predicted_trend_stock_price":112.82269287109375,"dim":128,"Runtime (seconds)":7.597842216491699,"real_seasonal_0_stock_price":-2.3363801873142642,"real_resid_stock_price":9.05569381566687,"mse":9869.623301700689,"resid_valid_loss":0.5267420249741251,"rmse":99.34597778320312,"trend_train_loss":0.13727229498547594,"periods":[252,504,756,1260],"final_predicted_stock_price":137.5040283203125,"seasonal_2_valid_loss":0.6058684048223328}