{"_step":9,"seasonal_3_valid_loss":0.9268140664061021,"real_stock_price":218.94000244140625,"seasonal_3_train_loss":0.5396233613304574,"resid_train_loss":1.1397458971892298,"real_seasonal_0_stock_price":-6.886692248923765,"resid_valid_loss":1.436164498036983,"Runtime (seconds)":7.528526306152344,"predicted_seasonal_1_stock_price":2.8881399631500244,"_timestamp":1.7367158305736027e+09,"real_seasonal_1_stock_price":2.721535027645758,"periods":[252,504,756,1260],"_wandb":{"runtime":15},"real_seasonal_3_stock_price":9.210042698987007,"seasonal_2_valid_loss":0.17684749285925275,"trend_train_loss":3.1320528670971495,"predicted_seasonal_0_stock_price":-6.5919413566589355,"AMZN Stock Price Prediction by iTransformer":{"width":1000,"height":600,"_type":"image-file","sha256":"9235d273bc43f135fdd735a901778be3d3f004c073a8f162a0435214c07a27cf","size":47041,"path":"media/images/AMZN Stock Price Prediction by iTransformer_8_9235d273bc43f135fdd7.png","format":"png"},"seasonal_1_train_loss":0.3972819861549659,"predicted_trend_stock_price":46.3985710144043,"seasonal_1_valid_loss":0.12951189279556274,"final_predicted_stock_price":78.66949462890625,"mae":140.2705078125,"rmse":140.2705078125,"real_resid_stock_price":30.052430487608945,"seasonal_0_train_loss":0.35660743483790647,"trend_valid_loss":5.7079291343688965,"predicted_seasonal_3_stock_price":21.512670516967773,"depth":4,"predicted_resid_stock_price":1.2287408113479614,"predicted_seasonal_2_stock_price":13.233304977416992,"seasonal_0_valid_loss":0.3705271446870433,"real_trend_stock_price":167.5354913342489,"seasonal_2_train_loss":0.19703546979966377,"_runtime":15.674023321,"real_seasonal_2_stock_price":16.307195141839433,"dim":128,"mse":19675.815361976624}