{"rmse":69.81497192382812,"resid_valid_loss":2.0537643432617188,"mae":69.81497192382812,"seasonal_0_valid_loss":3.2621836161795463,"real_seasonal_0_stock_price":-2.3363738123609394,"seasonal_1_train_loss":0.6038734269597567,"seasonal_2_valid_loss":0.19690027832984924,"trend_valid_loss":0.5655303404788778,"real_seasonal_1_stock_price":-3.1406779918955294,"seasonal_2_train_loss":0.3791209581385447,"real_resid_stock_price":9.055685931641563,"real_stock_price":236.85000610351562,"_runtime":11.30977558,"periods":[252,504,756,1260],"mse":4874.130304724909,"_wandb":{"runtime":11},"AAPL Stock Price Prediction by iTransformer":{"path":"media/images/AAPL Stock Price Prediction by iTransformer_8_d1b04624e3fc72f4844b.png","format":"png","width":1000,"height":600,"_type":"image-file","sha256":"d1b04624e3fc72f4844bdcd605c4301b90f9f72bbf0ec0c4743dfa3d7553780c","size":46195},"predicted_seasonal_3_stock_price":-2.2708001136779785,"dim":128,"depth":4,"predicted_resid_stock_price":-2.183901071548462,"real_seasonal_2_stock_price":7.34047295373841,"seasonal_0_train_loss":1.966291174409458,"real_seasonal_3_stock_price":4.670787481837394,"predicted_seasonal_1_stock_price":-2.087257146835327,"real_trend_stock_price":221.26011154055476,"Runtime (seconds)":5.31710958480835,"seasonal_3_train_loss":2.2728720027471425,"seasonal_1_valid_loss":0.3972526490688324,"_step":9,"predicted_seasonal_2_stock_price":6.347564697265625,"predicted_trend_stock_price":168.04977416992188,"seasonal_3_valid_loss":2.6498682850814728,"resid_train_loss":1.3014495229430423,"final_predicted_stock_price":167.0350341796875,"trend_train_loss":0.2834155212154388,"predicted_seasonal_0_stock_price":-0.820361316204071,"_timestamp":1.736749530416329e+09}