{"dim":128,"periods":[252,504,756,1260],"predicted_seasonal_3_stock_price":-2.004779577255249,"Runtime (seconds)":7.696689128875732,"depth":4,"real_seasonal_3_stock_price":4.670783391819753,"_step":9,"AAPL Stock Price Prediction by iTransformer":{"size":47091,"path":"media/images/AAPL Stock Price Prediction by iTransformer_8_762544dc79459686e144.png","format":"png","width":1000,"height":600,"_type":"image-file","sha256":"762544dc79459686e144504bc716920a157c516a5afcb4d1dafed447743aca58"},"predicted_resid_stock_price":-8.881292343139648,"trend_train_loss":0.05227363490443655,"final_predicted_stock_price":137.55726623535156,"resid_valid_loss":2.2259502345568514,"_runtime":15.086642186,"predicted_seasonal_2_stock_price":-0.7774398922920227,"seasonal_3_valid_loss":2.6684788052797885,"real_resid_stock_price":9.055694654024279,"real_seasonal_2_stock_price":7.340472947049562,"predicted_seasonal_0_stock_price":1.3317979574203491,"_wandb":{"runtime":15},"seasonal_0_valid_loss":0.39282377899206916,"seasonal_1_train_loss":0.7477165576655022,"seasonal_2_train_loss":1.1179371375402958,"resid_train_loss":2.5289002092575714,"mae":99.29273986816406,"rmse":99.29273986816406,"real_seasonal_0_stock_price":-2.3363763523918637,"_timestamp":1.7367084655819526e+09,"real_seasonal_1_stock_price":-3.1406796404193265,"seasonal_2_valid_loss":1.0885275033387272,"predicted_seasonal_1_stock_price":-2.7719268798828125,"real_trend_stock_price":221.26011110343322,"real_stock_price":236.85000610351562,"seasonal_3_train_loss":1.9784082814009794,"mse":9859.048190526897,"seasonal_1_valid_loss":0.6983974742568876,"seasonal_0_train_loss":0.21454426272786015,"trend_valid_loss":0.3889183376070613,"predicted_trend_stock_price":150.660888671875}