{"predicted_seasonal_0_stock_price":-5.39703369140625,"final_predicted_stock_price":86.87384033203125,"real_resid_stock_price":30.052430487608945,"seasonal_2_train_loss":2.0560197841825967,"dim":128,"real_stock_price":218.94000244140625,"real_trend_stock_price":167.5354913342489,"resid_valid_loss":0.9099848784652411,"mae":132.066162109375,"predicted_seasonal_1_stock_price":3.383235454559326,"seasonal_0_train_loss":0.2164584555355786,"seasonal_1_valid_loss":1.2441912802187747,"predicted_resid_stock_price":8.410257339477539,"AMZN Stock Price Prediction by iTransformer":{"_type":"image-file","sha256":"6f0017d36bae2380d6790d061538ae636688c2de9d3d22dbff578111bbb74607","size":47204,"path":"media/images/AMZN Stock Price Prediction by iTransformer_8_6f0017d36bae2380d679.png","format":"png","width":1000,"height":600},"seasonal_3_train_loss":0.9651309040174232,"predicted_seasonal_3_stock_price":-0.150641530752182,"seasonal_1_train_loss":1.2926806814322764,"seasonal_0_valid_loss":0.26512177079916,"mse":17441.471174299717,"_step":9,"_runtime":10.402132613,"predicted_seasonal_2_stock_price":-3.7105631828308105,"resid_train_loss":0.3822345007355042,"real_seasonal_0_stock_price":-6.886692248923765,"trend_valid_loss":1.806430165230263,"seasonal_2_valid_loss":3.5053770542144775,"depth":4,"_wandb":{"runtime":10},"rmse":132.066162109375,"real_seasonal_1_stock_price":2.721535027645758,"periods":[252,504,756,1260],"predicted_trend_stock_price":84.33859252929688,"real_seasonal_2_stock_price":16.307195141839433,"Runtime (seconds)":4.351156949996948,"_timestamp":1.7367170921732168e+09,"real_seasonal_3_stock_price":9.210042698987007,"seasonal_3_valid_loss":0.49034684896469116,"trend_train_loss":0.9503340815250819}