{"seasonal_0_valid_loss":1.584128447672124,"real_stock_price":236.85000610351562,"real_trend_stock_price":221.26011124503677,"predicted_seasonal_0_stock_price":-1.1011635065078735,"real_seasonal_0_stock_price":-2.3363860686465747,"predicted_seasonal_3_stock_price":9.697726249694824,"dim":128,"_wandb":{"runtime":10},"predicted_resid_stock_price":-8.554622650146484,"AAPL Stock Price Prediction by iTransformer":{"path":"media/images/AAPL Stock Price Prediction by iTransformer_8_5fe63de4e5ec8a5f61ce.png","format":"png","width":1000,"height":600,"_type":"image-file","sha256":"5fe63de4e5ec8a5f61ceb0f229924a1800820c389375b0599854dff984788b9a","size":48889},"seasonal_3_valid_loss":0.38496554697408003,"seasonal_0_train_loss":0.8525795715470468,"seasonal_1_train_loss":1.5241550679734572,"predicted_seasonal_2_stock_price":5.428405284881592,"real_resid_stock_price":9.055698050126296,"real_seasonal_1_stock_price":-3.1406729250012524,"seasonal_2_train_loss":0.8414037360343047,"seasonal_2_valid_loss":0.25389733918793295,"_step":9,"final_predicted_stock_price":201.62254333496094,"real_seasonal_3_stock_price":4.6707826382446145,"mae":35.22746276855469,"resid_train_loss":3.0031093416868226,"depth":4,"periods":[252,504,756,1260],"_runtime":10.932488996,"resid_valid_loss":2.4685794921586353,"Runtime (seconds)":5.011485815048218,"trend_train_loss":0.14170733406470556,"predicted_seasonal_1_stock_price":0.4255223274230957,"real_seasonal_2_stock_price":7.340473163755753,"seasonal_3_train_loss":0.5635112811891171,"rmse":35.22746276855469,"mse":1240.9741331099067,"_timestamp":1.7367231759527407e+09,"trend_valid_loss":0.04081757327414585,"predicted_trend_stock_price":195.7266845703125,"seasonal_1_valid_loss":1.377126191080231}