{"real_seasonal_3_stock_price":4.670791751758607,"real_trend_stock_price":221.26011156805086,"seasonal_0_valid_loss":2.4289187170224746,"_step":9,"seasonal_1_train_loss":0.453883215765624,"real_stock_price":236.85000610351562,"seasonal_3_valid_loss":0.6290758977133548,"AAPL Stock Price Prediction by iTransformer":{"width":1000,"height":600,"_type":"image-file","sha256":"56a20c6f4f5144066f9d87316feca76ed407cca4f54fb1e9bbd0ac13f5cef4c3","size":44512,"path":"media/images/AAPL Stock Price Prediction by iTransformer_8_56a20c6f4f5144066f9d.png","format":"png"},"predicted_resid_stock_price":-1.8974483013153076,"real_seasonal_1_stock_price":-3.1406792183421595,"dim":128,"seasonal_3_train_loss":0.4756436885205085,"_timestamp":1.736736312426069e+09,"_wandb":{"runtime":11},"mse":36381.022083792835,"trend_train_loss":2.7812534582101556,"Runtime (seconds)":5.2554144859313965,"predicted_seasonal_2_stock_price":7.143080711364746,"seasonal_2_valid_loss":0.18522784361756287,"real_seasonal_2_stock_price":7.340471385294614,"trend_valid_loss":7.721881414714613,"real_seasonal_0_stock_price":-2.3363814062494357,"mae":190.73809814453125,"predicted_seasonal_3_stock_price":2.9205267429351807,"seasonal_1_valid_loss":0.20895368993282318,"real_resid_stock_price":9.05569202300316,"depth":4,"seasonal_2_train_loss":0.6605334976461289,"_runtime":11.233602081,"predicted_seasonal_0_stock_price":1.4589900970458984,"resid_valid_loss":1.0748929948777273,"resid_train_loss":1.3669975913675623,"rmse":190.73809814453125,"seasonal_0_train_loss":1.455323150463663,"periods":[252,504,756,1260],"predicted_seasonal_1_stock_price":-2.2103512287139893,"predicted_trend_stock_price":38.69710922241211,"final_predicted_stock_price":46.111907958984375}