{"seasonal_1_valid_loss":0.2828708303034605,"predicted_seasonal_1_stock_price":-1.137723933775302,"predicted_resid_stock_price":-26.55696400243208,"seasonal_3_train_loss":0.12455692492145237,"predicted_seasonal_0_stock_price":1.0989636762968316,"trend_train_loss":0.24092088077054757,"real_trend_stock_price":161.03402315617853,"predicted_trend_stock_price":138.309406278118,"seasonal_1_train_loss":0.11787542272538505,"real_seasonal_2_stock_price":-3.4891607947854943,"real_seasonal_0_stock_price":2.2796181726360274,"predicted_seasonal_2_stock_price":-8.625804773734275,"_wandb":{"runtime":32},"seasonal_2_train_loss":0.3858332317514518,"seasonal_0_train_loss":0.12750062856172126,"predicted_seasonal_3_stock_price":-11.30150770384277,"real_stock_price":120.58000183105469,"resid_train_loss":0.0798291354293468,"seasonal_2_valid_loss":0.5628249634897089,"real_resid_stock_price":-26.642270213266727,"AMZN Stock Price Prediction":{"sha256":"d5ecb212cf0bd9a2098387b60a07a9bd66a040fd40fc46a2ed583e997892a33a","size":41838,"path":"media/images/AMZN Stock Price Prediction_31_d5ecb212cf0bd9a20983.png","format":"png","width":1000,"height":600,"_type":"image-file"},"real_seasonal_1_stock_price":-1.4245467299089907,"_step":32,"_runtime":32.966177118,"real_seasonal_3_stock_price":-11.177661759798585,"seasonal_3_valid_loss":0.41487528239328836,"final_predicted_stock_price":91.78636954063037,"trend_valid_loss":0.7198092395958212,"Runtime (seconds)":30.199445247650146,"resid_valid_loss":0.2784483783878386,"_timestamp":1.7340755799832656e+09,"seasonal_0_valid_loss":0.3353498406751558}