{"_timestamp":1.7367119319513087e+09,"_runtime":10.560598,"mse":6326.091085877502,"predicted_seasonal_1_stock_price":-2.9232356548309326,"seasonal_0_valid_loss":1.7275509328714438,"predicted_trend_stock_price":136.87594604492188,"_wandb":{"runtime":10},"_step":9,"seasonal_3_train_loss":1.7914645667235012,"Runtime (seconds)":5.3565850257873535,"real_trend_stock_price":221.26011094876034,"real_resid_stock_price":9.05568886639216,"predicted_seasonal_3_stock_price":-1.158929467201233,"trend_train_loss":0.22428890559616385,"seasonal_0_train_loss":0.9020060249447684,"real_seasonal_0_stock_price":-2.336374184417985,"real_seasonal_3_stock_price":4.670787960446331,"depth":4,"resid_valid_loss":1.3342391313053668,"real_stock_price":236.85000610351562,"seasonal_1_valid_loss":0.27994322776794434,"seasonal_2_valid_loss":0.4486636519432068,"periods":[252,504,756,1260],"real_seasonal_1_stock_price":-3.1406768267573386,"dim":128,"rmse":79.53672790527344,"predicted_resid_stock_price":18.153432846069336,"seasonal_1_train_loss":0.3242783707715971,"predicted_seasonal_2_stock_price":4.2487688064575195,"final_predicted_stock_price":157.3132781982422,"resid_train_loss":1.5804575889490688,"trend_valid_loss":1.1213706409515336,"AAPL Stock Price Prediction by iTransformer":{"width":1000,"height":600,"_type":"image-file","sha256":"15c4985879758f92a023bbb90e52776aff89ec74ca235dcae0a23ee2afd332b7","size":46766,"path":"media/images/AAPL Stock Price Prediction by iTransformer_8_15c4985879758f92a023.png","format":"png"},"real_seasonal_2_stock_price":7.340469339092122,"predicted_seasonal_0_stock_price":2.117314577102661,"mae":79.53672790527344,"seasonal_2_train_loss":0.32847596929414014,"seasonal_3_valid_loss":0.44746738132089375}