{"real_resid_stock_price":30.052430487608945,"predicted_resid_stock_price":-3.247668743133545,"seasonal_0_valid_loss":1.1682543754577637,"predicted_seasonal_1_stock_price":-1.251192569732666,"mse":4441.229151607491,"periods":[252,504,756,1260],"Runtime (seconds)":5.06264591217041,"trend_valid_loss":0.04235685706000117,"rmse":66.64254760742188,"final_predicted_stock_price":152.29745483398438,"_wandb":{"runtime":10},"real_seasonal_2_stock_price":16.307195141839433,"dim":128,"real_stock_price":218.94000244140625,"_timestamp":1.7367408717650447e+09,"predicted_seasonal_0_stock_price":-1.3027136325836182,"seasonal_1_train_loss":1.756841097219656,"predicted_trend_stock_price":147.29164123535156,"seasonal_0_train_loss":1.136960886831213,"seasonal_3_valid_loss":0.1637968271970749,"seasonal_1_valid_loss":1.6400437355041504,"real_trend_stock_price":167.5354913342489,"_step":9,"seasonal_2_train_loss":0.7358988792511262,"seasonal_2_valid_loss":0.7411611082022672,"mae":66.64254760742188,"resid_valid_loss":1.9289097785949707,"real_seasonal_3_stock_price":9.210042698987007,"predicted_seasonal_2_stock_price":2.393183708190918,"seasonal_3_train_loss":1.2169587365291186,"predicted_seasonal_3_stock_price":8.414193153381348,"AMZN Stock Price Prediction by iTransformer":{"_type":"image-file","sha256":"1cef07f1ad14b57bdd881926fd2faed3044631712849744218d439018ccfd93a","size":48747,"path":"media/images/AMZN Stock Price Prediction by iTransformer_8_1cef07f1ad14b57bdd88.png","format":"png","width":1000,"height":600},"_runtime":10.456688929,"real_seasonal_1_stock_price":2.721535027645758,"real_seasonal_0_stock_price":-6.886692248923765,"depth":4,"resid_train_loss":1.5727519221718584,"trend_train_loss":0.15079195243596724}