{"_timestamp":1.736749200245176e+09,"seasonal_1_valid_loss":0.6037929964917047,"resid_train_loss":0.8325810650091493,"predicted_resid_stock_price":-3.201277732849121,"predicted_trend_stock_price":69.34941864013672,"dim":128,"real_stock_price":218.94000244140625,"real_seasonal_2_stock_price":16.307195141839433,"Runtime (seconds)":9.326464891433716,"seasonal_3_valid_loss":0.42385462015585784,"_runtime":18.445094953999998,"seasonal_2_train_loss":0.9821043317879711,"_step":9,"real_trend_stock_price":167.5354913342489,"predicted_seasonal_3_stock_price":12.048449516296387,"predicted_seasonal_1_stock_price":6.32609748840332,"predicted_seasonal_0_stock_price":-8.830517768859863,"rmse":129.4888458251953,"final_predicted_stock_price":89.45115661621094,"seasonal_2_valid_loss":0.1572080116144753,"mae":129.4888458251953,"seasonal_3_train_loss":0.6804952034390116,"seasonal_0_train_loss":0.3255552167159733,"predicted_seasonal_2_stock_price":13.758987426757812,"_wandb":{"runtime":18},"mse":16767.3611931412,"periods":[252,504,756,1260],"seasonal_0_valid_loss":0.3056078403246237,"depth":4,"resid_valid_loss":2.408468723297119,"real_seasonal_3_stock_price":9.210042698987007,"real_resid_stock_price":30.052430487608945,"real_seasonal_1_stock_price":2.721535027645758,"real_seasonal_0_stock_price":-6.886692248923765,"seasonal_1_train_loss":0.8450059327201556,"trend_train_loss":1.9366140709406456,"AMZN Stock Price Prediction by iTransformer":{"size":46644,"path":"media/images/AMZN Stock Price Prediction by iTransformer_8_12df4f17c6b93366ef48.png","format":"png","width":1000,"height":600,"_type":"image-file","sha256":"12df4f17c6b93366ef486a16cb3af9eea20373df892d901af6b7712221d6abf6"},"trend_valid_loss":3.6384363174438477}