{"Runtime (seconds)":5.768702507019043,"dim":128,"predicted_seasonal_0_stock_price":0.5400077104568481,"_step":9,"real_seasonal_2_stock_price":7.340469168803827,"mse":11255.129411939764,"real_trend_stock_price":221.26011158277302,"predicted_trend_stock_price":119.6025619506836,"seasonal_3_valid_loss":1.054271977799593,"seasonal_0_train_loss":1.0491409604570308,"depth":4,"AAPL Stock Price Prediction by iTransformer":{"format":"png","width":1000,"height":600,"_type":"image-file","sha256":"561e476094f044135d06b1f510a77476b538c785db20c61e9f57a58c356cac10","size":46861,"path":"media/images/AAPL Stock Price Prediction by iTransformer_8_561e476094f044135d06.png"},"periods":[252,504,756,1260],"seasonal_1_train_loss":0.5419803853952561,"_wandb":{"runtime":12},"real_resid_stock_price":9.055697838079084,"resid_train_loss":0.5323580318514515,"real_stock_price":236.85000610351562,"real_seasonal_0_stock_price":-2.3363797176743843,"trend_train_loss":0.05784225889613153,"predicted_seasonal_2_stock_price":-0.3736487925052643,"real_seasonal_1_stock_price":-3.140675061460093,"predicted_seasonal_3_stock_price":3.872837781906128,"seasonal_2_valid_loss":0.7798931219495169,"seasonal_0_valid_loss":1.7255411942799885,"rmse":106.09019470214844,"resid_valid_loss":0.24926041825526385,"seasonal_3_train_loss":1.2720870366740815,"seasonal_1_valid_loss":0.3095686327306281,"seasonal_2_train_loss":1.639204935148848,"_runtime":12.782633681,"mae":106.09019470214844,"predicted_resid_stock_price":10.340688705444336,"predicted_seasonal_1_stock_price":-3.222632884979248,"real_seasonal_3_stock_price":4.670782292994177,"_timestamp":1.7367138543361146e+09,"final_predicted_stock_price":130.7598114013672,"trend_valid_loss":1.0905408756250465}