{"seasonal_2_valid_loss":0.1675855666399002,"trend_train_loss":0.23698850463846388,"seasonal_1_valid_loss":0.7402847986162445,"seasonal_0_train_loss":0.6013877901968745,"AMZN Stock Price Prediction by iTransformer":{"path":"media/images/AMZN Stock Price Prediction by iTransformer_8_f06130f08a4888c3db44.png","format":"png","width":1000,"height":600,"_type":"image-file","sha256":"f06130f08a4888c3db444629b1e70802756b10e613341b90c3784863b4d766c1","size":46567},"seasonal_1_train_loss":1.033646538766285,"_runtime":9.301416079,"seasonal_3_train_loss":1.0594789815838193,"predicted_seasonal_3_stock_price":-0.11923137307167053,"real_trend_stock_price":167.5354913342489,"resid_train_loss":1.5963811142944226,"Runtime (seconds)":4.454144239425659,"rmse":98.82695007324219,"trend_valid_loss":0.699588386322858,"seasonal_2_train_loss":0.773244677521064,"seasonal_3_valid_loss":0.7342814392484573,"real_seasonal_1_stock_price":2.721535027645758,"real_seasonal_2_stock_price":16.307195141839433,"_wandb":{"runtime":9},"predicted_resid_stock_price":-0.5344787836074829,"real_resid_stock_price":30.052430487608945,"final_predicted_stock_price":120.11305236816406,"predicted_seasonal_2_stock_price":10.290144920349121,"predicted_seasonal_1_stock_price":2.654947280883789,"depth":4,"seasonal_0_valid_loss":0.31159737399395776,"dim":128,"_timestamp":1.7367152186461499e+09,"real_seasonal_0_stock_price":-6.886692248923765,"real_stock_price":218.94000244140625,"resid_valid_loss":1.6363565921783447,"periods":[252,504,756,1260],"_step":9,"real_seasonal_3_stock_price":9.210042698987007,"predicted_trend_stock_price":114.65086364746094,"mse":9766.766060779104,"predicted_seasonal_0_stock_price":-6.82919454574585,"mae":98.82695007324219}