{"Runtime (seconds)":4.856542110443115,"real_resid_stock_price":30.052430487608945,"mse":11555.246146068908,"dim":128,"resid_valid_loss":2.1124813627388517,"_timestamp":1.7367427707205083e+09,"predicted_seasonal_2_stock_price":6.83868408203125,"final_predicted_stock_price":111.44467163085938,"real_seasonal_3_stock_price":9.210042698987007,"AMZN Stock Price Prediction by iTransformer":{"size":46271,"path":"media/images/AMZN Stock Price Prediction by iTransformer_8_9c4b304329d81b3eaab4.png","format":"png","width":1000,"height":600,"_type":"image-file","sha256":"9c4b304329d81b3eaab4ab9ce8832a7113d05f7f7e06520a27900a300b457642"},"depth":4,"seasonal_1_train_loss":0.5524999045925897,"predicted_resid_stock_price":-5.355853080749512,"trend_valid_loss":1.251358151435852,"real_seasonal_0_stock_price":-6.886692248923765,"trend_train_loss":0.5060793953524771,"rmse":107.49533081054688,"_step":9,"seasonal_0_train_loss":0.3075027811055136,"_runtime":9.596670736,"seasonal_3_valid_loss":1.743507440135279,"periods":[252,504,756,1260],"seasonal_3_train_loss":1.3017187169176336,"predicted_trend_stock_price":107.69309997558594,"_wandb":{"runtime":9},"seasonal_2_valid_loss":0.2651046585095556,"real_stock_price":218.94000244140625,"mae":107.49533081054688,"real_seasonal_2_stock_price":16.307195141839433,"resid_train_loss":2.2543065796953066,"predicted_seasonal_3_stock_price":3.8849356174468994,"real_trend_stock_price":167.5354913342489,"seasonal_2_train_loss":0.5186107021973323,"seasonal_1_valid_loss":0.18591825389548353,"predicted_seasonal_0_stock_price":-5.42695426940918,"predicted_seasonal_1_stock_price":3.810758352279663,"seasonal_0_valid_loss":0.2677239179611206,"real_seasonal_1_stock_price":2.721535027645758}