{"real_seasonal_1_stock_price":-3.140677727377168,"predicted_seasonal_2_stock_price":10.154312133789062,"seasonal_1_train_loss":0.7158040379143247,"_step":9,"depth":4,"seasonal_0_train_loss":0.29088109966773723,"seasonal_3_valid_loss":0.1919856471031211,"rmse":63.30720520019531,"real_resid_stock_price":9.055696395593316,"real_seasonal_3_stock_price":4.670787111807966,"seasonal_0_valid_loss":0.2518061596414317,"resid_valid_loss":0.9070204202543225,"seasonal_2_train_loss":0.6387788686613936,"real_trend_stock_price":221.26011234205941,"predicted_trend_stock_price":149.15789794921875,"AAPL Stock Price Prediction by iTransformer":{"width":1000,"height":600,"_type":"image-file","sha256":"80ca522b69308f3899aca8eba62b588684656de8653919d50b84565f436df61d","size":46423,"path":"media/images/AAPL Stock Price Prediction by iTransformer_8_80ca522b69308f3899ac.png","format":"png"},"trend_valid_loss":0.8967405557632446,"predicted_resid_stock_price":6.581171035766602,"predicted_seasonal_1_stock_price":-1.3688992261886597,"real_seasonal_0_stock_price":-2.3363816338672807,"real_stock_price":236.85000610351562,"Runtime (seconds)":5.756398439407349,"dim":128,"periods":[252,504,756,1260],"predicted_seasonal_3_stock_price":7.824590682983398,"resid_train_loss":0.5342223191212293,"seasonal_3_train_loss":0.624705998430261,"_wandb":{"runtime":11},"seasonal_1_valid_loss":0.7659663548330208,"_timestamp":1.7367519886375084e+09,"mse":4007.8022302596364,"final_predicted_stock_price":173.5428009033203,"seasonal_2_valid_loss":0.2621019780635834,"mae":63.30720520019531,"_runtime":11.625967134,"real_seasonal_2_stock_price":7.34046961529941,"predicted_seasonal_0_stock_price":1.193729281425476,"trend_train_loss":0.3124308116710645}