{"seasonal_3_train_loss":1.2437550798655512,"trend_train_loss":1.1526472432336672,"_timestamp":1.7367172242148705e+09,"resid_train_loss":1.0789090726749813,"depth":4,"real_seasonal_2_stock_price":7.340472569110075,"dim":128,"trend_valid_loss":3.5428367322034173,"predicted_seasonal_3_stock_price":13.909549713134766,"final_predicted_stock_price":103.23468780517578,"real_resid_stock_price":9.055689289458144,"seasonal_1_train_loss":0.9649186730384827,"seasonal_2_train_loss":3.632690456125761,"real_seasonal_3_stock_price":4.6707866001430425,"mae":133.61531829833984,"predicted_trend_stock_price":85.16022491455078,"rmse":133.61531829833984,"predicted_seasonal_0_stock_price":0.5171980857849121,"real_seasonal_1_stock_price":-3.140678563499606,"periods":[252,504,756,1260],"real_seasonal_0_stock_price":-2.33637564003989,"_step":9,"predicted_seasonal_1_stock_price":-0.3717186450958252,"Runtime (seconds)":3.762742757797241,"seasonal_2_valid_loss":3.445228618280641,"real_trend_stock_price":221.26011184834388,"seasonal_0_valid_loss":1.5673720359389043,"seasonal_0_train_loss":0.7083979165460875,"_wandb":{"runtime":8},"predicted_resid_stock_price":10.096903800964355,"seasonal_1_valid_loss":0.9259342597590552,"predicted_seasonal_2_stock_price":-6.077464580535889,"AAPL Stock Price Prediction by iTransformer":{"width":1000,"height":600,"_type":"image-file","sha256":"24eeb4dd9bc615467c4b8a38394a36e968d857d3ecb75044c164eddc1e8b8d7f","size":47733,"path":"media/images/AAPL Stock Price Prediction by iTransformer_8_24eeb4dd9bc615467c4b.png","format":"png"},"mse":17853.05328396667,"resid_valid_loss":0.6767185433157559,"real_stock_price":236.85000610351562,"seasonal_3_valid_loss":0.2659619873558105,"_runtime":8.002945727}