{"real_stock_price":236.85000610351562,"AAPL Stock Price Prediction by iTransformer":{"width":1000,"height":600,"_type":"image-file","sha256":"b2dacc145675ebeac3e2e0251055e2a9475399e2a1b422c4b0820888ecd9393b","size":47150,"path":"media/images/AAPL Stock Price Prediction by iTransformer_8_b2dacc145675ebeac3e2.png","format":"png"},"real_seasonal_3_stock_price":4.670793468685872,"real_seasonal_1_stock_price":-3.140682850920411,"seasonal_1_train_loss":1.821813406959632,"predicted_seasonal_0_stock_price":2.275928497314453,"_runtime":11.168847281,"final_predicted_stock_price":111.63551330566406,"real_trend_stock_price":221.26011144288216,"mae":125.21449279785156,"seasonal_0_valid_loss":0.5447361374229897,"real_seasonal_2_stock_price":7.3404708418416735,"predicted_trend_stock_price":109.63318634033203,"real_seasonal_0_stock_price":-2.3363774756733484,"periods":[252,504,756,1260],"rmse":125.21449279785156,"resid_valid_loss":1.4592096880355978,"resid_train_loss":1.7218458678578519,"depth":4,"predicted_seasonal_3_stock_price":2.561267614364624,"seasonal_3_train_loss":1.0727327351453386,"seasonal_0_train_loss":0.31309519922459994,"mse":15678.66920662322,"trend_valid_loss":1.276055399158685,"dim":128,"predicted_seasonal_2_stock_price":-1.1113760471343994,"_wandb":{"runtime":11},"trend_train_loss":1.1792059398447134,"predicted_resid_stock_price":-3.4616639614105225,"seasonal_2_train_loss":1.1910175502078684,"seasonal_1_valid_loss":1.4008991758028666,"seasonal_3_valid_loss":0.36153237730574184,"Runtime (seconds)":5.568904399871826,"real_resid_stock_price":9.055690676699669,"predicted_seasonal_1_stock_price":1.7381675243377686,"seasonal_2_valid_loss":1.2484815663304822,"_timestamp":1.7367353491385198e+09,"_step":9}