{"resid_train_loss":1.2594847731234788,"seasonal_3_valid_loss":0.42873421075787,"predicted_resid_stock_price":40.59689712524414,"real_seasonal_3_stock_price":9.210042698987007,"mse":218.02413225197233,"AMZN Stock Price Prediction by iTransformer":{"size":51301,"path":"media/images/AMZN Stock Price Prediction by iTransformer_8_34d553bdbb38bbfd6ff2.png","format":"png","width":1000,"height":600,"_type":"image-file","sha256":"34d553bdbb38bbfd6ff265f2bbcf6ca03514fe0cce219cc0c71fe1e17f7866f2"},"mae":14.765640258789062,"seasonal_3_train_loss":0.5685746467709542,"seasonal_0_valid_loss":1.8251535733540853,"trend_valid_loss":0.11917127190935177,"depth":4,"seasonal_0_train_loss":1.7728655945188552,"predicted_trend_stock_price":143.85902404785156,"real_resid_stock_price":30.052430487608945,"real_stock_price":218.94000244140625,"seasonal_2_valid_loss":0.19015149772167206,"_wandb":{"runtime":12},"predicted_seasonal_1_stock_price":-1.5132237672805786,"_runtime":12.90038315,"trend_train_loss":0.12447533573660101,"final_predicted_stock_price":204.1743621826172,"periods":[252,504,756,1260],"resid_valid_loss":0.5292705297470093,"real_trend_stock_price":167.5354913342489,"predicted_seasonal_3_stock_price":7.482735633850098,"real_seasonal_1_stock_price":2.721535027645758,"real_seasonal_2_stock_price":16.307195141839433,"real_seasonal_0_stock_price":-6.886692248923765,"Runtime (seconds)":6.3609278202056885,"predicted_seasonal_2_stock_price":11.825654029846191,"_step":9,"seasonal_1_train_loss":1.3614598587820923,"seasonal_2_train_loss":0.42760232457084885,"rmse":14.765640258789062,"predicted_seasonal_0_stock_price":1.9232763051986694,"dim":128,"_timestamp":1.7367389433513658e+09,"seasonal_1_valid_loss":1.4076184303152794}