{"seasonal_3_train_loss":0.7410189342519704,"seasonal_1_valid_loss":0.8234241679124998,"predicted_seasonal_3_stock_price":8.763984680175781,"_wandb":{"runtime":13},"seasonal_2_valid_loss":0.44194825022828343,"_runtime":13.208154797,"seasonal_1_train_loss":0.7471435633999862,"real_trend_stock_price":167.5354913342489,"final_predicted_stock_price":161.89979553222656,"real_stock_price":218.94000244140625,"_step":9,"resid_train_loss":0.21110162724341666,"trend_train_loss":1.5921278571654693,"real_seasonal_1_stock_price":2.721535027645758,"seasonal_3_valid_loss":0.5286272144771833,"Runtime (seconds)":6.4039881229400635,"predicted_seasonal_0_stock_price":-0.7765287756919861,"predicted_seasonal_2_stock_price":4.711623191833496,"seasonal_2_train_loss":0.9406309058252363,"_timestamp":1.7367186676103675e+09,"real_seasonal_2_stock_price":16.307195141839433,"mae":57.04020690917969,"predicted_resid_stock_price":14.595694541931152,"AMZN Stock Price Prediction by iTransformer":{"width":1000,"height":600,"_type":"image-file","sha256":"e5e8e409440124597c22eedff416350a5f95e573a6e3244d91d05441e2a7e9f5","size":48634,"path":"media/images/AMZN Stock Price Prediction by iTransformer_8_e5e8e409440124597c22.png","format":"png"},"trend_valid_loss":0.26224523430337776,"predicted_trend_stock_price":133.0166015625,"real_seasonal_0_stock_price":-6.886692248923765,"predicted_seasonal_1_stock_price":1.5884177684783936,"resid_valid_loss":0.38169997930526733,"depth":4,"real_seasonal_3_stock_price":9.210042698987007,"mse":3253.58520424203,"seasonal_0_valid_loss":1.2477457523345947,"rmse":57.04020690917969,"real_resid_stock_price":30.052430487608945,"dim":128,"seasonal_0_train_loss":1.2989704552050614,"periods":[252,504,756,1260]}