{"real_trend_stock_price":221.2601110019365,"seasonal_1_valid_loss":0.20312302389176062,"seasonal_0_valid_loss":0.15520567139354322,"seasonal_0_train_loss":0.26068525963505224,"seasonal_2_train_loss":0.3803354797591168,"trend_train_loss":2.1788277419232065,"predicted_seasonal_0_stock_price":-0.534406840801239,"seasonal_3_train_loss":0.7310918646954466,"dim":128,"real_seasonal_3_stock_price":4.670783743202984,"rmse":187.46389770507812,"trend_valid_loss":5.935074158690193,"AAPL Stock Price Prediction by iTransformer":{"size":44624,"path":"media/images/AAPL Stock Price Prediction by iTransformer_8_3bff4c4e6fef4cf96d68.png","format":"png","width":1000,"height":600,"_type":"image-file","sha256":"3bff4c4e6fef4cf96d68a78a8a3af82ed5ffdaa69843d29370a85cacd44b076e"},"predicted_seasonal_1_stock_price":-4.014694690704346,"seasonal_2_valid_loss":0.1090596937531725,"Runtime (seconds)":5.83486270904541,"predicted_trend_stock_price":34.592708587646484,"real_stock_price":236.85000610351562,"real_seasonal_2_stock_price":7.340472057548304,"depth":4,"real_seasonal_1_stock_price":-3.140671655639607,"seasonal_1_train_loss":0.4948998043344465,"_step":9,"_wandb":{"runtime":13},"mae":187.46389770507812,"periods":[252,504,756,1260],"real_resid_stock_price":9.055691597907895,"mse":35142.712942779996,"predicted_resid_stock_price":1.8522627353668213,"_timestamp":1.7367192727184796e+09,"resid_train_loss":1.2575355781262656,"_runtime":13.105405793,"real_seasonal_0_stock_price":-2.336380641440467,"seasonal_3_valid_loss":0.4128714928905783,"resid_valid_loss":0.9405675007415069,"predicted_seasonal_2_stock_price":8.102462768554688,"predicted_seasonal_3_stock_price":9.387773513793945,"final_predicted_stock_price":49.3861083984375}