{"predicted_resid_stock_price":6.28312349319458,"_step":9,"mse":2863.936817664886,"predicted_seasonal_3_stock_price":9.291999816894531,"predicted_seasonal_0_stock_price":0.9266430139541626,"seasonal_2_train_loss":1.7623759592771262,"seasonal_1_train_loss":0.6276025244458807,"predicted_trend_stock_price":142.6335906982422,"_timestamp":1.7367128286353836e+09,"real_seasonal_2_stock_price":16.307195141839433,"real_resid_stock_price":30.052430487608945,"seasonal_2_valid_loss":1.1083248714281266,"trend_train_loss":0.7884029046433165,"real_stock_price":218.94000244140625,"dim":128,"final_predicted_stock_price":165.4242401123047,"resid_train_loss":0.5133598999827368,"seasonal_1_valid_loss":0.25394381549449224,"real_seasonal_0_stock_price":-6.886692248923765,"_runtime":9.532984084,"real_seasonal_1_stock_price":2.721535027645758,"resid_valid_loss":0.745630301863349,"Runtime (seconds)":4.817839622497559,"seasonal_3_train_loss":0.4396628551149987,"predicted_seasonal_1_stock_price":1.6976056098937988,"real_seasonal_3_stock_price":9.210042698987007,"mae":53.51576232910156,"seasonal_0_valid_loss":2.0162133843718246,"predicted_seasonal_2_stock_price":4.591290473937988,"real_trend_stock_price":167.5354913342489,"rmse":53.51576232910156,"periods":[252,504,756,1260],"trend_valid_loss":0.08213865819728673,"seasonal_3_valid_loss":0.3709021154302783,"AMZN Stock Price Prediction by iTransformer":{"size":48304,"path":"media/images/AMZN Stock Price Prediction by iTransformer_8_fe2de0b015b274ed1703.png","format":"png","width":1000,"height":600,"_type":"image-file","sha256":"fe2de0b015b274ed170370e99ac8c7d6614f8c57a03d72d1b15b24211e427eb9"},"depth":4,"seasonal_0_train_loss":1.6239018491658892,"_wandb":{"runtime":9}}