{"resid_train_loss":0.5402173922249486,"depth":4,"predicted_trend_stock_price":108.63967895507812,"predicted_seasonal_3_stock_price":1.0254087448120117,"seasonal_2_train_loss":0.7464945185465165,"trend_valid_loss":1.1081488939663886,"real_stock_price":236.85000610351562,"dim":128,"_timestamp":1.736722905023109e+09,"seasonal_1_train_loss":0.22741143555518703,"mse":14240.585259679705,"trend_train_loss":0.24673590809574827,"seasonal_0_valid_loss":2.051078723300071,"predicted_resid_stock_price":5.554286956787109,"predicted_seasonal_1_stock_price":-3.4653143882751465,"predicted_seasonal_2_stock_price":6.226344108581543,"_runtime":13.934881506,"real_seasonal_0_stock_price":-2.336390024823726,"AAPL Stock Price Prediction by iTransformer":{"_type":"image-file","sha256":"0aeb2c1d854879e005c76dc783e9d24335f318640b4b862c8975a8d98cee8466","size":47151,"path":"media/images/AAPL Stock Price Prediction by iTransformer_8_0aeb2c1d854879e005c7.png","format":"png","width":1000,"height":600},"seasonal_0_train_loss":1.0293817597330759,"seasonal_1_valid_loss":0.13864459604637264,"periods":[252,504,756,1260],"resid_valid_loss":1.1635307860253425,"rmse":119.33392333984375,"real_seasonal_1_stock_price":-3.140678722685898,"seasonal_2_valid_loss":0.7078460914488057,"_wandb":{"runtime":13},"real_seasonal_2_stock_price":7.3404753692636815,"real_trend_stock_price":221.26011148697816,"final_predicted_stock_price":117.51608276367188,"_step":9,"predicted_seasonal_0_stock_price":-0.464315265417099,"mae":119.33392333984375,"real_seasonal_3_stock_price":4.6707910644103645,"Runtime (seconds)":6.811357021331787,"seasonal_3_valid_loss":0.2998617605016326,"real_resid_stock_price":9.055696930373017,"seasonal_3_train_loss":1.5964173140336377}