{"predicted_seasonal_1_stock_price":-3.037644624710083,"_step":9,"mse":63840.39159352019,"predicted_seasonal_2_stock_price":3.3692057132720947,"predicted_resid_stock_price":-5.998770713806152,"periods":[252,504,756,1260],"trend_train_loss":2.284528581218865,"seasonal_3_train_loss":0.9043243328730265,"predicted_trend_stock_price":-9.662094116210938,"mae":252.6665620803833,"rmse":252.6665620803833,"seasonal_2_train_loss":0.41690407226958953,"seasonal_3_valid_loss":0.4269289374785305,"real_resid_stock_price":9.055701975014188,"Runtime (seconds)":6.526173114776611,"seasonal_0_valid_loss":1.6563504490558272,"real_seasonal_2_stock_price":7.3404694844132585,"real_seasonal_3_stock_price":4.670782868098634,"seasonal_0_train_loss":0.9430628097676611,"real_trend_stock_price":221.26011197006096,"dim":128,"real_seasonal_1_stock_price":-3.1406715890906582,"predicted_seasonal_3_stock_price":0.23461848497390747,"final_predicted_stock_price":-15.816555976867676,"seasonal_2_valid_loss":0.608485221862793,"AAPL Stock Price Prediction by iTransformer":{"height":600,"_type":"image-file","sha256":"6a0df5a828968cdf86238fcf1e394ef319756df23a5bc2368757513abf7f23ff","size":44628,"path":"media/images/AAPL Stock Price Prediction by iTransformer_8_6a0df5a828968cdf8623.png","format":"png","width":1000},"seasonal_1_valid_loss":0.4062501914573438,"real_stock_price":236.85000610351562,"resid_valid_loss":2.46162525595051,"_timestamp":1.7367373128366613e+09,"trend_valid_loss":9.080385829231027,"depth":4,"resid_train_loss":1.5135111858252224,"predicted_seasonal_0_stock_price":-0.7218705415725708,"real_seasonal_0_stock_price":-2.33638860498076,"seasonal_1_train_loss":0.5008838901760625,"_runtime":13.336107355,"_wandb":{"runtime":13}}