{"_runtime":17.137876052,"_step":2,"Train Loss (Trend)":0.9000889588768513,"_wandb":{"runtime":17},"Train Loss (Resid)":0.6956341256293954,"Train Loss (Seasonal)":2.252465647000533,"_timestamp":1.730794939432256e+09,"Validation Loss (Seasonal)":4.378974914550781,"Apple Stock Price Prediction (STL)":{"path":"media/images/Apple Stock Price Prediction (STL)_1_d3f208db2f1b90cae84d.png","format":"png","width":1000,"height":600,"_type":"image-file","sha256":"d3f208db2f1b90cae84dbdd9350e95abd39384fa4eae6d62ef5558adb0069a0b","size":47381},"Runtime (seconds)":14.897452116012573,"Validation Loss (Resid)":0.7405810952186584,"Validation Loss (Trend)":2.3157718181610107}