{"predicted_seasonal_0_stock_price":-5.505433082580566,"mse":1615.0461940953974,"real_seasonal_2_stock_price":16.307195141839433,"AMZN Stock Price Prediction by iTransformer":{"format":"png","width":1000,"height":600,"_type":"image-file","sha256":"eb7702f84a21a4ab991ebe1f31cc1e8ea4402cc2198d8ed94d4933e2655739f9","size":48585,"path":"media/images/AMZN Stock Price Prediction by iTransformer_8_eb7702f84a21a4ab991e.png"},"seasonal_0_train_loss":0.6279074029442585,"Runtime (seconds)":7.423774003982544,"seasonal_2_train_loss":2.2106752004311354,"seasonal_2_valid_loss":1.0590389819692545,"real_seasonal_0_stock_price":-6.886692248923765,"dim":128,"real_trend_stock_price":167.5354913342489,"predicted_seasonal_3_stock_price":6.8233418464660645,"final_predicted_stock_price":178.7523651123047,"depth":4,"predicted_resid_stock_price":7.814489841461182,"predicted_seasonal_1_stock_price":3.4255893230438232,"predicted_trend_stock_price":165.8173828125,"seasonal_3_train_loss":0.931984870191564,"_timestamp":1.7367251795092149e+09,"seasonal_3_valid_loss":0.8907523979354837,"trend_valid_loss":0.11718534607384856,"rmse":40.18763732910156,"seasonal_1_valid_loss":0.15293351998519378,"seasonal_0_valid_loss":0.18488621023524718,"periods":[252,504,756,1260],"_step":9,"_wandb":{"runtime":17},"predicted_seasonal_2_stock_price":0.37699127197265625,"resid_valid_loss":0.5418377095938436,"real_resid_stock_price":30.052430487608945,"real_seasonal_3_stock_price":9.210042698987007,"real_stock_price":218.94000244140625,"mae":40.18763732910156,"resid_train_loss":0.7160338548941712,"trend_train_loss":0.4033088073951658,"_runtime":17.270135444,"real_seasonal_1_stock_price":2.721535027645758,"seasonal_1_train_loss":0.8490439192908281}