{"_step":9,"seasonal_2_train_loss":0.4964472579502395,"_timestamp":1.7367339159190087e+09,"real_seasonal_1_stock_price":-3.140672046784905,"predicted_seasonal_2_stock_price":6.682484149932861,"final_predicted_stock_price":191.32608032226562,"seasonal_0_train_loss":0.5570853386687394,"mse":2072.4278185367584,"real_seasonal_2_stock_price":7.340468195451049,"_wandb":{"runtime":20},"real_resid_stock_price":9.055697669242761,"resid_train_loss":0.8924157969408169,"real_seasonal_3_stock_price":4.670784574218429,"dim":128,"predicted_seasonal_0_stock_price":1.1235096454620361,"periods":[252,504,756,1260],"_runtime":20.708736471,"Runtime (seconds)":9.22792649269104,"trend_train_loss":0.2445690084489394,"predicted_resid_stock_price":-0.10615348815917969,"predicted_seasonal_1_stock_price":3.0588769912719727,"AAPL Stock Price Prediction by iTransformer":{"format":"png","width":1000,"height":600,"_type":"image-file","sha256":"ee2bb1033a6a097be94ae0a5d95363dfe563b0bcfa7894d22ecbc0bd64c98e88","size":49103,"path":"media/images/AAPL Stock Price Prediction by iTransformer_8_ee2bb1033a6a097be94a.png"},"depth":4,"trend_valid_loss":0.14821333848930443,"seasonal_3_train_loss":0.8457859797572548,"predicted_trend_stock_price":174.35433959960938,"mae":45.52392578125,"seasonal_1_valid_loss":2.732378061186905,"seasonal_2_valid_loss":0.0916892044576518,"seasonal_1_train_loss":2.7056447772710026,"real_stock_price":236.85000610351562,"seasonal_0_valid_loss":0.4135950207710266,"rmse":45.52392578125,"real_seasonal_0_stock_price":-2.336384358665199,"resid_valid_loss":1.8420344591140747,"predicted_seasonal_3_stock_price":6.213033676147461,"seasonal_3_valid_loss":0.27087186479103165,"real_trend_stock_price":221.26011207005348}