{"_timestamp":1.7386488548972156e+09,"_wandb":{"runtime":4031},"real_stock_price":105.51000213623047,"predicted_stock_price":106.71044921875,"_runtime":4031.17825632,"mse":1.4410731979296543,"_step":302,"Runtime (seconds)":290.4916636943817,"valid_loss":0.03791494907172983,"dim":128,"train_loss":0.02614348984820426,"rmse":1.2004470825195312,"mae":1.2004470825195312,"XOM Stock Price Prediction by iTransformer(no MSTL)":{"width":1000,"height":600,"_type":"image-file","sha256":"2e32c00067119a6b63477f10286f0e83a635780455f4ef1ebad740b9136aed08","size":50569,"path":"media/images/XOM Stock Price Prediction by iTransformer(no MSTL)_301_2e32c00067119a6b6347.png","format":"png"},"r2_score":NaN,"depth":4}