{"_wandb":{"runtime":12},"dim":128,"_runtime":12.693200857,"predicted_seasonal_2_stock_price":4.146455764770508,"real_seasonal_0_stock_price":-2.3363789933822714,"real_seasonal_2_stock_price":7.340471870038394,"rmse":174.2758903503418,"predicted_seasonal_1_stock_price":-4.106180667877197,"resid_train_loss":1.654731245185939,"real_seasonal_1_stock_price":-3.1406763118002,"seasonal_0_valid_loss":0.6855535934085948,"resid_valid_loss":0.8694682717323303,"final_predicted_stock_price":62.57411575317383,"periods":[252,504,756,1260],"Runtime (seconds)":6.060087203979492,"_timestamp":1.736744913990385e+09,"seasonal_3_valid_loss":1.602857533158988,"real_trend_stock_price":221.26011176795438,"real_seasonal_3_stock_price":4.670783660919321,"AAPL Stock Price Prediction by iTransformer":{"height":600,"_type":"image-file","sha256":"1266f754e1388446f09c311c629e414082eb62268fa617ef8ccfbc2fe75c5211","size":46276,"path":"media/images/AAPL Stock Price Prediction by iTransformer_8_1266f754e1388446f09c.png","format":"png","width":1000},"predicted_resid_stock_price":13.464879035949707,"trend_valid_loss":4.3059699779207055,"predicted_trend_stock_price":56.59552764892578,"mse":30372.085957404357,"seasonal_1_valid_loss":0.11571015290742022,"seasonal_2_valid_loss":0.16036339967655738,"seasonal_1_train_loss":0.3637440076600154,"seasonal_2_train_loss":0.8712989213275929,"depth":4,"predicted_seasonal_3_stock_price":-6.733450889587402,"seasonal_0_train_loss":0.28006310621857916,"real_stock_price":236.85000610351562,"trend_train_loss":1.2385276082099115,"_step":9,"seasonal_3_train_loss":1.9158902730985607,"real_resid_stock_price":9.055694109786032,"predicted_seasonal_0_stock_price":-0.7931100726127625,"mae":174.2758903503418}