{"AMZN Stock Price Prediction by iTransformer":{"sha256":"4fd834776aaa25bbb524a742cebe6e8088f8cb0815bc586411714d570316d6ed","size":46142,"path":"media/images/AMZN Stock Price Prediction by iTransformer_8_4fd834776aaa25bbb524.png","format":"png","width":1000,"height":600,"_type":"image-file"},"real_resid_stock_price":30.052430487608945,"dim":128,"_timestamp":1.7367512062291865e+09,"real_stock_price":218.94000244140625,"seasonal_3_valid_loss":0.6824566893915379,"mae":167.53571701049805,"_wandb":{"runtime":12},"predicted_trend_stock_price":34.7394905090332,"trend_valid_loss":4.947608993899438,"real_seasonal_1_stock_price":2.721535027645758,"depth":4,"predicted_resid_stock_price":27.49455451965332,"Runtime (seconds)":5.41812539100647,"seasonal_0_valid_loss":0.4269458456937946,"_step":9,"real_seasonal_0_stock_price":-6.886692248923765,"predicted_seasonal_1_stock_price":-0.6272326111793518,"resid_train_loss":1.233281137918494,"seasonal_0_train_loss":0.43109719477482694,"periods":[252,504,756,1260],"final_predicted_stock_price":51.4042854309082,"seasonal_2_valid_loss":1.537651570082752,"seasonal_2_train_loss":1.424564418919792,"seasonal_3_train_loss":0.8039769427290392,"real_seasonal_3_stock_price":9.210042698987007,"seasonal_1_valid_loss":1.0462734615726836,"predicted_seasonal_2_stock_price":-2.572828769683838,"predicted_seasonal_3_stock_price":-0.6199521422386169,"resid_valid_loss":5.139441370477482,"_runtime":12.037814131,"seasonal_1_train_loss":1.7063342233145113,"trend_train_loss":1.024447279730832,"real_trend_stock_price":167.5354913342489,"predicted_seasonal_0_stock_price":-7.00974702835083,"real_seasonal_2_stock_price":16.307195141839433,"mse":28068.216474221685,"rmse":167.53571701049805}