{"seasonal_1_train_loss":2.748332406282425,"real_trend_stock_price":167.5354913342489,"mae":104.01150512695312,"_runtime":13.818883694,"periods":[252,504,756,1260],"_step":9,"resid_valid_loss":0.784309983253479,"predicted_seasonal_3_stock_price":1.0056862831115723,"seasonal_3_train_loss":1.0828333768186125,"seasonal_0_valid_loss":0.13158749899995173,"seasonal_2_train_loss":1.0526997451021698,"predicted_seasonal_1_stock_price":-2.019195079803467,"seasonal_0_train_loss":0.22769023722981754,"depth":4,"real_seasonal_1_stock_price":2.721535027645758,"real_seasonal_2_stock_price":16.307195141839433,"seasonal_3_valid_loss":0.2758813590163321,"seasonal_1_valid_loss":2.907388487948647,"trend_train_loss":0.18635287583478646,"real_seasonal_0_stock_price":-6.886692248923765,"real_resid_stock_price":30.052430487608945,"real_stock_price":218.94000244140625,"seasonal_2_valid_loss":0.3509109395006335,"_wandb":{"runtime":13},"predicted_seasonal_2_stock_price":8.574922561645508,"predicted_seasonal_0_stock_price":-6.050313949584961,"mse":10818.393198774196,"predicted_trend_stock_price":108.01919555664062,"real_seasonal_3_stock_price":9.210042698987007,"predicted_resid_stock_price":5.398207187652588,"_timestamp":1.736706976058058e+09,"dim":128,"trend_valid_loss":0.7006462314016558,"rmse":104.01150512695312,"AMZN Stock Price Prediction by iTransformer":{"_type":"image-file","sha256":"24893c7a3b05712521d5cc75ae63fd6318a927eac50daba2ba6ae3bf33629d5a","size":46169,"path":"media/images/AMZN Stock Price Prediction by iTransformer_8_24893c7a3b05712521d5.png","format":"png","width":1000,"height":600},"final_predicted_stock_price":114.92849731445312,"resid_train_loss":0.8210236622213289,"Runtime (seconds)":6.783370018005371}