{"seasonal_0_valid_loss":2.9941223615949806,"resid_valid_loss":1.6725484705373141,"seasonal_1_valid_loss":0.6727372819269207,"predicted_seasonal_2_stock_price":4.962449550628662,"real_seasonal_1_stock_price":-3.140675131733317,"_step":9,"seasonal_3_valid_loss":0.43926429748535156,"seasonal_1_train_loss":0.6012581304225035,"mae":149.60948944091797,"predicted_resid_stock_price":-0.3426389694213867,"depth":4,"real_resid_stock_price":9.055694246480869,"Runtime (seconds)":6.480345726013184,"seasonal_2_valid_loss":0.11787317510275445,"resid_train_loss":1.0393577672739103,"real_seasonal_0_stock_price":-2.336383202002297,"real_seasonal_3_stock_price":4.670785837065465,"trend_valid_loss":4.4169566357722045,"seasonal_0_train_loss":1.3358598403815989,"predicted_seasonal_0_stock_price":1.5254147052764893,"_runtime":13.098264434,"predicted_seasonal_3_stock_price":2.7421367168426514,"seasonal_3_train_loss":1.8833281631980623,"_timestamp":1.7367243246935227e+09,"trend_train_loss":1.1424665007064914,"dim":128,"mse":22382.999330772145,"final_predicted_stock_price":87.24051666259766,"rmse":149.60948944091797,"real_stock_price":236.85000610351562,"real_trend_stock_price":221.2601112276287,"predicted_seasonal_1_stock_price":0.26919978857040405,"predicted_trend_stock_price":78.08395385742188,"_wandb":{"runtime":13},"AAPL Stock Price Prediction by iTransformer":{"width":1000,"height":600,"_type":"image-file","sha256":"eeab659987d3f8c3985c3992537223bbe344cda7c35432bdb7e9c024bc5a3bcb","size":46081,"path":"media/images/AAPL Stock Price Prediction by iTransformer_8_eeab659987d3f8c3985c.png","format":"png"},"seasonal_2_train_loss":0.6436366378701812,"real_seasonal_2_stock_price":7.3404731260761995,"periods":[252,504,756,1260]}