{"predicted_seasonal_0_stock_price":-0.19219063222408295,"predicted_seasonal_3_stock_price":-0.6348924040794373,"real_seasonal_3_stock_price":-0.12116853199195132,"real_seasonal_1_stock_price":0.395130623977994,"trend_valid_loss":0.029522214893891355,"seasonal_1_train_loss":0.025281756174647146,"real_resid_stock_price":6.842834004768491,"seasonal_0_valid_loss":2.1675460636615753,"real_trend_stock_price":215.27057340676782,"mae":23.793594360351562,"mse":566.1351325849537,"depth":32,"real_seasonal_2_stock_price":5.867492195581451,"real_stock_price":229.8699951171875,"resid_train_loss":0.8747893947183638,"predicted_seasonal_2_stock_price":3.9374659061431885,"seasonal_3_valid_loss":0.054471411455709204,"_runtime":45369.972425261,"predicted_trend_stock_price":204.04031372070312,"trend_train_loss":0.06436745200330006,"Runtime (seconds)":15428.417731285095,"seasonal_3_train_loss":0.014946053712855728,"_wandb":{"runtime":45369},"seasonal_0_train_loss":0.8217299936392856,"seasonal_2_train_loss":0.020328868121716186,"resid_valid_loss":2.209695967799383,"_timestamp":1.7365758969543056e+09,"predicted_resid_stock_price":-2.8634531497955322,"final_predicted_stock_price":206.07640075683594,"dim":256,"predicted_seasonal_1_stock_price":1.7891377210617065,"rmse":23.793594360351562,"real_seasonal_0_stock_price":1.6151334180836678,"seasonal_1_valid_loss":0.0554122703044482,"AAPL Stock Price Prediction by iTransformer":{"height":600,"_type":"image-file","sha256":"5f8f2228a4a6950f844443a24456ffdf8974de970018abdb30613535d23d8ca4","size":46149,"path":"media/images/AAPL Stock Price Prediction by iTransformer_1648_5f8f2228a4a6950f8444.png","format":"png","width":1000},"seasonal_2_valid_loss":0.036011603650258066,"_step":1649}