{"Runtime (seconds)":4.320043087005615,"real_seasonal_3_stock_price":6.000882902327497,"final_predicted_stock_price":124.22840881347656,"seasonal_2_train_loss":0.6816643621523782,"resid_valid_loss":0.9286598785814032,"_wandb":{"runtime":8},"depth":4,"_runtime":8.964052619,"periods":[252,504,756,1260],"seasonal_0_train_loss":1.3087810164859572,"trend_train_loss":0.2566119429119657,"resid_train_loss":0.7769928674182531,"dim":128,"trend_valid_loss":2.114604856096097,"seasonal_3_valid_loss":1.1825966373149117,"predicted_seasonal_2_stock_price":6.079948902130127,"seasonal_3_train_loss":1.1784092606204704,"mae":118.47158813476562,"real_seasonal_1_stock_price":-3.019690628208279,"mse":14035.51719517354,"predicted_trend_stock_price":114.88140106201172,"predicted_seasonal_1_stock_price":-2.198606014251709,"rmse":118.47158813476562,"_step":9,"predicted_seasonal_3_stock_price":6.201772689819336,"predicted_seasonal_0_stock_price":0.7479540109634399,"real_trend_stock_price":221.09101789029688,"real_stock_price":242.6999969482422,"seasonal_2_valid_loss":0.09980197374422389,"seasonal_1_valid_loss":0.5650247493376868,"AAPL Stock Price Prediction by iTransformer":{"path":"media/images/AAPL Stock Price Prediction by iTransformer_8_0024a0c1f22a62ddb026.png","format":"png","width":1000,"height":600,"_type":"image-file","sha256":"0024a0c1f22a62ddb026222f7ecca1ca9cf52b1eb5ee4da922c8f8fb3ba6cbe4","size":46975},"real_resid_stock_price":11.047917359932455,"real_seasonal_2_stock_price":8.549096752624964,"_timestamp":1.7367068095928268e+09,"seasonal_1_train_loss":0.5346109985723413,"real_seasonal_0_stock_price":-0.9692273287313249,"predicted_resid_stock_price":-1.484061360359192,"seasonal_0_valid_loss":2.5162094243490487}