{"trend_train_loss":0.9294893448916579,"_wandb":{"runtime":14},"seasonal_2_train_loss":0.5946193519234657,"depth":4,"rmse":105.72257995605469,"final_predicted_stock_price":113.21742248535156,"real_seasonal_1_stock_price":2.721535027645758,"real_seasonal_3_stock_price":9.210042698987007,"mse":11177.263912564376,"real_seasonal_0_stock_price":-6.886692248923765,"seasonal_1_train_loss":0.2994350344027889,"seasonal_3_valid_loss":1.738660635963808,"predicted_seasonal_3_stock_price":2.7546541690826416,"predicted_seasonal_0_stock_price":-4.4206085205078125,"mae":105.72257995605469,"predicted_resid_stock_price":15.937376976013184,"seasonal_0_train_loss":0.19454130971325337,"seasonal_0_valid_loss":0.11808026293475254,"periods":[252,504,756,1260],"seasonal_1_valid_loss":0.1342427338379017,"_timestamp":1.7367096144727933e+09,"resid_valid_loss":1.288630085646129,"resid_train_loss":2.0093430369168668,"trend_valid_loss":2.062849445605841,"dim":128,"real_stock_price":218.94000244140625,"seasonal_2_valid_loss":0.22473824690903685,"predicted_seasonal_1_stock_price":3.094388723373413,"predicted_seasonal_2_stock_price":5.414126396179199,"Runtime (seconds)":6.966783046722412,"_step":9,"seasonal_3_train_loss":1.9184102660214966,"real_seasonal_2_stock_price":16.307195141839433,"real_trend_stock_price":167.5354913342489,"predicted_trend_stock_price":90.43748474121094,"AMZN Stock Price Prediction by iTransformer":{"sha256":"8591c4d741b89ea96cfe84c7dc3aed9d32ff62cf3c4dc121cef2dd4455bc10d3","size":46251,"path":"media/images/AMZN Stock Price Prediction by iTransformer_8_8591c4d741b89ea96cfe.png","format":"png","width":1000,"height":600,"_type":"image-file"},"real_resid_stock_price":30.052430487608945,"_runtime":14.935973934}