{"real_seasonal_3_stock_price":9.210042698987007,"mae":96.67829895019531,"seasonal_1_train_loss":0.6972962318064406,"predicted_seasonal_0_stock_price":-1.9250975847244263,"seasonal_0_train_loss":0.7701941747872841,"predicted_trend_stock_price":139.57066345214844,"real_resid_stock_price":30.052430487608945,"resid_valid_loss":2.6359138231516344,"trend_valid_loss":0.09680105167962909,"resid_train_loss":2.30032217875594,"mse":9346.693487903336,"seasonal_2_valid_loss":1.5118389517668909,"periods":[252,504,756,1260],"seasonal_0_valid_loss":1.0200114113104661,"predicted_resid_stock_price":-12.951311111450195,"seasonal_3_train_loss":1.9599666393893442,"_timestamp":1.7367538422431433e+09,"depth":4,"real_trend_stock_price":167.5354913342489,"AMZN Stock Price Prediction by iTransformer":{"size":46387,"path":"media/images/AMZN Stock Price Prediction by iTransformer_8_fcc47dba8b88bcd34265.png","format":"png","width":1000,"height":600,"_type":"image-file","sha256":"fcc47dba8b88bcd342655378070388ea942d3104fd01dbe46e7cfe7f56abe42e"},"predicted_seasonal_3_stock_price":-2.9746017456054688,"rmse":96.67829895019531,"real_seasonal_1_stock_price":2.721535027645758,"_runtime":11.496238811,"trend_train_loss":0.3130117557171966,"_wandb":{"runtime":11},"seasonal_2_train_loss":1.4217824875502973,"real_seasonal_2_stock_price":16.307195141839433,"predicted_seasonal_2_stock_price":-3.605602741241455,"seasonal_1_valid_loss":0.6961728464334439,"real_seasonal_0_stock_price":-6.886692248923765,"dim":128,"Runtime (seconds)":5.37801718711853,"final_predicted_stock_price":122.26170349121094,"seasonal_3_valid_loss":2.4050677240038145,"predicted_seasonal_1_stock_price":4.147641181945801,"_step":9,"real_stock_price":218.94000244140625}