{"resid_train_loss":1.0838498976680138,"mse":28440.6742706059,"seasonal_2_train_loss":0.35231625532262684,"real_resid_stock_price":9.055695336502595,"predicted_trend_stock_price":65.33197784423828,"final_predicted_stock_price":68.20637512207031,"seasonal_2_valid_loss":0.10030457450718176,"real_seasonal_1_stock_price":-3.1406754389828757,"rmse":168.6436309814453,"predicted_resid_stock_price":-0.46673429012298584,"_timestamp":1.7367139311930456e+09,"_wandb":{"runtime":15},"real_seasonal_2_stock_price":7.3404691665671145,"_runtime":15.675486661,"dim":128,"mae":168.6436309814453,"periods":[252,504,756,1260],"predicted_seasonal_0_stock_price":1.5415737628936768,"seasonal_1_valid_loss":0.38236705075811456,"seasonal_3_train_loss":1.3411852023397444,"trend_valid_loss":2.8044554044665393,"seasonal_1_train_loss":0.7385824499130249,"real_seasonal_0_stock_price":-2.336378760298838,"seasonal_3_valid_loss":0.46024646279839354,"seasonal_0_train_loss":0.4941098500662748,"trend_train_loss":0.39293240262288653,"predicted_seasonal_3_stock_price":-3.2926523685455322,"real_seasonal_3_stock_price":4.67078407240761,"real_stock_price":236.85000610351562,"seasonal_0_valid_loss":0.6964865208288188,"predicted_seasonal_2_stock_price":6.120235919952393,"AAPL Stock Price Prediction by iTransformer":{"path":"media/images/AAPL Stock Price Prediction by iTransformer_8_22a94acdc2a07df9e520.png","format":"png","width":1000,"height":600,"_type":"image-file","sha256":"22a94acdc2a07df9e520288ce81d669f9b1a779a6f846bd7d3f200c895b3fe6d","size":46370},"resid_valid_loss":2.824894666671753,"depth":4,"Runtime (seconds)":6.827080488204956,"real_trend_stock_price":221.26011172732,"_step":9,"predicted_seasonal_1_stock_price":-1.0280226469039917}