{"predicted_seasonal_0_stock_price":-0.8253064155578613,"mse":17014.598217627266,"predicted_trend_stock_price":94.821044921875,"seasonal_3_train_loss":1.6347615956419148,"predicted_seasonal_2_stock_price":3.743896484375,"seasonal_1_train_loss":1.3101837635631306,"real_seasonal_0_stock_price":-2.3363802611459983,"real_seasonal_1_stock_price":-3.1406756125879314,"seasonal_0_valid_loss":2.251688657409843,"seasonal_3_valid_loss":0.2323371858381834,"resid_train_loss":0.29337845565730075,"seasonal_2_valid_loss":0.7775602088899028,"resid_valid_loss":0.3051503736001855,"real_seasonal_2_stock_price":7.3404727720596625,"trend_train_loss":0.3337960846087969,"predicted_seasonal_3_stock_price":4.640783786773682,"trend_valid_loss":2.501885845641459,"predicted_seasonal_1_stock_price":-0.482957661151886,"periods":[252,504,756,1260],"_step":9,"Runtime (seconds)":4.122661828994751,"real_stock_price":236.85000610351562,"rmse":130.4400177001953,"seasonal_1_valid_loss":1.3432501697376982,"mae":130.4400177001953,"seasonal_0_train_loss":1.0462609135494263,"real_seasonal_3_stock_price":4.6707834167333715,"depth":4,"real_trend_stock_price":221.2601116404962,"seasonal_2_train_loss":0.756958604633917,"predicted_resid_stock_price":4.512529373168945,"_runtime":8.650970795,"AAPL Stock Price Prediction by iTransformer":{"size":47740,"path":"media/images/AAPL Stock Price Prediction by iTransformer_8_b4692a6f6ec70308f452.png","format":"png","width":1000,"height":600,"_type":"image-file","sha256":"b4692a6f6ec70308f4524f2d8351161635deb2fc98ac7d7b1b6218d261104f77"},"dim":128,"_wandb":{"runtime":8},"real_resid_stock_price":9.05569414796031,"final_predicted_stock_price":106.40998840332031,"_timestamp":1.736734738133299e+09}