{"_step":9,"resid_train_loss":1.2517135716945542,"periods":[252,504,756,1260],"depth":4,"predicted_seasonal_0_stock_price":1.6209263801574707,"seasonal_2_valid_loss":0.18170593795920417,"AAPL Stock Price Prediction by iTransformer":{"_type":"image-file","sha256":"c7c6f75620044dc08e3de5f38f011e137a8dd60b22fad322619b0a718fba0872","size":46847,"path":"media/images/AAPL Stock Price Prediction by iTransformer_8_c7c6f75620044dc08e3d.png","format":"png","width":1000,"height":600},"real_seasonal_1_stock_price":-3.1406797132040083,"_wandb":{"runtime":11},"seasonal_3_train_loss":1.2267247565250763,"dim":128,"predicted_trend_stock_price":112.46198272705078,"seasonal_1_valid_loss":0.2749033965381914,"real_seasonal_2_stock_price":7.34047292889255,"mse":10255.932090886869,"seasonal_1_train_loss":0.45741229178383946,"seasonal_0_train_loss":0.5784259788522731,"predicted_seasonal_1_stock_price":-1.9554506540298462,"real_resid_stock_price":9.055694675088716,"mae":101.27157592773438,"predicted_resid_stock_price":15.107192039489746,"real_seasonal_0_stock_price":-2.3363861611446097,"predicted_seasonal_2_stock_price":6.874046802520752,"rmse":101.27157592773438,"real_stock_price":236.85000610351562,"predicted_seasonal_3_stock_price":1.4697351455688477,"real_trend_stock_price":221.260111569434,"real_seasonal_3_stock_price":4.67079280444897,"trend_valid_loss":0.8667082439623538,"seasonal_0_valid_loss":1.0311083571050177,"final_predicted_stock_price":135.57843017578125,"Runtime (seconds)":3.861146926879883,"trend_train_loss":0.23280245387852233,"resid_valid_loss":0.9234877119908173,"seasonal_2_train_loss":0.5971494680717743,"_runtime":11.854179326,"_timestamp":1.7367333962237575e+09,"seasonal_3_valid_loss":0.830785025477537}