{"real_trend_stock_price":221.2601116200467,"real_stock_price":236.85000610351562,"predicted_seasonal_3_stock_price":4.784188747406006,"seasonal_1_train_loss":0.46919196661104234,"resid_train_loss":2.009838574824213,"trend_valid_loss":4.499415874481201,"mse":24185.47505945922,"seasonal_2_train_loss":2.024849849860542,"predicted_seasonal_2_stock_price":0.1871320903301239,"predicted_seasonal_1_stock_price":-3.465317726135254,"seasonal_3_valid_loss":0.8047505377832315,"resid_valid_loss":0.8731404242641998,"_runtime":14.754618121,"_timestamp":1.7367462800159776e+09,"predicted_trend_stock_price":79.80773162841797,"predicted_resid_stock_price":-1.0657910108566284,"depth":4,"trend_train_loss":1.2524958703859612,"seasonal_0_valid_loss":0.34090049668273803,"real_resid_stock_price":9.055692185799643,"dim":128,"real_seasonal_2_stock_price":7.340471493224127,"_wandb":{"runtime":14},"AAPL Stock Price Prediction by iTransformer":{"size":46324,"path":"media/images/AAPL Stock Price Prediction by iTransformer_8_8e3dcd8f5834e5f2506f.png","format":"png","width":1000,"height":600,"_type":"image-file","sha256":"8e3dcd8f5834e5f2506fb63216ddfaa420b1de772632bc493398bcbdc6f70262"},"predicted_seasonal_0_stock_price":1.0852617025375366,"Runtime (seconds)":7.439085483551025,"seasonal_2_valid_loss":0.7045354054386455,"real_seasonal_1_stock_price":-3.1406742968323123,"periods":[252,504,756,1260],"seasonal_1_valid_loss":0.27692510578818696,"real_seasonal_0_stock_price":-2.336378197488529,"final_predicted_stock_price":81.33320617675781,"rmse":155.5167999267578,"seasonal_0_train_loss":0.1894799763540075,"real_seasonal_3_stock_price":4.670783298766004,"seasonal_3_train_loss":1.1990782023686033,"_step":9,"mae":155.5167999267578}