{"predicted_seasonal_0_stock_price":1.3404227495193481,"predicted_seasonal_1_stock_price":-1.1726187467575073,"mse":5850.935696969042,"seasonal_0_train_loss":0.7681775146334524,"real_seasonal_3_stock_price":4.6707876602050185,"real_seasonal_1_stock_price":-3.1406797825482315,"seasonal_1_valid_loss":0.6974341039681554,"periods":[252,504,756,1260],"Runtime (seconds)":6.672896862030029,"predicted_resid_stock_price":-0.5968374013900757,"AAPL Stock Price Prediction by iTransformer":{"size":46488,"path":"media/images/AAPL Stock Price Prediction by iTransformer_8_0bf602b5e71e878ce0f8.png","format":"png","width":1000,"height":600,"_type":"image-file","sha256":"0bf602b5e71e878ce0f87bf4eba7cce420e519a288412cdcc82c75a23dd04018"},"mae":76.49140930175781,"_wandb":{"runtime":14},"seasonal_3_valid_loss":0.5531390905380249,"real_stock_price":236.85000610351562,"trend_valid_loss":0.36129118683346384,"seasonal_2_valid_loss":0.260471147762227,"trend_train_loss":0.09844550115422697,"_step":9,"real_resid_stock_price":9.05570028398688,"resid_valid_loss":0.7528134344695069,"_runtime":14.844364127,"seasonal_3_train_loss":1.7430309922132083,"predicted_seasonal_2_stock_price":4.581357002258301,"final_predicted_stock_price":160.3585968017578,"_timestamp":1.7367514471292715e+09,"real_trend_stock_price":221.2601114520798,"seasonal_1_train_loss":1.1570613607089983,"predicted_seasonal_3_stock_price":0.41556310653686523,"resid_train_loss":1.0205105991998027,"rmse":76.49140930175781,"depth":4,"real_seasonal_0_stock_price":-2.3363863361318895,"predicted_trend_stock_price":155.79071044921875,"real_seasonal_2_stock_price":7.340472825924039,"seasonal_0_valid_loss":1.8640556814598626,"dim":128,"seasonal_2_train_loss":1.00613949102437}