{"real_stock_price":170.2967987060547,"Runtime (seconds)":196.98167943954468,"predicted_stock_price":167.28485107421875,"r2_score":NaN,"valid_loss":0.031783633083105084,"dim":128,"rmse":3.0119476318359375,"_step":302,"mae":3.0119476318359375,"_timestamp":1.7386758933137941e+09,"train_loss":0.06454959709321818,"GOOG Stock Price Prediction by iTransformer(no MSTL)":{"format":"png","width":1000,"height":600,"_type":"image-file","sha256":"61e994f52520ca8301f4667c67abc8c5f02826ea7c49c1515a42a7cd5beb2fd6","size":55214,"path":"media/images/GOOG Stock Price Prediction by iTransformer(no MSTL)_301_61e994f52520ca8301f4.png"},"_runtime":4155.462891175,"mse":9.071828536922112,"_wandb":{"runtime":4155},"depth":4}