{"_step":9,"trend_valid_loss":2.9620980195355315,"predicted_seasonal_3_stock_price":-0.4002113342285156,"_timestamp":1.736716216833918e+09,"seasonal_1_valid_loss":0.7613921925468227,"Runtime (seconds)":4.805588006973267,"predicted_seasonal_1_stock_price":-0.5247697830200195,"dim":128,"AAPL Stock Price Prediction by iTransformer":{"height":600,"_type":"image-file","sha256":"b2a7c825743138a58245c8b6a5cfe9b30083e48a717335c22c959d607248bded","size":46071,"path":"media/images/AAPL Stock Price Prediction by iTransformer_8_b2a7c825743138a58245.png","format":"png","width":1000},"predicted_trend_stock_price":86.97855377197266,"resid_valid_loss":1.294289140262018,"predicted_seasonal_2_stock_price":0.6851648092269897,"real_seasonal_2_stock_price":7.340473194214868,"trend_train_loss":0.9637354175805976,"seasonal_1_train_loss":0.8879956014940488,"real_stock_price":236.85000610351562,"predicted_resid_stock_price":6.678528785705566,"seasonal_3_valid_loss":0.9830968718165937,"final_predicted_stock_price":91.71397399902344,"seasonal_0_train_loss":1.6526222340762615,"mae":145.1360321044922,"seasonal_0_valid_loss":3.341264850214908,"real_trend_stock_price":221.26011187419743,"periods":[252,504,756,1260],"seasonal_2_train_loss":0.8087486424586998,"real_seasonal_1_stock_price":-3.1406834053209023,"predicted_seasonal_0_stock_price":-1.7032814025878906,"_wandb":{"runtime":9},"real_seasonal_3_stock_price":4.670789482105906,"resid_train_loss":1.2673405781166318,"real_seasonal_0_stock_price":-2.3363780685242355,"mse":21064.467815036187,"depth":4,"_runtime":9.781027712,"seasonal_2_valid_loss":1.3309359142313832,"rmse":145.1360321044922,"real_resid_stock_price":9.055693026842533,"seasonal_3_train_loss":1.4000158280564339}