{"depth":4,"real_seasonal_3_stock_price":4.670785177069189,"periods":[252,504,756,1260],"dim":128,"_timestamp":1.7367461675415835e+09,"_wandb":{"runtime":10},"resid_valid_loss":1.7198416583240033,"resid_train_loss":1.5416615348108305,"rmse":140.4076156616211,"trend_valid_loss":1.5430125885066532,"mae":140.4076156616211,"seasonal_1_valid_loss":0.25586867915259465,"Runtime (seconds)":4.286410808563232,"seasonal_3_train_loss":1.3678320119339937,"trend_train_loss":0.1691395172534938,"predicted_resid_stock_price":-3.1958370208740234,"predicted_seasonal_3_stock_price":-7.99666166305542,"real_seasonal_2_stock_price":7.340468629724014,"real_resid_stock_price":9.05569371207406,"mse":19714.298535781505,"real_stock_price":236.85000610351562,"_runtime":10.785118152,"real_trend_stock_price":221.26011146325683,"predicted_seasonal_2_stock_price":4.124103546142578,"seasonal_2_train_loss":1.0807309981866098,"real_seasonal_1_stock_price":-3.140673109297925,"predicted_trend_stock_price":104.79579162597656,"seasonal_0_train_loss":0.6123165643323834,"AAPL Stock Price Prediction by iTransformer":{"size":47710,"path":"media/images/AAPL Stock Price Prediction by iTransformer_8_daf29d077bc77a933944.png","format":"png","width":1000,"height":600,"_type":"image-file","sha256":"daf29d077bc77a9339442a36db775f7b18a18e201f167be9a9efced119822ef2"},"predicted_seasonal_0_stock_price":1.7026270627975464,"final_predicted_stock_price":96.44239044189453,"seasonal_2_valid_loss":0.26123011112213135,"seasonal_1_train_loss":0.4864708340819777,"seasonal_0_valid_loss":1.389303454344577,"predicted_seasonal_1_stock_price":-2.9876410961151123,"seasonal_3_valid_loss":0.6310278177261353,"_step":9,"real_seasonal_0_stock_price":-2.33637976931055}