{"seasonal_1_valid_loss":0.20661002999184344,"rmse":93.41182708740234,"_step":9,"depth":4,"_timestamp":1.7367178460342174e+09,"predicted_resid_stock_price":0.12781715393066406,"mse":8725.769439806754,"seasonal_1_train_loss":0.5933807084738664,"seasonal_3_train_loss":0.8259216371987914,"real_stock_price":218.94000244140625,"mae":93.41182708740234,"seasonal_0_train_loss":1.260673734968827,"final_predicted_stock_price":125.5281753540039,"real_seasonal_1_stock_price":2.721535027645758,"seasonal_0_valid_loss":0.191267419892397,"seasonal_2_valid_loss":0.23941691015476368,"resid_valid_loss":1.8410585358225067,"real_resid_stock_price":30.052430487608945,"real_seasonal_0_stock_price":-6.886692248923765,"Runtime (seconds)":6.694682598114014,"predicted_seasonal_3_stock_price":-1.2253506183624268,"AMZN Stock Price Prediction by iTransformer":{"_type":"image-file","sha256":"70a40b13bd21b1efe343c0a138be3663135ff203fefa9b705f6c3430aeb98d39","size":45939,"path":"media/images/AMZN Stock Price Prediction by iTransformer_8_70a40b13bd21b1efe343.png","format":"png","width":1000,"height":600},"real_seasonal_2_stock_price":16.307195141839433,"_wandb":{"runtime":13},"real_seasonal_3_stock_price":9.210042698987007,"_runtime":13.597677476,"predicted_trend_stock_price":123.62733459472656,"predicted_seasonal_2_stock_price":7.753664493560791,"predicted_seasonal_1_stock_price":1.5325143337249756,"seasonal_3_valid_loss":0.5938427448272705,"seasonal_2_train_loss":0.3993871474731827,"real_trend_stock_price":167.5354913342489,"predicted_seasonal_0_stock_price":-6.28780460357666,"dim":128,"trend_train_loss":0.26105917480634855,"trend_valid_loss":0.5517977283846948,"resid_train_loss":0.9502284068612796,"periods":[252,504,756,1260]}