{"seasonal_1_valid_loss":0.14538758332103224,"final_predicted_stock_price":73.14105987548828,"real_seasonal_0_stock_price":-2.3363843782351537,"real_resid_stock_price":9.055695615264312,"dim":128,"trend_train_loss":0.550532816365103,"resid_train_loss":1.3968678031733415,"_timestamp":1.7367083856631021e+09,"seasonal_2_train_loss":0.3106895520647853,"seasonal_1_train_loss":0.3992691912034367,"trend_valid_loss":2.308795634263052,"predicted_seasonal_1_stock_price":-3.6588456630706787,"seasonal_3_train_loss":0.6382958479457982,"mse":26800.61907509115,"real_seasonal_1_stock_price":-3.1406734425863245,"seasonal_3_valid_loss":0.35882873773854007,"real_seasonal_3_stock_price":4.670784781605746,"resid_valid_loss":1.8750114112286955,"predicted_resid_stock_price":-2.488441228866577,"AAPL Stock Price Prediction by iTransformer":{"format":"png","width":1000,"height":600,"_type":"image-file","sha256":"8356da5f4e17792fbf40dba35510aba28b6f2eae58b826b6fd3cfbd4bcf50af4","size":46456,"path":"media/images/AAPL Stock Price Prediction by iTransformer_8_8356da5f4e17792fbf40.png"},"Runtime (seconds)":6.538740873336792,"rmse":163.70894622802734,"seasonal_2_valid_loss":0.22086115045252666,"real_trend_stock_price":221.2601122606054,"predicted_trend_stock_price":73.72262573242188,"mae":163.70894622802734,"periods":[252,504,756,1260],"real_stock_price":236.85000610351562,"seasonal_0_train_loss":0.979012071788311,"depth":4,"real_seasonal_2_stock_price":7.34047126686163,"predicted_seasonal_3_stock_price":2.3109397888183594,"predicted_seasonal_2_stock_price":4.344789981842041,"seasonal_0_valid_loss":2.0660009236880392,"_step":9,"_wandb":{"runtime":12},"_runtime":12.591231076,"predicted_seasonal_0_stock_price":-1.0900084972381592}