{"dim":128,"real_stock_price":236.85000610351562,"seasonal_3_valid_loss":0.8461807067662859,"seasonal_3_train_loss":0.5746701794784205,"real_seasonal_3_stock_price":4.670788421158123,"depth":4,"real_seasonal_0_stock_price":-2.3363829711828834,"predicted_trend_stock_price":164.3598175048828,"resid_train_loss":0.5426645635386106,"periods":[252,504,756,1260],"real_resid_stock_price":9.055694395964196,"seasonal_2_train_loss":0.3975496168065112,"_runtime":8.396070285,"seasonal_0_train_loss":0.35102766965619014,"Runtime (seconds)":3.998142957687378,"predicted_seasonal_3_stock_price":2.871237277984619,"seasonal_0_valid_loss":0.9334670075408693,"resid_valid_loss":0.29821931435303256,"trend_valid_loss":0.22883071450516582,"real_trend_stock_price":221.26011156279606,"predicted_resid_stock_price":4.060005187988281,"final_predicted_stock_price":176.89089965820312,"predicted_seasonal_1_stock_price":-0.24506911635398865,"rmse":59.9591064453125,"predicted_seasonal_0_stock_price":0.764665961265564,"seasonal_1_valid_loss":1.281858099512307,"seasonal_1_train_loss":1.6320654661873961,"real_seasonal_2_stock_price":7.340471335245216,"mse":3595.094445720315,"AAPL Stock Price Prediction by iTransformer":{"sha256":"146d7e51d2726a03db9f02b0e359697a27415b2a0c7269453e62f8f90e22730f","size":46409,"path":"media/images/AAPL Stock Price Prediction by iTransformer_8_146d7e51d2726a03db9f.png","format":"png","width":1000,"height":600,"_type":"image-file"},"_timestamp":1.7367330295672293e+09,"real_seasonal_1_stock_price":-3.1406766404650925,"trend_train_loss":0.02551890157470056,"seasonal_2_valid_loss":0.26331859751361475,"_step":9,"_wandb":{"runtime":8},"mae":59.9591064453125,"predicted_seasonal_2_stock_price":5.080259799957275}