{"_wandb":{"runtime":14},"seasonal_3_valid_loss":0.4741468835526552,"_runtime":14.80615737,"final_predicted_stock_price":74.579345703125,"_timestamp":1.7367363529227889e+09,"predicted_seasonal_0_stock_price":-0.8385338187217712,"trend_valid_loss":4.432385892154061,"real_stock_price":236.85000610351562,"predicted_trend_stock_price":77.57427978515625,"real_seasonal_3_stock_price":4.670790020463851,"real_seasonal_1_stock_price":-3.1406808188898783,"seasonal_2_train_loss":3.7444541365386046,"_step":9,"seasonal_0_valid_loss":2.04625139048077,"depth":4,"Runtime (seconds)":7.220928907394409,"seasonal_2_valid_loss":2.046193831412079,"predicted_seasonal_2_stock_price":-3.17403244972229,"seasonal_0_train_loss":1.1362091368416822,"real_seasonal_2_stock_price":7.340473792955576,"AAPL Stock Price Prediction by iTransformer":{"size":46365,"path":"media/images/AAPL Stock Price Prediction by iTransformer_8_0555ce24ff54688eff3f.png","format":"png","width":1000,"height":600,"_type":"image-file","sha256":"0555ce24ff54688eff3f76e514c7b2d7f1227817720509821507af455809ad49"},"real_seasonal_0_stock_price":-2.33638311435721,"mse":26331.767226778902,"seasonal_3_train_loss":0.5467067824024356,"predicted_resid_stock_price":0.48810648918151855,"resid_train_loss":0.7964274219760847,"rmse":162.27066040039062,"predicted_seasonal_3_stock_price":0.42732471227645874,"real_resid_stock_price":9.05569431944653,"resid_valid_loss":1.1676498871149978,"dim":128,"mae":162.27066040039062,"real_trend_stock_price":221.26011190389676,"seasonal_1_valid_loss":0.5883568949477617,"periods":[252,504,756,1260],"trend_train_loss":1.3229482055020154,"seasonal_1_train_loss":0.5314282934041739,"predicted_seasonal_1_stock_price":0.10220371186733246}