{"_timestamp":1.729435962436424e+09,"_runtime":97.003018619,"Train Loss (Seasonal)":5.145192219086286e-06,"_wandb":{"runtime":97},"Runtime (seconds)":95.09346103668213,"Validation Loss (Seasonal)":5.201394287723815e-06,"Validation Loss (Trend)":4.905720288661541e-06,"_step":101,"Train Loss (Trend)":4.895762876722265e-06,"Train Loss (Resid)":0.0004147231561701916,"Validation Loss (Resid)":0.0004080057713497959,"Apple Stock Price Prediction":{"path":"media/images/Apple Stock Price Prediction_100_ce53f8faba1d42358584.png","format":"png","width":1000,"height":600,"_type":"image-file","sha256":"ce53f8faba1d423585842deb80e20257d743c8b70bcb96dd8c5d9bcfd6582058","size":44871}}