{"predicted_trend_stock_price":53.705528259277344,"rmse":187.00092315673828,"real_resid_stock_price":9.055691158502412,"mse":34969.345261472336,"predicted_resid_stock_price":-3.7545905113220215,"Runtime (seconds)":5.327158212661743,"seasonal_3_train_loss":0.8495184145001478,"real_stock_price":236.85000610351562,"resid_valid_loss":1.29795761973457,"trend_train_loss":2.0269065151796886,"AAPL Stock Price Prediction by iTransformer":{"height":600,"_type":"image-file","sha256":"dacd420ac9bf5b16c0df5a821d131eac67d236a6635ffec01e33497647875a6d","size":44532,"path":"media/images/AAPL Stock Price Prediction by iTransformer_8_dacd420ac9bf5b16c0df.png","format":"png","width":1000},"real_trend_stock_price":221.2601114100906,"seasonal_0_train_loss":1.7954839142886074,"seasonal_2_train_loss":1.1867814924517153,"predicted_seasonal_3_stock_price":-0.9469390511512756,"seasonal_0_valid_loss":3.708449204762777,"seasonal_3_valid_loss":0.3772571086883545,"seasonal_1_train_loss":0.553489086471395,"predicted_seasonal_1_stock_price":-2.1318981647491455,"predicted_seasonal_2_stock_price":5.373409271240234,"mae":187.00092315673828,"dim":128,"_timestamp":1.7367570539065511e+09,"periods":[252,504,756,1260],"trend_valid_loss":6.267928342151034,"_runtime":11.523527372,"real_seasonal_1_stock_price":-3.1406764778707266,"real_seasonal_3_stock_price":4.670784644613629,"_step":9,"predicted_seasonal_0_stock_price":-2.3964312076568604,"final_predicted_stock_price":49.849082946777344,"seasonal_2_valid_loss":0.3260589075576553,"real_seasonal_2_stock_price":7.340474208194785,"real_seasonal_0_stock_price":-2.336378840015068,"_wandb":{"runtime":11},"resid_train_loss":1.599409935325582,"depth":4,"seasonal_1_valid_loss":0.43373331029025214}