{"seasonal_0_train_loss":0.18083444946693786,"predicted_trend_stock_price":116.56255340576172,"resid_train_loss":0.5633427607508358,"mse":5872.882624984719,"seasonal_1_train_loss":0.41123058324842154,"rmse":76.63473510742188,"real_seasonal_2_stock_price":16.307195141839433,"seasonal_3_valid_loss":2.6276772557787966,"_step":9,"AMZN Stock Price Prediction by iTransformer":{"size":46039,"path":"media/images/AMZN Stock Price Prediction by iTransformer_8_cb80dba97e8ee61b5afe.png","format":"png","width":1000,"height":600,"_type":"image-file","sha256":"cb80dba97e8ee61b5afedadfda4c1f6626f1d4267ae921aed77ac6980eaf4b40"},"Runtime (seconds)":5.048959493637085,"periods":[252,504,756,1260],"real_stock_price":218.94000244140625,"seasonal_3_train_loss":2.001147829973307,"real_seasonal_3_stock_price":9.210042698987007,"_wandb":{"runtime":10},"trend_train_loss":0.19560359056377466,"real_resid_stock_price":30.052430487608945,"seasonal_2_valid_loss":0.09001576900482178,"final_predicted_stock_price":142.30526733398438,"trend_valid_loss":0.7278082212565634,"resid_valid_loss":0.6770585675924522,"depth":4,"real_seasonal_0_stock_price":-6.886692248923765,"seasonal_2_train_loss":0.41485102872522883,"predicted_seasonal_2_stock_price":13.667219161987305,"_runtime":10.543182374,"predicted_seasonal_0_stock_price":-5.633620738983154,"seasonal_0_valid_loss":0.09517651051282883,"_timestamp":1.7367252157490609e+09,"dim":128,"predicted_seasonal_3_stock_price":1.425980567932129,"predicted_resid_stock_price":13.789259910583496,"predicted_seasonal_1_stock_price":2.49387264251709,"real_seasonal_1_stock_price":2.721535027645758,"real_trend_stock_price":167.5354913342489,"mae":76.63473510742188,"seasonal_1_valid_loss":0.13283578281874184}