{"mae":4.186676025390625,"resid_valid_loss":0.02986980239538246,"resid_train_loss":0.022277176377754296,"seasonal_2_valid_loss":0.025078498711339152,"_runtime":31372.703951791,"seasonal_2_train_loss":0.011940197514328168,"seasonal_1_train_loss":0.006267968128446654,"dim":128,"_step":1632,"trend_train_loss":0.018567393949001545,"rmse":4.186676025390625,"Runtime (seconds)":3426.6844050884247,"BA VMD Open":{"width":1200,"height":1200,"_type":"image-file","sha256":"87d8a8cb3264e4aa6fcfad46456992922113c2c7a393277267023a81643ef338","size":201945,"path":"media/images/BA VMD Open_1631_87d8a8cb3264e4aa6fcf.png","format":"png"},"predicted_seasonal_2_stock_price":0.8110487461090088,"real_stock_price":149.2899932861328,"predicted_resid_stock_price":0.44419699907302856,"real_trend_stock_price":157.97772268259723,"seasonal_0_valid_loss":0.024391708051409628,"mse":17.52825614158064,"real_seasonal_3_stock_price":3.2059374908077882,"predicted_seasonal_0_stock_price":-9.869216918945312,"predicted_seasonal_3_stock_price":1.0569976568222046,"real_resid_stock_price":0.15539121942750847,"BA VMD Adj Close":{"width":1200,"height":1200,"_type":"image-file","sha256":"407df48eae382fc744991af4dc8de7d9468e149c65d3c5dcb5644ee647ffed3d","size":199474,"path":"media/images/BA VMD Adj Close_1631_407df48eae382fc74499.png","format":"png"},"real_seasonal_2_stock_price":1.2908464614842745,"real_seasonal_1_stock_price":-4.787655915105318,"seasonal_3_valid_loss":0.026052392886413145,"seasonal_0_train_loss":0.000823808172828124,"predicted_seasonal_1_stock_price":-4.498607158660889,"_wandb":{"runtime":31372},"real_seasonal_0_stock_price":-9.73823237115096,"_timestamp":1.7385503903703074e+09,"predicted_trend_stock_price":157.15890502929688,"depth":4,"seasonal_1_valid_loss":0.02560327811385065,"seasonal_3_train_loss":0.022389095592798156,"trend_valid_loss":0.025580657394351187,"BA Stock Price Prediction by iTransformer VMD":{"path":"media/images/BA Stock Price Prediction by iTransformer VMD_1631_cf1a29d4bc75e654e924.png","format":"png","width":1000,"height":600,"_type":"image-file","sha256":"cf1a29d4bc75e654e924829c8779c13840e98fc414d59b4c391c3f2a6dc4ee33","size":54992},"final_predicted_stock_price":145.1033172607422}