{"seasonal_0_train_loss":0.35631563308553155,"predicted_resid_stock_price":10.226149559020996,"seasonal_0_valid_loss":0.3251337881767767,"mse":6256.526123825461,"mae":79.09820556640625,"predicted_trend_stock_price":120.39111328125,"predicted_seasonal_0_stock_price":-6.400788307189941,"predicted_seasonal_3_stock_price":3.0281529426574707,"real_trend_stock_price":167.5354913342489,"resid_train_loss":0.7880050560182079,"real_resid_stock_price":30.052430487608945,"real_stock_price":218.94000244140625,"_runtime":17.28227234,"seasonal_1_train_loss":1.1881197664795853,"seasonal_2_valid_loss":0.1945978841291586,"seasonal_3_valid_loss":0.7948929425983295,"real_seasonal_3_stock_price":9.210042698987007,"seasonal_1_valid_loss":1.1987388741019314,"depth":4,"resid_valid_loss":0.25994674067690293,"Runtime (seconds)":8.832152605056763,"trend_train_loss":1.0164473674252,"AMZN Stock Price Prediction by iTransformer":{"height":600,"_type":"image-file","sha256":"c7b5c05f85ec56d6dc5e13e2e1e7e2cb69ab3980131664058d92af1e013de2e0","size":46110,"path":"media/images/AMZN Stock Price Prediction by iTransformer_8_c7b5c05f85ec56d6dc5e.png","format":"png","width":1000},"_timestamp":1.7367115885411687e+09,"real_seasonal_2_stock_price":16.307195141839433,"periods":[252,504,756,1260],"predicted_seasonal_1_stock_price":0.5124709606170654,"_step":9,"real_seasonal_1_stock_price":2.721535027645758,"dim":128,"_wandb":{"runtime":17},"real_seasonal_0_stock_price":-6.886692248923765,"predicted_seasonal_2_stock_price":12.084691047668457,"seasonal_3_train_loss":0.9163456854673454,"final_predicted_stock_price":139.841796875,"seasonal_2_train_loss":0.34089322566451247,"rmse":79.09820556640625,"trend_valid_loss":0.7616065010516602}