{"predicted_seasonal_3_stock_price":24.628618240356445,"predicted_seasonal_1_stock_price":1.1452749967575073,"periods":[252,504,756,1260],"depth":4,"seasonal_3_train_loss":0.974862856674457,"resid_valid_loss":1.1271643145760493,"seasonal_0_valid_loss":0.21275759459092491,"trend_valid_loss":4.75292267320363,"mse":17182.19089443446,"real_resid_stock_price":30.052430487608945,"AMZN Stock Price Prediction by iTransformer":{"height":600,"_type":"image-file","sha256":"2fdfba5c894814503e64f033cab4673d20197a033be71ec8a1d93c371ab7b5c1","size":46678,"path":"media/images/AMZN Stock Price Prediction by iTransformer_8_2fdfba5c894814503e64.png","format":"png","width":1000},"resid_train_loss":0.963967360040453,"_timestamp":1.736716911116286e+09,"mae":131.0808563232422,"real_seasonal_2_stock_price":16.307195141839433,"dim":128,"real_seasonal_3_stock_price":9.210042698987007,"_step":9,"seasonal_2_train_loss":2.3979664618121164,"_wandb":{"runtime":13},"Runtime (seconds)":6.79214334487915,"seasonal_1_valid_loss":1.1994323125526087,"predicted_seasonal_0_stock_price":-7.243384838104248,"real_seasonal_0_stock_price":-6.886692248923765,"seasonal_3_valid_loss":0.9012882944607506,"final_predicted_stock_price":87.85914611816406,"predicted_resid_stock_price":20.30124282836914,"real_stock_price":218.94000244140625,"seasonal_0_train_loss":0.300675801740771,"predicted_trend_stock_price":39.311431884765625,"real_trend_stock_price":167.5354913342489,"rmse":131.0808563232422,"real_seasonal_1_stock_price":2.721535027645758,"seasonal_1_train_loss":0.9021202319960916,"_runtime":13.392832648,"seasonal_2_valid_loss":0.3315528716429386,"trend_train_loss":3.095672214812175,"predicted_seasonal_2_stock_price":9.71596908569336}