{"real_resid_stock_price":9.055695121823874,"predicted_seasonal_0_stock_price":2.5894205570220947,"seasonal_0_valid_loss":1.1348648725689707,"real_seasonal_1_stock_price":-3.1406780454578924,"real_seasonal_0_stock_price":-2.336383346063249,"_runtime":15.215521407,"mse":40564.889350982616,"_timestamp":1.7367107272024457e+09,"trend_valid_loss":6.106687482836599,"periods":[252,504,756,1260],"real_stock_price":236.85000610351562,"resid_train_loss":0.5841593297405375,"predicted_seasonal_2_stock_price":2.9520583152770996,"seasonal_3_valid_loss":0.22056370819437093,"predicted_trend_stock_price":31.683826446533203,"predicted_seasonal_1_stock_price":-3.4666740894317627,"resid_valid_loss":0.7885615387013261,"predicted_resid_stock_price":0.6789183616638184,"predicted_seasonal_3_stock_price":1.005187749862671,"seasonal_3_train_loss":0.4520145445547448,"real_seasonal_3_stock_price":4.670788599663334,"real_seasonal_2_stock_price":7.340472036166104,"depth":4,"_wandb":{"runtime":15},"seasonal_1_valid_loss":0.35112324762757463,"dim":128,"AAPL Stock Price Prediction by iTransformer":{"size":44651,"path":"media/images/AAPL Stock Price Prediction by iTransformer_8_9af8395a9bd23c62c01c.png","format":"png","width":1000,"height":600,"_type":"image-file","sha256":"9af8395a9bd23c62c01c99e61bf633178b7fc4791d23bea2b89f23174897e708"},"seasonal_2_valid_loss":0.9042557935123291,"real_trend_stock_price":221.26011173738345,"mae":201.4072723388672,"Runtime (seconds)":6.923222780227661,"rmse":201.4072723388672,"seasonal_0_train_loss":0.43716023301909646,"final_predicted_stock_price":35.44273376464844,"trend_train_loss":2.1340213645310513,"seasonal_1_train_loss":0.5142694234462648,"_step":9,"seasonal_2_train_loss":1.042695971085746}