{"seasonal_0_valid_loss":2.56488917145548,"_runtime":21.568832429,"seasonal_3_valid_loss":0.7194251504023018,"mae":58.58935546875,"final_predicted_stock_price":160.35064697265625,"AMZN Stock Price Prediction by iTransformer":{"path":"media/images/AMZN Stock Price Prediction by iTransformer_8_53cb320cb990c565b7d9.png","format":"png","width":1000,"height":600,"_type":"image-file","sha256":"53cb320cb990c565b7d9181b6b6045d94e048686b3ba56b85e379df381cac475","size":48606},"seasonal_3_train_loss":0.7686908371562575,"_step":9,"predicted_trend_stock_price":151.65557861328125,"real_seasonal_1_stock_price":2.721535027645758,"seasonal_0_train_loss":2.267859025254582,"trend_valid_loss":0.034264803916448726,"predicted_seasonal_2_stock_price":6.400829792022705,"seasonal_1_train_loss":0.976875545188347,"trend_train_loss":0.10427582804591085,"resid_train_loss":0.964005194459048,"depth":4,"dim":128,"seasonal_1_valid_loss":0.8193848361276558,"real_seasonal_2_stock_price":16.307195141839433,"_timestamp":1.7367253434030967e+09,"predicted_resid_stock_price":2.163557529449463,"real_trend_stock_price":167.5354913342489,"seasonal_2_train_loss":0.626973633141665,"resid_valid_loss":1.5730306978883415,"real_resid_stock_price":30.052430487608945,"real_seasonal_3_stock_price":9.210042698987007,"predicted_seasonal_1_stock_price":-0.01219361275434494,"real_stock_price":218.94000244140625,"mse":3432.7125742435455,"rmse":58.58935546875,"predicted_seasonal_3_stock_price":-3.5977702140808105,"real_seasonal_0_stock_price":-6.886692248923765,"periods":[252,504,756,1260],"_wandb":{"runtime":21},"seasonal_2_valid_loss":0.43109806341033924,"Runtime (seconds)":10.38947319984436,"predicted_seasonal_0_stock_price":3.7406344413757324}