{"seasonal_3_valid_loss":0.24487691356436067,"mse":21260.74672849127,"final_predicted_stock_price":91.03935241699219,"predicted_seasonal_1_stock_price":-2.5338337421417236,"real_seasonal_1_stock_price":-3.140674633929558,"real_seasonal_0_stock_price":-2.3363792400096406,"Runtime (seconds)":9.900750398635864,"depth":4,"seasonal_0_valid_loss":1.9142371336700486,"AAPL Stock Price Prediction by iTransformer":{"format":"png","width":1000,"height":600,"_type":"image-file","sha256":"3e3e3ad4b7676ecc2ef26ed251db7d687c7b2a450d2c8d53f4169a9cdf83443b","size":46029,"path":"media/images/AAPL Stock Price Prediction by iTransformer_8_3e3e3ad4b7676ecc2ef2.png"},"seasonal_2_train_loss":0.634026706191428,"real_stock_price":236.85000610351562,"dim":128,"seasonal_1_valid_loss":0.16771737851466012,"predicted_resid_stock_price":6.466622352600098,"predicted_seasonal_0_stock_price":-1.8723174333572388,"predicted_seasonal_3_stock_price":0.14204096794128418,"_wandb":{"runtime":18},"real_resid_stock_price":9.055694813171158,"resid_valid_loss":1.3693500019559146,"mae":145.81065368652344,"_runtime":18.512688672,"real_seasonal_3_stock_price":4.670781926708758,"seasonal_2_valid_loss":0.5613950313716218,"predicted_trend_stock_price":88.27067565917969,"seasonal_0_train_loss":1.309589837134011,"resid_train_loss":1.2001801889101318,"_step":9,"trend_train_loss":0.8396002028192615,"real_seasonal_2_stock_price":7.340471866716712,"real_trend_stock_price":221.2601113708582,"_timestamp":1.73672529482395e+09,"seasonal_3_train_loss":1.508060641375806,"rmse":145.81065368652344,"trend_valid_loss":4.281580448150635,"periods":[252,504,756,1260],"predicted_seasonal_2_stock_price":0.5661605596542358,"seasonal_1_train_loss":0.22087693040041215}