{"real_seasonal_1_stock_price":2.721535027645758,"trend_valid_loss":0.41911167036509556,"dim":128,"_wandb":{"runtime":12},"predicted_seasonal_3_stock_price":9.8121976852417,"real_seasonal_2_stock_price":16.307195141839433,"mse":7735.185859078774,"predicted_resid_stock_price":-4.245854377746582,"real_trend_stock_price":167.5354913342489,"seasonal_2_valid_loss":1.5578926623026743,"seasonal_0_train_loss":0.26713588209961775,"mae":87.94990539550781,"trend_train_loss":0.33880676133742305,"AMZN Stock Price Prediction by iTransformer":{"width":1000,"height":600,"_type":"image-file","sha256":"037ec1f0806b479705d6524cd1f2002fbeadb24a13722a93044ca93fd7396ae4","size":45941,"path":"media/images/AMZN Stock Price Prediction by iTransformer_8_037ec1f0806b479705d6.png","format":"png"},"resid_valid_loss":1.8039002171232799,"real_seasonal_3_stock_price":9.210042698987007,"real_seasonal_0_stock_price":-6.886692248923765,"seasonal_3_valid_loss":0.8144557561022211,"predicted_seasonal_1_stock_price":-0.11095073819160461,"final_predicted_stock_price":130.99009704589844,"depth":4,"seasonal_1_valid_loss":1.3087232740301835,"predicted_trend_stock_price":124.22090148925781,"periods":[252,504,756,1260],"Runtime (seconds)":5.802175760269165,"predicted_seasonal_0_stock_price":-4.968940258026123,"seasonal_2_train_loss":1.5889657088671463,"seasonal_1_train_loss":1.1378706620639096,"seasonal_3_train_loss":1.0714373404862452,"seasonal_0_valid_loss":0.356867145426226,"_step":9,"rmse":87.94990539550781,"resid_train_loss":1.824655906744578,"predicted_seasonal_2_stock_price":6.282738208770752,"_timestamp":1.7367551024837823e+09,"real_stock_price":218.94000244140625,"_runtime":12.57196184,"real_resid_stock_price":30.052430487608945}