{"_wandb":{"runtime":14},"_step":9,"Runtime (seconds)":6.787199974060059,"seasonal_2_valid_loss":0.0789465100357407,"resid_train_loss":0.9295234811460025,"seasonal_0_train_loss":0.8774869646605226,"real_seasonal_3_stock_price":4.670784168223223,"depth":4,"predicted_seasonal_2_stock_price":7.624080657958984,"trend_train_loss":0.6806734007890515,"periods":[252,504,756,1260],"seasonal_1_train_loss":0.314013649866963,"final_predicted_stock_price":81.04053497314453,"trend_valid_loss":2.6916577189494246,"mse":24276.591293925943,"real_resid_stock_price":9.055694519823078,"rmse":155.8094711303711,"AAPL Stock Price Prediction by iTransformer":{"height":600,"_type":"image-file","sha256":"0580c610611acba846f59ff31d40339df7545f0e1c00b48791128eb9c9c92c94","size":46312,"path":"media/images/AAPL Stock Price Prediction by iTransformer_8_0580c610611acba846f5.png","format":"png","width":1000},"predicted_seasonal_0_stock_price":0.8414043188095093,"dim":128,"seasonal_0_valid_loss":0.5174990296363831,"seasonal_2_train_loss":1.0407016960612128,"real_seasonal_2_stock_price":7.34047313533658,"mae":155.8094711303711,"seasonal_3_valid_loss":0.6077145128259038,"predicted_trend_stock_price":64.96781158447266,"_timestamp":1.736713011030886e+09,"predicted_seasonal_3_stock_price":5.20418119430542,"predicted_resid_stock_price":4.701179504394531,"real_stock_price":236.85000610351562,"_runtime":14.156040431,"resid_valid_loss":1.3626279286626313,"real_trend_stock_price":221.26011116057708,"seasonal_3_train_loss":0.3885066294161354,"real_seasonal_1_stock_price":-3.1406784640545724,"real_seasonal_0_stock_price":-2.336378416389765,"seasonal_1_valid_loss":0.41165056744137324,"predicted_seasonal_1_stock_price":-2.2981224060058594}