{"rmse":144.15509796142578,"trend_valid_loss":2.940445551863784,"predicted_seasonal_3_stock_price":11.013327598571777,"depth":4,"trend_train_loss":0.9504862040730354,"_step":9,"Runtime (seconds)":4.429285287857056,"predicted_trend_stock_price":82.75349426269531,"_wandb":{"runtime":9},"resid_valid_loss":1.1898011870279506,"dim":128,"seasonal_0_valid_loss":1.3961899433469633,"periods":[252,504,756,1260],"real_seasonal_0_stock_price":-2.336390104720243,"predicted_seasonal_1_stock_price":-2.9224212169647217,"seasonal_1_train_loss":0.2968641683447323,"seasonal_1_valid_loss":0.1001654329072488,"mse":20780.692268268263,"AAPL Stock Price Prediction by iTransformer":{"sha256":"bd6ed7788161481a3c1b36db7db1e94300b77247fb35c7be0caf683f41c856b2","size":46078,"path":"media/images/AAPL Stock Price Prediction by iTransformer_8_bd6ed7788161481a3c1b.png","format":"png","width":1000,"height":600,"_type":"image-file"},"real_seasonal_3_stock_price":4.670788369081757,"seasonal_3_train_loss":3.119607428030938,"final_predicted_stock_price":92.69490814208984,"seasonal_3_valid_loss":4.137412213073853,"real_seasonal_2_stock_price":7.340466824806822,"real_stock_price":236.85000610351562,"seasonal_2_train_loss":1.3429861431124273,"_timestamp":1.7367481375309813e+09,"predicted_seasonal_2_stock_price":2.467456102371216,"resid_train_loss":0.8134209427941287,"seasonal_0_train_loss":0.8305863223003247,"predicted_seasonal_0_stock_price":0.17314566671848297,"real_resid_stock_price":9.055701239959518,"real_trend_stock_price":221.26011187005216,"seasonal_2_valid_loss":1.2008662180284435,"mae":144.15509796142578,"real_seasonal_1_stock_price":-3.140672095664371,"_runtime":9.755479086,"predicted_resid_stock_price":-0.7900923490524292}