{"real_seasonal_0_stock_price":-6.886692248923765,"periods":[252,504,756,1260],"mae":25.740371704101562,"_step":9,"_timestamp":1.73671944922983e+09,"seasonal_2_valid_loss":0.11728795668668492,"resid_valid_loss":1.240766821283659,"seasonal_3_valid_loss":0.3646849090341713,"seasonal_0_valid_loss":0.853917121528575,"seasonal_1_train_loss":0.691759966359508,"_wandb":{"runtime":13},"final_predicted_stock_price":244.6803741455078,"Runtime (seconds)":6.209941864013672,"rmse":25.740371704101562,"seasonal_2_train_loss":0.8831349036464388,"_runtime":13.227232,"seasonal_0_train_loss":0.7445346166740875,"resid_train_loss":1.1055325115018184,"real_seasonal_3_stock_price":9.210042698987007,"predicted_resid_stock_price":34.17448425292969,"real_seasonal_1_stock_price":2.721535027645758,"seasonal_3_train_loss":0.6320406456657669,"mse":662.5667354653124,"seasonal_1_valid_loss":0.6174604872709959,"trend_valid_loss":0.08812524493731244,"trend_train_loss":1.4745274051519377,"depth":4,"predicted_seasonal_3_stock_price":13.168325424194336,"dim":128,"predicted_seasonal_2_stock_price":16.35916519165039,"real_seasonal_2_stock_price":16.307195141839433,"predicted_seasonal_0_stock_price":1.196254014968872,"real_trend_stock_price":167.5354913342489,"real_stock_price":218.94000244140625,"predicted_trend_stock_price":175.49473571777344,"AMZN Stock Price Prediction by iTransformer":{"sha256":"94c8a535b92e4cabc546a9a8b45ec20ec056ad6e78b37eeb20e4a20cdcc733b5","size":51878,"path":"media/images/AMZN Stock Price Prediction by iTransformer_8_94c8a535b92e4cabc546.png","format":"png","width":1000,"height":600,"_type":"image-file"},"predicted_seasonal_1_stock_price":4.287408351898193,"real_resid_stock_price":30.052430487608945}