{"seasonal_3_valid_loss":0.7413402372370652,"final_predicted_stock_price":197.87513732910156,"predicted_seasonal_0_stock_price":-4.821689605712891,"real_stock_price":218.94000244140625,"real_trend_stock_price":167.5354913342489,"_runtime":13.261942436,"seasonal_2_valid_loss":0.5616245480875174,"predicted_seasonal_1_stock_price":-1.7189810276031494,"dim":128,"_timestamp":1.7367487276244497e+09,"real_seasonal_3_stock_price":9.210042698987007,"_wandb":{"runtime":13},"seasonal_2_train_loss":1.8034558242568084,"resid_valid_loss":0.4979612846590554,"seasonal_0_train_loss":0.26341282564135127,"predicted_seasonal_2_stock_price":-3.23392915725708,"trend_valid_loss":0.135316863656044,"real_resid_stock_price":30.052430487608945,"predicted_trend_stock_price":183.53636169433594,"resid_train_loss":0.8372187876859597,"mae":21.064865112304688,"real_seasonal_0_stock_price":-6.886692248923765,"trend_train_loss":0.3311260786863134,"predicted_resid_stock_price":18.460954666137695,"seasonal_1_valid_loss":1.3814865733651769,"_step":9,"real_seasonal_2_stock_price":16.307195141839433,"seasonal_3_train_loss":0.948715912382098,"real_seasonal_1_stock_price":2.721535027645758,"seasonal_0_valid_loss":0.12898077070713043,"mse":443.7285421995912,"rmse":21.064865112304688,"AMZN Stock Price Prediction by iTransformer":{"format":"png","width":1000,"height":600,"_type":"image-file","sha256":"9e1f76acaa885f4f659fb1d49325ad548ba367508364d0038e4cd798d15457d5","size":50772,"path":"media/images/AMZN Stock Price Prediction by iTransformer_8_9e1f76acaa885f4f659f.png"},"seasonal_1_train_loss":1.2332233038194542,"depth":4,"Runtime (seconds)":6.566993236541748,"predicted_seasonal_3_stock_price":5.652421951293945,"periods":[252,504,756,1260]}