{"seasonal_3_valid_loss":1.2125469403679787,"real_resid_stock_price":9.05570045422732,"predicted_seasonal_2_stock_price":4.495028972625732,"resid_valid_loss":1.1959043567379315,"real_stock_price":236.85000610351562,"seasonal_2_valid_loss":0.4108125121419685,"mae":211.2809295654297,"real_seasonal_2_stock_price":7.340469167487717,"real_seasonal_0_stock_price":-2.3363853238393113,"trend_train_loss":2.78359379220065,"predicted_seasonal_1_stock_price":-3.379179000854492,"dim":128,"seasonal_1_train_loss":0.8121728030118075,"depth":4,"_runtime":16.036976208,"_timestamp":1.7367078973684251e+09,"_wandb":{"runtime":16},"seasonal_0_valid_loss":1.5064395391337686,"rmse":211.2809295654297,"AAPL Stock Price Prediction by iTransformer":{"size":44550,"path":"media/images/AAPL Stock Price Prediction by iTransformer_8_17cb0accd1b423bc8ca3.png","format":"png","width":1000,"height":600,"_type":"image-file","sha256":"17cb0accd1b423bc8ca3b8e61fc0a2a75daa3d8401655d97b7ebb682164a49f5"},"predicted_seasonal_0_stock_price":1.3748029470443726,"final_predicted_stock_price":25.569076538085938,"seasonal_1_valid_loss":0.6063125462674382,"predicted_resid_stock_price":-0.25597667694091797,"real_trend_stock_price":221.26011170015678,"periods":[252,504,756,1260],"mse":44639.63119803206,"real_seasonal_1_stock_price":-3.1406691746077393,"seasonal_0_train_loss":0.47589271568778496,"seasonal_3_train_loss":1.0419401227595884,"predicted_seasonal_3_stock_price":-1.742093801498413,"resid_train_loss":0.8331441493580739,"seasonal_2_train_loss":0.9953360910424347,"_step":9,"Runtime (seconds)":7.785060882568359,"predicted_trend_stock_price":25.076492309570312,"real_seasonal_3_stock_price":4.670779280090873,"trend_valid_loss":7.694915215599345}