{"AMZN Stock Price Prediction by iTransformer":{"sha256":"3bfeccd13acb9ddb1034541f93e2860b9de8be96da086a2fb93936017be502c1","size":48835,"path":"media/images/AMZN Stock Price Prediction by iTransformer_8_3bfeccd13acb9ddb1034.png","format":"png","width":1000,"height":600,"_type":"image-file"},"seasonal_3_train_loss":0.7450643593332912,"real_seasonal_3_stock_price":9.210042698987007,"real_resid_stock_price":30.052430487608945,"predicted_seasonal_1_stock_price":-1.133245825767517,"seasonal_2_train_loss":1.240964974232573,"predicted_seasonal_3_stock_price":15.738998413085938,"real_stock_price":218.94000244140625,"_wandb":{"runtime":12},"predicted_seasonal_0_stock_price":-3.987262725830078,"trend_valid_loss":0.713860273361206,"resid_train_loss":0.923001854610379,"real_seasonal_0_stock_price":-6.886692248923765,"real_trend_stock_price":167.5354913342489,"trend_train_loss":0.2797936223651901,"_timestamp":1.736735431150216e+09,"Runtime (seconds)":5.2958879470825195,"real_seasonal_2_stock_price":16.307195141839433,"seasonal_3_valid_loss":0.2828055943495461,"seasonal_0_train_loss":0.17788799745016992,"rmse":65.72972106933594,"predicted_resid_stock_price":6.434073448181152,"_step":9,"predicted_seasonal_2_stock_price":14.554018020629883,"periods":[252,504,756,1260],"real_seasonal_1_stock_price":2.721535027645758,"seasonal_2_valid_loss":0.07692600786685944,"resid_valid_loss":1.7585045099258423,"final_predicted_stock_price":153.2102813720703,"seasonal_0_valid_loss":0.15881557551899342,"seasonal_1_train_loss":1.436228945292283,"predicted_trend_stock_price":121.60369873046875,"dim":128,"mae":65.72972106933594,"depth":4,"_runtime":12.351515657,"mse":4320.396231852705,"seasonal_1_valid_loss":1.532506367652723}