{"resid_valid_loss":1.187442748837966,"seasonal_3_valid_loss":0.15225472778416752,"_step":9,"real_seasonal_0_stock_price":-2.3363806090630104,"_timestamp":1.7367470097669458e+09,"final_predicted_stock_price":127.36163330078125,"resid_train_loss":0.9129034399181576,"real_resid_stock_price":9.055691603438532,"depth":4,"real_seasonal_2_stock_price":7.3404726840917895,"real_stock_price":236.85000610351562,"real_trend_stock_price":221.26011159762803,"seasonal_2_valid_loss":0.1372470783330307,"_runtime":10.72570731,"periods":[252,504,756,1260],"dim":128,"mse":11987.703778990544,"Runtime (seconds)":5.07262396812439,"mae":109.48837280273438,"predicted_seasonal_1_stock_price":-2.9708828926086426,"seasonal_1_valid_loss":0.12939843663120085,"predicted_trend_stock_price":117.26170349121094,"seasonal_3_train_loss":0.8004473990776505,"trend_train_loss":0.11399185940609786,"seasonal_0_valid_loss":1.7186607111383367,"predicted_seasonal_0_stock_price":2.2902984619140625,"rmse":109.48837280273438,"seasonal_0_train_loss":0.7830617977456844,"real_seasonal_3_stock_price":4.67078705460399,"AAPL Stock Price Prediction by iTransformer":{"size":46664,"path":"media/images/AAPL Stock Price Prediction by iTransformer_8_459849d0f40c970e5c79.png","format":"png","width":1000,"height":600,"_type":"image-file","sha256":"459849d0f40c970e5c7941c1ae856a256ef2b6d3d89511ab3ee1555048185b45"},"trend_valid_loss":0.839099885134021,"predicted_resid_stock_price":-2.8564791679382324,"_wandb":{"runtime":10},"predicted_seasonal_3_stock_price":4.493147373199463,"seasonal_1_train_loss":0.4941387342196068,"predicted_seasonal_2_stock_price":9.143848419189453,"real_seasonal_1_stock_price":-3.1406762271837136,"seasonal_2_train_loss":0.6870027710369498}