{"seasonal_3_train_loss":0.9446598495485757,"resid_train_loss":1.4515506305016175,"trend_valid_loss":3.059383838073067,"seasonal_3_valid_loss":1.0319830598111481,"AMZN Stock Price Prediction by iTransformer":{"format":"png","width":1000,"height":600,"_type":"image-file","sha256":"59f5c357d058ba5340847d1299c10ff75bc48a57dc48e0ba5854e97b0772d999","size":47050,"path":"media/images/AMZN Stock Price Prediction by iTransformer_8_59f5c357d058ba534084.png"},"real_seasonal_2_stock_price":16.307195141839433,"rmse":142.94722747802734,"final_predicted_stock_price":75.9927749633789,"_runtime":8.314963835,"Runtime (seconds)":3.809793472290039,"predicted_seasonal_1_stock_price":0.5526226162910461,"seasonal_1_valid_loss":0.8385473708031883,"trend_train_loss":1.9464626682051709,"predicted_seasonal_0_stock_price":-6.344605445861816,"_timestamp":1.7367509820440543e+09,"resid_valid_loss":0.6031667836977326,"predicted_trend_stock_price":62.90007400512695,"seasonal_0_train_loss":0.4012705258531654,"real_stock_price":218.94000244140625,"seasonal_2_train_loss":0.5622450788017491,"depth":4,"mse":20433.909843654896,"_wandb":{"runtime":8},"predicted_seasonal_3_stock_price":0.5394325852394104,"dim":128,"real_trend_stock_price":167.5354913342489,"predicted_seasonal_2_stock_price":15.852795600891113,"seasonal_0_valid_loss":0.4284878680455302,"periods":[252,504,756,1260],"real_seasonal_1_stock_price":2.721535027645758,"seasonal_1_train_loss":1.0125234446355276,"real_seasonal_3_stock_price":9.210042698987007,"mae":142.94722747802734,"seasonal_2_valid_loss":0.2509908141938873,"predicted_resid_stock_price":2.4924445152282715,"real_seasonal_0_stock_price":-6.886692248923765,"real_resid_stock_price":30.052430487608945,"_step":9}