{"real_seasonal_0_stock_price":-5.22770118011505,"trend_valid_loss":0.03128194063901901,"resid_train_loss":0.047015900830242235,"predicted_trend_stock_price":181.01384153748995,"predicted_seasonal_2_stock_price":-49.081977723076676,"real_seasonal_1_stock_price":14.147208776957887,"real_resid_stock_price":1.5609830289956506,"resid_valid_loss":0.03340746462345123,"seasonal_0_train_loss":0.03425113930333539,"trend_train_loss":0.0021196815495034375,"seasonal_1_valid_loss":0.03270593658089638,"Runtime (seconds)":1332.1275713443756,"seasonal_2_train_loss":0.03608147814534428,"predicted_seasonal_1_stock_price":13.123797415771579,"predicted_seasonal_0_stock_price":-4.071365643774309,"_runtime":1336.397776901,"_wandb":{"runtime":1336},"predicted_seasonal_3_stock_price":-24.4665882709422,"seasonal_3_valid_loss":0.029088225215673447,"seasonal_2_valid_loss":0.02440769411623478,"_step":2120,"_timestamp":1.7339745415587175e+09,"seasonal_1_train_loss":0.023409058548167383,"real_stock_price":120.58000183105469,"real_seasonal_2_stock_price":-42.71945914954211,"final_predicted_stock_price":116.53299458157811,"seasonal_3_train_loss":0.03173980371555291,"seasonal_0_valid_loss":0.04193519800901413,"AMZN Stock Price Prediction (STL)":{"width":1000,"height":600,"_type":"image-file","sha256":"d25ddddc365061600a4a8b7e462971774f28c113a919acfc694003ee383728d0","size":58099,"path":"media/images/AMZN Stock Price Prediction (STL)_2119_d25ddddc365061600a4a.png","format":"png"},"real_trend_stock_price":178.507064006856,"real_seasonal_3_stock_price":-25.68809365209776,"predicted_resid_stock_price":0.015287266109750952}