{"mae":20.199234008789062,"_step":302,"AAPL Stock Price Prediction by Transformer(no MSTL)":{"path":"media/images/AAPL Stock Price Prediction by Transformer(no MSTL)_301_0ee58b93dc1956405486.png","format":"png","width":1000,"height":600,"_type":"image-file","sha256":"0ee58b93dc19564054864f08db27dcd0d02d630f5d967d9a5c56eb80b920d28c","size":52026},"r2_score":NaN,"depth":4,"mse":408.00905454182066,"_timestamp":1.7362326157118714e+09,"_runtime":11871.669321423,"valid_loss":0.08942633424001405,"Runtime (seconds)":899.1258878707886,"train_loss":0.09304440055111492,"dim":128,"real_stock_price":251.0399932861328,"rmse":20.199234008789062,"predicted_stock_price":230.84075927734375,"_wandb":{"runtime":11871}}