{"real_seasonal_2_stock_price":16.307195141839433,"trend_valid_loss":0.6871622794268056,"periods":[252,504,756,1260],"seasonal_0_valid_loss":0.22674368769858858,"seasonal_2_valid_loss":0.5745898408373606,"real_trend_stock_price":167.5354913342489,"real_stock_price":218.94000244140625,"seasonal_1_valid_loss":0.24295017552320605,"predicted_seasonal_0_stock_price":-7.639583110809326,"real_resid_stock_price":30.052430487608945,"seasonal_3_train_loss":1.7773864505330563,"resid_valid_loss":1.4644374190678333,"predicted_trend_stock_price":111.9681396484375,"_step":9,"_wandb":{"runtime":10},"predicted_seasonal_2_stock_price":22.284547805786133,"seasonal_1_train_loss":0.42890189500957615,"_runtime":10.319126589,"real_seasonal_0_stock_price":-6.886692248923765,"trend_train_loss":0.15721130771038805,"mae":64.01519775390625,"resid_train_loss":1.6809874530669497,"final_predicted_stock_price":154.9248046875,"seasonal_3_valid_loss":0.2826729714870453,"seasonal_2_train_loss":0.460144169377477,"rmse":64.01519775390625,"predicted_seasonal_1_stock_price":3.749180793762207,"mse":4097.945543471724,"dim":128,"Runtime (seconds)":4.250749111175537,"_timestamp":1.7367089641263256e+09,"real_seasonal_1_stock_price":2.721535027645758,"depth":4,"AMZN Stock Price Prediction by iTransformer":{"width":1000,"height":600,"_type":"image-file","sha256":"7e795dbf41a0ea8c9a5dedc99cdba19e3131f4b44b6a62e8dab3e2e834043d45","size":48494,"path":"media/images/AMZN Stock Price Prediction by iTransformer_8_7e795dbf41a0ea8c9a5d.png","format":"png"},"seasonal_0_train_loss":0.30899355500113385,"predicted_seasonal_3_stock_price":4.523783206939697,"real_seasonal_3_stock_price":9.210042698987007,"predicted_resid_stock_price":20.038732528686523}