{"seasonal_3_valid_loss":0.3145928439654802,"predicted_seasonal_0_stock_price":-0.7375284433364868,"_runtime":17.558912668,"periods":[252,504,756,1260],"real_seasonal_2_stock_price":7.340469794692977,"seasonal_2_valid_loss":0.15071410307005131,"real_stock_price":236.85000610351562,"trend_train_loss":0.10020406653297954,"real_seasonal_0_stock_price":-2.3363766160938164,"predicted_trend_stock_price":106.04459381103516,"trend_valid_loss":1.2296840350367302,"predicted_seasonal_1_stock_price":1.0544178485870361,"_timestamp":1.7367377352074254e+09,"rmse":104.37600708007812,"predicted_seasonal_3_stock_price":14.282020568847656,"real_resid_stock_price":9.055694502051665,"dim":128,"resid_valid_loss":0.762040508830029,"depth":4,"mae":104.37600708007812,"seasonal_0_train_loss":0.5022700131197495,"seasonal_1_valid_loss":0.9417770847197502,"mse":10894.350853980519,"seasonal_2_train_loss":0.2700620069594364,"seasonal_1_train_loss":0.9280289004186908,"AAPL Stock Price Prediction by iTransformer":{"width":1000,"height":600,"_type":"image-file","sha256":"b18cb49b488881cc8990551ab1e68b0111f15c76499ece0dc390d2007fb858b9","size":46911,"path":"media/images/AAPL Stock Price Prediction by iTransformer_8_b18cb49b488881cc8990.png","format":"png"},"predicted_seasonal_2_stock_price":5.725691318511963,"Runtime (seconds)":8.536848306655884,"_step":9,"seasonal_0_valid_loss":0.3022978865296235,"real_seasonal_3_stock_price":4.670781529178531,"seasonal_3_train_loss":0.8752084341223094,"resid_train_loss":0.6318763269338001,"real_trend_stock_price":221.260112174468,"_wandb":{"runtime":17},"final_predicted_stock_price":132.4739990234375,"real_seasonal_1_stock_price":-3.1406752807817284,"predicted_resid_stock_price":6.104794502258301}