{"real_seasonal_0_stock_price":-6.886692248923765,"seasonal_2_valid_loss":0.12010045555060762,"seasonal_2_train_loss":0.3231720324312635,"depth":4,"predicted_resid_stock_price":15.507912635803223,"seasonal_0_train_loss":0.2117540198229875,"real_seasonal_1_stock_price":2.721535027645758,"real_seasonal_2_stock_price":16.307195141839433,"mse":3570.388900587568,"real_seasonal_3_stock_price":9.210042698987007,"predicted_seasonal_2_stock_price":11.997878074645996,"real_trend_stock_price":167.5354913342489,"real_stock_price":218.94000244140625,"predicted_seasonal_1_stock_price":2.04459547996521,"seasonal_1_valid_loss":0.15810016974311913,"_step":9,"_timestamp":1.7367501639719462e+09,"predicted_trend_stock_price":129.01422119140625,"predicted_seasonal_0_stock_price":-10.029484748840332,"trend_train_loss":0.4371139110289737,"trend_valid_loss":0.31501102665575537,"AMZN Stock Price Prediction by iTransformer":{"_type":"image-file","sha256":"1f1d78e5a6969e5a5f790ead0e5e98e2fcb5322b58df24680dad9eed7e088776","size":48389,"path":"media/images/AMZN Stock Price Prediction by iTransformer_8_1f1d78e5a6969e5a5f79.png","format":"png","width":1000,"height":600},"periods":[252,504,756,1260],"dim":128,"Runtime (seconds)":5.781890392303467,"resid_valid_loss":0.11707590695689707,"seasonal_0_valid_loss":0.30650454837174324,"_runtime":12.440332952,"rmse":59.75273132324219,"mae":59.75273132324219,"real_resid_stock_price":30.052430487608945,"seasonal_1_train_loss":0.5516064301408349,"resid_train_loss":0.6154574018306175,"predicted_seasonal_3_stock_price":10.652149200439453,"seasonal_3_valid_loss":1.097479482398969,"final_predicted_stock_price":159.18727111816406,"seasonal_3_train_loss":0.9683998023859013,"_wandb":{"runtime":12}}