{"trend_train_loss":0.06860565111416278,"_step":1802,"seasonal_2_train_loss":0.06971286106891986,"_wandb":{"runtime":16151},"trend_valid_loss":0.07310800369442352,"predicted_seasonal_3_stock_price":-4.626438140869141,"seasonal_2_valid_loss":0.06431129256532839,"SBUX Stock Price Prediction by iTransformer":{"width":1000,"height":600,"_type":"image-file","sha256":"d3cc2ea59c6ee9190af1a58dd61413d9db2b0850af61256b1dade2050a81a4f0","size":52478,"path":"media/images/SBUX Stock Price Prediction by iTransformer_1801_d3cc2ea59c6ee9190af1.png","format":"png"},"predicted_trend_stock_price":99.6708984375,"final_predicted_stock_price":95.0689468383789,"rmse":7.431053161621094,"seasonal_3_valid_loss":0.06443294999770431,"real_trend_stock_price":101.97577123264563,"real_seasonal_1_stock_price":-1.1075764602936422,"mse":55.22055109083885,"depth":4,"real_seasonal_2_stock_price":0.925481635451434,"seasonal_1_train_loss":0.07065048084378672,"real_stock_price":102.5,"real_resid_stock_price":-1.1458760169745688,"seasonal_3_train_loss":0.04720691522896522,"seasonal_0_valid_loss":0.0595123155696972,"dim":128,"resid_train_loss":0.0800154114546341,"seasonal_1_valid_loss":0.05888239370719289,"Runtime (seconds)":935.11044049263,"real_seasonal_3_stock_price":-3.6364018448434683,"predicted_resid_stock_price":-3.15830135345459,"_timestamp":1.7384463133808963e+09,"predicted_seasonal_0_stock_price":4.912888050079346,"periods":[252,504,756,1260],"_runtime":16151.590932464,"predicted_seasonal_1_stock_price":-2.013319492340088,"predicted_seasonal_2_stock_price":0.2832219898700714,"mae":7.431053161621094,"resid_valid_loss":0.07159877739460499,"real_seasonal_0_stock_price":5.488601454014612,"seasonal_0_train_loss":0.0986600496417048}