{"_timestamp":1.7372609685224357e+09,"resid_train_loss":0.009958779712658416,"predicted_seasonal_3_stock_price":8.083232879638672,"real_seasonal_1_stock_price":4.756290216262089,"predicted_seasonal_2_stock_price":17.1433162689209,"seasonal_2_train_loss":0.0006050774882132161,"real_seasonal_0_stock_price":-5.078817476032067,"_runtime":27765.606637831,"real_stock_price":224.9199981689453,"predicted_trend_stock_price":164.9808349609375,"_step":1803,"rmse":5.9814453125,"seasonal_2_valid_loss":0.0005283155397729607,"resid_valid_loss":0.013446688055205094,"dim":128,"mae":5.9814453125,"seasonal_3_valid_loss":0.0018188053838697807,"predicted_seasonal_0_stock_price":-4.49192476272583,"seasonal_0_train_loss":0.00015288480757891823,"predicted_seasonal_1_stock_price":4.336320400238037,"real_trend_stock_price":164.9600837421829,"periods":[252,504,756,1260],"AMZN Stock Price Prediction by iTransformer":{"path":"media/images/AMZN Stock Price Prediction by iTransformer_1802_0b7d3a8931d8866f9f09.png","format":"png","width":1000,"height":600,"_type":"image-file","sha256":"0b7d3a8931d8866f9f097547e9c4d4a075b298955cb72d5a9cba1ec3ca435f8e","size":57565},"seasonal_1_train_loss":0.0006682722585331181,"Runtime (seconds)":1889.4852585792542,"depth":4,"seasonal_1_valid_loss":0.0017043258393551785,"real_resid_stock_price":34.110674950557666,"_wandb":{"runtime":27765},"final_predicted_stock_price":218.9385528564453,"real_seasonal_2_stock_price":17.58494656398433,"real_seasonal_3_stock_price":8.58682017199038,"predicted_resid_stock_price":28.88677978515625,"trend_train_loss":0.00012015394688935486,"seasonal_0_valid_loss":0.0006000110030678721,"trend_valid_loss":6.294095296003174e-06,"seasonal_3_train_loss":0.002051023376072794,"mse":35.77768802642822}