{"_runtime":14.20356148,"_step":9,"predicted_seasonal_1_stock_price":-4.051442623138428,"real_seasonal_0_stock_price":-6.886692248923765,"_timestamp":1.7367275073321204e+09,"predicted_seasonal_0_stock_price":0.5257814526557922,"resid_train_loss":1.6846809032184065,"real_trend_stock_price":167.5354913342489,"resid_valid_loss":1.4302142629159422,"dim":128,"real_seasonal_1_stock_price":2.721535027645758,"predicted_seasonal_2_stock_price":12.341081619262695,"periods":[252,504,756,1260],"real_stock_price":218.94000244140625,"mse":18586.223040163517,"real_resid_stock_price":30.052430487608945,"real_seasonal_3_stock_price":9.210042698987007,"predicted_seasonal_3_stock_price":5.838127136230469,"Runtime (seconds)":7.343057870864868,"trend_valid_loss":2.3178994832701334,"seasonal_1_train_loss":2.449908776603373,"trend_train_loss":2.796485348029232,"predicted_trend_stock_price":73.82798767089844,"final_predicted_stock_price":82.60870361328125,"seasonal_1_valid_loss":2.432787533464103,"AMZN Stock Price Prediction by iTransformer":{"_type":"image-file","sha256":"a36cbee40469cb973cd8a9ea2cdb1a4d1d31a8220b54c1d066ff3f43412f3944","size":46998,"path":"media/images/AMZN Stock Price Prediction by iTransformer_8_a36cbee40469cb973cd8.png","format":"png","width":1000,"height":600},"_wandb":{"runtime":14},"seasonal_2_train_loss":0.1938029821654369,"seasonal_3_valid_loss":0.5979714480539163,"seasonal_0_valid_loss":1.6388554716175283,"seasonal_2_valid_loss":0.09373832749248684,"mae":136.331298828125,"seasonal_3_train_loss":0.6691944033323067,"depth":4,"rmse":136.331298828125,"predicted_resid_stock_price":-5.872824668884277,"seasonal_0_train_loss":1.319471815523629,"real_seasonal_2_stock_price":16.307195141839433}