{"_step":1,"trend_train_loss":1.1495175022861592,"trend_valid_loss":2.0031089782714844,"_timestamp":1.7358357380529838e+09,"_runtime":27.852933564,"seasonal_0_train_loss":0.6187248961370047,"seasonal_0_valid_loss":1.5134281730054209,"_wandb":{"runtime":31}}