{"_timestamp":1.7388890623232903e+09,"Runtime (seconds)":211.57681846618652,"valid_loss":0.033643180294142615,"mae":9.29052734375,"dim":128,"predicted_stock_price":202.60052490234375,"rmse":9.29052734375,"r2_score":NaN,"mse":86.31389832496643,"train_loss":0.057952571899949255,"_wandb":{"runtime":4122},"GOOG Stock Price Prediction by iTransformer(no MSTL)":{"path":"media/images/GOOG Stock Price Prediction by iTransformer(no MSTL)_144_18da55135850d6a79282.png","format":"png","width":1000,"height":600,"_type":"image-file","sha256":"18da55135850d6a79282e7ce72f352b9ae0fa1f254dc923bf0586f67db72bbd6","size":63057},"real_stock_price":193.30999755859375,"depth":4,"_step":145,"_runtime":4122.73429448}