{"predicted_seasonal_0_stock_price":-0.31764525175094604,"periods":[252,504,756,1260],"final_predicted_stock_price":80.2874755859375,"real_seasonal_0_stock_price":-6.886692248923765,"real_trend_stock_price":167.5354913342489,"rmse":138.65252685546875,"mae":138.65252685546875,"trend_valid_loss":2.6975067879291292,"_wandb":{"runtime":9},"seasonal_2_train_loss":2.0385484974648476,"seasonal_0_train_loss":0.9586072050196894,"resid_valid_loss":1.0717897048828327,"predicted_resid_stock_price":-4.705713748931885,"trend_train_loss":0.918412304594728,"_runtime":9.919050289,"predicted_seasonal_2_stock_price":-6.09457540512085,"seasonal_3_train_loss":0.8312453224248509,"_timestamp":1.7367302532356055e+09,"seasonal_0_valid_loss":1.2058766252464719,"real_resid_stock_price":30.052430487608945,"depth":4,"seasonal_1_valid_loss":0.22719368840358695,"seasonal_1_train_loss":0.6666171576718064,"resid_train_loss":1.7560424608865557,"seasonal_3_valid_loss":1.1117107793688774,"real_stock_price":218.94000244140625,"predicted_trend_stock_price":79.47895050048828,"predicted_seasonal_1_stock_price":1.9260714054107666,"real_seasonal_2_stock_price":16.307195141839433,"_step":9,"real_seasonal_3_stock_price":9.210042698987007,"mse":19224.523203406483,"seasonal_2_valid_loss":2.062261034871575,"predicted_seasonal_3_stock_price":10.000384330749512,"dim":128,"AMZN Stock Price Prediction by iTransformer":{"format":"png","width":1000,"height":600,"_type":"image-file","sha256":"b53bb15c1f5edd2b249a474bbb8174e3cf01f718638ee2e28b282a8eaa761834","size":47076,"path":"media/images/AMZN Stock Price Prediction by iTransformer_8_b53bb15c1f5edd2b249a.png"},"Runtime (seconds)":4.044109582901001,"real_seasonal_1_stock_price":2.721535027645758}