{"predicted_trend_stock_price":132.45355224609375,"resid_train_loss":1.677672279101831,"seasonal_3_valid_loss":0.2603747169359015,"dim":128,"real_seasonal_1_stock_price":-3.140678311746889,"seasonal_2_train_loss":0.9086950108069589,"real_seasonal_0_stock_price":-2.3363792169033233,"_wandb":{"runtime":13},"real_trend_stock_price":221.26011137869912,"predicted_seasonal_1_stock_price":-0.3696027994155884,"seasonal_1_valid_loss":1.259697455192299,"rmse":104.45004272460938,"predicted_resid_stock_price":-3.316239833831787,"trend_train_loss":0.11507642529616745,"real_stock_price":236.85000610351562,"resid_valid_loss":1.300868387768156,"predicted_seasonal_2_stock_price":1.3321824073791504,"mae":104.45004272460938,"predicted_seasonal_3_stock_price":2.763695478439331,"_runtime":13.246270436,"seasonal_1_train_loss":1.5991075668275727,"seasonal_3_train_loss":0.5776051219378473,"depth":4,"final_predicted_stock_price":132.39996337890625,"mse":10909.811425172724,"predicted_seasonal_0_stock_price":-0.4636421799659729,"periods":[252,504,756,1260],"real_seasonal_2_stock_price":7.340473034724282,"seasonal_0_train_loss":1.1197552910991566,"seasonal_0_valid_loss":1.9161694645881653,"_step":9,"real_seasonal_3_stock_price":4.6707844552579285,"trend_valid_loss":1.13038216560211,"seasonal_2_valid_loss":0.6120397806167602,"_timestamp":1.7367293494081523e+09,"real_resid_stock_price":9.055694763484496,"AAPL Stock Price Prediction by iTransformer":{"path":"media/images/AAPL Stock Price Prediction by iTransformer_8_b07e6ae63dbe557da36e.png","format":"png","width":1000,"height":600,"_type":"image-file","sha256":"b07e6ae63dbe557da36ecd9fd27a6c28e74a7a03041edb37b48b80fdb261f09d","size":46938},"Runtime (seconds)":5.449999809265137}