{"resid_train_loss":0.7148058012775753,"seasonal_1_train_loss":1.5478197716308686,"real_seasonal_1_stock_price":-3.1406739343496257,"seasonal_3_train_loss":0.6289694267330073,"predicted_seasonal_1_stock_price":0.40259668231010437,"periods":[252,504,756,1260],"AAPL Stock Price Prediction by iTransformer":{"width":1000,"height":600,"_type":"image-file","sha256":"19a652baa5d1f9fc91b161534ad1a1a274ec3278425be7d5d718b61a3d33cea6","size":46957,"path":"media/images/AAPL Stock Price Prediction by iTransformer_8_19a652baa5d1f9fc91b1.png","format":"png"},"predicted_seasonal_3_stock_price":-0.6831923723220825,"predicted_resid_stock_price":7.150782585144043,"real_seasonal_2_stock_price":7.340469784780809,"seasonal_1_valid_loss":1.61852659048253,"Runtime (seconds)":5.702892541885376,"seasonal_2_train_loss":0.6150992036070912,"_runtime":12.113598379999999,"seasonal_0_train_loss":0.607832250922424,"_wandb":{"runtime":12},"trend_valid_loss":1.4044091266192746,"depth":4,"predicted_seasonal_2_stock_price":6.497247695922852,"real_seasonal_0_stock_price":-2.3363837664394462,"trend_train_loss":0.15320398480380962,"resid_valid_loss":0.7584468904864845,"final_predicted_stock_price":139.94302368164062,"mse":9390.96324211359,"dim":128,"real_resid_stock_price":9.055698008314238,"mae":96.906982421875,"_step":9,"real_stock_price":236.85000610351562,"predicted_trend_stock_price":126.81661224365234,"real_trend_stock_price":221.26011203381762,"_timestamp":1.7367268399390905e+09,"seasonal_2_valid_loss":0.34356656994424845,"rmse":96.906982421875,"real_seasonal_3_stock_price":4.670783977391999,"seasonal_3_valid_loss":0.8060456130952731,"predicted_seasonal_0_stock_price":-0.24102585017681122,"seasonal_0_valid_loss":1.3636569477100433}