{"predicted_seasonal_0_stock_price":-6.121397972106934,"real_seasonal_1_stock_price":2.721535027645758,"seasonal_0_valid_loss":0.4513999942517439,"seasonal_0_train_loss":0.96074062529244,"dim":128,"seasonal_1_train_loss":1.1367160197614283,"seasonal_1_valid_loss":0.9803877603110679,"_timestamp":1.7367474821953664e+09,"Runtime (seconds)":5.240023612976074,"trend_valid_loss":0.34228398466919674,"resid_train_loss":2.598676092896996,"predicted_seasonal_3_stock_price":-11.779857635498047,"_step":9,"depth":4,"real_stock_price":218.94000244140625,"real_seasonal_3_stock_price":9.210042698987007,"_runtime":14.376395929,"seasonal_2_train_loss":0.5046801268464851,"real_seasonal_2_stock_price":16.307195141839433,"real_seasonal_0_stock_price":-6.886692248923765,"predicted_resid_stock_price":-5.716639518737793,"AMZN Stock Price Prediction by iTransformer":{"height":600,"_type":"image-file","sha256":"6c52f2640b2cd96614e2795f04c7cf014ff2a0918be64ab42dc7940d84c403f2","size":46363,"path":"media/images/AMZN Stock Price Prediction by iTransformer_8_6c52f2640b2cd96614e2.png","format":"png","width":1000},"final_predicted_stock_price":116.71353912353516,"seasonal_3_valid_loss":0.9065881266522763,"seasonal_2_valid_loss":0.4005527544577825,"_wandb":{"runtime":14},"real_trend_stock_price":167.5354913342489,"trend_train_loss":0.07214790215189366,"resid_valid_loss":2.344073619466366,"mse":10450.249802480044,"real_resid_stock_price":30.052430487608945,"mae":102.2264633178711,"predicted_trend_stock_price":129.21961975097656,"seasonal_3_train_loss":1.204773861547591,"predicted_seasonal_2_stock_price":11.029850006103516,"rmse":102.2264633178711,"periods":[252,504,756,1260],"predicted_seasonal_1_stock_price":0.08196046948432922}