{"seasonal_1_valid_loss":1.4553662969604153,"predicted_trend_stock_price":83.36141204833984,"real_seasonal_3_stock_price":9.210042698987007,"real_resid_stock_price":30.052430487608945,"predicted_resid_stock_price":5.791812419891357,"seasonal_0_valid_loss":3.010565198996128,"final_predicted_stock_price":114.23788452148438,"Runtime (seconds)":3.579638957977295,"depth":4,"seasonal_1_train_loss":1.4000457815466363,"predicted_seasonal_2_stock_price":14.86522102355957,"rmse":104.70211791992188,"seasonal_2_train_loss":0.5225626404628042,"seasonal_0_train_loss":2.8882351546594838,"predicted_seasonal_3_stock_price":7.828326225280762,"resid_train_loss":0.571576831660207,"seasonal_3_valid_loss":0.3188077483211164,"real_trend_stock_price":167.5354913342489,"trend_train_loss":0.804644279192012,"predicted_seasonal_0_stock_price":4.351586818695068,"seasonal_2_valid_loss":0.10566747933626175,"real_stock_price":218.94000244140625,"real_seasonal_2_stock_price":16.307195141839433,"AMZN Stock Price Prediction by iTransformer":{"format":"png","width":1000,"height":600,"_type":"image-file","sha256":"ff3322e7df79499790e3d0303ff59717c5be60bddb64ec86bcb0633ca5d92072","size":46312,"path":"media/images/AMZN Stock Price Prediction by iTransformer_8_ff3322e7df79499790e3.png"},"mae":104.70211791992188,"mse":10962.533496917225,"_runtime":7.80959364,"_timestamp":1.7367185566075692e+09,"dim":128,"real_seasonal_0_stock_price":-6.886692248923765,"trend_valid_loss":2.163809812470768,"_wandb":{"runtime":7},"predicted_seasonal_1_stock_price":-1.9604638814926147,"resid_valid_loss":0.5793315937744333,"_step":9,"periods":[252,504,756,1260],"seasonal_3_train_loss":1.084776128175617,"real_seasonal_1_stock_price":2.721535027645758}