{"seasonal_3_train_loss":1.5233730547089257,"final_predicted_stock_price":205.48068237304688,"seasonal_1_train_loss":1.3594260443297101,"mae":13.459320068359375,"_wandb":{"runtime":8},"_step":9,"Runtime (seconds)":3.7559757232666016,"AMZN Stock Price Prediction by iTransformer":{"path":"media/images/AMZN Stock Price Prediction by iTransformer_8_0c520fe0d53c8e91d66f.png","format":"png","width":1000,"height":600,"_type":"image-file","sha256":"0c520fe0d53c8e91d66f38af28f9ba9893a4664624ccbcfe783c4a760fa60399","size":51341},"seasonal_0_train_loss":0.2980675964450544,"real_seasonal_0_stock_price":-6.886692248923765,"_timestamp":1.7367196693171213e+09,"real_seasonal_1_stock_price":2.721535027645758,"real_seasonal_3_stock_price":9.210042698987007,"dim":128,"predicted_trend_stock_price":176.1061248779297,"rmse":13.459320068359375,"predicted_resid_stock_price":32.20870590209961,"trend_valid_loss":0.0447058267891407,"resid_train_loss":2.1382855462477495,"periods":[252,504,756,1260],"seasonal_2_valid_loss":0.95242486534726,"predicted_seasonal_0_stock_price":-4.119897365570068,"trend_train_loss":0.22905322631816127,"resid_valid_loss":0.2710343599319458,"seasonal_1_valid_loss":0.8975403823777643,"real_stock_price":218.94000244140625,"depth":4,"mse":181.1532967025414,"real_seasonal_2_stock_price":16.307195141839433,"real_trend_stock_price":167.5354913342489,"predicted_seasonal_3_stock_price":1.7115497589111328,"_runtime":8.161641936,"seasonal_3_valid_loss":1.1748777253988603,"predicted_seasonal_2_stock_price":-0.4411196708679199,"predicted_seasonal_1_stock_price":0.015324503183364868,"seasonal_2_train_loss":1.1233598114279184,"real_resid_stock_price":30.052430487608945,"seasonal_0_valid_loss":0.233316662832626}