{"predicted_seasonal_3_stock_price":-1.1684296131134033,"resid_train_loss":0.6911045806058903,"_runtime":13.634228346,"depth":4,"resid_valid_loss":0.47245363510937904,"real_resid_stock_price":9.055693845156327,"dim":128,"seasonal_3_valid_loss":1.1636458000960657,"trend_valid_loss":3.0269429108995567,"real_trend_stock_price":221.26011144446989,"_wandb":{"runtime":13},"rmse":157.06900787353516,"predicted_trend_stock_price":77.91979217529297,"seasonal_0_valid_loss":1.0307121166344464,"mse":24670.67323437665,"mae":157.06900787353516,"real_seasonal_2_stock_price":7.340470929212094,"periods":[252,504,756,1260],"_timestamp":1.7367539360923653e+09,"real_seasonal_3_stock_price":4.670784507775264,"seasonal_3_train_loss":1.7175100084809722,"_step":9,"predicted_seasonal_1_stock_price":-0.9104452729225159,"predicted_resid_stock_price":0.14505815505981445,"predicted_seasonal_0_stock_price":0.9500075578689575,"seasonal_2_train_loss":0.7662213422140033,"seasonal_2_valid_loss":0.24735241614539047,"Runtime (seconds)":6.302720785140991,"trend_train_loss":0.5381706386206081,"seasonal_1_train_loss":1.0582723586631801,"predicted_seasonal_2_stock_price":2.8450145721435547,"real_stock_price":236.85000610351562,"seasonal_1_valid_loss":0.30622244908891877,"final_predicted_stock_price":79.78099822998047,"real_seasonal_0_stock_price":-2.336374224376899,"AAPL Stock Price Prediction by iTransformer":{"height":600,"_type":"image-file","sha256":"a422631022d0b69a03dcc8660e6e7a49a22391116f1e5e671ba3fd13b891ba21","size":46421,"path":"media/images/AAPL Stock Price Prediction by iTransformer_8_a422631022d0b69a03dc.png","format":"png","width":1000},"real_seasonal_1_stock_price":-3.1406803987211007,"seasonal_0_train_loss":0.5370356420377144}