{"_wandb":{"runtime":9},"predicted_seasonal_2_stock_price":15.37034797668457,"mae":15.481842041015625,"predicted_seasonal_0_stock_price":-3.986085891723633,"depth":4,"Runtime (seconds)":4.415594816207886,"dim":128,"resid_train_loss":1.3659418272972106,"_timestamp":1.7367199297074544e+09,"seasonal_2_train_loss":0.47151543990960965,"seasonal_2_valid_loss":0.07768368739259003,"seasonal_3_valid_loss":0.4148715967193563,"seasonal_0_train_loss":0.3694608256730515,"resid_valid_loss":1.0706014639229944,"real_seasonal_2_stock_price":16.307195141839433,"periods":[252,504,756,1260],"real_seasonal_1_stock_price":2.721535027645758,"mse":239.68743298295885,"real_stock_price":218.94000244140625,"predicted_seasonal_3_stock_price":12.565085411071777,"real_resid_stock_price":30.052430487608945,"real_seasonal_0_stock_price":-6.886692248923765,"seasonal_3_train_loss":0.9215673576925218,"trend_valid_loss":0.16821724405655494,"predicted_seasonal_1_stock_price":-2.533985137939453,"predicted_trend_stock_price":183.20657348632812,"trend_train_loss":1.002458647965447,"real_seasonal_3_stock_price":9.210042698987007,"AMZN Stock Price Prediction by iTransformer":{"format":"png","width":1000,"height":600,"_type":"image-file","sha256":"63831145c470c4275321e33e8a3bb82f0286b36990272600a4abaaee4bff111d","size":50961,"path":"media/images/AMZN Stock Price Prediction by iTransformer_8_63831145c470c4275321.png"},"seasonal_0_valid_loss":0.4270476788614762,"final_predicted_stock_price":203.45816040039062,"_step":9,"seasonal_1_train_loss":1.8023827223174542,"seasonal_1_valid_loss":1.4553749994082812,"predicted_resid_stock_price":-1.1637742519378662,"rmse":15.481842041015625,"real_trend_stock_price":167.5354913342489,"_runtime":9.565430662}