{"real_trend_stock_price":167.5354913342489,"predicted_trend_stock_price":161.30885314941406,"mse":1617.616585507989,"seasonal_0_train_loss":0.43881834207133796,"mae":40.2196044921875,"dim":128,"periods":[252,504,756,1260],"predicted_seasonal_2_stock_price":10.186224937438965,"real_seasonal_2_stock_price":16.307195141839433,"final_predicted_stock_price":178.72039794921875,"real_seasonal_1_stock_price":2.721535027645758,"predicted_seasonal_1_stock_price":3.9905202388763428,"trend_train_loss":0.4208632550853101,"seasonal_2_train_loss":0.38974074364581535,"seasonal_3_valid_loss":0.6574535117099423,"resid_valid_loss":1.2584782838821411,"seasonal_2_valid_loss":0.17483555111877655,"seasonal_3_train_loss":0.7325050802897021,"AMZN Stock Price Prediction by iTransformer":{"format":"png","width":1000,"height":600,"_type":"image-file","sha256":"8b12b50f30d138df0e03fac77eb5a7a76ad8527dc595fc6dd4c7a8453b5a32a9","size":48446,"path":"media/images/AMZN Stock Price Prediction by iTransformer_8_8b12b50f30d138df0e03.png"},"_wandb":{"runtime":10},"real_seasonal_3_stock_price":9.210042698987007,"_runtime":10.688621112,"real_resid_stock_price":30.052430487608945,"seasonal_0_valid_loss":0.2541328471565391,"_step":9,"Runtime (seconds)":5.075490474700928,"real_seasonal_0_stock_price":-6.886692248923765,"rmse":40.2196044921875,"depth":4,"resid_train_loss":1.1341717938087967,"predicted_seasonal_0_stock_price":-8.178047180175781,"_timestamp":1.736746194982657e+09,"real_stock_price":218.94000244140625,"seasonal_1_valid_loss":0.2343334379705792,"seasonal_1_train_loss":0.4705845659492126,"trend_valid_loss":0.0038850613631580245,"predicted_resid_stock_price":11.367291450500488,"predicted_seasonal_3_stock_price":0.04556030035018921}