{"r2_score":NaN,"_wandb":{"runtime":3183},"train_loss":0.048620091469345164,"_runtime":3183.022122112,"_step":302,"valid_loss":0.021687464411502426,"mse":5.398305092006922,"dim":128,"_timestamp":1.7359900466447241e+09,"Runtime (seconds)":118.63957095146179,"real_stock_price":234.92999267578125,"depth":4,"rmse":2.32342529296875,"mae":2.32342529296875,"predicted_stock_price":232.6065673828125,"AAPL Stock Price Prediction by iTransformer(no MSTL)":{"_type":"image-file","sha256":"112fba29cad337a765d9aadeddb7f63280c1f2355e16812d28066b6353094988","size":51286,"path":"media/images/AAPL Stock Price Prediction by iTransformer(no MSTL)_301_112fba29cad337a765d9.png","format":"png","width":1000,"height":600}}