{"periods":[252,504,756,1260],"real_seasonal_3_stock_price":4.67078964933046,"predicted_seasonal_3_stock_price":1.4588027000427246,"seasonal_2_valid_loss":1.942887554692961,"trend_train_loss":0.1565381090765759,"real_seasonal_0_stock_price":-2.3363822365867244,"seasonal_0_train_loss":0.7422197959083495,"Runtime (seconds)":5.407892227172852,"rmse":115.02230834960938,"trend_valid_loss":1.8102753569505043,"seasonal_1_train_loss":0.30201856371650376,"resid_train_loss":1.220361158196456,"_runtime":12.055538279,"depth":4,"real_seasonal_2_stock_price":7.340476600499213,"mse":13230.131418072619,"resid_valid_loss":1.0191136488675578,"predicted_seasonal_2_stock_price":-3.8684189319610596,"predicted_seasonal_0_stock_price":-0.5904430747032166,"_wandb":{"runtime":12},"seasonal_0_valid_loss":1.842393179601383,"final_predicted_stock_price":121.82769775390625,"seasonal_3_train_loss":1.293348826763568,"predicted_resid_stock_price":16.76791000366211,"real_resid_stock_price":9.055691535003433,"real_stock_price":236.85000610351562,"seasonal_2_train_loss":1.7590706006057173,"real_trend_stock_price":221.260111772394,"seasonal_1_valid_loss":0.1419705932786581,"predicted_trend_stock_price":111.69564056396484,"_step":9,"AAPL Stock Price Prediction by iTransformer":{"path":"media/images/AAPL Stock Price Prediction by iTransformer_8_b4467ba1d5fa58c57f91.png","format":"png","width":1000,"height":600,"_type":"image-file","sha256":"b4467ba1d5fa58c57f91d17b78d8160e5f6d44b27cd3328d50fde1b356373bad","size":47245},"predicted_seasonal_1_stock_price":-3.63578462600708,"mae":115.02230834960938,"seasonal_3_valid_loss":0.41074400306656883,"real_seasonal_1_stock_price":-3.140681217124754,"dim":128,"_timestamp":1.7367167881869416e+09}