{"_wandb":{"runtime":295},"_step":101,"_runtime":295.02896559,"Validation Loss (Seasonal)":0.10867738723754883,"Train Loss (Trend)":0.0014171115740795027,"Apple Stock Price Prediction":{"_type":"image-file","sha256":"403ccbb5fe7c8cbf1c5b3b4bd66544bd01e8d48438c86a1367f724d309314436","size":53415,"path":"media/images/Apple Stock Price Prediction_100_403ccbb5fe7c8cbf1c5b.png","format":"png","width":1000,"height":600},"Validation Loss (Trend)":0.0035947374999523163,"_timestamp":1.7294460121696188e+09,"Train Loss (Seasonal)":0.015628675503317604,"Train Loss (Resid)":0.02961338716939767,"Validation Loss (Resid)":0.25996183305621434,"Runtime (seconds)":289.6540472507477}