{"mae":125.85054779052734,"real_seasonal_1_stock_price":-3.1406742881144845,"rmse":125.85054779052734,"_runtime":20.519490502,"seasonal_1_train_loss":0.2755958177547865,"real_trend_stock_price":221.26011237648112,"dim":128,"depth":4,"seasonal_2_valid_loss":0.08825373470455579,"_step":9,"predicted_resid_stock_price":-3.0759880542755127,"seasonal_1_valid_loss":0.06885329870616688,"predicted_seasonal_1_stock_price":-2.529804229736328,"real_stock_price":236.85000610351562,"resid_valid_loss":2.3277699947357178,"AAPL Stock Price Prediction by iTransformer":{"path":"media/images/AAPL Stock Price Prediction by iTransformer_8_faa1650bc437142fe7ec.png","format":"png","width":1000,"height":600,"_type":"image-file","sha256":"faa1650bc437142fe7ec9b271c93c9fbcbc11c07e4a8df3e41c427e192dce773","size":47174},"periods":[252,504,756,1260],"seasonal_2_train_loss":0.280618654443878,"_timestamp":1.7367575899613204e+09,"real_seasonal_2_stock_price":7.340472021771333,"trend_valid_loss":1.2976341445102335,"final_predicted_stock_price":110.99945831298828,"real_seasonal_0_stock_price":-2.336380744032511,"predicted_trend_stock_price":107.96868896484375,"real_resid_stock_price":9.055698044205172,"resid_train_loss":0.8354158233477986,"_wandb":{"runtime":20},"predicted_seasonal_3_stock_price":1.6772360801696777,"trend_train_loss":0.285058435191828,"predicted_seasonal_0_stock_price":0.2960874140262604,"predicted_seasonal_2_stock_price":6.663242340087891,"seasonal_3_train_loss":0.8070784313026389,"seasonal_0_valid_loss":1.0669947442533345,"real_seasonal_3_stock_price":4.670778693205024,"seasonal_0_train_loss":0.7765087139005441,"Runtime (seconds)":9.993144750595093,"mse":15838.360379175807,"seasonal_3_valid_loss":0.538755069909966}