{"real_seasonal_2_stock_price":7.340470829885516,"seasonal_0_train_loss":0.4838894454950697,"real_resid_stock_price":9.05569370428384,"seasonal_1_valid_loss":0.42577192187309265,"predicted_seasonal_2_stock_price":9.136138916015625,"real_stock_price":236.85000610351562,"real_seasonal_1_stock_price":-3.1406758536773403,"seasonal_3_valid_loss":0.8161914768454793,"rmse":176.85578536987305,"_runtime":9.553047221,"seasonal_1_train_loss":0.5130624026325912,"predicted_seasonal_0_stock_price":0.32835307717323303,"Runtime (seconds)":4.404232740402222,"predicted_resid_stock_price":-0.15781021118164062,"trend_valid_loss":4.219229718942321,"predicted_trend_stock_price":53.46119689941406,"periods":[252,504,756,1260],"resid_train_loss":0.46165500653528946,"mae":176.85578536987305,"real_seasonal_0_stock_price":-2.336380036190776,"final_predicted_stock_price":59.99422073364258,"_timestamp":1.7367410739854326e+09,"seasonal_0_valid_loss":0.7270749972926246,"resid_valid_loss":0.4426122579985335,"predicted_seasonal_3_stock_price":-0.5719035267829895,"real_trend_stock_price":221.26011230676073,"AAPL Stock Price Prediction by iTransformer":{"format":"png","width":1000,"height":600,"_type":"image-file","sha256":"2ec17cd25f72f723f303af442c4c146028f0d7a45d1f3038aeab809b9720a512","size":46200,"path":"media/images/AAPL Stock Price Prediction by iTransformer_8_2ec17cd25f72f723f303.png"},"seasonal_3_train_loss":1.0007870497778557,"_wandb":{"runtime":9},"mse":31277.9688187946,"trend_train_loss":0.9564762151485786,"seasonal_2_train_loss":1.3654711595564326,"seasonal_2_valid_loss":0.4542966411052656,"real_seasonal_3_stock_price":4.670785152453677,"depth":4,"dim":128,"_step":9,"predicted_seasonal_1_stock_price":-2.201756000518799}