{"resid_train_loss":0.5222957856524545,"predicted_resid_stock_price":6.009525299072266,"predicted_seasonal_1_stock_price":0.3552543818950653,"predicted_seasonal_2_stock_price":2.132986545562744,"depth":4,"AAPL Stock Price Prediction by iTransformer":{"_type":"image-file","sha256":"61e6f4027858314e8fc4298b22ac4b6090aff8014a83e1e1be2a16aac813658b","size":46064,"path":"media/images/AAPL Stock Price Prediction by iTransformer_8_61e6f4027858314e8fc4.png","format":"png","width":1000,"height":600},"seasonal_0_train_loss":2.4704516194196655,"mse":22011.681334022433,"seasonal_2_valid_loss":0.9685272654282978,"real_trend_stock_price":221.2601119051123,"predicted_seasonal_3_stock_price":-3.4292945861816406,"real_seasonal_0_stock_price":-2.3363837588996286,"real_stock_price":236.85000610351562,"dim":128,"real_resid_stock_price":9.055696620709568,"trend_valid_loss":1.761839568367979,"Runtime (seconds)":6.905410051345825,"resid_valid_loss":1.025230794917536,"_runtime":13.067581603,"mae":148.36334228515625,"predicted_seasonal_0_stock_price":-2.2474541664123535,"real_seasonal_1_stock_price":-3.140674861670055,"seasonal_1_valid_loss":0.29263392559119633,"real_seasonal_3_stock_price":4.670783448107474,"real_seasonal_2_stock_price":7.340472750155955,"seasonal_0_valid_loss":4.876523894530076,"predicted_trend_stock_price":85.66564178466797,"seasonal_1_train_loss":1.1148114448073525,"_step":9,"trend_train_loss":0.1889158797599195,"_timestamp":1.736715435498406e+09,"periods":[252,504,756,1260],"seasonal_3_train_loss":0.651548899549209,"_wandb":{"runtime":13},"final_predicted_stock_price":88.48666381835938,"rmse":148.36334228515625,"seasonal_2_train_loss":0.9820123461505915,"seasonal_3_valid_loss":0.4114381697421011}