{"AMZN Stock Price Prediction by iTransformer":{"sha256":"332990f829d9784f87b6257682253b84f00bd74f25aa890334bbb432b9752a21","size":46193,"path":"media/images/AMZN Stock Price Prediction by iTransformer_8_332990f829d9784f87b6.png","format":"png","width":1000,"height":600,"_type":"image-file"},"dim":128,"seasonal_0_train_loss":0.2455024169054632,"predicted_trend_stock_price":72.86248016357422,"seasonal_2_valid_loss":0.22309746593236923,"resid_train_loss":1.2084607257744695,"real_resid_stock_price":30.052430487608945,"seasonal_1_valid_loss":0.5508418679237366,"depth":4,"trend_train_loss":1.1681414479379357,"Runtime (seconds)":4.762417316436768,"_timestamp":1.7367112863673568e+09,"real_seasonal_0_stock_price":-6.886692248923765,"final_predicted_stock_price":109.54116821289062,"periods":[252,504,756,1260],"real_trend_stock_price":167.5354913342489,"_step":9,"real_stock_price":218.94000244140625,"seasonal_2_train_loss":0.5699341078236532,"real_seasonal_2_stock_price":16.307195141839433,"seasonal_3_valid_loss":0.715096728272841,"rmse":109.39883422851562,"predicted_seasonal_2_stock_price":16.65410804748535,"_runtime":9.784089154,"resid_valid_loss":1.016371715374482,"seasonal_0_valid_loss":0.2035802050400413,"mae":109.39883422851562,"seasonal_3_train_loss":2.1429683421961307,"predicted_seasonal_1_stock_price":-0.753846287727356,"predicted_resid_stock_price":25.701528549194336,"predicted_seasonal_0_stock_price":-5.099417209625244,"real_seasonal_3_stock_price":9.210042698987007,"real_seasonal_1_stock_price":2.721535027645758,"_wandb":{"runtime":9},"predicted_seasonal_3_stock_price":0.17631471157073975,"trend_valid_loss":2.0683263695471172,"mse":11968.104930558242,"seasonal_1_train_loss":0.9863273619221828}