{"real_seasonal_0_stock_price":-2.336385226708466,"depth":4,"predicted_resid_stock_price":0.10159993171691895,"predicted_seasonal_0_stock_price":-0.6484964489936829,"resid_train_loss":0.9313899119359416,"resid_valid_loss":3.3716082765051154,"seasonal_0_train_loss":0.9937972910759277,"seasonal_3_train_loss":0.9064281048736392,"seasonal_2_valid_loss":1.2254085628519795,"predicted_seasonal_3_stock_price":-0.3310514986515045,"real_seasonal_1_stock_price":-3.1406779793533235,"seasonal_1_train_loss":1.2146866542091967,"_timestamp":1.7367480573837185e+09,"rmse":42.50804138183594,"Runtime (seconds)":8.075147867202759,"predicted_seasonal_1_stock_price":-0.10838693380355835,"_runtime":17.525524953,"real_resid_stock_price":9.055698193668604,"mae":42.50804138183594,"_wandb":{"runtime":17},"real_stock_price":236.85000610351562,"predicted_trend_stock_price":195.9591064453125,"real_seasonal_3_stock_price":4.670786161510328,"mse":1806.9335821198765,"trend_train_loss":0.35512609050279254,"real_seasonal_2_stock_price":7.3404737939163756,"real_trend_stock_price":221.2601111604821,"AAPL Stock Price Prediction by iTransformer":{"sha256":"bd8ab739a716388b33a59afd0da3a77ebf6a54c13f113741ae4a64a3aa0b90e3","size":48458,"path":"media/images/AAPL Stock Price Prediction by iTransformer_8_bd8ab739a716388b33a5.png","format":"png","width":1000,"height":600,"_type":"image-file"},"seasonal_2_train_loss":1.3510486970002624,"seasonal_1_valid_loss":0.936264779179468,"seasonal_3_valid_loss":0.3550934812118267,"seasonal_0_valid_loss":1.6615499330677868,"periods":[252,504,756,1260],"dim":128,"trend_valid_loss":0.050666034196591166,"predicted_seasonal_2_stock_price":-0.6307965517044067,"_step":9,"final_predicted_stock_price":194.3419647216797}