{"seasonal_3_train_loss":0.8631695391246731,"real_stock_price":236.85000610351562,"dim":128,"real_seasonal_2_stock_price":7.3404748525795585,"mse":14978.78531368915,"Runtime (seconds)":5.310772895812988,"predicted_seasonal_3_stock_price":-1.022476315498352,"real_seasonal_3_stock_price":4.6707860352977315,"final_predicted_stock_price":114.462158203125,"predicted_seasonal_0_stock_price":-0.8142495155334473,"seasonal_0_valid_loss":1.7398743877318543,"_timestamp":1.7367194203327737e+09,"resid_valid_loss":0.5336035149928816,"seasonal_2_train_loss":1.3131667646993423,"periods":[252,504,756,1260],"seasonal_2_valid_loss":0.9453062394877652,"_runtime":10.931002175,"predicted_seasonal_2_stock_price":3.0910956859588623,"predicted_seasonal_1_stock_price":-2.7141308784484863,"rmse":122.38784790039062,"real_resid_stock_price":9.055685677487418,"depth":4,"seasonal_0_train_loss":0.9416974700627827,"trend_valid_loss":1.2281370283607842,"_step":9,"predicted_trend_stock_price":106.84004211425781,"trend_train_loss":0.15349574458902404,"resid_train_loss":0.5953669887370863,"seasonal_3_valid_loss":0.6688674919247307,"real_seasonal_1_stock_price":-3.14067803988471,"AAPL Stock Price Prediction by iTransformer":{"sha256":"e0f01172fe9fd8d4746c18688a7cd9a843bed48edf137ba5a17053cbc94c2f2f","size":47244,"path":"media/images/AAPL Stock Price Prediction by iTransformer_8_e0f01172fe9fd8d4746c.png","format":"png","width":1000,"height":600,"_type":"image-file"},"seasonal_1_train_loss":0.47053277349305395,"real_trend_stock_price":221.26011157425168,"seasonal_1_valid_loss":0.30423651967115534,"_wandb":{"runtime":10},"real_seasonal_0_stock_price":-2.3363739962160652,"predicted_resid_stock_price":9.08188247680664,"mae":122.38784790039062}