{"real_seasonal_1_stock_price":-3.1406709723467183,"real_seasonal_2_stock_price":7.340471200043602,"mse":23719.755214557284,"final_predicted_stock_price":82.83781433105469,"predicted_seasonal_2_stock_price":0.9977877140045166,"_timestamp":1.7367296502013254e+09,"dim":128,"predicted_seasonal_1_stock_price":-1.6368906497955322,"predicted_seasonal_3_stock_price":5.95468807220459,"predicted_seasonal_0_stock_price":-0.9576267004013062,"_runtime":10.953433728,"trend_train_loss":0.4901997662478099,"real_stock_price":236.85000610351562,"mae":154.01219177246094,"resid_train_loss":0.5220850857147562,"_wandb":{"runtime":10},"seasonal_3_valid_loss":0.4789449739956398,"trend_valid_loss":2.4812083357974037,"periods":[252,504,756,1260],"real_seasonal_3_stock_price":4.670783181166775,"predicted_trend_stock_price":73.09449768066406,"real_trend_stock_price":221.2601115963556,"seasonal_1_valid_loss":1.1013340075615003,"Runtime (seconds)":5.239400386810303,"seasonal_0_train_loss":0.6296781774498647,"predicted_resid_stock_price":5.3853607177734375,"AAPL Stock Price Prediction by iTransformer":{"path":"media/images/AAPL Stock Price Prediction by iTransformer_8_31983962b1020cce7059.png","format":"png","width":1000,"height":600,"_type":"image-file","sha256":"31983962b1020cce705987ac8d8844ffad8e24a15ca6a63e29f989b3fd63e0b2","size":46252},"real_seasonal_0_stock_price":-2.3363817355929433,"seasonal_0_valid_loss":1.8567727275344228,"seasonal_1_train_loss":1.107568156926557,"seasonal_2_valid_loss":0.6759648847288412,"seasonal_3_train_loss":0.7873484553222883,"rmse":154.01219177246094,"seasonal_2_train_loss":1.1274098453231667,"real_resid_stock_price":9.05569283388931,"depth":4,"resid_valid_loss":0.7166645645817614,"_step":9}