{"seasonal_1_train_loss":1.6952699113000156,"resid_valid_loss":0.9725818350331461,"seasonal_3_valid_loss":0.659424459872605,"real_seasonal_1_stock_price":-3.1406790182571718,"real_seasonal_2_stock_price":7.340475363325925,"trend_valid_loss":2.0662103823429563,"real_trend_stock_price":221.26011134068827,"predicted_trend_stock_price":119.4153060913086,"resid_train_loss":0.9715978074916686,"_timestamp":1.736712852545592e+09,"predicted_seasonal_2_stock_price":2.0688276290893555,"periods":[252,504,756,1260],"mae":113.3510971069336,"rmse":113.3510971069336,"final_predicted_stock_price":123.49890899658203,"mse":12848.47121534549,"Runtime (seconds)":4.509336471557617,"AAPL Stock Price Prediction by iTransformer":{"format":"png","width":1000,"height":600,"_type":"image-file","sha256":"14d601156f25ff9cf3dba846e1677271c50b9692ce66db44bcabc84116f68ef1","size":47279,"path":"media/images/AAPL Stock Price Prediction by iTransformer_8_14d601156f25ff9cf3db.png"},"depth":4,"predicted_resid_stock_price":0.3831608295440674,"trend_train_loss":0.2785254188860318,"real_stock_price":236.85000610351562,"real_resid_stock_price":9.05569789143857,"_wandb":{"runtime":9},"seasonal_0_train_loss":0.7937966001068353,"_runtime":9.481483034,"real_seasonal_3_stock_price":4.670786803876445,"seasonal_0_valid_loss":1.4228997875667522,"seasonal_3_train_loss":1.4504717092879498,"seasonal_1_valid_loss":1.2123531540379906,"predicted_seasonal_0_stock_price":1.2976150512695312,"predicted_seasonal_3_stock_price":-0.26174381375312805,"predicted_seasonal_1_stock_price":0.5957423448562622,"_step":9,"seasonal_2_valid_loss":0.7163702391915852,"dim":128,"seasonal_2_train_loss":0.4439043811113924,"real_seasonal_0_stock_price":-2.336386277556403}