{"dim":128,"predicted_seasonal_0_stock_price":-0.755272388458252,"Runtime (seconds)":5.263465642929077,"real_seasonal_1_stock_price":-3.1406769468050832,"real_seasonal_2_stock_price":7.3404707187213765,"real_resid_stock_price":9.055692839088039,"real_trend_stock_price":221.26011248699925,"predicted_seasonal_2_stock_price":8.332962989807129,"resid_valid_loss":2.0956782345632905,"AAPL Stock Price Prediction by iTransformer":{"format":"png","width":1000,"height":600,"_type":"image-file","sha256":"58ab7fa7cf48aadd02aab95ae5c161d21749f3c10d663712834f2d7c9c5397f8","size":46111,"path":"media/images/AAPL Stock Price Prediction by iTransformer_8_58ab7fa7cf48aadd02aa.png"},"real_seasonal_3_stock_price":4.670782505317325,"_runtime":12.125292895,"_timestamp":1.736757505727068e+09,"seasonal_3_train_loss":1.8652814588186926,"predicted_trend_stock_price":106.56344604492188,"mse":20192.498465673067,"_step":9,"seasonal_2_valid_loss":0.20120924595526016,"seasonal_0_train_loss":0.469869171108771,"depth":4,"rmse":142.10031127929688,"_wandb":{"runtime":12},"seasonal_0_valid_loss":0.4737126589093578,"final_predicted_stock_price":94.74969482421875,"periods":[252,504,756,1260],"seasonal_1_train_loss":0.38914168184523024,"seasonal_1_valid_loss":0.21835962798860337,"trend_valid_loss":1.1952918386194546,"seasonal_3_valid_loss":2.3906977604149926,"predicted_resid_stock_price":-10.974212646484375,"resid_train_loss":3.091843768622438,"mae":142.10031127929688,"seasonal_2_train_loss":0.551352081730828,"real_seasonal_0_stock_price":-2.3363754998052846,"predicted_seasonal_3_stock_price":-6.6963090896606445,"predicted_seasonal_1_stock_price":-1.7209163904190063,"trend_train_loss":0.15689409786052236,"real_stock_price":236.85000610351562}