{"seasonal_2_valid_loss":2.260973585800475,"periods":[252,504,756,1260],"Runtime (seconds)":4.962121248245239,"predicted_seasonal_3_stock_price":10.942656517028809,"real_seasonal_2_stock_price":16.307195141839433,"seasonal_3_valid_loss":0.17013884315142047,"final_predicted_stock_price":129.37501525878906,"seasonal_2_train_loss":1.8756986910160545,"real_stock_price":218.94000244140625,"rmse":89.56498718261719,"mse":8021.886929022381,"real_seasonal_3_stock_price":9.210042698987007,"seasonal_1_train_loss":1.0982904112743728,"seasonal_0_train_loss":0.7689142313448836,"seasonal_1_valid_loss":0.9708839230485015,"predicted_trend_stock_price":108.66901397705078,"real_trend_stock_price":167.5354913342489,"depth":4,"_step":9,"AMZN Stock Price Prediction by iTransformer":{"path":"media/images/AMZN Stock Price Prediction by iTransformer_8_d4bc23b1ac42ff9f24ad.png","format":"png","width":1000,"height":600,"_type":"image-file","sha256":"d4bc23b1ac42ff9f24ad41d36c17c6bd26c2b9c871447343bdaa5215993440d5","size":45940},"trend_valid_loss":0.9983573834276409,"real_seasonal_0_stock_price":-6.886692248923765,"predicted_seasonal_0_stock_price":-0.9266155958175659,"dim":128,"real_resid_stock_price":30.052430487608945,"real_seasonal_1_stock_price":2.721535027645758,"predicted_resid_stock_price":14.481087684631348,"resid_train_loss":0.5206576881869068,"trend_train_loss":0.36257089674116283,"seasonal_3_train_loss":0.5758613161021758,"seasonal_0_valid_loss":0.6545315980911255,"resid_valid_loss":0.2551729527284514,"predicted_seasonal_2_stock_price":-4.826688766479492,"mae":89.56498718261719,"_wandb":{"runtime":10},"_timestamp":1.7367200347182791e+09,"predicted_seasonal_1_stock_price":1.0355502367019653,"_runtime":10.180166409}