{"mse":6020.164910331368,"seasonal_0_train_loss":0.237453685442537,"seasonal_3_valid_loss":0.4785993800696913,"trend_valid_loss":0.5299304577460652,"predicted_trend_stock_price":136.0453643798828,"real_resid_stock_price":9.055696518416909,"_step":9,"real_seasonal_3_stock_price":4.6707855928937745,"real_seasonal_2_stock_price":7.340470360244704,"seasonal_1_train_loss":0.9275919852335809,"real_seasonal_1_stock_price":-3.140675766292668,"resid_valid_loss":0.5883843833804131,"AAPL Stock Price Prediction by iTransformer":{"size":46584,"path":"media/images/AAPL Stock Price Prediction by iTransformer_8_5131bda999785b04e02b.png","format":"png","width":1000,"height":600,"_type":"image-file","sha256":"5131bda999785b04e02bf75a0d78b5166f7e9903874d9fad63630454913edb18"},"real_trend_stock_price":221.26011166503108,"_runtime":11.306390628,"Runtime (seconds)":5.362179517745972,"seasonal_3_train_loss":0.48448938528696694,"dim":128,"final_predicted_stock_price":159.26028442382812,"periods":[252,504,756,1260],"seasonal_0_valid_loss":0.20334935188293457,"_wandb":{"runtime":11},"predicted_seasonal_3_stock_price":12.46731185913086,"_timestamp":1.7367098942432177e+09,"predicted_seasonal_0_stock_price":0.9496927857398987,"seasonal_1_valid_loss":1.0721819553826306,"real_seasonal_0_stock_price":-2.3363822667781418,"predicted_resid_stock_price":8.267704010009766,"rmse":77.5897216796875,"depth":4,"seasonal_2_train_loss":0.5520413791529275,"mae":77.5897216796875,"seasonal_2_valid_loss":0.5393762519373356,"real_stock_price":236.85000610351562,"predicted_seasonal_1_stock_price":-0.42578500509262085,"predicted_seasonal_2_stock_price":1.9559987783432007,"resid_train_loss":0.6829941868285752,"trend_train_loss":0.052618518805516705}