{"seasonal_1_valid_loss":0.2812568756047957,"final_predicted_stock_price":158.6285400390625,"seasonal_2_train_loss":0.9510091049580357,"seasonal_1_train_loss":0.40757198555347246,"real_resid_stock_price":9.055701490226284,"mae":78.22146606445312,"Runtime (seconds)":6.4252846240997314,"mse":6118.597753272392,"predicted_seasonal_2_stock_price":0.453988254070282,"seasonal_3_valid_loss":0.13219343183876633,"_runtime":15.04120796,"real_stock_price":236.85000610351562,"seasonal_0_train_loss":0.410047236140545,"seasonal_3_train_loss":0.9488318271167538,"real_trend_stock_price":221.2601119264393,"resid_train_loss":0.7615586339783652,"depth":4,"real_seasonal_1_stock_price":-3.140676162052403,"real_seasonal_2_stock_price":7.340470920375412,"seasonal_2_valid_loss":0.9633540766657598,"predicted_trend_stock_price":149.2663116455078,"trend_valid_loss":0.5735648846261612,"rmse":78.22146606445312,"real_seasonal_0_stock_price":-2.3363851390818735,"AAPL Stock Price Prediction by iTransformer":{"width":1000,"height":600,"_type":"image-file","sha256":"356403ed17549e731e7e2f3f969d95f74a905fda3ab08ea7a8ead44863e15686","size":46549,"path":"media/images/AAPL Stock Price Prediction by iTransformer_8_356403ed17549e731e7e.png","format":"png"},"_wandb":{"runtime":15},"dim":128,"periods":[252,504,756,1260],"_timestamp":1.7367101553182921e+09,"trend_train_loss":0.10813498042098164,"predicted_seasonal_0_stock_price":0.9725555777549744,"seasonal_0_valid_loss":0.2454494435335245,"resid_valid_loss":0.9777153134346008,"predicted_resid_stock_price":3.697904348373413,"predicted_seasonal_1_stock_price":-2.2697086334228516,"predicted_seasonal_3_stock_price":6.507485866546631,"real_seasonal_3_stock_price":4.6707830676089195,"_step":9}