{"resid_train_loss":0.6062016265700458,"seasonal_0_train_loss":2.698725481670119,"dim":128,"seasonal_1_valid_loss":0.23651354975053962,"seasonal_0_valid_loss":2.9092448929331147,"real_stock_price":218.94000244140625,"depth":4,"_runtime":12.105002768,"predicted_seasonal_3_stock_price":1.9597187042236328,"final_predicted_stock_price":135.6117706298828,"real_seasonal_2_stock_price":16.307195141839433,"real_seasonal_3_stock_price":9.210042698987007,"predicted_seasonal_0_stock_price":4.208950519561768,"real_trend_stock_price":167.5354913342489,"trend_train_loss":0.33334542716180643,"_timestamp":1.7367243632381206e+09,"resid_valid_loss":0.8310272833880257,"mae":83.32823181152344,"real_seasonal_1_stock_price":2.721535027645758,"_step":9,"predicted_resid_stock_price":10.735665321350098,"AMZN Stock Price Prediction by iTransformer":{"height":600,"_type":"image-file","sha256":"7870607d347ba3d150427359760cd6c97e8c6f33a148555d915ca06fe8a87dd4","size":45776,"path":"media/images/AMZN Stock Price Prediction by iTransformer_8_7870607d347ba3d15042.png","format":"png","width":1000},"trend_valid_loss":0.7377297269915222,"seasonal_2_valid_loss":0.3288779753082132,"seasonal_1_train_loss":0.4683578712706962,"periods":[252,504,756,1260],"seasonal_2_train_loss":1.4562172649981455,"rmse":83.32823181152344,"_wandb":{"runtime":12},"predicted_seasonal_2_stock_price":8.69558048248291,"mse":6943.594216834987,"seasonal_3_train_loss":1.0240035373639393,"seasonal_3_valid_loss":0.7187979257157944,"Runtime (seconds)":5.493798494338989,"real_seasonal_0_stock_price":-6.886692248923765,"predicted_trend_stock_price":108.2322769165039,"real_resid_stock_price":30.052430487608945,"predicted_seasonal_1_stock_price":1.7795714139938354}