{"predicted_seasonal_1_stock_price":-3.049011468887329,"resid_train_loss":0.6546725940784351,"seasonal_0_train_loss":0.7683157618141033,"real_resid_stock_price":9.055694294294057,"mse":4951.218966477551,"mae":70.36489868164062,"real_seasonal_1_stock_price":-3.1406768713607227,"predicted_seasonal_2_stock_price":5.811047077178955,"_wandb":{"runtime":10},"real_seasonal_0_stock_price":-2.336380619931898,"seasonal_1_train_loss":0.4907224567722535,"seasonal_2_train_loss":0.23171128902712096,"periods":[252,504,756,1260],"predicted_trend_stock_price":152.03717041015625,"trend_train_loss":0.08730208717074536,"final_predicted_stock_price":166.485107421875,"real_stock_price":236.85000610351562,"dim":128,"seasonal_3_valid_loss":0.13403436054496704,"seasonal_2_valid_loss":0.11025475752869929,"predicted_seasonal_3_stock_price":0.983658492565155,"resid_valid_loss":1.6872849108108294,"_step":9,"seasonal_0_valid_loss":1.7359498549691017,"predicted_resid_stock_price":12.852180480957031,"_timestamp":1.7367486502336388e+09,"rmse":70.36489868164062,"trend_valid_loss":0.561855952969581,"Runtime (seconds)":5.003688335418701,"_runtime":10.676001048,"real_trend_stock_price":221.26011141254276,"seasonal_3_train_loss":0.45084787553957195,"AAPL Stock Price Prediction by iTransformer":{"sha256":"1c4c42d8f1d8a1c7e06defd4658a3912142a9a512bfc4d6386be751f0fc05e14","size":46105,"path":"media/images/AAPL Stock Price Prediction by iTransformer_8_1c4c42d8f1d8a1c7e06d.png","format":"png","width":1000,"height":600,"_type":"image-file"},"depth":4,"real_seasonal_2_stock_price":7.3404735352908155,"predicted_seasonal_0_stock_price":-2.149949312210083,"seasonal_1_valid_loss":0.15234673430387125,"real_seasonal_3_stock_price":4.670784352680608}