{"Runtime (seconds)":44.63004660606384,"_runtime":46.502743772,"_wandb":{"runtime":46},"Validation Loss (Seasonal)":0.0852229967713356,"Validation Loss (Resid)":0.08511171635985375,"Apple Stock Price Prediction":{"height":600,"_type":"image-file","sha256":"3e4b168486ccd374be8f0b415ed2868e34e3b28635ddc7e161c1992acad74da5","size":51562,"path":"media/images/Apple Stock Price Prediction_100_3e4b168486ccd374be8f.png","format":"png","width":1000},"Train Loss (Seasonal)":0.02835828201337294,"Train Loss (Resid)":0.06278114207088947,"_timestamp":1.7287578917917001e+09,"Train Loss (Trend)":0.01535223475234075,"_step":101,"Validation Loss (Trend)":0.018236080184578896}