{"rmse":63.7777099609375,"predicted_trend_stock_price":128.431884765625,"predicted_seasonal_2_stock_price":8.000285148620605,"seasonal_2_valid_loss":0.2978540967732411,"seasonal_0_valid_loss":1.0480259139128405,"predicted_seasonal_3_stock_price":12.136268615722656,"real_trend_stock_price":167.5354913342489,"real_seasonal_2_stock_price":16.307195141839433,"predicted_seasonal_0_stock_price":1.258634328842163,"seasonal_1_train_loss":0.646074946631479,"seasonal_3_valid_loss":1.1270710076413937,"_step":9,"_wandb":{"runtime":10},"real_seasonal_0_stock_price":-6.886692248923765,"real_resid_stock_price":30.052430487608945,"seasonal_1_valid_loss":0.23041685546437898,"mse":4067.5962878614664,"_runtime":10.735769345,"dim":128,"Runtime (seconds)":5.294749975204468,"seasonal_2_train_loss":0.7372135269801664,"trend_valid_loss":0.2728666694102616,"seasonal_3_train_loss":0.9229620475891341,"predicted_seasonal_1_stock_price":2.8348779678344727,"real_seasonal_1_stock_price":2.721535027645758,"predicted_resid_stock_price":2.5003409385681152,"AMZN Stock Price Prediction by iTransformer":{"_type":"image-file","sha256":"c2f9b9d37e69ba232ba8d7d744014bef4793b0675c511466bc8858d9a9b5f9cb","size":48478,"path":"media/images/AMZN Stock Price Prediction by iTransformer_8_c2f9b9d37e69ba232ba8.png","format":"png","width":1000,"height":600},"real_seasonal_3_stock_price":9.210042698987007,"_timestamp":1.7367175825195706e+09,"resid_valid_loss":0.6954311749597234,"trend_train_loss":0.1407149441446044,"final_predicted_stock_price":155.16229248046875,"resid_train_loss":0.7623819115903828,"seasonal_0_train_loss":0.9227230662934518,"real_stock_price":218.94000244140625,"mae":63.7777099609375,"depth":4,"periods":[252,504,756,1260]}