{"final_predicted_stock_price":87.37380981445312,"seasonal_2_valid_loss":0.32401453543147773,"real_seasonal_1_stock_price":2.721535027645758,"real_seasonal_0_stock_price":-6.886692248923765,"seasonal_3_train_loss":1.1041054976002085,"mae":131.56619262695312,"seasonal_1_train_loss":0.4954532588693395,"dim":128,"resid_valid_loss":0.2843996902428022,"seasonal_0_train_loss":0.40892427058690195,"predicted_seasonal_3_stock_price":-1.5744922161102295,"predicted_seasonal_2_stock_price":10.550890922546387,"predicted_seasonal_1_stock_price":2.4524550437927246,"depth":4,"AMZN Stock Price Prediction by iTransformer":{"sha256":"20047f4029d8ccc639d989a7b522d32759d86aba204ceeccb149daf20012e9b5","size":46711,"path":"media/images/AMZN Stock Price Prediction by iTransformer_8_20047f4029d8ccc639d9.png","format":"png","width":1000,"height":600,"_type":"image-file"},"periods":[252,504,756,1260],"predicted_resid_stock_price":20.8565673828125,"_runtime":12.239672219,"_wandb":{"runtime":12},"rmse":131.56619262695312,"Runtime (seconds)":5.8878068923950195,"mse":17309.663042352535,"real_stock_price":218.94000244140625,"real_seasonal_2_stock_price":16.307195141839433,"seasonal_2_train_loss":0.6064384854572522,"seasonal_0_valid_loss":0.17297932130847862,"seasonal_3_valid_loss":1.2172044376914317,"_timestamp":1.7367201419455347e+09,"trend_train_loss":1.9018421697860153,"resid_train_loss":1.2863087582173163,"real_seasonal_3_stock_price":9.210042698987007,"trend_valid_loss":3.0863916458085527,"predicted_trend_stock_price":60.85614776611328,"_step":9,"real_trend_stock_price":167.5354913342489,"seasonal_1_valid_loss":0.24356378270802342,"predicted_seasonal_0_stock_price":-5.767752170562744,"real_resid_stock_price":30.052430487608945}