{"train_loss":0.07561393258172078,"rmse":2.7984619140625,"predicted_stock_price":196.7815399169922,"dim":128,"_step":302,"GOOG Stock Price Prediction by iTransformer(no MSTL)":{"_type":"image-file","sha256":"759fbf6cf91e7dfc0467c2d62483e342f754804f084f03efca57f615bbe91e0c","size":56101,"path":"media/images/GOOG Stock Price Prediction by iTransformer(no MSTL)_301_759fbf6cf91e7dfc0467.png","format":"png","width":1000,"height":600},"mae":2.7984619140625,"Runtime (seconds)":136.2462043762207,"depth":4,"real_stock_price":199.5800018310547,"mse":7.831389084458351,"_runtime":3118.228661506,"_wandb":{"runtime":3118},"r2_score":NaN,"valid_loss":0.04378109341000911,"_timestamp":1.7388191211067474e+09}