{"predicted_trend_stock_price":45.531211853027344,"depth":4,"real_seasonal_0_stock_price":-6.886692248923765,"Runtime (seconds)":6.362290859222412,"mse":21260.61545994744,"_step":9,"periods":[252,504,756,1260],"seasonal_2_valid_loss":0.22474414370645596,"seasonal_3_valid_loss":0.23956603862509873,"predicted_seasonal_0_stock_price":-6.973646640777588,"resid_valid_loss":0.3801167165363057,"seasonal_0_train_loss":0.20728820694528302,"trend_train_loss":1.2812285980477085,"real_seasonal_2_stock_price":16.307195141839433,"mae":145.8102035522461,"trend_valid_loss":4.079308305467878,"predicted_seasonal_1_stock_price":-1.148318886756897,"AMZN Stock Price Prediction by iTransformer":{"path":"media/images/AMZN Stock Price Prediction by iTransformer_8_20bd2b90c9e6747d2ce5.png","format":"png","width":1000,"height":600,"_type":"image-file","sha256":"20bd2b90c9e6747d2ce54d9114022084d7124d08a7fbd769333d34aa8c84b17a","size":46912},"_wandb":{"runtime":14},"seasonal_1_valid_loss":0.9480296330934637,"_timestamp":1.736734389303027e+09,"real_seasonal_1_stock_price":2.721535027645758,"real_seasonal_3_stock_price":9.210042698987007,"predicted_seasonal_3_stock_price":11.351646423339844,"seasonal_2_train_loss":1.3398100236643076,"predicted_resid_stock_price":13.32211971282959,"resid_train_loss":0.9106805375641316,"dim":128,"_runtime":14.754733703,"predicted_seasonal_2_stock_price":11.046792030334473,"real_trend_stock_price":167.5354913342489,"final_predicted_stock_price":73.12979888916016,"rmse":145.8102035522461,"seasonal_3_train_loss":0.45000529414092394,"seasonal_1_train_loss":1.5889259012727779,"seasonal_0_valid_loss":0.26867942890934593,"real_resid_stock_price":30.052430487608945,"real_stock_price":218.94000244140625}