{"final_predicted_stock_price":164.6478729248047,"_wandb":{"runtime":14},"dim":128,"real_seasonal_0_stock_price":-6.886692248923765,"periods":[252,504,756,1260],"predicted_seasonal_1_stock_price":0.37346237897872925,"real_seasonal_2_stock_price":16.307195141839433,"Runtime (seconds)":5.813136577606201,"predicted_seasonal_2_stock_price":16.183542251586914,"real_seasonal_3_stock_price":9.210042698987007,"predicted_trend_stock_price":147.5111846923828,"AMZN Stock Price Prediction by iTransformer":{"width":1000,"height":600,"_type":"image-file","sha256":"20aa327ebb8776a850dd17a7e47df7b193ab4d3cf6ab220cbb63549b9b85e8ce","size":48271,"path":"media/images/AMZN Stock Price Prediction by iTransformer_8_20aa327ebb8776a850dd.png","format":"png"},"real_resid_stock_price":30.052430487608945,"real_stock_price":218.94000244140625,"trend_train_loss":0.5824242919538218,"mse":2947.6353274474386,"_step":9,"predicted_seasonal_0_stock_price":-8.383515357971191,"seasonal_1_valid_loss":0.9067673227428334,"resid_train_loss":0.596437251994506,"resid_valid_loss":0.7219800464442518,"seasonal_2_valid_loss":0.1753666065206211,"mae":54.29212951660156,"seasonal_2_train_loss":0.30229885232235704,"seasonal_0_train_loss":0.43039719936684157,"seasonal_3_valid_loss":0.5403169716063815,"seasonal_3_train_loss":1.068826920513449,"depth":4,"real_seasonal_1_stock_price":2.721535027645758,"seasonal_1_train_loss":0.9350914830688455,"predicted_seasonal_3_stock_price":5.685279846191406,"_runtime":14.141923822,"seasonal_0_valid_loss":0.3033315911889076,"real_trend_stock_price":167.5354913342489,"trend_valid_loss":0.06129530371310046,"predicted_resid_stock_price":3.2779078483581543,"rmse":54.29212951660156,"_timestamp":1.7367456893347456e+09}