{"_timestamp":1.7367097087686398e+09,"rmse":122.4993667602539,"real_trend_stock_price":221.26011204600462,"real_seasonal_0_stock_price":-2.336376526932544,"real_seasonal_3_stock_price":4.670781309418851,"dim":128,"trend_valid_loss":1.4405599363035893,"seasonal_2_train_loss":0.41550534293892677,"trend_train_loss":0.2726865542698219,"periods":[252,504,756,1260],"_wandb":{"runtime":9},"_runtime":9.537930875,"final_predicted_stock_price":114.35063934326172,"predicted_seasonal_0_stock_price":1.7591972351074219,"_step":9,"predicted_seasonal_3_stock_price":12.171003341674805,"real_resid_stock_price":9.055696690038928,"real_seasonal_2_stock_price":7.340466420608631,"AAPL Stock Price Prediction by iTransformer":{"size":47208,"path":"media/images/AAPL Stock Price Prediction by iTransformer_8_a7d48b3b853988e5b387.png","format":"png","width":1000,"height":600,"_type":"image-file","sha256":"a7d48b3b853988e5b3879086abe4ea0af7d5600d48beacd1f7db117de4a5a281"},"seasonal_0_valid_loss":1.8329127135425385,"real_seasonal_1_stock_price":-3.1406738356228683,"resid_train_loss":0.8576589103968946,"mse":15006.0948566632,"seasonal_1_train_loss":1.2082104619609386,"seasonal_3_train_loss":1.1676194528906065,"seasonal_2_valid_loss":0.4331236889487819,"seasonal_1_valid_loss":1.0424171859043962,"seasonal_3_valid_loss":0.21794718639828875,"depth":4,"real_stock_price":236.85000610351562,"predicted_seasonal_1_stock_price":-0.723739743232727,"Runtime (seconds)":4.504796028137207,"resid_valid_loss":1.0018237610895953,"seasonal_0_train_loss":0.8838909401421006,"predicted_seasonal_2_stock_price":1.1735942363739014,"mae":122.4993667602539,"predicted_trend_stock_price":97.72087097167969,"predicted_resid_stock_price":2.249708414077759}