{"predicted_seasonal_0_stock_price":-5.832470893859863,"seasonal_3_valid_loss":0.42717886261014487,"seasonal_2_valid_loss":0.18755309062267866,"real_stock_price":218.94000244140625,"trend_train_loss":0.3922665267379797,"AMZN Stock Price Prediction by iTransformer":{"width":1000,"height":600,"_type":"image-file","sha256":"16f9f868160cc1e6e9405976798fc08e38313c5eddf59cbe51905c500a0cf528","size":46515,"path":"media/images/AMZN Stock Price Prediction by iTransformer_8_16f9f868160cc1e6e940.png","format":"png"},"seasonal_1_train_loss":0.5202377016655417,"mse":9138.192753335985,"predicted_seasonal_3_stock_price":4.821451187133789,"_timestamp":1.7367420589368045e+09,"predicted_seasonal_2_stock_price":11.805933952331543,"seasonal_0_valid_loss":0.48998820781707764,"_wandb":{"runtime":10},"real_seasonal_3_stock_price":9.210042698987007,"trend_valid_loss":0.9835050458948605,"seasonal_3_train_loss":0.6890375203416719,"real_seasonal_1_stock_price":2.721535027645758,"mae":95.5938949584961,"seasonal_1_valid_loss":0.1353083939144486,"dim":128,"periods":[252,504,756,1260],"real_resid_stock_price":30.052430487608945,"real_seasonal_0_stock_price":-6.886692248923765,"predicted_resid_stock_price":0.09996891021728516,"seasonal_2_train_loss":1.1644692426980536,"seasonal_0_train_loss":0.674230452140437,"real_seasonal_2_stock_price":16.307195141839433,"Runtime (seconds)":5.109843492507935,"final_predicted_stock_price":123.34610748291016,"predicted_trend_stock_price":110.61930847167969,"predicted_seasonal_1_stock_price":1.8319262266159058,"depth":4,"resid_valid_loss":0.728294028488595,"real_trend_stock_price":167.5354913342489,"resid_train_loss":0.9442433714343561,"_step":9,"rmse":95.5938949584961,"_runtime":10.915917815}