{"real_seasonal_1_stock_price":3.36965879515863,"seasonal_2_train_loss":0.5853591034666531,"_step":8,"_wandb":{"runtime":68},"mse":435.46689767972566,"real_seasonal_3_stock_price":6.127401711020198,"real_seasonal_2_stock_price":16.76176559855732,"mae":20.867843627929688,"predicted_resid_stock_price":14.338695526123047,"trend_train_loss":1.3020351263409804,"seasonal_1_valid_loss":0.9808617791875738,"seasonal_1_train_loss":0.6636584870943829,"Stock_Price_Prediction":{"path":"media/images/Stock_Price_Prediction_7_d7b0e622cc7093f93bf5.png","format":"png","width":1000,"height":600,"_type":"image-file","sha256":"d7b0e622cc7093f93bf59b4f97be860937829a53e154b9bf2ee9c0e6613b963a","size":52691},"_timestamp":1.7358260335225813e+09,"_runtime":68.387658706,"predicted_seasonal_0_stock_price":-0.6806972622871399,"predicted_trend_stock_price":167.39324951171875,"predicted_seasonal_2_stock_price":8.519493103027344,"rmse":20.867843627929688,"resid_train_loss":0.2438224792009286,"seasonal_3_train_loss":0.9017066667082824,"trend_valid_loss":0.29737746715545654,"resid_valid_loss":0.3349474971684126,"seasonal_0_train_loss":1.0360202086341088,"final_predicted_stock_price":186.22215270996094,"real_stock_price":207.08999633789062,"predicted_seasonal_3_stock_price":-4.006165504455566,"Runtime (seconds)":34.78385043144226,"predicted_seasonal_1_stock_price":0.6575567126274109,"seasonal_0_valid_loss":1.4654119522734121,"seasonal_3_valid_loss":0.3312037966780429,"real_seasonal_0_stock_price":-4.043893736904377,"real_trend_stock_price":159.3021971585472,"seasonal_2_valid_loss":0.5878006054971223,"real_resid_stock_price":25.57286681151163}