{"dim":128,"valid_loss":0.04467017194256186,"real_stock_price":202.63999938964844,"_step":223,"GOOG Stock Price Prediction by iTransformer(no MSTL)":{"size":57330,"path":"media/images/GOOG Stock Price Prediction by iTransformer(no MSTL)_222_c1a36ddbf782e9beec09.png","format":"png","width":1000,"height":600,"_type":"image-file","sha256":"c1a36ddbf782e9beec09c7daefe902284c0e5ba05b4eed5a53c02a0f9414037c"},"rmse":1.8096771240234375,"train_loss":0.07036414961330592,"mae":1.8096771240234375,"_timestamp":1.7388531641319754e+09,"Runtime (seconds)":168.46171593666077,"r2_score":NaN,"mse":3.27493129321374,"predicted_stock_price":200.830322265625,"_runtime":4091.146160314,"depth":4,"_wandb":{"runtime":4091}}