{"resid_train_loss":1.218625456907932,"mae":130.27032470703125,"mse":16970.357499275357,"rmse":130.27032470703125,"trend_valid_loss":3.014176584559785,"real_seasonal_3_stock_price":4.67078444311033,"seasonal_2_train_loss":0.5493615421081273,"resid_valid_loss":0.5257845522703887,"_step":9,"seasonal_2_valid_loss":0.6333323054843478,"seasonal_0_valid_loss":3.580725792722782,"seasonal_0_train_loss":1.5253790082969854,"predicted_seasonal_3_stock_price":11.294511795043945,"depth":4,"real_seasonal_0_stock_price":-2.336375363915462,"real_seasonal_1_stock_price":-3.1406779824202467,"AAPL Stock Price Prediction by iTransformer":{"width":1000,"height":600,"_type":"image-file","sha256":"cb96508f90f4a408b3a672c039d62808289222bdf7f164fd95a27fbf858609a8","size":47721,"path":"media/images/AAPL Stock Price Prediction by iTransformer_8_cb96508f90f4a408b3a6.png","format":"png"},"final_predicted_stock_price":106.57968139648438,"predicted_seasonal_2_stock_price":2.1408684253692627,"seasonal_3_train_loss":0.7000203680900952,"Runtime (seconds)":5.31700325012207,"real_seasonal_2_stock_price":7.340469694347206,"predicted_seasonal_0_stock_price":-0.701153576374054,"_runtime":10.969455647,"_wandb":{"runtime":10},"seasonal_1_train_loss":0.6527724777427755,"real_trend_stock_price":221.26011208345233,"seasonal_3_valid_loss":0.21105742274869418,"dim":128,"real_stock_price":236.85000610351562,"periods":[252,504,756,1260],"seasonal_1_valid_loss":0.339232281450961,"real_resid_stock_price":9.055693228941465,"predicted_resid_stock_price":4.976424217224121,"_timestamp":1.7367161381003902e+09,"predicted_trend_stock_price":92.49441528320312,"predicted_seasonal_1_stock_price":-3.6253843307495117,"trend_train_loss":0.7628494970137026}