{"dim":128,"predicted_seasonal_3_stock_price":1.877610206604004,"mae":24.019622802734375,"real_seasonal_3_stock_price":9.210042698987007,"real_seasonal_2_stock_price":16.307195141839433,"_step":9,"resid_valid_loss":0.6641478931536099,"predicted_seasonal_0_stock_price":-1.0490025281906128,"seasonal_0_valid_loss":1.1176446582552648,"seasonal_3_train_loss":0.795163144298711,"seasonal_1_valid_loss":0.8763918608229682,"real_resid_stock_price":30.052430487608945,"periods":[252,504,756,1260],"_runtime":9.645114549,"depth":4,"real_seasonal_1_stock_price":2.721535027645758,"predicted_trend_stock_price":164.37918090820312,"trend_valid_loss":0.000979013785711556,"real_seasonal_0_stock_price":-6.886692248923765,"rmse":24.019622802734375,"final_predicted_stock_price":194.92037963867188,"Runtime (seconds)":4.824508190155029,"seasonal_2_valid_loss":1.0499310493469238,"seasonal_1_train_loss":1.0018857763893616,"_wandb":{"runtime":9},"predicted_seasonal_1_stock_price":0.9032884240150452,"mse":576.9422795856372,"AMZN Stock Price Prediction by iTransformer":{"path":"media/images/AMZN Stock Price Prediction by iTransformer_8_0d2e18b23289b6256770.png","format":"png","width":1000,"height":600,"_type":"image-file","sha256":"0d2e18b23289b6256770578dac5e9c1220f0e68c7aaca5af9181c52e0a4c6295","size":50785},"trend_train_loss":0.06578235922219199,"seasonal_3_valid_loss":0.9287328198619436,"predicted_seasonal_2_stock_price":6.409654140472412,"seasonal_2_train_loss":0.7070597209833644,"resid_train_loss":0.8171985728982204,"real_stock_price":218.94000244140625,"predicted_resid_stock_price":22.39963722229004,"seasonal_0_train_loss":0.8722102696628521,"_timestamp":1.7367448931069398e+09,"real_trend_stock_price":167.5354913342489}