{"seasonal_3_valid_loss":0.2762987763555937,"seasonal_1_train_loss":0.4109476365496693,"mse":14881.181713013211,"real_seasonal_2_stock_price":7.340475799430335,"real_seasonal_3_stock_price":4.6707808353003095,"predicted_seasonal_1_stock_price":-2.8329293727874756,"_timestamp":1.7367385278042452e+09,"trend_train_loss":0.6367751142479345,"seasonal_2_valid_loss":0.7542963690936246,"real_trend_stock_price":221.26011166718658,"seasonal_3_train_loss":0.8531394144539194,"resid_valid_loss":1.0910282123436048,"predicted_trend_stock_price":104.05126190185547,"dim":128,"periods":[252,504,756,1260],"AAPL Stock Price Prediction by iTransformer":{"width":1000,"height":600,"_type":"image-file","sha256":"dfa067797273731b1af80859f8489c7cfe58fed241c57f79292f92849aa0eeda","size":47239,"path":"media/images/AAPL Stock Price Prediction by iTransformer_8_dfa067797273731b1af8.png","format":"png"},"_wandb":{"runtime":15},"predicted_seasonal_2_stock_price":1.1672911643981934,"real_seasonal_1_stock_price":-3.14067217395171,"_step":9,"trend_valid_loss":3.292081832885742,"real_seasonal_0_stock_price":-2.336385625409947,"real_resid_stock_price":9.055695600960036,"mae":121.98844909667969,"_runtime":15.615362494,"seasonal_2_train_loss":0.8162884167593131,"seasonal_0_valid_loss":2.885351604440299,"rmse":121.98844909667969,"predicted_seasonal_0_stock_price":-0.7217698693275452,"final_predicted_stock_price":114.86155700683594,"predicted_seasonal_3_stock_price":9.686286926269531,"depth":4,"real_stock_price":236.85000610351562,"resid_train_loss":1.626651301262599,"seasonal_1_valid_loss":0.1599298146467249,"Runtime (seconds)":7.259031057357788,"seasonal_0_train_loss":1.5228356463463038,"predicted_resid_stock_price":3.5114200115203857}