{"seasonal_0_train_loss":1.4749209116245139,"AMZN Stock Price Prediction by iTransformer":{"width":1000,"height":600,"_type":"image-file","sha256":"e62124c7813651f5dd35a4158b8081a2dce67c325ce4a1fcc6bb7e6964c7a947","size":46406,"path":"media/images/AMZN Stock Price Prediction by iTransformer_8_e62124c7813651f5dd35.png","format":"png"},"resid_train_loss":0.3430751163356538,"_step":9,"final_predicted_stock_price":119.0001220703125,"trend_train_loss":0.3704780020423846,"seasonal_2_train_loss":0.6580815486502303,"seasonal_3_valid_loss":0.9487928728450019,"real_seasonal_0_stock_price":-6.886692248923765,"seasonal_2_valid_loss":0.27052676784324237,"seasonal_1_train_loss":0.4958528218766292,"real_seasonal_2_stock_price":16.307195141839433,"trend_valid_loss":1.3698899186959788,"predicted_seasonal_1_stock_price":2.6677052974700928,"predicted_seasonal_0_stock_price":-1.0819411277770996,"mae":99.93988037109375,"seasonal_1_valid_loss":0.10956792824249216,"rmse":99.93988037109375,"predicted_trend_stock_price":97.43708038330078,"_wandb":{"runtime":13},"real_seasonal_1_stock_price":2.721535027645758,"predicted_seasonal_2_stock_price":7.376540660858154,"_runtime":13.207836072,"resid_valid_loss":0.5216403007507324,"depth":4,"seasonal_3_train_loss":1.0116080487624401,"seasonal_0_valid_loss":0.8219199538230896,"Runtime (seconds)":7.05591344833374,"predicted_resid_stock_price":20.769777297973633,"predicted_seasonal_3_stock_price":-8.169038772583008,"real_stock_price":218.94000244140625,"mse":9987.97968858853,"real_trend_stock_price":167.5354913342489,"real_resid_stock_price":30.052430487608945,"periods":[252,504,756,1260],"real_seasonal_3_stock_price":9.210042698987007,"_timestamp":1.7367386445164132e+09,"dim":128}