{"resid_train_loss":1.7905797006129698,"mse":30953.253566997606,"predicted_seasonal_2_stock_price":17.93162727355957,"trend_train_loss":2.6154740633198674,"real_resid_stock_price":9.055693426573555,"real_stock_price":236.85000610351562,"real_seasonal_0_stock_price":-2.3363793304897476,"seasonal_0_train_loss":0.7097177474926679,"seasonal_1_valid_loss":0.2685886196663154,"real_seasonal_3_stock_price":4.670781376183334,"real_trend_stock_price":221.26011174037174,"predicted_seasonal_1_stock_price":-3.031308174133301,"_timestamp":1.7367187163498623e+09,"predicted_resid_stock_price":-4.467519283294678,"seasonal_2_valid_loss":2.0733749719870573,"real_seasonal_1_stock_price":-3.1406750833395307,"seasonal_1_train_loss":0.3271945815611157,"_step":9,"predicted_seasonal_3_stock_price":1.7235527038574219,"periods":[252,504,756,1260],"seasonal_3_train_loss":2.1031375380258157,"mae":175.93536758422852,"rmse":175.93536758422852,"AAPL Stock Price Prediction by iTransformer":{"height":600,"_type":"image-file","sha256":"77264b8bbb31d561eb8afe312be9e4a6bab93f19427b747c71e90bfc4b63b9b5","size":46182,"path":"media/images/AAPL Stock Price Prediction by iTransformer_8_77264b8bbb31d561eb8a.png","format":"png","width":1000},"final_predicted_stock_price":60.91463851928711,"depth":4,"Runtime (seconds)":3.6369564533233643,"seasonal_3_valid_loss":1.261483880097434,"resid_valid_loss":1.6754367796427896,"seasonal_2_train_loss":1.3138074761154142,"seasonal_0_valid_loss":1.7012604348254838,"predicted_seasonal_0_stock_price":-0.019111143425107002,"dim":128,"trend_valid_loss":7.193089962005615,"_runtime":8.113672857,"predicted_trend_stock_price":48.777400970458984,"real_seasonal_2_stock_price":7.340473974216284,"_wandb":{"runtime":8}}