{"_wandb":{"runtime":4200},"_runtime":4200.647982422,"GOOG Stock Price Prediction by iTransformer(no MSTL)":{"path":"media/images/GOOG Stock Price Prediction by iTransformer(no MSTL)_143_870e2c7cb13a86042f5c.png","format":"png","width":1000,"height":600,"_type":"image-file","sha256":"870e2c7cb13a86042f5c585e8a9327fedaeed05cc1f8634e8a1da2ad31616789","size":58233},"rmse":9.126449584960938,"_timestamp":1.7388573870305479e+09,"dim":128,"valid_loss":0.0316318781265328,"_step":144,"depth":4,"real_stock_price":207.7100067138672,"r2_score":NaN,"mae":9.126449584960938,"Runtime (seconds)":233.05769658088684,"train_loss":0.059575198193187386,"predicted_stock_price":198.58355712890625,"mse":83.29208202683367}