{"trend_train_loss":0.04510791402925772,"trend_valid_loss":0.03643503412604332,"_timestamp":1.733928461676171e+09,"_runtime":99.64265445,"_step":175,"_wandb":{"runtime":99}}