{"_runtime":17.289813519,"predicted_seasonal_2_stock_price":11.14358139038086,"AMZN Stock Price Prediction by iTransformer":{"width":1000,"height":600,"_type":"image-file","sha256":"c71b9d8a1757f0ac58ca43107ecb418a334693d351cc9e9344f1ad79db0e1131","size":45923,"path":"media/images/AMZN Stock Price Prediction by iTransformer_8_c71b9d8a1757f0ac58ca.png","format":"png"},"trend_train_loss":0.5037399307050247,"dim":128,"predicted_trend_stock_price":110.90128326416016,"seasonal_3_train_loss":1.445693686774202,"seasonal_2_valid_loss":0.16490615124257363,"_wandb":{"runtime":17},"seasonal_0_valid_loss":0.3922602476330464,"resid_valid_loss":0.9242319614217992,"seasonal_0_train_loss":0.43909991843687307,"seasonal_3_valid_loss":1.1205332612900256,"_step":9,"rmse":91.96208190917969,"seasonal_1_valid_loss":1.3583816289901733,"real_stock_price":218.94000244140625,"seasonal_2_train_loss":0.4075095463718002,"periods":[252,504,756,1260],"_timestamp":1.7367496727060022e+09,"final_predicted_stock_price":126.97792053222656,"Runtime (seconds)":8.031527757644653,"real_seasonal_2_stock_price":16.307195141839433,"mae":91.96208190917969,"resid_train_loss":0.7555143446467812,"real_seasonal_0_stock_price":-6.886692248923765,"seasonal_1_train_loss":1.7744065790417112,"predicted_resid_stock_price":4.479914665222168,"mse":8457.024509070674,"real_seasonal_3_stock_price":9.210042698987007,"real_trend_stock_price":167.5354913342489,"real_resid_stock_price":30.052430487608945,"real_seasonal_1_stock_price":2.721535027645758,"depth":4,"predicted_seasonal_3_stock_price":2.855949640274048,"trend_valid_loss":0.9410788451924044,"predicted_seasonal_0_stock_price":-5.503129482269287,"predicted_seasonal_1_stock_price":3.1003174781799316}