{"real_seasonal_3_stock_price":4.670785018423857,"predicted_seasonal_1_stock_price":-3.8416991233825684,"_wandb":{"runtime":19},"seasonal_1_train_loss":0.5268972012616023,"dim":128,"predicted_seasonal_2_stock_price":6.0234222412109375,"_step":9,"seasonal_2_train_loss":0.8091699547740464,"real_seasonal_2_stock_price":7.340472741248718,"predicted_seasonal_0_stock_price":1.4665757417678833,"seasonal_0_train_loss":0.28650217961366076,"mae":73.35699462890625,"seasonal_1_valid_loss":0.12878442119996428,"seasonal_3_train_loss":1.0801599373354203,"resid_train_loss":1.8586363369163046,"trend_valid_loss":0.23960209364034157,"rmse":73.35699462890625,"seasonal_0_valid_loss":0.2291727016230563,"real_resid_stock_price":9.055693930732645,"predicted_resid_stock_price":-5.578681945800781,"seasonal_2_valid_loss":0.15363903827123818,"real_stock_price":236.85000610351562,"AAPL Stock Price Prediction by iTransformer":{"format":"png","width":1000,"height":600,"_type":"image-file","sha256":"499385092f933e86bfff24cd4cce249283bf5fc4dae40be3c82667ff4d8b0f58","size":46712,"path":"media/images/AAPL Stock Price Prediction by iTransformer_8_499385092f933e86bfff.png"},"real_seasonal_1_stock_price":-3.140675105672799,"_runtime":19.801195194,"resid_valid_loss":1.485845041594335,"mse":5381.24866098538,"final_predicted_stock_price":163.49301147460938,"real_trend_stock_price":221.2601117113283,"trend_train_loss":0.03673710947844348,"periods":[252,504,756,1260],"predicted_seasonal_3_stock_price":-2.3465688228607178,"_timestamp":1.7367312075628126e+09,"predicted_trend_stock_price":167.76995849609375,"seasonal_3_valid_loss":0.6261573828717665,"depth":4,"Runtime (seconds)":9.728973150253296,"real_seasonal_0_stock_price":-2.3363821925451074}