{"AMZN Stock Price Prediction by iTransformer":{"height":600,"_type":"image-file","sha256":"7e2cd5a62932dc11c0d1154e6b54f479b31712883e0b9876bb85f19878aceee0","size":45956,"path":"media/images/AMZN Stock Price Prediction by iTransformer_8_7e2cd5a62932dc11c0d1.png","format":"png","width":1000},"_runtime":14.19586489,"real_resid_stock_price":30.052430487608945,"seasonal_3_train_loss":1.7414647690717628,"predicted_resid_stock_price":-0.4516880214214325,"real_seasonal_0_stock_price":-6.886692248923765,"periods":[252,504,756,1260],"real_seasonal_3_stock_price":9.210042698987007,"Runtime (seconds)":6.861328601837158,"seasonal_2_valid_loss":0.40043402793223426,"resid_train_loss":1.7331063881130495,"seasonal_2_train_loss":1.0847845928475128,"predicted_seasonal_2_stock_price":7.483063697814941,"predicted_seasonal_3_stock_price":0.5394452214241028,"resid_valid_loss":0.753768114487973,"trend_train_loss":0.25733245739225047,"seasonal_0_valid_loss":0.07981094134500227,"real_seasonal_2_stock_price":16.307195141839433,"real_trend_stock_price":167.5354913342489,"_timestamp":1.7367458857061954e+09,"predicted_seasonal_0_stock_price":-6.792818069458008,"seasonal_1_valid_loss":0.9912575190922,"predicted_seasonal_1_stock_price":0.7098295092582703,"_wandb":{"runtime":14},"depth":4,"mse":8304.800157342106,"rmse":91.13067626953125,"seasonal_0_train_loss":0.20808964958414436,"mae":91.13067626953125,"real_stock_price":218.94000244140625,"seasonal_3_valid_loss":1.569986370757517,"dim":128,"trend_valid_loss":0.582541286945343,"_step":9,"final_predicted_stock_price":127.809326171875,"seasonal_1_train_loss":1.1412728598475688,"predicted_trend_stock_price":126.32149505615234,"real_seasonal_1_stock_price":2.721535027645758}