{"real_resid_stock_price":30.052430487608945,"rmse":109.9324951171875,"mse":12085.153482690454,"real_stock_price":218.94000244140625,"_runtime":11.594955338,"mae":109.9324951171875,"dim":128,"seasonal_2_train_loss":0.494104747016993,"seasonal_3_valid_loss":0.2568951089794819,"predicted_seasonal_3_stock_price":9.384143829345703,"AMZN Stock Price Prediction by iTransformer":{"path":"media/images/AMZN Stock Price Prediction by iTransformer_8_fc1156ec91d2f5f9585f.png","format":"png","width":1000,"height":600,"_type":"image-file","sha256":"fc1156ec91d2f5f9585f99182a22331c02c0f2b9e0f7de7914984dfc74b5dca9","size":46471},"seasonal_1_train_loss":0.8276046893444201,"predicted_seasonal_0_stock_price":1.0001800060272217,"depth":4,"resid_valid_loss":1.9919766455072245,"predicted_seasonal_1_stock_price":3.1620280742645264,"resid_train_loss":1.8685343773837018,"_wandb":{"runtime":11},"seasonal_0_train_loss":1.4385934770224005,"predicted_trend_stock_price":89.97683715820312,"final_predicted_stock_price":109.00750732421875,"seasonal_3_train_loss":0.6108187430636478,"periods":[252,504,756,1260],"Runtime (seconds)":5.30881142616272,"seasonal_2_valid_loss":0.24921932816505432,"seasonal_0_valid_loss":1.6253169318557228,"real_seasonal_1_stock_price":2.721535027645758,"real_seasonal_3_stock_price":9.210042698987007,"real_trend_stock_price":167.5354913342489,"_timestamp":1.7367125741963847e+09,"trend_valid_loss":1.5829064204142644,"real_seasonal_0_stock_price":-6.886692248923765,"_step":9,"trend_train_loss":1.3146861012668076,"real_seasonal_2_stock_price":16.307195141839433,"seasonal_1_valid_loss":1.0212561556427202,"predicted_seasonal_2_stock_price":8.927623748779297,"predicted_resid_stock_price":-3.443295955657959}