{"predicted_trend_stock_price":146.48788452148438,"trend_valid_loss":0.09634867327281348,"periods":[252,504,756,1260],"seasonal_1_valid_loss":0.21569621290988716,"seasonal_2_train_loss":0.4140504313986661,"real_stock_price":218.94000244140625,"dim":128,"resid_train_loss":1.045582495453299,"mae":43.53230285644531,"seasonal_3_train_loss":0.4319781410409842,"real_trend_stock_price":167.5354913342489,"real_seasonal_0_stock_price":-6.886692248923765,"final_predicted_stock_price":175.40769958496094,"trend_train_loss":0.3472095542097151,"predicted_seasonal_3_stock_price":16.252504348754883,"seasonal_0_train_loss":0.3096122777415135,"seasonal_3_valid_loss":0.8627506554699861,"seasonal_1_train_loss":0.5449503062236386,"real_seasonal_3_stock_price":9.210042698987007,"mse":1895.0613919852767,"resid_valid_loss":1.0332219259372886,"predicted_seasonal_2_stock_price":11.790847778320312,"predicted_seasonal_1_stock_price":1.4282405376434326,"_runtime":17.365290175,"_step":9,"depth":4,"seasonal_2_valid_loss":0.1344824613659245,"_timestamp":1.7367576653479495e+09,"_wandb":{"runtime":17},"real_resid_stock_price":30.052430487608945,"rmse":43.53230285644531,"AMZN Stock Price Prediction by iTransformer":{"height":600,"_type":"image-file","sha256":"a566deee23be0dd43f55a7b7f7d7b5360077a3398c767236b2095d557854dd29","size":48429,"path":"media/images/AMZN Stock Price Prediction by iTransformer_8_a566deee23be0dd43f55.png","format":"png","width":1000},"real_seasonal_2_stock_price":16.307195141839433,"predicted_seasonal_0_stock_price":-6.416726112365723,"predicted_resid_stock_price":5.864957332611084,"real_seasonal_1_stock_price":2.721535027645758,"Runtime (seconds)":8.73023009300232,"seasonal_0_valid_loss":0.29630439662808883}