{"_timestamp":1.7367545680972548e+09,"predicted_seasonal_3_stock_price":9.26352310180664,"mse":5257.2412576675415,"real_seasonal_2_stock_price":16.307195141839433,"mae":72.5068359375,"resid_train_loss":4.165971187254812,"depth":4,"seasonal_3_valid_loss":0.23130496699931258,"resid_valid_loss":4.057817041333709,"seasonal_2_train_loss":2.075164307181743,"real_resid_stock_price":30.052430487608945,"seasonal_0_train_loss":0.23009821393500313,"seasonal_1_train_loss":1.025999474349032,"Runtime (seconds)":5.629356145858765,"seasonal_0_valid_loss":0.18725801335377817,"seasonal_2_valid_loss":1.7810665116782074,"rmse":72.5068359375,"dim":128,"predicted_trend_stock_price":160.74404907226562,"final_predicted_stock_price":146.43316650390625,"real_seasonal_1_stock_price":2.721535027645758,"periods":[252,504,756,1260],"seasonal_3_train_loss":0.7383651578947465,"_wandb":{"runtime":12},"predicted_resid_stock_price":-14.903984069824219,"predicted_seasonal_1_stock_price":2.410508394241333,"AMZN Stock Price Prediction by iTransformer":{"_type":"image-file","sha256":"01daf177970381e3899686ea7d8144d98c0756bc79fc7c063e39753206ee68ed","size":48692,"path":"media/images/AMZN Stock Price Prediction by iTransformer_8_01daf177970381e38996.png","format":"png","width":1000,"height":600},"trend_train_loss":0.07736114871105323,"predicted_seasonal_0_stock_price":-5.503748893737793,"trend_valid_loss":0.0067558673276744835,"real_seasonal_3_stock_price":9.210042698987007,"predicted_seasonal_2_stock_price":-5.577164173126221,"seasonal_1_valid_loss":0.4669080531469868,"real_stock_price":218.94000244140625,"_step":9,"real_seasonal_0_stock_price":-6.886692248923765,"real_trend_stock_price":167.5354913342489,"_runtime":12.106194212}