{"depth":4,"seasonal_0_train_loss":1.0769697645931091,"predicted_resid_stock_price":17.064868927001953,"resid_valid_loss":1.299367127852032,"_runtime":8.422303206,"real_seasonal_0_stock_price":-6.886692248923765,"real_seasonal_1_stock_price":2.721535027645758,"_timestamp":1.7367505995466707e+09,"final_predicted_stock_price":79.37150573730469,"real_seasonal_2_stock_price":16.307195141839433,"seasonal_0_valid_loss":0.8492059480576288,"Runtime (seconds)":3.5976827144622803,"real_seasonal_3_stock_price":9.210042698987007,"real_stock_price":218.94000244140625,"_step":9,"seasonal_2_train_loss":0.19782487654171646,"rmse":139.56849670410156,"AMZN Stock Price Prediction by iTransformer":{"size":47197,"path":"media/images/AMZN Stock Price Prediction by iTransformer_8_9928c8e10a9ab26d5458.png","format":"png","width":1000,"height":600,"_type":"image-file","sha256":"9928c8e10a9ab26d54587fabb7550d180b74dea44b98628e5a9b442b79ca6b1f"},"predicted_seasonal_0_stock_price":-1.1064866781234741,"seasonal_3_valid_loss":0.478302925825119,"real_trend_stock_price":167.5354913342489,"seasonal_1_train_loss":1.449693067094145,"real_resid_stock_price":30.052430487608945,"trend_valid_loss":3.2840511409017594,"predicted_trend_stock_price":49.74641799926758,"seasonal_3_train_loss":2.3996279534917306,"seasonal_2_valid_loss":0.1477429209051618,"predicted_seasonal_3_stock_price":0.32112598419189453,"mae":139.56849670410156,"trend_train_loss":0.7515150306482654,"seasonal_1_valid_loss":0.2375767909540426,"mse":19479.36527224281,"predicted_seasonal_2_stock_price":11.92216968536377,"predicted_seasonal_1_stock_price":1.4234148263931274,"resid_train_loss":1.6696775532679515,"_wandb":{"runtime":8},"periods":[252,504,756,1260],"dim":128}