{"seasonal_1_valid_loss":0.04027338975242206,"depth":32,"AAPL Stock Price Prediction by iTransformer":{"width":1000,"height":600,"_type":"image-file","sha256":"8f241efb3a07ce3ee1547c468e84d818785e57b63b0682ed56a9469939497fde","size":50612,"path":"media/images/AAPL Stock Price Prediction by iTransformer_1801_8f241efb3a07ce3ee154.png","format":"png"},"seasonal_3_train_loss":0.05228840842706965,"real_seasonal_1_stock_price":1.0096385582456502,"predicted_seasonal_1_stock_price":0.9210021495819092,"seasonal_2_train_loss":0.05133014282263872,"dim":256,"Runtime (seconds)":6600.260457754135,"real_resid_stock_price":8.070109382502721,"predicted_resid_stock_price":6.510388374328613,"real_seasonal_2_stock_price":6.3996656421054,"predicted_seasonal_3_stock_price":-0.18542593717575073,"real_trend_stock_price":215.43425542308447,"_timestamp":1.7360681622316449e+09,"mse":12.43731033266522,"seasonal_1_train_loss":0.054031060741131974,"resid_train_loss":0.06080310755374438,"trend_valid_loss":0.017571959644556046,"seasonal_3_valid_loss":0.02070617078097312,"predicted_seasonal_2_stock_price":4.597019195556641,"_runtime":121682.025539,"predicted_seasonal_0_stock_price":1.4527943134307861,"_step":1802,"rmse":3.5266571044921875,"final_predicted_stock_price":229.3433380126953,"seasonal_0_valid_loss":0.040017348155379294,"mae":3.5266571044921875,"seasonal_0_train_loss":0.07556792942251328,"real_stock_price":232.8699951171875,"_wandb":{"runtime":121682},"predicted_trend_stock_price":216.0475616455078,"trend_train_loss":0.045734631704167174,"resid_valid_loss":0.028765348138333095,"seasonal_2_valid_loss":0.02938343470818118,"real_seasonal_0_stock_price":1.3571424992784626,"real_seasonal_3_stock_price":0.5991836119708074}