{"real_seasonal_2_stock_price":7.340471017419638,"resid_valid_loss":0.43290638752648086,"_step":9,"seasonal_0_train_loss":0.17244964177048258,"seasonal_3_train_loss":1.4780688696343682,"_wandb":{"runtime":12},"mse":9065.058696382679,"seasonal_0_valid_loss":0.4026993987056127,"predicted_seasonal_0_stock_price":1.4664857387542725,"real_stock_price":236.85000610351562,"seasonal_2_valid_loss":1.4003292083740235,"real_seasonal_1_stock_price":-3.140679613942132,"real_trend_stock_price":221.26011155606,"depth":4,"predicted_trend_stock_price":127.61245727539062,"real_seasonal_0_stock_price":-2.336380907300066,"real_seasonal_3_stock_price":4.670789642333244,"rmse":95.21060180664062,"_runtime":12.756919705,"real_resid_stock_price":9.05569440894493,"periods":[252,504,756,1260],"Runtime (seconds)":6.031259775161743,"predicted_seasonal_3_stock_price":1.2507717609405518,"seasonal_2_train_loss":2.687000509801019,"mae":95.21060180664062,"resid_train_loss":1.361041863230007,"seasonal_1_valid_loss":0.37271473533697547,"_timestamp":1.7367186478121636e+09,"trend_train_loss":0.3027265209175909,"seasonal_1_train_loss":0.5378287385084799,"predicted_seasonal_2_stock_price":-3.0467963218688965,"trend_valid_loss":1.5504667588000027,"AAPL Stock Price Prediction by iTransformer":{"width":1000,"height":600,"_type":"image-file","sha256":"2686c5e602a01558ef552791536e0d92fdb3f0016573a19262e1d33e437ba5ac","size":47060,"path":"media/images/AAPL Stock Price Prediction by iTransformer_8_2686c5e602a01558ef55.png","format":"png"},"predicted_resid_stock_price":16.01792335510254,"predicted_seasonal_1_stock_price":-1.661441683769226,"dim":128,"seasonal_3_valid_loss":0.33530160784721375,"final_predicted_stock_price":141.639404296875}