{"AAPL Stock Price Prediction by iTransformer":{"width":1000,"height":600,"_type":"image-file","sha256":"363cbf4b62944dd33c2eb4269c468d63898b3d2639e8cfccd7c7283228788ce7","size":47068,"path":"media/images/AAPL Stock Price Prediction by iTransformer_8_363cbf4b62944dd33c2e.png","format":"png"},"trend_train_loss":0.27160231902187104,"resid_train_loss":0.620677159399311,"real_seasonal_1_stock_price":-3.1406754891235984,"predicted_trend_stock_price":126.69178009033203,"real_seasonal_2_stock_price":7.340470722576016,"seasonal_3_train_loss":2.07696633284062,"predicted_seasonal_0_stock_price":-1.1511062383651733,"mse":8697.759568694979,"real_seasonal_0_stock_price":-2.336375906613545,"Runtime (seconds)":6.588711977005005,"_step":9,"seasonal_2_valid_loss":0.8285657107259539,"seasonal_2_train_loss":1.336142410496587,"dim":128,"rmse":93.26177978515625,"trend_valid_loss":1.3005051499321347,"depth":4,"periods":[252,504,756,1260],"real_trend_stock_price":221.26011229284057,"real_seasonal_3_stock_price":4.670785896448344,"predicted_resid_stock_price":10.535226821899414,"seasonal_0_train_loss":0.6295745641416061,"resid_valid_loss":0.4440305416400616,"mae":93.26177978515625,"real_stock_price":236.85000610351562,"_timestamp":1.7367288006396782e+09,"predicted_seasonal_2_stock_price":11.884645462036133,"final_predicted_stock_price":143.58822631835938,"predicted_seasonal_1_stock_price":0.2729042172431946,"predicted_seasonal_3_stock_price":-4.645237922668457,"_wandb":{"runtime":12},"seasonal_1_train_loss":0.4052761386582243,"seasonal_0_valid_loss":1.6504383441489963,"_runtime":12.271816674,"seasonal_1_valid_loss":0.40344986231289043,"seasonal_3_valid_loss":1.7125860787019498,"real_resid_stock_price":9.055688587387834}