{"periods":[252,504,756,1260],"seasonal_1_valid_loss":0.43280506134033203,"real_seasonal_2_stock_price":7.340471932413161,"trend_valid_loss":1.1179990980723133,"real_seasonal_0_stock_price":-2.336379270167302,"seasonal_0_valid_loss":0.730937377028509,"predicted_seasonal_2_stock_price":9.306195259094238,"_runtime":10.62682564,"rmse":86.93745422363281,"real_seasonal_1_stock_price":-3.140674371036984,"mse":7558.120946886251,"real_stock_price":236.85000610351562,"mae":86.93745422363281,"seasonal_3_train_loss":1.2922591218454162,"seasonal_2_train_loss":1.5443481167347164,"real_seasonal_3_stock_price":4.6707810049953356,"resid_train_loss":1.0367811659192727,"trend_train_loss":0.15917510581224198,"predicted_resid_stock_price":-4.14061975479126,"predicted_trend_stock_price":146.2822265625,"Runtime (seconds)":4.778021574020386,"real_resid_stock_price":9.055694764733744,"seasonal_1_train_loss":0.549818401071426,"seasonal_3_valid_loss":0.868289053440094,"AAPL Stock Price Prediction by iTransformer":{"size":46684,"path":"media/images/AAPL Stock Price Prediction by iTransformer_8_cfc1a5170aafcef1be7e.png","format":"png","width":1000,"height":600,"_type":"image-file","sha256":"cfc1a5170aafcef1be7efdc539c2faa8c93f003d42c89a82aacc99b841f8f5fe"},"predicted_seasonal_3_stock_price":-2.653214931488037,"_wandb":{"runtime":10},"predicted_seasonal_1_stock_price":1.8487459421157837,"resid_valid_loss":2.1540420957513757,"final_predicted_stock_price":149.9125518798828,"seasonal_2_valid_loss":0.4982951562785538,"real_trend_stock_price":221.26011204257767,"dim":128,"_timestamp":1.7367271274189954e+09,"depth":4,"predicted_seasonal_0_stock_price":-0.7307760715484619,"_step":9,"seasonal_0_train_loss":0.8934490155110129}