{"r2_score":NaN,"dim":128,"mse":305.00531085045077,"train_loss":0.06449411853741252,"_timestamp":1.7390109555727596e+09,"_step":283,"valid_loss":0.04056228559527664,"real_stock_price":187.13999938964844,"Runtime (seconds)":123.22995376586914,"rmse":17.464401245117188,"GOOG Stock Price Prediction by iTransformer(no MSTL)":{"width":1000,"height":600,"_type":"image-file","sha256":"4683a33b130dde4b8ac7a0d5413f1bade50bdb67662ba6209c50a5cd479ce992","size":55150,"path":"media/images/GOOG Stock Price Prediction by iTransformer(no MSTL)_282_4683a33b130dde4b8ac7.png","format":"png"},"_wandb":{"runtime":2994},"_runtime":2994.108671437,"predicted_stock_price":204.60440063476562,"mae":17.464401245117188,"depth":4}