{"trend_valid_loss":2.3370430118628454,"predicted_trend_stock_price":79.47883605957031,"_step":9,"mse":20643.677210226655,"resid_valid_loss":1.3776836066924292,"predicted_seasonal_0_stock_price":0.9207924008369446,"seasonal_0_valid_loss":0.4250205094047955,"trend_train_loss":0.3086119635867725,"periods":[252,504,756,1260],"depth":4,"seasonal_3_train_loss":1.8939516433885881,"_wandb":{"runtime":11},"predicted_seasonal_2_stock_price":0.6462470293045044,"_timestamp":1.7367200186710362e+09,"mae":143.6790771484375,"seasonal_2_train_loss":1.4625865039711092,"real_seasonal_1_stock_price":-3.140675123805103,"real_seasonal_3_stock_price":4.670778966524258,"seasonal_1_valid_loss":0.1965196628775724,"real_stock_price":236.85000610351562,"final_predicted_stock_price":93.17092895507812,"rmse":143.6790771484375,"resid_train_loss":3.2604916705076303,"_runtime":11.403608703,"seasonal_0_train_loss":0.2694373713442916,"predicted_seasonal_3_stock_price":15.830344200134277,"real_seasonal_0_stock_price":-2.336374121923975,"predicted_resid_stock_price":-1.340485692024231,"predicted_seasonal_1_stock_price":-2.364809274673462,"real_resid_stock_price":9.055689350298138,"seasonal_2_valid_loss":0.7891072630882263,"AAPL Stock Price Prediction by iTransformer":{"sha256":"3494123f0766b304dff43d6116b55f362ede388ee9a4d3d499753c3bb346d5ad","size":46143,"path":"media/images/AAPL Stock Price Prediction by iTransformer_8_3494123f0766b304dff4.png","format":"png","width":1000,"height":600,"_type":"image-file"},"Runtime (seconds)":5.318614482879639,"dim":128,"real_trend_stock_price":221.26011192736863,"seasonal_1_train_loss":0.36040822183977594,"real_seasonal_2_stock_price":7.340475105053644,"seasonal_3_valid_loss":0.5630324983703922}