{"_timestamp":1.7367109988896344e+09,"predicted_seasonal_1_stock_price":1.7524691820144653,"depth":4,"final_predicted_stock_price":207.1795654296875,"_runtime":11.395480641,"predicted_trend_stock_price":169.4543914794922,"real_stock_price":218.94000244140625,"seasonal_1_train_loss":0.9858366988839642,"seasonal_3_train_loss":0.7613588871884053,"trend_train_loss":0.13325175573417172,"mae":11.76043701171875,"Runtime (seconds)":6.073480844497681,"rmse":11.76043701171875,"mse":138.30787870660424,"dim":128,"predicted_seasonal_2_stock_price":9.841197967529297,"seasonal_2_valid_loss":0.13257432289723026,"_step":9,"seasonal_1_valid_loss":0.551819131118761,"predicted_seasonal_3_stock_price":2.183164358139038,"real_seasonal_3_stock_price":9.210042698987007,"periods":[252,504,756,1260],"seasonal_2_train_loss":0.31210045122820335,"seasonal_0_valid_loss":0.20018839669385147,"predicted_resid_stock_price":30.35425567626953,"real_trend_stock_price":167.5354913342489,"real_resid_stock_price":30.052430487608945,"trend_valid_loss":0.0036412691697478294,"real_seasonal_0_stock_price":-6.886692248923765,"seasonal_0_train_loss":0.19472421511803586,"AMZN Stock Price Prediction by iTransformer":{"height":600,"_type":"image-file","sha256":"2dcb2aa42c07c4b0bdf1d57658f7163d38c187019f8a99c0b44cb78f0219ee69","size":56047,"path":"media/images/AMZN Stock Price Prediction by iTransformer_8_2dcb2aa42c07c4b0bdf1.png","format":"png","width":1000},"resid_valid_loss":0.9541823670962931,"real_seasonal_2_stock_price":16.307195141839433,"predicted_seasonal_0_stock_price":-6.4059295654296875,"real_seasonal_1_stock_price":2.721535027645758,"_wandb":{"runtime":11},"seasonal_3_valid_loss":0.5613180100917816,"resid_train_loss":1.1633647240653}