{"real_seasonal_0_stock_price":-6.886692248923765,"real_trend_stock_price":167.5354913342489,"seasonal_2_train_loss":0.9047828950352838,"trend_train_loss":0.8149951418747039,"dim":128,"real_seasonal_1_stock_price":2.721535027645758,"predicted_trend_stock_price":162.43055725097656,"real_stock_price":218.94000244140625,"mse":725.4940934814513,"_timestamp":1.7367068604030766e+09,"periods":[252,504,756,1260],"seasonal_2_valid_loss":0.7780526280403137,"seasonal_3_valid_loss":0.5001026731785213,"_step":9,"real_seasonal_2_stock_price":16.307195141839433,"real_resid_stock_price":30.052430487608945,"Runtime (seconds)":4.592113018035889,"_wandb":{"runtime":9},"rmse":26.93499755859375,"seasonal_0_train_loss":1.6666256135345028,"seasonal_1_train_loss":0.39559479844360407,"resid_valid_loss":0.5297147015800009,"trend_valid_loss":0.2191212883990136,"predicted_seasonal_2_stock_price":4.309007167816162,"resid_train_loss":0.6960678204622921,"_runtime":9.245781196,"predicted_seasonal_1_stock_price":3.833268880844116,"final_predicted_stock_price":192.0050048828125,"AMZN Stock Price Prediction by iTransformer":{"size":50393,"path":"media/images/AMZN Stock Price Prediction by iTransformer_8_2603f08ee78266dd6152.png","format":"png","width":1000,"height":600,"_type":"image-file","sha256":"2603f08ee78266dd61526c9b4d01e8d2bd6cec86d72420175c933a8ff99c8a16"},"depth":4,"seasonal_3_train_loss":0.7139211481419081,"mae":26.93499755859375,"predicted_seasonal_0_stock_price":0.666775107383728,"seasonal_0_valid_loss":1.892711782222272,"predicted_seasonal_3_stock_price":5.426660060882568,"seasonal_1_valid_loss":0.11026575416326523,"predicted_resid_stock_price":15.338723182678223,"real_seasonal_3_stock_price":9.210042698987007}