{"seasonal_1_valid_loss":2.053865344550973,"real_seasonal_1_stock_price":-3.1406761891773156,"_wandb":{"runtime":7},"predicted_seasonal_0_stock_price":-2.059619188308716,"trend_valid_loss":4.632052964104546,"_step":9,"mse":22586.910089025332,"rmse":150.28942108154297,"_runtime":7.261478851,"predicted_seasonal_3_stock_price":6.117293357849121,"_timestamp":1.7367144636928678e+09,"predicted_seasonal_2_stock_price":6.513952732086182,"mae":150.28942108154297,"real_seasonal_0_stock_price":-2.336377190243564,"seasonal_3_train_loss":2.716170455802536,"predicted_resid_stock_price":-0.9523299932479858,"real_seasonal_2_stock_price":7.340472633129335,"real_seasonal_3_stock_price":4.670783433530165,"predicted_seasonal_1_stock_price":4.526871681213379,"seasonal_2_train_loss":1.9712381137724087,"final_predicted_stock_price":86.56058502197266,"seasonal_3_valid_loss":2.1748006343841553,"seasonal_0_train_loss":1.4388987603607393,"real_resid_stock_price":9.055691707893601,"real_stock_price":236.85000610351562,"seasonal_2_valid_loss":0.2623455434985602,"periods":[252,504,756,1260],"resid_valid_loss":2.1204611927056485,"predicted_trend_stock_price":72.41441345214844,"Runtime (seconds)":3.3990790843963623,"seasonal_0_valid_loss":2.880586871842644,"dim":128,"seasonal_1_train_loss":1.8784679646221276,"trend_train_loss":1.6994615295778595,"depth":4,"AAPL Stock Price Prediction by iTransformer":{"height":600,"_type":"image-file","sha256":"f82d76aff45d3f9c8c43fbf1a55227dbee3920e71dcbd10208ccde04ccae7059","size":46038,"path":"media/images/AAPL Stock Price Prediction by iTransformer_8_f82d76aff45d3f9c8c43.png","format":"png","width":1000},"resid_train_loss":1.3597609909156838,"real_trend_stock_price":221.2601117083834}