{"predicted_resid_stock_price":5.068199157714844,"mae":43.537322998046875,"trend_train_loss":0.2277643260340741,"real_resid_stock_price":30.052430487608945,"seasonal_2_valid_loss":0.08474670047921412,"predicted_seasonal_3_stock_price":9.729915618896484,"predicted_seasonal_0_stock_price":-6.183912754058838,"predicted_seasonal_1_stock_price":-1.7037221193313599,"seasonal_1_valid_loss":1.2950232374719728,"real_seasonal_3_stock_price":9.210042698987007,"resid_train_loss":0.8880390507492512,"_timestamp":1.7367172401714816e+09,"periods":[252,504,756,1260],"seasonal_3_valid_loss":0.5065361261367798,"predicted_trend_stock_price":156.2211151123047,"seasonal_0_valid_loss":0.23371460549667855,"dim":128,"real_seasonal_1_stock_price":2.721535027645758,"Runtime (seconds)":6.615584850311279,"trend_valid_loss":0.013138638719266175,"final_predicted_stock_price":175.40267944335938,"depth":4,"real_seasonal_0_stock_price":-6.886692248923765,"seasonal_2_train_loss":0.14933562971641923,"real_seasonal_2_stock_price":16.307195141839433,"_runtime":13.733443952,"mse":1895.4984938362613,"seasonal_0_train_loss":0.28940900555033844,"resid_valid_loss":3.5540971755981445,"predicted_seasonal_2_stock_price":12.271093368530273,"real_stock_price":218.94000244140625,"seasonal_1_train_loss":1.7966668701209223,"_wandb":{"runtime":13},"real_trend_stock_price":167.5354913342489,"rmse":43.537322998046875,"seasonal_3_train_loss":1.1074592813728723,"AMZN Stock Price Prediction by iTransformer":{"format":"png","width":1000,"height":600,"_type":"image-file","sha256":"73c27ebd01f1ea398ffaa3bae17bd6ce60418e351f7649f462ff8edc12dd501a","size":48442,"path":"media/images/AMZN Stock Price Prediction by iTransformer_8_73c27ebd01f1ea398ffa.png"},"_step":9}