{"predicted_trend_stock_price":83.97471618652344,"seasonal_0_valid_loss":1.7443955724889582,"trend_train_loss":0.46663877008976334,"final_predicted_stock_price":122.73568725585938,"Runtime (seconds)":8.753514766693115,"real_seasonal_2_stock_price":16.307195141839433,"real_seasonal_3_stock_price":9.210042698987007,"_timestamp":1.7367536187982578e+09,"mae":96.20431518554688,"predicted_seasonal_1_stock_price":1.197794795036316,"seasonal_2_valid_loss":1.3993429627431475,"depth":4,"real_stock_price":218.94000244140625,"real_resid_stock_price":30.052430487608945,"dim":128,"resid_valid_loss":0.397041233166614,"rmse":96.20431518554688,"trend_valid_loss":1.607462040050243,"seasonal_3_train_loss":0.6622485867710619,"resid_train_loss":0.6566243070746742,"_runtime":15.46479226,"seasonal_3_valid_loss":0.8850749076708503,"real_seasonal_1_stock_price":2.721535027645758,"predicted_seasonal_2_stock_price":-3.8780574798583984,"_step":9,"real_seasonal_0_stock_price":-6.886692248923765,"AMZN Stock Price Prediction by iTransformer":{"path":"media/images/AMZN Stock Price Prediction by iTransformer_8_f72d9f04ad100ac526b2.png","format":"png","width":1000,"height":600,"_type":"image-file","sha256":"f72d9f04ad100ac526b2326812092040a79ebc18d7039a34312506430f401bbc","size":46363},"_wandb":{"runtime":15},"periods":[252,504,756,1260],"seasonal_1_train_loss":0.9373528027354773,"seasonal_2_train_loss":1.1644667175962178,"mse":9255.270260320045,"seasonal_0_train_loss":1.541996315863565,"seasonal_1_valid_loss":0.7072205088874127,"real_trend_stock_price":167.5354913342489,"predicted_seasonal_3_stock_price":15.820913314819336,"predicted_resid_stock_price":24.56844139099121,"predicted_seasonal_0_stock_price":1.0518760681152344}