{"seasonal_3_train_loss":0.5661098974020057,"periods":[252,504,756,1260],"real_seasonal_0_stock_price":-6.886692248923765,"seasonal_1_valid_loss":0.2349003378529938,"_timestamp":1.7367207843344991e+09,"resid_valid_loss":0.37119968124027325,"predicted_trend_stock_price":103.28077697753906,"resid_train_loss":0.6233430489876048,"mse":7439.744240166852,"predicted_seasonal_1_stock_price":2.295806884765625,"seasonal_0_train_loss":0.36706340754906025,"predicted_seasonal_3_stock_price":17.246627807617188,"AMZN Stock Price Prediction by iTransformer":{"sha256":"bb7062e44650aaadd9822906b8f1fb1da6e7aeb615bedd7969da01c04690b33e","size":45997,"path":"media/images/AMZN Stock Price Prediction by iTransformer_8_bb7062e44650aaadd982.png","format":"png","width":1000,"height":600,"_type":"image-file"},"depth":4,"real_trend_stock_price":167.5354913342489,"real_resid_stock_price":30.052430487608945,"seasonal_2_valid_loss":0.3718963587380979,"seasonal_1_train_loss":0.5043184248850292,"predicted_resid_stock_price":11.696470260620117,"_wandb":{"runtime":11},"real_seasonal_1_stock_price":2.721535027645758,"dim":128,"real_seasonal_2_stock_price":16.307195141839433,"mae":86.25395202636719,"real_seasonal_3_stock_price":9.210042698987007,"real_stock_price":218.94000244140625,"_step":9,"trend_train_loss":0.5201958112581919,"final_predicted_stock_price":132.68605041503906,"seasonal_2_train_loss":0.567425013344357,"rmse":86.25395202636719,"Runtime (seconds)":5.012677192687988,"seasonal_0_valid_loss":0.33946735707903547,"seasonal_3_valid_loss":0.10975982900912705,"trend_valid_loss":0.8625023694486793,"predicted_seasonal_2_stock_price":6.978339672088623,"predicted_seasonal_0_stock_price":-8.811968803405762,"_runtime":11.832271351}