{"seasonal_0_train_loss":0.19762183525462793,"Runtime (seconds)":6.184894800186157,"_runtime":11.843840806,"mae":85.21952819824219,"predicted_resid_stock_price":-5.397500038146973,"real_trend_stock_price":167.5354913342489,"seasonal_1_train_loss":1.091417958047817,"resid_valid_loss":1.5379618386717608,"seasonal_3_train_loss":1.094027507051808,"predicted_seasonal_2_stock_price":12.41996955871582,"seasonal_2_valid_loss":0.172116219997406,"predicted_seasonal_0_stock_price":-6.469666481018066,"dim":128,"_step":9,"seasonal_1_valid_loss":1.1721277654044977,"real_stock_price":218.94000244140625,"real_seasonal_3_stock_price":9.210042698987007,"final_predicted_stock_price":133.72047424316406,"predicted_trend_stock_price":136.99424743652344,"seasonal_3_valid_loss":1.3379987145933654,"predicted_seasonal_3_stock_price":-2.770474672317505,"real_seasonal_1_stock_price":2.721535027645758,"_wandb":{"runtime":11},"mse":7262.367986330995,"real_resid_stock_price":30.052430487608945,"periods":[252,504,756,1260],"trend_valid_loss":0.2165670058918449,"seasonal_0_valid_loss":0.0737755340895404,"seasonal_2_train_loss":0.459302992120976,"predicted_seasonal_1_stock_price":-1.0560896396636963,"real_seasonal_0_stock_price":-6.886692248923765,"depth":4,"trend_train_loss":1.0230068286684246,"rmse":85.21952819824219,"AMZN Stock Price Prediction by iTransformer":{"height":600,"_type":"image-file","sha256":"2933bb067b98c805aedaf34a6f2f3de6deb2581853070b0df2016b8edd1570b1","size":46065,"path":"media/images/AMZN Stock Price Prediction by iTransformer_8_2933bb067b98c805aeda.png","format":"png","width":1000},"real_seasonal_2_stock_price":16.307195141839433,"resid_train_loss":1.218897999227705,"_timestamp":1.736729381052209e+09}