{"seasonal_3_valid_loss":0.45993589445290317,"predicted_seasonal_1_stock_price":-2.042646646499634,"seasonal_3_train_loss":0.8195889028866193,"real_stock_price":236.85000610351562,"real_seasonal_3_stock_price":4.670788964037488,"predicted_seasonal_3_stock_price":-3.121222734451294,"seasonal_0_valid_loss":2.037953849761717,"AAPL Stock Price Prediction by iTransformer":{"height":600,"_type":"image-file","sha256":"be2f7ca75309e5a1f908e684be7ad4491538efcbafa4b260c27453b2a66b5bdc","size":47238,"path":"media/images/AAPL Stock Price Prediction by iTransformer_8_be2f7ca75309e5a1f908.png","format":"png","width":1000},"mse":12811.645043496042,"seasonal_1_valid_loss":0.8944535690260449,"final_predicted_stock_price":123.66146850585938,"resid_valid_loss":2.8196744529763986,"seasonal_2_train_loss":0.5488343127901064,"predicted_trend_stock_price":116.6441879272461,"_timestamp":1.7367268757189438e+09,"predicted_resid_stock_price":9.904057502746582,"dim":128,"seasonal_1_train_loss":0.8659106635936984,"seasonal_0_train_loss":0.7958807613620316,"_runtime":10.392556779,"rmse":113.18853759765625,"real_seasonal_1_stock_price":-3.1406765660386524,"_wandb":{"runtime":10},"predicted_seasonal_2_stock_price":2.835484504699707,"resid_train_loss":0.9585381061502164,"depth":4,"_step":9,"seasonal_2_valid_loss":0.3485657772452561,"Runtime (seconds)":5.04736065864563,"real_trend_stock_price":221.26011215465937,"predicted_seasonal_0_stock_price":-0.5583947896957397,"trend_train_loss":0.32320207261567024,"real_seasonal_2_stock_price":7.3404740376935615,"mae":113.18853759765625,"real_seasonal_0_stock_price":-2.33638417428623,"trend_valid_loss":0.8108361968844245,"real_resid_stock_price":9.055691687450093,"periods":[252,504,756,1260]}