{"Runtime (seconds)":6.03466272354126,"real_stock_price":236.85000610351562,"seasonal_0_valid_loss":0.35767835111103274,"real_seasonal_0_stock_price":-2.336381965075805,"seasonal_2_train_loss":1.0064210277984915,"seasonal_2_valid_loss":0.7528092819533084,"predicted_trend_stock_price":24.75354766845703,"resid_valid_loss":1.854856243102174,"mae":212.21764945983887,"real_resid_stock_price":9.055690133071863,"seasonal_3_valid_loss":1.6661175787448883,"_timestamp":1.7367175914133985e+09,"real_trend_stock_price":221.26011174536305,"real_seasonal_1_stock_price":-3.140678147913517,"seasonal_3_train_loss":2.8750893296355127,"_wandb":{"runtime":12},"trend_valid_loss":5.9327953583889155,"predicted_resid_stock_price":-2.536316156387329,"predicted_seasonal_1_stock_price":0.3050179183483124,"mse":45036.330742259044,"trend_train_loss":1.8835434980309689,"seasonal_0_train_loss":0.40628492763843516,"real_seasonal_2_stock_price":7.340479154388294,"periods":[252,504,756,1260],"dim":128,"rmse":212.21764945983887,"_step":9,"depth":4,"final_predicted_stock_price":24.632356643676758,"AAPL Stock Price Prediction by iTransformer":{"width":1000,"height":600,"_type":"image-file","sha256":"3d8f8713bcb5a2a684eaa9662291decd2702b74bc094e880b71828b0b9d20c68","size":44554,"path":"media/images/AAPL Stock Price Prediction by iTransformer_8_3d8f8713bcb5a2a684ea.png","format":"png"},"real_seasonal_3_stock_price":4.670785183681756,"resid_train_loss":1.7353853834736068,"seasonal_1_train_loss":1.1715308549161443,"predicted_seasonal_0_stock_price":-0.03883327171206474,"predicted_seasonal_3_stock_price":2.0763466358184814,"predicted_seasonal_2_stock_price":0.07259368151426315,"seasonal_1_valid_loss":0.9390116173949018,"_runtime":12.94514689}