{"_wandb":{"runtime":10},"real_trend_stock_price":167.5354913342489,"mse":11780.612156437943,"seasonal_1_valid_loss":0.3659491131703059,"predicted_seasonal_0_stock_price":-3.8646981716156006,"seasonal_2_valid_loss":0.6031646940734502,"real_resid_stock_price":30.052430487608945,"seasonal_0_valid_loss":0.6392407229613046,"real_seasonal_3_stock_price":9.210042698987007,"seasonal_3_valid_loss":0.689605176448822,"rmse":108.53852844238281,"_step":9,"real_seasonal_0_stock_price":-6.886692248923765,"real_seasonal_2_stock_price":16.307195141839433,"seasonal_0_train_loss":0.8022222076631655,"predicted_seasonal_1_stock_price":2.16521954536438,"seasonal_1_train_loss":0.7458782419453254,"final_predicted_stock_price":110.40147399902344,"predicted_seasonal_2_stock_price":14.849222183227539,"predicted_seasonal_3_stock_price":-6.463348388671875,"seasonal_2_train_loss":2.1848128484587885,"AMZN Stock Price Prediction by iTransformer":{"height":600,"_type":"image-file","sha256":"a2a9e23b3c06f5b80f47317abbba89b5427f9a6738b6cd297f2fd418b86f0fcd","size":46234,"path":"media/images/AMZN Stock Price Prediction by iTransformer_8_a2a9e23b3c06f5b80f47.png","format":"png","width":1000},"_runtime":10.174168053,"predicted_trend_stock_price":91.50750732421875,"depth":4,"trend_valid_loss":1.2959181418767325,"predicted_resid_stock_price":12.207576751708984,"seasonal_3_train_loss":1.8017420364344974,"Runtime (seconds)":4.798996448516846,"real_seasonal_1_stock_price":2.721535027645758,"real_stock_price":218.94000244140625,"resid_valid_loss":0.3911004253595783,"_timestamp":1.736708740735135e+09,"resid_train_loss":0.6570450100705985,"trend_train_loss":1.0856606453546713,"dim":128,"periods":[252,504,756,1260],"mae":108.53852844238281}