{"_timestamp":1.7367088921527262e+09,"Runtime (seconds)":6.241822719573975,"seasonal_2_valid_loss":0.13400149769310293,"periods":[252,504,756,1260],"AMZN Stock Price Prediction by iTransformer":{"_type":"image-file","sha256":"a2c83437561c2f6e00cf0ead74da36724ce9aef73a210180f7def6d930ce5ac3","size":46142,"path":"media/images/AMZN Stock Price Prediction by iTransformer_8_a2c83437561c2f6e00cf.png","format":"png","width":1000,"height":600},"seasonal_2_train_loss":0.9800923026727608,"real_resid_stock_price":30.052430487608945,"trend_train_loss":0.8783912087317207,"mse":6505.809730329551,"_wandb":{"runtime":13},"mae":80.65859985351562,"real_seasonal_0_stock_price":-6.886692248923765,"predicted_resid_stock_price":9.830812454223633,"depth":4,"rmse":80.65859985351562,"_runtime":13.617899793,"dim":128,"predicted_trend_stock_price":105.4475326538086,"seasonal_1_valid_loss":0.8542893217686884,"real_trend_stock_price":167.5354913342489,"predicted_seasonal_3_stock_price":9.839869499206543,"_step":9,"resid_train_loss":1.2040544603431695,"real_seasonal_1_stock_price":2.721535027645758,"real_seasonal_3_stock_price":9.210042698987007,"predicted_seasonal_1_stock_price":0.9331204891204834,"real_stock_price":218.94000244140625,"seasonal_3_valid_loss":0.17605395900910017,"seasonal_0_train_loss":1.1843452152472418,"seasonal_0_valid_loss":1.327452906391077,"predicted_seasonal_0_stock_price":-1.2226266860961914,"resid_valid_loss":0.6520278346920464,"predicted_seasonal_2_stock_price":13.452695846557617,"final_predicted_stock_price":138.28140258789062,"trend_valid_loss":1.006935969188616,"real_seasonal_2_stock_price":16.307195141839433,"seasonal_1_train_loss":1.1572039422247435,"seasonal_3_train_loss":1.0013265772881754}