{"_wandb":{"runtime":16},"real_resid_stock_price":30.052430487608945,"dim":128,"mse":12815.868199910561,"_runtime":16.538795915,"real_seasonal_3_stock_price":9.210042698987007,"seasonal_3_valid_loss":5.537215483493238,"real_trend_stock_price":167.5354913342489,"real_seasonal_0_stock_price":-6.886692248923765,"seasonal_2_valid_loss":0.5117735862731934,"_timestamp":1.7367091656997988e+09,"seasonal_2_train_loss":1.0609509885624835,"Runtime (seconds)":7.418290615081787,"seasonal_3_train_loss":1.0909482374353388,"seasonal_1_train_loss":1.2448581598463102,"real_seasonal_2_stock_price":16.307195141839433,"periods":[252,504,756,1260],"real_seasonal_1_stock_price":2.721535027645758,"predicted_seasonal_1_stock_price":2.329042434692383,"trend_valid_loss":2.548863677897005,"real_stock_price":218.94000244140625,"rmse":113.20719146728516,"predicted_resid_stock_price":-5.691542625427246,"AMZN Stock Price Prediction by iTransformer":{"height":600,"_type":"image-file","sha256":"21fab13e08074fc9d1aede0cedfaa01d5f20a7a5e6b0c127e0cef14cddf05972","size":46770,"path":"media/images/AMZN Stock Price Prediction by iTransformer_8_21fab13e08074fc9d1ae.png","format":"png","width":1000},"seasonal_0_train_loss":1.0979073841704616,"resid_train_loss":1.240431928484609,"trend_train_loss":0.619843629724921,"predicted_trend_stock_price":82.44686889648438,"seasonal_1_valid_loss":1.2804432038310585,"mae":113.20719146728516,"depth":4,"seasonal_0_valid_loss":1.4339473580178448,"predicted_seasonal_3_stock_price":19.699562072753906,"predicted_seasonal_0_stock_price":-0.3077724874019623,"_step":9,"final_predicted_stock_price":105.7328109741211,"resid_valid_loss":1.4405216593476176,"predicted_seasonal_2_stock_price":7.256656646728516}