{"Runtime (seconds)":3.6174581050872803,"real_seasonal_0_stock_price":-6.886692248923765,"_timestamp":1.7367183690236464e+09,"AMZN Stock Price Prediction by iTransformer":{"path":"media/images/AMZN Stock Price Prediction by iTransformer_8_9ffe1e015ef402d761ac.png","format":"png","width":1000,"height":600,"_type":"image-file","sha256":"9ffe1e015ef402d761ac1d1cf16b90f78e7876050ef3e0ee360e3682262c632d","size":46663},"real_seasonal_3_stock_price":9.210042698987007,"final_predicted_stock_price":90.8583984375,"predicted_trend_stock_price":84.83834075927734,"seasonal_1_valid_loss":0.20416077192115997,"rmse":128.08160400390625,"seasonal_3_train_loss":0.8909061527200536,"_runtime":7.531163376,"seasonal_3_valid_loss":0.8460557040396508,"predicted_seasonal_2_stock_price":10.540312767028809,"seasonal_2_valid_loss":0.6404344851630075,"real_seasonal_2_stock_price":16.307195141839433,"resid_train_loss":0.8372398934164289,"trend_valid_loss":1.834863898567755,"real_resid_stock_price":30.052430487608945,"dim":128,"real_stock_price":218.94000244140625,"seasonal_2_train_loss":0.7508643558451945,"predicted_seasonal_1_stock_price":3.6134204864501953,"predicted_resid_stock_price":3.6957311630249023,"real_trend_stock_price":167.5354913342489,"periods":[252,504,756,1260],"resid_valid_loss":0.9089254218870433,"trend_train_loss":0.8037776887057382,"seasonal_0_valid_loss":1.4505556349653796,"seasonal_1_train_loss":0.648129490954323,"predicted_seasonal_3_stock_price":-10.629327774047852,"mae":128.08160400390625,"real_seasonal_1_stock_price":2.721535027645758,"seasonal_0_train_loss":1.2389970317012384,"_step":9,"depth":4,"predicted_seasonal_0_stock_price":-1.2000786066055298,"mse":16404.897284213454,"_wandb":{"runtime":7}}