{"_runtime":16.317572887,"mse":1116.122309611179,"predicted_resid_stock_price":29.09906578063965,"predicted_seasonal_2_stock_price":7.707560062408447,"seasonal_0_train_loss":1.505835656449502,"Runtime (seconds)":7.276351690292358,"real_resid_stock_price":30.052430487608945,"seasonal_2_valid_loss":0.8225182621127116,"final_predicted_stock_price":185.53158569335938,"trend_train_loss":0.3121645779414473,"mae":33.408416748046875,"seasonal_0_valid_loss":1.3379510775054853,"_wandb":{"runtime":16},"dim":128,"depth":4,"real_trend_stock_price":167.5354913342489,"trend_valid_loss":0.20402995440787797,"resid_valid_loss":0.5540278432110848,"AMZN Stock Price Prediction by iTransformer":{"path":"media/images/AMZN Stock Price Prediction by iTransformer_8_16f69b9b8a31045d24b7.png","format":"png","width":1000,"height":600,"_type":"image-file","sha256":"16f69b9b8a31045d24b77b40d0a0d08aecc220c09fbb8f2bd3892703885cb290","size":47842},"predicted_seasonal_3_stock_price":11.681906700134277,"resid_train_loss":0.7639838159345744,"real_seasonal_3_stock_price":9.210042698987007,"rmse":33.408416748046875,"predicted_trend_stock_price":136.63211059570312,"seasonal_1_valid_loss":0.20135241622726122,"real_seasonal_1_stock_price":2.721535027645758,"real_seasonal_2_stock_price":16.307195141839433,"_timestamp":1.7367367470794117e+09,"seasonal_1_train_loss":0.37420522813023865,"periods":[252,504,756,1260],"seasonal_3_train_loss":1.7236054297256846,"real_seasonal_0_stock_price":-6.886692248923765,"predicted_seasonal_0_stock_price":-1.9335544109344482,"real_stock_price":218.94000244140625,"seasonal_3_valid_loss":0.4707774221897125,"predicted_seasonal_1_stock_price":2.344496488571167,"seasonal_2_train_loss":1.2193667623102498,"_step":9}