{"dim":128,"mae":76.76046752929688,"periods":[252,504,756,1260],"seasonal_1_valid_loss":0.9075445756860023,"real_seasonal_2_stock_price":16.307195141839433,"seasonal_0_train_loss":0.5393180393964896,"real_resid_stock_price":30.052430487608945,"seasonal_3_train_loss":0.8880022391711412,"trend_train_loss":0.4625014035321649,"predicted_seasonal_3_stock_price":6.9988112449646,"Runtime (seconds)":4.908384084701538,"_step":9,"AMZN Stock Price Prediction by iTransformer":{"sha256":"c00b5819259b00ac25e961e75739acdba9a84ef73f9335eef1ee6da2d2c1af47","size":46062,"path":"media/images/AMZN Stock Price Prediction by iTransformer_8_c00b5819259b00ac25e9.png","format":"png","width":1000,"height":600,"_type":"image-file"},"real_stock_price":218.94000244140625,"predicted_seasonal_0_stock_price":-5.105739116668701,"predicted_resid_stock_price":-1.4620791673660278,"_runtime":10.989709206,"seasonal_0_valid_loss":0.3932908068573664,"resid_valid_loss":1.0670593972551137,"predicted_seasonal_2_stock_price":16.38381004333496,"real_seasonal_0_stock_price":-6.886692248923765,"real_seasonal_1_stock_price":2.721535027645758,"_timestamp":1.7367435184568653e+09,"depth":4,"seasonal_1_train_loss":0.9976783510992082,"_wandb":{"runtime":10},"seasonal_2_valid_loss":0.0964957928046202,"seasonal_3_valid_loss":0.533582830618887,"real_trend_stock_price":167.5354913342489,"rmse":76.76046752929688,"seasonal_2_train_loss":0.60532346349616,"resid_train_loss":0.868613775645461,"trend_valid_loss":0.286280191331855,"predicted_trend_stock_price":125.03465270996094,"mse":5892.16937531624,"predicted_seasonal_1_stock_price":0.33007949590682983,"real_seasonal_3_stock_price":9.210042698987007,"final_predicted_stock_price":142.17953491210938}