{"resid_train_loss":0.5125046230810162,"seasonal_0_train_loss":0.3176714876056046,"seasonal_3_train_loss":0.3789990177136765,"real_stock_price":236.85000610351562,"predicted_seasonal_1_stock_price":-0.788438081741333,"periods":[252,504,756,1260],"seasonal_2_train_loss":2.551104637965088,"AAPL Stock Price Prediction by iTransformer":{"width":1000,"height":600,"_type":"image-file","sha256":"4dec9661c4fd326571371feefa580c49a5bffada04009dc91c660777f8af36ee","size":44497,"path":"media/images/AAPL Stock Price Prediction by iTransformer_8_4dec9661c4fd32657137.png","format":"png"},"seasonal_0_valid_loss":0.4348976703053976,"trend_train_loss":0.5869824858903885,"dim":128,"real_seasonal_1_stock_price":-3.1406782258843915,"real_seasonal_3_stock_price":4.670792117267651,"seasonal_2_valid_loss":1.8096452951431274,"predicted_seasonal_0_stock_price":2.5897533893585205,"seasonal_1_valid_loss":1.0276013803372186,"rmse":192.4880142211914,"predicted_seasonal_3_stock_price":4.307943344116211,"resid_valid_loss":0.1942411946653113,"mse":37051.635618817585,"predicted_trend_stock_price":36.99293518066406,"seasonal_3_valid_loss":0.21624118968865372,"real_trend_stock_price":221.2601120663226,"_runtime":12.190552596,"mae":192.4880142211914,"_step":9,"_wandb":{"runtime":12},"Runtime (seconds)":5.76985502243042,"trend_valid_loss":4.702396453528434,"real_seasonal_2_stock_price":7.34047425447331,"final_predicted_stock_price":44.36199188232422,"seasonal_1_train_loss":0.9370827743640313,"real_resid_stock_price":9.05569041037549,"_timestamp":1.7367134797316175e+09,"predicted_seasonal_2_stock_price":-3.9573826789855957,"depth":4,"real_seasonal_0_stock_price":-2.336384519039028,"predicted_resid_stock_price":5.217180252075195}