{"predicted_seasonal_3_stock_price":4.5654191970825195,"_timestamp":1.7372593110286105e+09,"resid_train_loss":0.01690351520619247,"_step":1803,"periods":[252,504,756,1260],"seasonal_3_train_loss":0.0018748612017132444,"predicted_seasonal_0_stock_price":3.38712739944458,"real_seasonal_0_stock_price":2.2706337258887936,"resid_valid_loss":0.029607239655732323,"real_seasonal_2_stock_price":8.57185727750466,"seasonal_0_valid_loss":0.0013026868718125943,"depth":4,"real_trend_stock_price":218.6592960273929,"predicted_seasonal_2_stock_price":9.373236656188965,"AAPL Stock Price Prediction by iTransformer":{"size":53533,"path":"media/images/AAPL Stock Price Prediction by iTransformer_1802_f8ab46ed30dc6ace944b.png","format":"png","width":1000,"height":600,"_type":"image-file","sha256":"f8ab46ed30dc6ace944b585a8a3502de25d13651d3f940608c2e639d011fcb8d"},"real_seasonal_1_stock_price":0.14619413424747785,"seasonal_2_train_loss":0.0011608519455105245,"seasonal_3_valid_loss":0.00286491750845588,"trend_train_loss":0.00019709140429383128,"mse":0.8719392158091068,"seasonal_1_valid_loss":0.0006692395714750557,"seasonal_1_train_loss":9.682642990588998e-05,"Runtime (seconds)":2040.928120136261,"rmse":0.93377685546875,"seasonal_0_train_loss":0.0003329887202057019,"mae":0.93377685546875,"final_predicted_stock_price":248.85621643066406,"real_stock_price":249.7899932861328,"trend_valid_loss":7.158955850172788e-05,"predicted_resid_stock_price":12.540913581848145,"_wandb":{"runtime":26066},"real_resid_stock_price":15.023851088776695,"predicted_seasonal_1_stock_price":1.2290621995925903,"seasonal_2_valid_loss":0.0008715405128896236,"predicted_trend_stock_price":217.76046752929688,"_runtime":26066.602823558,"dim":128,"real_seasonal_3_stock_price":5.118161032322297}