{"real_seasonal_1_stock_price":2.721535027645758,"real_seasonal_2_stock_price":16.307195141839433,"resid_train_loss":1.9451348893071916,"seasonal_1_train_loss":1.1632970535652225,"depth":4,"rmse":115.538818359375,"real_trend_stock_price":167.5354913342489,"real_seasonal_3_stock_price":9.210042698987007,"periods":[252,504,756,1260],"_timestamp":1.7367405582425873e+09,"seasonal_2_train_loss":1.1777185127568768,"predicted_resid_stock_price":35.738983154296875,"seasonal_0_train_loss":0.32301846826473724,"mse":13349.21854788065,"seasonal_2_valid_loss":1.161654417107745,"dim":128,"_wandb":{"runtime":7},"predicted_seasonal_3_stock_price":1.865790843963623,"real_stock_price":218.94000244140625,"seasonal_1_valid_loss":1.0117507621645927,"real_resid_stock_price":30.052430487608945,"_step":9,"predicted_seasonal_1_stock_price":0.33370715379714966,"resid_valid_loss":1.427849809038668,"predicted_seasonal_2_stock_price":1.17489755153656,"final_predicted_stock_price":103.40118408203125,"seasonal_0_valid_loss":0.1982753723859787,"Runtime (seconds)":3.6316816806793213,"predicted_trend_stock_price":70.90451049804688,"mae":115.538818359375,"trend_train_loss":0.9044868644814998,"AMZN Stock Price Prediction by iTransformer":{"height":600,"_type":"image-file","sha256":"d9c7637fc8e277d28091102956128f75e7a108b3abb5eed0666fb5b4c302acec","size":47077,"path":"media/images/AMZN Stock Price Prediction by iTransformer_8_d9c7637fc8e277d28091.png","format":"png","width":1000},"seasonal_3_train_loss":1.1289135565912816,"real_seasonal_0_stock_price":-6.886692248923765,"seasonal_3_valid_loss":0.5975947278758839,"trend_valid_loss":2.5861565676553524,"predicted_seasonal_0_stock_price":-6.616703510284424,"_runtime":7.913306033}