{"seasonal_3_train_loss":0.9709496644496722,"depth":4,"predicted_seasonal_1_stock_price":-2.154963493347168,"predicted_trend_stock_price":109.49017333984375,"Runtime (seconds)":6.502707242965698,"resid_train_loss":1.8036054197355365,"predicted_seasonal_2_stock_price":6.30686092376709,"mse":19350.05974674225,"seasonal_1_train_loss":0.3769730211557475,"seasonal_2_train_loss":0.3252261637199101,"predicted_resid_stock_price":-6.047375679016113,"mae":139.1044921875,"_timestamp":1.7367407376911502e+09,"predicted_seasonal_0_stock_price":-3.310131072998047,"real_seasonal_2_stock_price":7.340468749546602,"dim":128,"periods":[252,504,756,1260],"seasonal_2_valid_loss":0.08231224711888875,"_runtime":14.270546723,"predicted_seasonal_3_stock_price":-6.5390448570251465,"seasonal_1_valid_loss":0.5605683922767639,"resid_valid_loss":1.7663567758129546,"real_seasonal_3_stock_price":4.670782245225707,"_step":9,"_wandb":{"runtime":14},"real_stock_price":236.85000610351562,"real_seasonal_0_stock_price":-2.3363775016663317,"seasonal_3_valid_loss":0.5922760646189412,"seasonal_0_train_loss":1.3568419822915034,"final_predicted_stock_price":97.74551391601562,"AAPL Stock Price Prediction by iTransformer":{"width":1000,"height":600,"_type":"image-file","sha256":"2d61f84216f7d387295a489d8aa69c22a2668aa99b7ca90c0e385a5120238345","size":47552,"path":"media/images/AAPL Stock Price Prediction by iTransformer_8_2d61f84216f7d387295a.png","format":"png"},"real_trend_stock_price":221.2601116003054,"trend_valid_loss":1.4876637023917596,"rmse":139.1044921875,"real_resid_stock_price":9.055695134414066,"trend_train_loss":0.16803442283092634,"real_seasonal_1_stock_price":-3.140674124309816,"seasonal_0_valid_loss":3.079022895476483}