{"predicted_seasonal_2_stock_price":16.304445266723633,"periods":[252,504,756,1260],"predicted_seasonal_0_stock_price":-5.754308223724365,"resid_valid_loss":0.20109989190209668,"Runtime (seconds)":5.605138540267944,"seasonal_3_valid_loss":0.4788750315785408,"real_resid_stock_price":30.052430487608945,"depth":4,"real_seasonal_1_stock_price":2.721535027645758,"real_trend_stock_price":167.5354913342489,"predicted_resid_stock_price":22.05284881591797,"seasonal_3_train_loss":0.7552581638579495,"dim":128,"_timestamp":1.7367117787580428e+09,"real_seasonal_3_stock_price":9.210042698987007,"predicted_trend_stock_price":35.015907287597656,"real_stock_price":218.94000244140625,"mse":20691.667519321258,"final_predicted_stock_price":75.0940170288086,"trend_valid_loss":4.7957492149552925,"_wandb":{"runtime":11},"rmse":143.84598541259766,"mae":143.84598541259766,"real_seasonal_0_stock_price":-6.886692248923765,"predicted_seasonal_3_stock_price":7.123376369476318,"_step":9,"seasonal_0_valid_loss":0.12713151260710961,"resid_train_loss":0.8813612851458537,"seasonal_1_valid_loss":0.8040095567703247,"seasonal_2_valid_loss":0.157736935012427,"real_seasonal_2_stock_price":16.307195141839433,"_runtime":11.576996934,"trend_train_loss":1.8220698483775009,"seasonal_0_train_loss":0.17925545478959834,"AMZN Stock Price Prediction by iTransformer":{"_type":"image-file","sha256":"844b8f02581ba75e1a0306bb143275372aa0ba03e3c11375c057c86384189490","size":46941,"path":"media/images/AMZN Stock Price Prediction by iTransformer_8_844b8f02581ba75e1a03.png","format":"png","width":1000,"height":600},"seasonal_1_train_loss":0.9747568805452803,"seasonal_2_train_loss":0.4388417082861471,"predicted_seasonal_1_stock_price":0.35174983739852905}