{"real_seasonal_2_stock_price":3.393169986941881,"predicted_resid_stock_price":11.249765396118164,"resid_train_loss":0.05621510069615245,"real_trend_stock_price":219.70533092755866,"depth":4,"mae":4.9745025634765625,"predicted_seasonal_0_stock_price":-0.23803938925266266,"real_seasonal_3_stock_price":0.17108548836533144,"_step":1671,"trend_train_loss":0.053735177842900154,"seasonal_3_valid_loss":0.02929679464812026,"predicted_trend_stock_price":218.45541381835938,"trend_valid_loss":0.022190670865146738,"final_predicted_stock_price":229.9554901123047,"_timestamp":1.7362639914462872e+09,"rmse":4.9745025634765625,"dim":128,"real_resid_stock_price":13.670122764208742,"predicted_seasonal_2_stock_price":3.440359115600586,"seasonal_0_valid_loss":0.07245839570212916,"AAPL Stock Price Prediction by iTransformer":{"_type":"image-file","sha256":"35a477e15e3cf544607faec7ea17be6e4c291c2bdb658115731f5b0bcb0b5dd7","size":49926,"path":"media/images/AAPL Stock Price Prediction by iTransformer_1670_35a477e15e3cf544607f.png","format":"png","width":1000,"height":600},"predicted_seasonal_1_stock_price":-3.2527029514312744,"Runtime (seconds)":1628.243089914322,"_wandb":{"runtime":24095},"predicted_seasonal_3_stock_price":0.3006896376609802,"seasonal_1_valid_loss":0.027883857218965667,"mse":24.74567575403489,"real_seasonal_0_stock_price":1.2028477163703581,"real_stock_price":234.92999267578125,"seasonal_2_valid_loss":0.02602000995294044,"resid_valid_loss":0.025470642570519085,"real_seasonal_1_stock_price":-3.2125642076637284,"seasonal_0_train_loss":0.09664102729838181,"_runtime":24095.926457265,"seasonal_1_train_loss":0.059667273898223905,"periods":[63,126,252,504],"seasonal_3_train_loss":0.06263059143262668,"seasonal_2_train_loss":0.059363061973331716}