{"seasonal_3_train_loss":0.4655831336743173,"_timestamp":1.736741143851596e+09,"trend_valid_loss":0.23162536695599556,"predicted_trend_stock_price":161.15284729003906,"seasonal_1_valid_loss":0.1846205814776564,"predicted_seasonal_2_stock_price":2.3221538066864014,"resid_train_loss":0.47534613848502566,"real_trend_stock_price":221.26011141567693,"real_seasonal_3_stock_price":4.670782735327584,"real_seasonal_1_stock_price":-3.1406742342045906,"trend_train_loss":0.5901648409975867,"predicted_seasonal_1_stock_price":-2.9987690448760986,"final_predicted_stock_price":171.4745635986328,"rmse":65.37544250488281,"predicted_resid_stock_price":4.501352310180664,"real_resid_stock_price":9.05569427836457,"predicted_seasonal_3_stock_price":6.783515930175781,"Runtime (seconds)":4.6159422397613525,"_runtime":10.260089546,"seasonal_0_valid_loss":0.7980751155353174,"mae":65.37544250488281,"dim":128,"seasonal_2_train_loss":1.2284384570480171,"AAPL Stock Price Prediction by iTransformer":{"_type":"image-file","sha256":"215980b278c88679073993c5e841cf59d9b7520ac605e277bdceaaed67b236ea","size":46325,"path":"media/images/AAPL Stock Price Prediction by iTransformer_8_215980b278c886790739.png","format":"png","width":1000,"height":600},"real_seasonal_0_stock_price":-2.3363777881077716,"seasonal_2_valid_loss":1.8182715309083552,"mse":4273.948482709238,"seasonal_1_train_loss":0.5142282227940151,"resid_valid_loss":1.300179584459825,"seasonal_0_train_loss":0.43911858696371453,"real_seasonal_2_stock_price":7.340469696458899,"predicted_seasonal_0_stock_price":-0.28655529022216797,"seasonal_3_valid_loss":0.3148070659372024,"periods":[252,504,756,1260],"depth":4,"real_stock_price":236.85000610351562,"_step":9,"_wandb":{"runtime":10}}