{"real_seasonal_1_stock_price":-3.1406778347169366,"real_seasonal_0_stock_price":-2.3363788711810582,"depth":4,"seasonal_1_train_loss":0.367299215056016,"resid_valid_loss":0.8155169104217389,"_wandb":{"runtime":10},"real_seasonal_2_stock_price":7.3404739697390795,"trend_train_loss":1.5027205380294781,"mae":191.3087158203125,"mse":36599.024748817086,"seasonal_0_valid_loss":1.202839059317672,"AAPL Stock Price Prediction by iTransformer":{"sha256":"a5220765dc0a858af6e2df849af05618d9d5eaa45fb9f229bbe802ef69b999a8","size":44504,"path":"media/images/AAPL Stock Price Prediction by iTransformer_8_a5220765dc0a858af6e2.png","format":"png","width":1000,"height":600,"_type":"image-file"},"periods":[252,504,756,1260],"_step":9,"predicted_seasonal_1_stock_price":-3.178262233734131,"rmse":191.3087158203125,"_runtime":10.197298964,"predicted_seasonal_2_stock_price":5.916305065155029,"seasonal_3_train_loss":1.190488367843353,"seasonal_1_valid_loss":0.24347442657765062,"seasonal_0_train_loss":0.41395721754760856,"trend_valid_loss":5.906007273686689,"final_predicted_stock_price":45.541290283203125,"predicted_trend_stock_price":29.552379608154297,"real_trend_stock_price":221.26011212412922,"Runtime (seconds)":5.215014934539795,"real_seasonal_3_stock_price":4.67078409282757,"seasonal_2_train_loss":0.39625720379321616,"predicted_resid_stock_price":11.026829719543457,"predicted_seasonal_0_stock_price":1.586915373802185,"predicted_seasonal_3_stock_price":0.637123703956604,"seasonal_3_valid_loss":1.3222450361557279,"real_stock_price":236.85000610351562,"_timestamp":1.736725444798106e+09,"dim":128,"seasonal_2_valid_loss":0.12900717239725504,"real_resid_stock_price":9.055692622717771,"resid_train_loss":0.9757228569531526}