{"real_trend_stock_price":221.26011218452356,"trend_train_loss":1.7789617498103227,"predicted_trend_stock_price":57.80646514892578,"mae":171.57746124267578,"depth":4,"seasonal_3_train_loss":1.3633414643337742,"predicted_seasonal_3_stock_price":-6.001589775085449,"periods":[252,504,756,1260],"seasonal_2_valid_loss":0.14107501809310197,"mse":29438.82520648191,"predicted_seasonal_0_stock_price":2.094965696334839,"real_seasonal_3_stock_price":4.670783193293181,"resid_valid_loss":0.6570809798068311,"real_resid_stock_price":9.055695796960833,"final_predicted_stock_price":65.27254486083984,"seasonal_0_valid_loss":1.2727476948384926,"real_seasonal_2_stock_price":7.340474040801872,"AAPL Stock Price Prediction by iTransformer":{"height":600,"_type":"image-file","sha256":"2e965c54b39469f77821e863f0c766f1564ed1051da0fb9f09a1d79eb19cbe58","size":46310,"path":"media/images/AAPL Stock Price Prediction by iTransformer_8_2e965c54b39469f77821.png","format":"png","width":1000},"seasonal_1_valid_loss":0.8196731547161907,"rmse":171.57746124267578,"real_stock_price":236.85000610351562,"trend_valid_loss":3.533754150599996,"seasonal_2_train_loss":0.5552578460908573,"resid_train_loss":0.6321564365144583,"predicted_seasonal_1_stock_price":-1.7686686515808105,"seasonal_0_train_loss":0.7958380673824134,"_timestamp":1.7367299855198817e+09,"_wandb":{"runtime":13},"seasonal_1_train_loss":0.8091134323014153,"dim":128,"predicted_seasonal_2_stock_price":7.101815700531006,"Runtime (seconds)":6.611665725708008,"real_seasonal_0_stock_price":-2.3363824816672047,"predicted_resid_stock_price":6.039557456970215,"real_seasonal_1_stock_price":-3.1406766303965674,"_step":9,"seasonal_3_valid_loss":0.617631968897833,"_runtime":13.570148085}