{"AMZN Stock Price Prediction by iTransformer":{"_type":"image-file","sha256":"1eea82b02c350cd5f9e28452d1b800d9d2f31a0f177c0f1146c871f9437d892c","size":46162,"path":"media/images/AMZN Stock Price Prediction by iTransformer_8_1eea82b02c350cd5f9e2.png","format":"png","width":1000,"height":600},"resid_train_loss":0.7127230246966385,"seasonal_2_valid_loss":1.2654068171977997,"mse":6231.186721935868,"seasonal_3_valid_loss":1.0261434316635132,"real_seasonal_0_stock_price":-6.886692248923765,"Runtime (seconds)":4.0908730030059814,"_step":9,"seasonal_0_valid_loss":0.35225354231172995,"seasonal_3_train_loss":1.117094045814806,"trend_train_loss":1.0488770952263717,"predicted_seasonal_0_stock_price":-8.055901527404785,"seasonal_0_train_loss":0.3266659112170685,"depth":4,"resid_valid_loss":1.01558176690424,"rmse":78.9378662109375,"predicted_resid_stock_price":1.5213676691055298,"real_seasonal_1_stock_price":2.721535027645758,"final_predicted_stock_price":140.00213623046875,"mae":78.9378662109375,"_wandb":{"runtime":10},"real_trend_stock_price":167.5354913342489,"real_resid_stock_price":30.052430487608945,"predicted_seasonal_1_stock_price":-0.6876076459884644,"seasonal_1_valid_loss":1.1515017621922043,"predicted_seasonal_3_stock_price":-1.4160981178283691,"predicted_seasonal_2_stock_price":-4.0454535484313965,"seasonal_1_train_loss":1.2371848716373872,"_timestamp":1.7367452907701962e+09,"_runtime":10.128624187,"real_seasonal_2_stock_price":16.307195141839433,"periods":[252,504,756,1260],"seasonal_2_train_loss":1.2231242921690997,"dim":128,"predicted_trend_stock_price":152.6858367919922,"real_seasonal_3_stock_price":9.210042698987007,"trend_valid_loss":0.07894386351108551,"real_stock_price":218.94000244140625}