{"seasonal_3_valid_loss":0.15499787661116882,"seasonal_3_train_loss":1.06754965819323,"predicted_seasonal_2_stock_price":4.24203634262085,"seasonal_2_train_loss":0.5904252798933732,"final_predicted_stock_price":219.9192352294922,"Runtime (seconds)":7.7934300899505615,"real_seasonal_1_stock_price":-3.1406786264371283,"_wandb":{"runtime":16},"dim":128,"seasonal_1_train_loss":0.48694436431379245,"seasonal_0_train_loss":0.3653017801360392,"seasonal_0_valid_loss":0.6056765561069393,"periods":[252,504,756,1260],"predicted_seasonal_1_stock_price":-2.195035934448242,"resid_valid_loss":0.5056704056425282,"real_resid_stock_price":9.055691979485886,"depth":4,"predicted_seasonal_0_stock_price":0.5775951147079468,"_timestamp":1.736710343555902e+09,"AAPL Stock Price Prediction by iTransformer":{"height":600,"_type":"image-file","sha256":"1ada66c238635e503691432dcdc7b394a83708ad2ca7dfe1a9208355e8827f4d","size":50889,"path":"media/images/AAPL Stock Price Prediction by iTransformer_8_1ada66c238635e503691.png","format":"png","width":1000},"predicted_resid_stock_price":6.473234176635742,"trend_valid_loss":0.023209323354882593,"real_seasonal_0_stock_price":-2.336373981230793,"_runtime":16.526183435,"seasonal_2_valid_loss":0.25675549751880605,"real_trend_stock_price":221.26011166956098,"mse":286.65100238868035,"real_seasonal_2_stock_price":7.340472238676996,"real_stock_price":236.85000610351562,"predicted_seasonal_3_stock_price":6.857874393463135,"_step":9,"mae":16.930770874023438,"seasonal_1_valid_loss":0.26550552248954773,"predicted_trend_stock_price":203.96353149414062,"real_seasonal_3_stock_price":4.670782823459682,"resid_train_loss":0.5204682414205749,"trend_train_loss":0.03185217364814799,"rmse":16.930770874023438}