{"real_trend_stock_price":161.6533267903845,"Validation Loss (Resid)":0.0368463397026062,"predicted_seasonal_stock_price":-8.643043313866917,"Runtime (seconds)":31843.012734651566,"Train Loss (Resid)":0.009218049224164315,"Train Loss (Trend)":0.001698382854155571,"Apple Stock Price Prediction (STL)":{"height":600,"_type":"image-file","sha256":"1f3961a051018d101e587a1f6ab77a6915399c7a6874f790115f0831956db032","size":55476,"path":"media/images/Apple Stock Price Prediction (STL)_379_1f3961a051018d101e58.png","format":"png","width":1000},"_runtime":31844.2455165,"_step":380,"_wandb":{"runtime":31844},"predicted_resid_stock_price":17.181706466820902,"real_resid_stock_price":17.490102083551847,"predicted_trend_stock_price":161.4807620273207,"_timestamp":1.7308988617374945e+09,"real_seasonal_stock_price":-3.0336266278425983,"Train Loss (Seasonal)":0.0006763242754938179,"Validation Loss (Seasonal)":0.02025627823812621,"final_predicted_stock_price":170.0194251802747,"Validation Loss (Trend)":0.004726842977106571}