{"seasonal_2_train_loss":1.6653431177951823,"trend_valid_loss":0.519649112777871,"predicted_seasonal_2_stock_price":6.942502498626709,"predicted_seasonal_1_stock_price":-0.25400400161743164,"seasonal_2_valid_loss":0.8043610467437463,"seasonal_0_valid_loss":0.3583214018893029,"real_seasonal_1_stock_price":2.721535027645758,"dim":128,"real_seasonal_0_stock_price":-6.886692248923765,"mse":6493.158827070147,"seasonal_1_train_loss":1.414583345661482,"real_seasonal_3_stock_price":9.210042698987007,"mae":80.58013916015625,"_step":9,"real_resid_stock_price":30.052430487608945,"AMZN Stock Price Prediction by iTransformer":{"format":"png","width":1000,"height":600,"_type":"image-file","sha256":"05673515d771dc0d0b7788884c829c3d8ed7b464bdab2e839362e5358ce7ea61","size":46122,"path":"media/images/AMZN Stock Price Prediction by iTransformer_8_05673515d771dc0d0b77.png"},"resid_valid_loss":0.9589330095367216,"trend_train_loss":0.17976505334189224,"_wandb":{"runtime":14},"resid_train_loss":0.5308000779775686,"predicted_trend_stock_price":122.24612426757812,"seasonal_3_valid_loss":1.39904917732984,"predicted_seasonal_0_stock_price":-7.026703357696533,"_timestamp":1.7367207471715856e+09,"_runtime":14.599732302,"final_predicted_stock_price":138.35986328125,"predicted_resid_stock_price":20.64204216003418,"seasonal_1_valid_loss":1.1669777664873335,"rmse":80.58013916015625,"real_seasonal_2_stock_price":16.307195141839433,"Runtime (seconds)":6.475561141967773,"depth":4,"real_trend_stock_price":167.5354913342489,"seasonal_0_train_loss":0.50480025561358,"real_stock_price":218.94000244140625,"periods":[252,504,756,1260],"predicted_seasonal_3_stock_price":-4.19010066986084,"seasonal_3_train_loss":1.4472995488492826}