{"dim":128,"real_seasonal_0_stock_price":-6.886692248923765,"final_predicted_stock_price":128.149169921875,"depth":4,"seasonal_2_valid_loss":2.0393867287506806,"mse":8242.975269589573,"rmse":90.79083251953125,"resid_valid_loss":6.919638156890869,"real_trend_stock_price":167.5354913342489,"predicted_resid_stock_price":-8.363548278808594,"real_seasonal_1_stock_price":2.721535027645758,"_runtime":10.517688202,"periods":[252,504,756,1260],"_step":9,"trend_train_loss":0.7375385898167511,"seasonal_0_train_loss":0.607345538453728,"resid_train_loss":1.629658139943199,"seasonal_1_train_loss":0.5316173985347705,"seasonal_3_train_loss":1.4190421293910243,"trend_valid_loss":0.12017691317127972,"predicted_seasonal_0_stock_price":-7.120954513549805,"AMZN Stock Price Prediction by iTransformer":{"sha256":"1ad9fa5d985b69ef0f4f1a1b23bc7faa3f4a694d2ec67dcac4ef591c10a38e11","size":45905,"path":"media/images/AMZN Stock Price Prediction by iTransformer_8_1ad9fa5d985b69ef0f4f.png","format":"png","width":1000,"height":600,"_type":"image-file"},"predicted_trend_stock_price":142.7506103515625,"real_resid_stock_price":30.052430487608945,"_timestamp":1.7367218481664734e+09,"seasonal_2_train_loss":2.78627328202856,"seasonal_0_valid_loss":0.4009545571349224,"real_seasonal_2_stock_price":16.307195141839433,"_wandb":{"runtime":10},"Runtime (seconds)":5.014411926269531,"predicted_seasonal_2_stock_price":-4.850189685821533,"seasonal_3_valid_loss":0.21189464628696442,"real_stock_price":218.94000244140625,"real_seasonal_3_stock_price":9.210042698987007,"seasonal_1_valid_loss":0.21724943146336043,"predicted_seasonal_3_stock_price":3.5006301403045654,"mae":90.79083251953125,"predicted_seasonal_1_stock_price":2.2326226234436035}