{"predicted_trend_stock_price":82.30599212646484,"real_trend_stock_price":221.26011225868794,"real_seasonal_2_stock_price":7.340474204815244,"seasonal_0_train_loss":1.0913915833205192,"resid_valid_loss":1.839608665516502,"predicted_seasonal_1_stock_price":-2.4264328479766846,"depth":4,"predicted_resid_stock_price":1.9691131114959717,"real_seasonal_3_stock_price":4.670789096998254,"trend_train_loss":0.9146440361069037,"periods":[252,504,756,1260],"Runtime (seconds)":7.76219630241394,"real_seasonal_1_stock_price":-3.140677885053152,"mse":21721.03675146494,"rmse":147.38058471679688,"real_stock_price":236.85000610351562,"_step":9,"_wandb":{"runtime":15},"seasonal_1_valid_loss":0.19914948348976244,"real_seasonal_0_stock_price":-2.3363847784673504,"AAPL Stock Price Prediction by iTransformer":{"sha256":"c526ba8c769e9c3569e766cbf226f4e4bf23a159a5f2f6854a3b41577ce10bbb","size":46047,"path":"media/images/AAPL Stock Price Prediction by iTransformer_8_c526ba8c769e9c3569e7.png","format":"png","width":1000,"height":600,"_type":"image-file"},"seasonal_0_valid_loss":1.8516696303195586,"predicted_seasonal_3_stock_price":2.8469290733337402,"final_predicted_stock_price":89.46942138671875,"trend_valid_loss":4.18372917175293,"dim":128,"real_resid_stock_price":9.055693206534698,"seasonal_1_train_loss":0.5557816946905766,"resid_train_loss":0.47779215837471956,"seasonal_3_train_loss":0.43332992590436226,"seasonal_2_train_loss":0.6874478465905298,"seasonal_2_valid_loss":0.3346255869934947,"_timestamp":1.7367069982133467e+09,"mae":147.38058471679688,"seasonal_3_valid_loss":0.12343901625889189,"predicted_seasonal_0_stock_price":-0.4256609380245209,"_runtime":15.608530244,"predicted_seasonal_2_stock_price":5.199472904205322}