{"seasonal_3_valid_loss":0.2139694111285803,"real_seasonal_3_stock_price":4.670782347354797,"AAPL Stock Price Prediction by iTransformer":{"width":1000,"height":600,"_type":"image-file","sha256":"8e27177be9021fa4820a432a6d2f52d2fcfabf8428a51678e934effccccb8e2a","size":47142,"path":"media/images/AAPL Stock Price Prediction by iTransformer_8_8e27177be9021fa4820a.png","format":"png"},"_step":9,"trend_valid_loss":1.6700868983789692,"predicted_seasonal_1_stock_price":0.6856355667114258,"predicted_seasonal_2_stock_price":6.047141075134277,"seasonal_3_train_loss":0.42774605299827195,"Runtime (seconds)":3.6461181640625,"predicted_resid_stock_price":2.771944284439087,"depth":4,"predicted_seasonal_0_stock_price":1.8620588779449463,"predicted_seasonal_3_stock_price":5.385525703430176,"real_resid_stock_price":9.055690427309116,"seasonal_0_train_loss":0.7408281263563657,"dim":128,"real_seasonal_1_stock_price":-3.140676645489469,"resid_valid_loss":1.2936589858111214,"_wandb":{"runtime":8},"real_seasonal_2_stock_price":7.340472976286554,"predicted_trend_stock_price":92.04570770263672,"real_seasonal_0_stock_price":-2.336374819157463,"seasonal_2_train_loss":0.38739404459194193,"seasonal_1_train_loss":1.1178882428542727,"seasonal_1_valid_loss":1.28297486004733,"seasonal_0_valid_loss":1.902619041826414,"_runtime":8.247716649000001,"final_predicted_stock_price":108.79801940917969,"real_trend_stock_price":221.2601118172121,"periods":[252,504,756,1260],"rmse":128.05198669433594,"resid_train_loss":0.7635996097331643,"mae":128.05198669433594,"real_stock_price":236.85000610351562,"trend_train_loss":0.3227757186491672,"mse":16397.311296366388,"seasonal_2_valid_loss":0.1754782764652695,"_timestamp":1.7367450575568337e+09}