{"trend_valid_loss":0.022996042820124386,"predicted_resid_stock_price":11.07010555267334,"depth":4,"real_seasonal_2_stock_price":8.465706567106789,"trend_train_loss":0.0003339304910631749,"mae":21.537704467773438,"AAPL Stock Price Prediction by iTransformer":{"format":"png","width":1000,"height":600,"_type":"image-file","sha256":"110c3759e96db64ce40d5a23fdadcffd8f7288709948072bf77e8c5e9de19313","size":48019,"path":"media/images/AAPL Stock Price Prediction by iTransformer_1738_110c3759e96db64ce40d.png"},"resid_valid_loss":0.02541159833219416,"seasonal_3_valid_loss":0.002005118171551398,"Runtime (seconds)":1179.5836718082428,"mse":463.8727137411479,"periods":[252,504,756,1260],"seasonal_0_valid_loss":0.002019281731918454,"predicted_seasonal_3_stock_price":1.8695392608642578,"predicted_seasonal_0_stock_price":2.221743106842041,"real_seasonal_0_stock_price":2.0251110859540122,"rmse":21.537704467773438,"predicted_seasonal_1_stock_price":2.097442388534546,"seasonal_3_train_loss":0.0013017965550534427,"predicted_seasonal_2_stock_price":7.6049580574035645,"real_trend_stock_price":217.07138601405197,"real_resid_stock_price":13.508769762049383,"predicted_trend_stock_price":200.3485107421875,"resid_train_loss":0.01629878852844675,"dim":128,"seasonal_2_valid_loss":0.00025110156275331974,"real_stock_price":246.75,"real_seasonal_3_stock_price":3.8855919568290256,"_wandb":{"runtime":21907},"final_predicted_stock_price":225.21229553222656,"seasonal_2_train_loss":0.0003671931068917426,"seasonal_1_train_loss":0.0001169903548916495,"seasonal_1_valid_loss":0.0008167031736229547,"_runtime":21907.893647302,"_step":1739,"_timestamp":1.737052844383739e+09,"real_seasonal_1_stock_price":1.7934346140088295,"seasonal_0_train_loss":0.0005111412110549974}