{"predicted_seasonal_0_stock_price":0.09646841192415916,"trend_valid_loss":0.031022023985173945,"seasonal_1_train_loss":0.05306020874287295,"real_seasonal_1_stock_price":-1.1616436119555806,"_step":1666,"seasonal_0_train_loss":0.06037316445144825,"real_stock_price":222.47523498535156,"_runtime":63158.764528714,"trend_train_loss":0.062276273320259694,"seasonal_2_train_loss":0.051323053075886166,"predicted_seasonal_1_stock_price":1.693203521926316,"resid_train_loss":0.06292244119493026,"real_seasonal_0_stock_price":-1.5207464199660952,"seasonal_3_valid_loss":0.042428226959995756,"real_trend_stock_price":213.41950589382802,"real_resid_stock_price":4.183000669349354,"seasonal_2_valid_loss":0.025078322738409042,"real_seasonal_2_stock_price":7.684734220575821,"_wandb":{"runtime":63158},"seasonal_3_train_loss":0.08168744304243268,"seasonal_0_valid_loss":0.0507313944933066,"resid_valid_loss":0.03891437741101913,"predicted_resid_stock_price":3.820096934907497,"predicted_seasonal_2_stock_price":6.060210582816904,"seasonal_1_valid_loss":0.03157085141756659,"_timestamp":1.7355577851665378e+09,"predicted_trend_stock_price":204.98509089989847,"predicted_seasonal_3_stock_price":-2.6565084978367053,"final_predicted_stock_price":213.9985618536366,"real_seasonal_3_stock_price":-0.12961576647995532}