{"resid_train_loss":0.48081110276021105,"mae":64.5394287109375,"real_seasonal_3_stock_price":4.6707885434608105,"trend_valid_loss":0.3275080910469923,"predicted_resid_stock_price":6.937285423278809,"rmse":64.5394287109375,"trend_train_loss":0.0453478142989882,"_wandb":{"runtime":19},"seasonal_0_train_loss":0.5160315227754425,"_timestamp":1.7367500403341675e+09,"predicted_trend_stock_price":164.50958251953125,"_runtime":19.704078209,"real_trend_stock_price":221.2601118403599,"periods":[252,504,756,1260],"real_seasonal_2_stock_price":7.340472987668989,"predicted_seasonal_1_stock_price":-2.2997000217437744,"predicted_seasonal_2_stock_price":3.3308346271514893,"seasonal_2_train_loss":0.9679358250634166,"predicted_seasonal_3_stock_price":-1.9648010730743408,"real_seasonal_0_stock_price":-2.3363802762842325,"seasonal_0_valid_loss":0.8626702205002683,"_step":9,"real_stock_price":236.85000610351562,"AAPL Stock Price Prediction by iTransformer":{"format":"png","width":1000,"height":600,"_type":"image-file","sha256":"359baa93fd257c7d79e67987aa8545451301a94b1e7c15da6966450d2a44b263","size":46430,"path":"media/images/AAPL Stock Price Prediction by iTransformer_8_359baa93fd257c7d79e6.png"},"mse":4165.337858334184,"seasonal_3_train_loss":0.7183325545288544,"Runtime (seconds)":9.994255542755127,"real_resid_stock_price":9.05568912424016,"dim":128,"seasonal_1_valid_loss":0.18326032867557124,"seasonal_3_valid_loss":0.2873890328277004,"real_seasonal_1_stock_price":-3.140676115930029,"depth":4,"resid_valid_loss":0.3095754808860713,"predicted_seasonal_0_stock_price":1.7973560094833374,"final_predicted_stock_price":172.31057739257812,"seasonal_2_valid_loss":0.344830185174942,"seasonal_1_train_loss":0.33822765923368364}