{"mae":167.75355529785156,"_timestamp":1.736706253234438e+09,"seasonal_3_train_loss":0.6471746547153793,"real_seasonal_1_stock_price":-0.3034843409833074,"resid_train_loss":1.0097371348340818,"predicted_seasonal_0_stock_price":3.4376401901245117,"trend_valid_loss":4.01324010318911,"seasonal_2_train_loss":0.378288262944424,"seasonal_1_train_loss":0.3616037125850587,"real_seasonal_0_stock_price":3.4022459988047986,"resid_valid_loss":1.4737862047562964,"predicted_seasonal_3_stock_price":2.225987195968628,"_runtime":11.063722828,"real_trend_stock_price":218.45358050516123,"mse":28141.255315069342,"depth":4,"real_resid_stock_price":13.30948734236884,"AAPL Stock Price Prediction by iTransformer":{"format":"png","width":1000,"height":600,"_type":"image-file","sha256":"212e37c81355ae9fcac5382272eddcb98c1da9811487e67261a34f8d6b0fa966","size":45660,"path":"media/images/AAPL Stock Price Prediction by iTransformer_8_212e37c81355ae9fcac5.png"},"seasonal_1_valid_loss":0.2000067925453186,"rmse":167.75355529785156,"trend_train_loss":0.7336876773479399,"predicted_trend_stock_price":71.78642272949219,"final_predicted_stock_price":80.29644775390625,"seasonal_0_train_loss":1.2830530760364456,"real_seasonal_2_stock_price":9.133505911399556,"real_seasonal_3_stock_price":4.054667635006702,"real_stock_price":248.0500030517578,"seasonal_2_valid_loss":0.31173161796803744,"_wandb":{"runtime":11},"_step":9,"seasonal_3_valid_loss":0.8769047424964639,"dim":128,"seasonal_0_valid_loss":2.7970425486564636,"Runtime (seconds)":5.548080682754517,"periods":[252,504,756,1260],"predicted_resid_stock_price":-2.5473856925964355,"predicted_seasonal_2_stock_price":4.827180862426758,"predicted_seasonal_1_stock_price":0.5666070580482483}