{"_runtime":8.168149619,"predicted_seasonal_3_stock_price":14.358686447143555,"real_seasonal_2_stock_price":7.340474342005205,"depth":4,"real_trend_stock_price":221.26011212759164,"final_predicted_stock_price":161.2758331298828,"seasonal_3_valid_loss":0.5711243464431186,"seasonal_0_train_loss":0.5585250133332217,"Runtime (seconds)":3.7565438747406006,"predicted_seasonal_1_stock_price":-2.050185203552246,"predicted_resid_stock_price":2.186109781265259,"mse":5711.455620648572,"seasonal_3_train_loss":0.6897690467955919,"real_seasonal_0_stock_price":-2.336381190633922,"resid_train_loss":0.6042529327531719,"seasonal_1_train_loss":0.46076547740890633,"_step":9,"trend_valid_loss":0.9270180098422162,"real_seasonal_1_stock_price":-3.1406765210221605,"predicted_seasonal_0_stock_price":-1.1095565557479858,"real_resid_stock_price":9.055693093743372,"predicted_seasonal_2_stock_price":8.149438858032227,"dim":128,"mae":75.57417297363281,"_wandb":{"runtime":8},"real_stock_price":236.85000610351562,"trend_train_loss":0.2259900351311806,"predicted_trend_stock_price":139.7413330078125,"real_seasonal_3_stock_price":4.670784251831481,"AAPL Stock Price Prediction by iTransformer":{"format":"png","width":1000,"height":600,"_type":"image-file","sha256":"8bc968badef9395a0c5370d2f0ac166e0e0f1ca5305e7bbd375b60172ac57e2a","size":46700,"path":"media/images/AAPL Stock Price Prediction by iTransformer_8_8bc968badef9395a0c53.png"},"seasonal_1_valid_loss":0.18290551941423022,"seasonal_0_valid_loss":0.9592157109923984,"seasonal_2_valid_loss":0.08676510903538003,"seasonal_2_train_loss":0.6273846496514446,"resid_valid_loss":0.7905847245579164,"periods":[252,504,756,1260],"_timestamp":1.736715927308162e+09,"rmse":75.57417297363281}