{"_runtime":10.649445384,"real_seasonal_2_stock_price":16.307195141839433,"real_resid_stock_price":30.052430487608945,"seasonal_1_train_loss":1.035699372365697,"seasonal_2_valid_loss":0.22027346062510894,"mse":3499.6243934417143,"seasonal_2_train_loss":0.41260345444363744,"trend_valid_loss":0.19897453993579745,"predicted_seasonal_2_stock_price":9.099716186523438,"final_predicted_stock_price":159.78237915039062,"dim":128,"seasonal_0_train_loss":1.9692736495658951,"real_seasonal_1_stock_price":2.721535027645758,"AMZN Stock Price Prediction by iTransformer":{"format":"png","width":1000,"height":600,"_type":"image-file","sha256":"3ca45a366941526de408f7625499ef1475706faec324d7a21ffedce734e9ac27","size":48568,"path":"media/images/AMZN Stock Price Prediction by iTransformer_8_3ca45a366941526de408.png"},"real_seasonal_0_stock_price":-6.886692248923765,"real_trend_stock_price":167.5354913342489,"predicted_seasonal_3_stock_price":10.174789428710938,"real_seasonal_3_stock_price":9.210042698987007,"Runtime (seconds)":4.971948623657227,"resid_train_loss":0.888482037366145,"_wandb":{"runtime":10},"seasonal_3_train_loss":0.5830135146030752,"seasonal_0_valid_loss":2.5976082263917797,"predicted_seasonal_1_stock_price":-0.7700321674346924,"depth":4,"mae":59.157623291015625,"predicted_trend_stock_price":127.87538146972656,"resid_valid_loss":0.45195213180974714,"seasonal_1_valid_loss":1.0859258662507818,"real_stock_price":218.94000244140625,"_step":9,"_timestamp":1.7367409082303123e+09,"seasonal_3_valid_loss":0.3740772597544582,"rmse":59.157623291015625,"predicted_seasonal_0_stock_price":1.9542733430862427,"periods":[252,504,756,1260],"predicted_resid_stock_price":11.448261260986328,"trend_train_loss":0.1615400400109559}