{"Runtime (seconds)":7.0955023765563965,"real_seasonal_0_stock_price":-2.3363764347410165,"depth":4,"real_resid_stock_price":9.055692174494368,"real_seasonal_1_stock_price":-3.1406722918860535,"predicted_seasonal_2_stock_price":-1.6569385528564453,"resid_valid_loss":1.9656286617552026,"mse":4951.725757890381,"seasonal_3_valid_loss":0.3005759707016368,"seasonal_1_train_loss":0.4650917006254375,"rmse":70.36849975585938,"final_predicted_stock_price":166.48150634765625,"periods":[252,504,756,1260],"resid_train_loss":1.4161913126625278,"real_trend_stock_price":221.2601122212592,"real_seasonal_3_stock_price":4.670779982113897,"_wandb":{"runtime":14},"predicted_seasonal_0_stock_price":1.4708150625228882,"_runtime":14.956246671,"real_stock_price":236.85000610351562,"seasonal_2_train_loss":1.8821977621078918,"seasonal_1_valid_loss":0.09445427058394565,"_timestamp":1.7367448381470883e+09,"seasonal_0_valid_loss":0.8435296433874302,"predicted_seasonal_3_stock_price":-4.35521936416626,"real_seasonal_2_stock_price":7.340470452275267,"seasonal_0_train_loss":0.4392797938038292,"trend_train_loss":0.09346094603845922,"mae":70.36849975585938,"trend_valid_loss":0.2548465802922227,"predicted_trend_stock_price":178.42916870117188,"seasonal_3_train_loss":1.30603739067498,"dim":128,"predicted_seasonal_1_stock_price":-1.701356053352356,"AAPL Stock Price Prediction by iTransformer":{"size":46160,"path":"media/images/AAPL Stock Price Prediction by iTransformer_8_ff2a8c94f3411bda69e1.png","format":"png","width":1000,"height":600,"_type":"image-file","sha256":"ff2a8c94f3411bda69e10db55c96fe650507d7b55297bb86515032b6fd0fc181"},"predicted_resid_stock_price":-5.70495080947876,"seasonal_2_valid_loss":2.074296318029141,"_step":9}