{"mae":158.33524322509766,"periods":[252,504,756,1260],"trend_valid_loss":3.385821651651856,"_step":9,"predicted_seasonal_0_stock_price":1.3740321397781372,"trend_train_loss":1.0332763525663715,"mse":25070.049247150833,"real_resid_stock_price":9.055697064946088,"seasonal_0_valid_loss":0.17101845145225525,"real_seasonal_3_stock_price":4.670778622772994,"predicted_seasonal_3_stock_price":1.7062575817108154,"Runtime (seconds)":4.456391334533691,"AAPL Stock Price Prediction by iTransformer":{"_type":"image-file","sha256":"4ec77c0f4cd27b19933210ecfc28f8034a899aa641e19d8602bca0c11ce4bc8d","size":46382,"path":"media/images/AAPL Stock Price Prediction by iTransformer_8_4ec77c0f4cd27b199332.png","format":"png","width":1000,"height":600},"_wandb":{"runtime":9},"_runtime":9.502841297,"seasonal_0_train_loss":0.38109366610566847,"predicted_resid_stock_price":7.150047302246094,"rmse":158.33524322509766,"real_trend_stock_price":221.26011142187707,"real_seasonal_0_stock_price":-2.336378343804037,"real_seasonal_2_stock_price":7.340471625571731,"real_stock_price":236.85000610351562,"seasonal_2_valid_loss":0.2911782422341591,"predicted_seasonal_2_stock_price":3.4457552433013916,"depth":4,"resid_train_loss":0.3904565869119971,"final_predicted_stock_price":78.51476287841797,"seasonal_3_train_loss":0.9577108467085679,"predicted_trend_stock_price":66.13426208496094,"resid_valid_loss":0.24974431530587513,"seasonal_1_train_loss":1.0399996609549813,"real_seasonal_1_stock_price":-3.1406742878482095,"dim":128,"seasonal_2_train_loss":0.48783092178515536,"predicted_seasonal_1_stock_price":-1.295590877532959,"seasonal_1_valid_loss":0.1463133692741394,"seasonal_3_valid_loss":0.16361549958376817,"_timestamp":1.736730945774661e+09}