{"GOOG Stock Price Prediction by iTransformer(no MSTL)":{"format":"png","width":1000,"height":600,"_type":"image-file","sha256":"307b47c83c8f87554918b32c07731d56281460ac86169cb5d3b60d0c2c714f85","size":54941,"path":"media/images/GOOG Stock Price Prediction by iTransformer(no MSTL)_301_307b47c83c8f87554918.png"},"depth":4,"r2_score":NaN,"train_loss":0.0638798487657186,"dim":128,"_wandb":{"runtime":4931},"real_stock_price":187.13999938964844,"mae":16.710678100585938,"mse":279.24676258140244,"rmse":16.710678100585938,"Runtime (seconds)":903.8414051532745,"valid_loss":0.034740904826791055,"_step":302,"predicted_stock_price":203.85067749023438,"_timestamp":1.7390565010795336e+09,"_runtime":4931.032771882}