{"dim":128,"mse":4084.4749154525343,"real_seasonal_2_stock_price":16.307195141839433,"seasonal_3_valid_loss":1.1587017470355878,"_timestamp":1.7367191414736078e+09,"rmse":63.90989685058594,"real_stock_price":218.94000244140625,"real_seasonal_0_stock_price":-6.886692248923765,"trend_train_loss":0.48967373784889257,"seasonal_3_train_loss":1.3668036636276366,"seasonal_0_train_loss":0.27027162193307575,"seasonal_2_train_loss":0.5510993996735346,"Runtime (seconds)":4.414069890975952,"predicted_trend_stock_price":154.98178100585938,"predicted_seasonal_1_stock_price":0.43508023023605347,"real_seasonal_3_stock_price":9.210042698987007,"seasonal_2_valid_loss":0.19884715259719926,"resid_valid_loss":0.8547830794137122,"resid_train_loss":0.8927879439171978,"predicted_resid_stock_price":-5.299367904663086,"seasonal_1_train_loss":1.024352239175914,"predicted_seasonal_2_stock_price":9.28011417388916,"AMZN Stock Price Prediction by iTransformer":{"_type":"image-file","sha256":"f0d1a8bd7d06b9903859898b5d0ed632c3ecd74cb412e1304c75b558a25403c8","size":48462,"path":"media/images/AMZN Stock Price Prediction by iTransformer_8_f0d1a8bd7d06b9903859.png","format":"png","width":1000,"height":600},"trend_valid_loss":0.048084668815135956,"final_predicted_stock_price":155.0301055908203,"depth":4,"seasonal_1_valid_loss":0.8017594381361395,"seasonal_0_valid_loss":0.24448928773641315,"predicted_seasonal_3_stock_price":3.0070483684539795,"periods":[252,504,756,1260],"_runtime":10.007914929,"_wandb":{"runtime":10},"predicted_seasonal_0_stock_price":-7.3745598793029785,"mae":63.90989685058594,"real_trend_stock_price":167.5354913342489,"_step":9,"real_resid_stock_price":30.052430487608945,"real_seasonal_1_stock_price":2.721535027645758}