{"real_seasonal_0_stock_price":-6.886692248923765,"seasonal_1_valid_loss":1.3504402901393822,"_runtime":11.599410635,"trend_train_loss":1.5073595207580572,"_wandb":{"runtime":11},"seasonal_2_train_loss":0.8432901264257422,"_step":9,"seasonal_0_valid_loss":1.043685603656357,"predicted_resid_stock_price":18.123226165771484,"seasonal_2_valid_loss":0.664974319765846,"mae":116.57188415527344,"resid_train_loss":0.3304355993113607,"real_trend_stock_price":167.5354913342489,"mse":13589.00417551049,"predicted_trend_stock_price":74.21780395507812,"predicted_seasonal_3_stock_price":6.530027866363525,"seasonal_1_train_loss":1.6152668667407772,"real_resid_stock_price":30.052430487608945,"AMZN Stock Price Prediction by iTransformer":{"size":46974,"path":"media/images/AMZN Stock Price Prediction by iTransformer_8_39873148fa3499d4060a.png","format":"png","width":1000,"height":600,"_type":"image-file","sha256":"39873148fa3499d4060a57eee56d5803edc015b1bad620cefc44c64eedc6ee93"},"real_stock_price":218.94000244140625,"Runtime (seconds)":5.515194416046143,"predicted_seasonal_0_stock_price":-2.0659658908843994,"real_seasonal_2_stock_price":16.307195141839433,"predicted_seasonal_1_stock_price":-0.5106990337371826,"real_seasonal_3_stock_price":9.210042698987007,"predicted_seasonal_2_stock_price":6.0737128257751465,"final_predicted_stock_price":102.36811828613281,"seasonal_3_train_loss":0.7272483602522322,"dim":128,"depth":4,"rmse":116.57188415527344,"trend_valid_loss":2.7678360810150973,"seasonal_0_train_loss":0.9051299869240105,"seasonal_3_valid_loss":0.45053502283697056,"resid_valid_loss":0.26814053233525925,"periods":[252,504,756,1260],"real_seasonal_1_stock_price":2.721535027645758,"_timestamp":1.7367577435440953e+09}