{"trend_train_loss":0.1910591663262198,"real_resid_stock_price":30.052430487608945,"_timestamp":1.7367298972422888e+09,"_runtime":15.496572461,"predicted_trend_stock_price":127.98389434814453,"seasonal_3_train_loss":0.6008793319326318,"seasonal_1_train_loss":0.683383592880643,"seasonal_3_valid_loss":0.4440713153764753,"seasonal_2_train_loss":0.25187849852375094,"real_seasonal_2_stock_price":16.307195141839433,"seasonal_0_valid_loss":0.24552853163393085,"real_seasonal_3_stock_price":9.210042698987007,"real_seasonal_1_stock_price":2.721535027645758,"Runtime (seconds)":7.771655797958374,"seasonal_2_valid_loss":0.1361516064863705,"_wandb":{"runtime":15},"predicted_seasonal_0_stock_price":-6.974440574645996,"resid_train_loss":2.088859165633012,"resid_valid_loss":1.5852452527864702,"predicted_seasonal_2_stock_price":11.287334442138672,"depth":4,"seasonal_0_train_loss":0.2691099522797062,"dim":128,"predicted_seasonal_3_stock_price":5.269548416137695,"real_seasonal_0_stock_price":-6.886692248923765,"mse":7432.344161283458,"real_stock_price":218.94000244140625,"final_predicted_stock_price":132.7289581298828,"trend_valid_loss":0.5372028350830078,"periods":[252,504,756,1260],"mae":86.21104431152344,"predicted_seasonal_1_stock_price":2.3620660305023193,"predicted_resid_stock_price":-7.199443340301514,"seasonal_1_valid_loss":0.17104933642107864,"_step":9,"rmse":86.21104431152344,"AMZN Stock Price Prediction by iTransformer":{"_type":"image-file","sha256":"218853d726d2d256e85dfb44be137adf5b696429398eabb3849a788ae61ccc92","size":46021,"path":"media/images/AMZN Stock Price Prediction by iTransformer_8_218853d726d2d256e85d.png","format":"png","width":1000,"height":600},"real_trend_stock_price":167.5354913342489}