{"resid_train_loss":0.8127451446282743,"predicted_seasonal_1_stock_price":4.008669376373291,"_wandb":{"runtime":11},"final_predicted_stock_price":169.94207763671875,"mae":48.9979248046875,"seasonal_3_train_loss":0.6377834371527223,"predicted_trend_stock_price":134.31617736816406,"predicted_seasonal_2_stock_price":1.238399863243103,"dim":128,"_step":9,"real_resid_stock_price":30.052430487608945,"seasonal_1_valid_loss":0.11908491684304512,"trend_train_loss":0.07344976098244038,"Runtime (seconds)":5.581140756607056,"seasonal_3_valid_loss":0.3754485967486445,"real_seasonal_1_stock_price":2.721535027645758,"periods":[252,504,756,1260],"predicted_resid_stock_price":24.806316375732422,"real_stock_price":218.94000244140625,"resid_valid_loss":2.3172111072350496,"_runtime":11.888198806,"mse":2400.7966351658106,"_timestamp":1.7367229669619827e+09,"predicted_seasonal_3_stock_price":8.519570350646973,"real_trend_stock_price":167.5354913342489,"seasonal_0_valid_loss":0.6640081583664863,"predicted_seasonal_0_stock_price":-2.9470605850219727,"real_seasonal_2_stock_price":16.307195141839433,"seasonal_1_train_loss":0.37746636912670317,"real_seasonal_0_stock_price":-6.886692248923765,"rmse":48.9979248046875,"real_seasonal_3_stock_price":9.210042698987007,"trend_valid_loss":0.14676130508846416,"seasonal_2_train_loss":0.7404779867345116,"seasonal_2_valid_loss":0.6054560723174194,"seasonal_0_train_loss":0.9845326508725409,"depth":4,"AMZN Stock Price Prediction by iTransformer":{"_type":"image-file","sha256":"707a84554db7d8743a6187378949d33f969bb0e73c050c86aff8a48d0b03c662","size":48516,"path":"media/images/AMZN Stock Price Prediction by iTransformer_8_707a84554db7d8743a61.png","format":"png","width":1000,"height":600}}