{"predicted_seasonal_0_stock_price":0.4359804689884186,"_timestamp":1.736750322840569e+09,"periods":[252,504,756,1260],"_wandb":{"runtime":17},"_runtime":17.108003427,"predicted_trend_stock_price":152.5376739501953,"seasonal_1_train_loss":0.4805456706991147,"seasonal_0_valid_loss":1.2364030192139268,"final_predicted_stock_price":172.87118530273438,"seasonal_0_train_loss":0.6766893674045393,"depth":4,"predicted_seasonal_2_stock_price":5.534978866577148,"seasonal_2_train_loss":0.31354965178604,"real_seasonal_1_stock_price":-3.1406747162711954,"real_seasonal_3_stock_price":4.670782352695971,"seasonal_2_valid_loss":0.11107527826513564,"real_stock_price":236.85000610351562,"seasonal_3_valid_loss":0.6419610841147001,"mae":63.97882080078125,"real_resid_stock_price":9.055697691447904,"trend_train_loss":0.109782866068187,"dim":128,"Runtime (seconds)":8.305484056472778,"real_trend_stock_price":221.26011171253504,"_step":9,"seasonal_3_train_loss":2.1459974598456926,"mse":4093.2895110584795,"predicted_resid_stock_price":5.620242118835449,"rmse":63.97882080078125,"seasonal_1_valid_loss":0.3142783374216606,"resid_valid_loss":0.12763615814109705,"trend_valid_loss":0.3056779967399404,"resid_train_loss":0.43293604521707074,"predicted_seasonal_3_stock_price":11.482467651367188,"real_seasonal_2_stock_price":7.340473297971555,"real_seasonal_0_stock_price":-2.3363842348636314,"AAPL Stock Price Prediction by iTransformer":{"_type":"image-file","sha256":"790958c5106eff80db89a5607387ddce2b4f9852045e49060b88704ba3199c26","size":46213,"path":"media/images/AAPL Stock Price Prediction by iTransformer_8_790958c5106eff80db89.png","format":"png","width":1000,"height":600},"predicted_seasonal_1_stock_price":-2.7401397228240967}