{"dim":128,"rmse":160.5374298095703,"predicted_seasonal_3_stock_price":3.5426738262176514,"real_seasonal_0_stock_price":-2.336381220788392,"mae":160.5374298095703,"periods":[252,504,756,1260],"resid_valid_loss":0.804545133988908,"trend_train_loss":0.5176999496896367,"mse":25772.266369862715,"AAPL Stock Price Prediction by iTransformer":{"path":"media/images/AAPL Stock Price Prediction by iTransformer_8_c9db55458b7d8b0a536c.png","format":"png","width":1000,"height":600,"_type":"image-file","sha256":"c9db55458b7d8b0a536c003e72c93ed0ec4d4c3d0309e7e64e72fedf88822a0b","size":46405},"seasonal_2_valid_loss":0.6563252806663513,"real_seasonal_1_stock_price":-3.140679709923187,"real_seasonal_2_stock_price":7.340472688955584,"real_stock_price":236.85000610351562,"seasonal_1_valid_loss":1.6635079475359302,"predicted_trend_stock_price":64.578125,"_step":9,"_wandb":{"runtime":16},"seasonal_0_train_loss":1.326315836772502,"real_trend_stock_price":221.26011190752857,"predicted_seasonal_0_stock_price":-1.3661905527114868,"_runtime":16.26024761,"final_predicted_stock_price":76.31257629394531,"trend_valid_loss":3.3520149707170055,"predicted_seasonal_1_stock_price":-0.18432685732841492,"seasonal_2_train_loss":0.8870360071050142,"seasonal_3_valid_loss":0.4622561255557425,"real_seasonal_3_stock_price":4.6707890537575025,"_timestamp":1.7367121312715607e+09,"Runtime (seconds)":7.238991737365723,"predicted_resid_stock_price":5.955446243286133,"seasonal_1_train_loss":1.695206343894173,"predicted_seasonal_2_stock_price":3.786855459213257,"seasonal_0_valid_loss":2.587915668964386,"real_resid_stock_price":9.055693383985528,"seasonal_3_train_loss":0.8566832124040678,"depth":4,"resid_train_loss":1.0874634959232579}