{"resid_train_loss":0.572521841467017,"real_seasonal_0_stock_price":-6.886692248923765,"rmse":145.24560546875,"seasonal_3_train_loss":0.4938072062748487,"depth":4,"predicted_seasonal_1_stock_price":-1.943113923072815,"real_seasonal_3_stock_price":9.210042698987007,"_timestamp":1.7367217330058303e+09,"real_trend_stock_price":167.5354913342489,"periods":[252,504,756,1260],"dim":128,"predicted_seasonal_3_stock_price":17.056568145751953,"seasonal_0_valid_loss":0.2285679164667462,"seasonal_1_train_loss":1.9436456805537183,"real_stock_price":218.94000244140625,"predicted_seasonal_0_stock_price":-6.760612487792969,"seasonal_2_valid_loss":0.5330062243291213,"seasonal_3_valid_loss":0.2563250389077219,"mae":145.24560546875,"real_resid_stock_price":30.052430487608945,"real_seasonal_1_stock_price":2.721535027645758,"_runtime":13.456528998,"predicted_resid_stock_price":14.575525283813477,"trend_valid_loss":6.130395074044505,"AMZN Stock Price Prediction by iTransformer":{"sha256":"6a04f0f825dff7d4257b7e10a3aa69823827953ab665a224104821a42590acb3","size":46898,"path":"media/images/AMZN Stock Price Prediction by iTransformer_8_6a04f0f825dff7d4257b.png","format":"png","width":1000,"height":600,"_type":"image-file"},"_wandb":{"runtime":13},"predicted_seasonal_2_stock_price":20.81817626953125,"seasonal_1_valid_loss":2.338558138810195,"mse":21096.28590798378,"Runtime (seconds)":6.255658864974976,"seasonal_0_train_loss":0.18189660682846076,"predicted_trend_stock_price":29.94784927368164,"final_predicted_stock_price":73.69439697265625,"_step":9,"seasonal_2_train_loss":0.5761689106533686,"resid_valid_loss":0.5069960507727761,"trend_train_loss":4.6533469636626235,"real_seasonal_2_stock_price":16.307195141839433}