{"_runtime":11.411799471,"real_seasonal_3_stock_price":9.210042698987007,"seasonal_3_valid_loss":2.2520036724054826,"_step":9,"predicted_seasonal_3_stock_price":-7.720954418182373,"seasonal_0_valid_loss":0.3184307262759024,"predicted_trend_stock_price":125.35183715820312,"_timestamp":1.7367267892853904e+09,"depth":4,"periods":[252,504,756,1260],"seasonal_1_valid_loss":1.801694266778186,"real_stock_price":218.94000244140625,"trend_valid_loss":0.6106652688980102,"Runtime (seconds)":5.556268215179443,"dim":128,"resid_train_loss":1.9596424734029245,"final_predicted_stock_price":98.85798645019531,"_wandb":{"runtime":11},"real_resid_stock_price":30.052430487608945,"trend_train_loss":0.14215822348759585,"predicted_seasonal_0_stock_price":-8.099303245544434,"predicted_resid_stock_price":-12.564552307128906,"seasonal_0_train_loss":0.37254896706529794,"real_trend_stock_price":167.5354913342489,"AMZN Stock Price Prediction by iTransformer":{"height":600,"_type":"image-file","sha256":"8d05516a62a9113c9ded88088d99283262342f7b472fe54b9568d967633c8a60","size":46609,"path":"media/images/AMZN Stock Price Prediction by iTransformer_8_8d05516a62a9113c9ded.png","format":"png","width":1000},"rmse":120.08201599121094,"seasonal_3_train_loss":2.2266879985539614,"real_seasonal_1_stock_price":2.721535027645758,"predicted_seasonal_2_stock_price":4.214755058288574,"seasonal_2_valid_loss":0.16516289697833617,"resid_valid_loss":1.6463461391587946,"real_seasonal_2_stock_price":16.307195141839433,"mae":120.08201599121094,"seasonal_2_train_loss":0.45591726468703025,"mse":14419.69056451344,"real_seasonal_0_stock_price":-6.886692248923765,"predicted_seasonal_1_stock_price":-2.323789358139038,"seasonal_1_train_loss":1.7988180566493268}