{"_wandb":{"runtime":11},"_step":9,"predicted_seasonal_3_stock_price":-7.217419624328613,"AAPL Stock Price Prediction by iTransformer":{"width":1000,"height":600,"_type":"image-file","sha256":"e7682f907d6a701f6a308b45405983f0afceda37f9ffb1f339eacec07e5be21b","size":46965,"path":"media/images/AAPL Stock Price Prediction by iTransformer_8_e7682f907d6a701f6a30.png","format":"png"},"predicted_trend_stock_price":120.48399353027344,"real_seasonal_2_stock_price":7.340468803266165,"predicted_resid_stock_price":11.439531326293945,"real_seasonal_3_stock_price":4.670787742462082,"seasonal_2_train_loss":0.49082419809755057,"real_resid_stock_price":9.055694992483126,"periods":[252,504,756,1260],"seasonal_0_train_loss":0.24701914251170273,"trend_train_loss":0.2179967070005712,"mse":11501.394065013388,"final_predicted_stock_price":129.60545349121094,"real_seasonal_0_stock_price":-2.336379883118959,"seasonal_2_valid_loss":0.23864002531284795,"_runtime":11.928950412,"seasonal_3_train_loss":0.7659453273145919,"rmse":107.24455261230469,"real_seasonal_1_stock_price":-3.14067714898636,"real_trend_stock_price":221.26011159740958,"seasonal_1_valid_loss":0.8836473408886774,"dim":128,"seasonal_1_train_loss":0.8416748606466383,"mae":107.24455261230469,"predicted_seasonal_2_stock_price":5.362362384796143,"seasonal_0_valid_loss":0.36020108179865357,"predicted_seasonal_0_stock_price":0.1296103298664093,"_timestamp":1.7367307930506253e+09,"trend_valid_loss":0.9502029026809492,"Runtime (seconds)":5.471360206604004,"depth":4,"predicted_seasonal_1_stock_price":-0.5926313400268555,"resid_train_loss":0.7523721700836692,"resid_valid_loss":0.748440995409682,"seasonal_3_valid_loss":0.9574125670938642,"real_stock_price":236.85000610351562}