{"predicted_trend_stock_price":148.6695556640625,"seasonal_1_train_loss":1.8150489518050807,"predicted_seasonal_1_stock_price":1.9510647058486938,"seasonal_3_train_loss":0.8007131930294256,"_timestamp":1.7367402834269896e+09,"seasonal_1_valid_loss":1.060469388961792,"mae":85.07232666015625,"rmse":85.07232666015625,"seasonal_0_valid_loss":0.9930980683777345,"periods":[252,504,756,1260],"predicted_seasonal_2_stock_price":3.686931848526001,"real_seasonal_3_stock_price":4.6707867705589745,"predicted_resid_stock_price":-3.5950613021850586,"predicted_seasonal_3_stock_price":-0.5444551706314087,"real_stock_price":236.85000610351562,"seasonal_2_valid_loss":0.2085701823234558,"resid_train_loss":1.2434133357285109,"_runtime":8.445275407,"final_predicted_stock_price":151.77767944335938,"seasonal_2_train_loss":1.2675792960333208,"Runtime (seconds)":3.903358221054077,"mse":7237.300763372332,"trend_valid_loss":0.4531587641085348,"seasonal_0_train_loss":0.28110403850808124,"resid_valid_loss":3.557145627105937,"_step":9,"AAPL Stock Price Prediction by iTransformer":{"size":46563,"path":"media/images/AAPL Stock Price Prediction by iTransformer_8_be925a4c38a506804484.png","format":"png","width":1000,"height":600,"_type":"image-file","sha256":"be925a4c38a506804484f55486c5eb6a006677b6bd3b96717b87741dc81f154f"},"real_seasonal_0_stock_price":-2.336382278703177,"predicted_seasonal_0_stock_price":1.6096274852752686,"depth":4,"real_resid_stock_price":9.055695188949528,"real_seasonal_2_stock_price":7.3404726845155714,"dim":128,"seasonal_3_valid_loss":0.8851019528884332,"real_seasonal_1_stock_price":-3.1406779489826597,"real_trend_stock_price":221.26011168717739,"_wandb":{"runtime":8},"trend_train_loss":0.25622229290850923}