{"seasonal_0_valid_loss":0.7404004022774646,"mae":145.52019500732422,"mse":21176.12715496967,"periods":[252,504,756,1260],"_wandb":{"runtime":16},"predicted_resid_stock_price":1.366778016090393,"Runtime (seconds)":7.199559211730957,"seasonal_2_valid_loss":0.8146054612662263,"seasonal_1_valid_loss":1.8442072868347168,"real_seasonal_2_stock_price":16.307195141839433,"seasonal_3_valid_loss":0.17186881496019443,"real_stock_price":218.94000244140625,"rmse":145.52019500732422,"predicted_seasonal_1_stock_price":-2.7522737979888916,"final_predicted_stock_price":73.41980743408203,"depth":4,"seasonal_3_train_loss":1.1586923877548543,"resid_valid_loss":1.030844027972689,"real_seasonal_1_stock_price":2.721535027645758,"seasonal_2_train_loss":1.43983786910388,"real_resid_stock_price":30.052430487608945,"real_seasonal_3_stock_price":9.210042698987007,"trend_valid_loss":2.7605598166676386,"predicted_seasonal_2_stock_price":3.6345996856689453,"resid_train_loss":0.919274030166354,"seasonal_0_train_loss":0.954547069025384,"AMZN Stock Price Prediction by iTransformer":{"size":46888,"path":"media/images/AMZN Stock Price Prediction by iTransformer_8_244a1c81e2c20bc73fea.png","format":"png","width":1000,"height":600,"_type":"image-file","sha256":"244a1c81e2c20bc73fea83076386478e790839811eab87de1a891e17fc7266e4"},"_step":9,"predicted_trend_stock_price":71.1527328491211,"trend_train_loss":1.6065841713762934,"real_trend_stock_price":167.5354913342489,"_timestamp":1.7367084347685752e+09,"seasonal_1_train_loss":1.5499984649123562,"predicted_seasonal_3_stock_price":2.958447217941284,"real_seasonal_0_stock_price":-6.886692248923765,"predicted_seasonal_0_stock_price":-2.9404776096343994,"_runtime":16.336869076,"dim":128}