{"predicted_seasonal_0_stock_price":0.6404434442520142,"_wandb":{"runtime":15},"real_seasonal_2_stock_price":7.340466477717736,"mae":183.0553970336914,"predicted_seasonal_2_stock_price":-3.487454891204834,"real_seasonal_0_stock_price":-2.3363829555648685,"dim":128,"resid_train_loss":1.6562330671309937,"seasonal_0_train_loss":0.7045409544113955,"predicted_resid_stock_price":-5.687192916870117,"resid_valid_loss":1.3798138488679244,"Runtime (seconds)":8.397641897201538,"real_trend_stock_price":221.26011195542407,"seasonal_2_train_loss":2.23740932634861,"mse":33509.2783831624,"trend_valid_loss":2.554972570378896,"seasonal_3_train_loss":0.7573315609807838,"seasonal_0_valid_loss":2.0803248640207146,"periods":[252,504,756,1260],"AAPL Stock Price Prediction by iTransformer":{"height":600,"_type":"image-file","sha256":"8e2955ffb046d4352657c2a914a79128da24f23e87e7f21ae81d64ed6f19f914","size":44623,"path":"media/images/AAPL Stock Price Prediction by iTransformer_8_8e2955ffb046d4352657.png","format":"png","width":1000},"trend_train_loss":2.014850781542825,"predicted_trend_stock_price":58.065940856933594,"seasonal_1_valid_loss":3.097517385849586,"_step":9,"real_seasonal_1_stock_price":-3.1406714067662693,"real_stock_price":236.85000610351562,"_runtime":15.679216514,"depth":4,"rmse":183.0553970336914,"real_resid_stock_price":9.055696807239542,"predicted_seasonal_3_stock_price":3.0422635078430176,"final_predicted_stock_price":53.79460906982422,"real_seasonal_3_stock_price":4.670785225465421,"seasonal_1_train_loss":2.835374022431616,"seasonal_2_valid_loss":2.3990082602530216,"_timestamp":1.736732706805757e+09,"seasonal_3_valid_loss":0.5342694111659477,"predicted_seasonal_1_stock_price":1.2206112146377563}