{"real_resid_stock_price":30.052430487608945,"Runtime (seconds)":6.895557403564453,"predicted_seasonal_3_stock_price":16.047948837280273,"_runtime":14.455658987,"predicted_resid_stock_price":23.935508728027344,"seasonal_0_train_loss":0.293033269334465,"seasonal_3_train_loss":1.2393025293712474,"seasonal_3_valid_loss":0.5981973105501905,"predicted_seasonal_0_stock_price":-7.036576271057129,"_wandb":{"runtime":14},"real_seasonal_3_stock_price":9.210042698987007,"seasonal_1_valid_loss":0.2053884508198148,"real_trend_stock_price":167.5354913342489,"seasonal_1_train_loss":0.5251981172182755,"real_seasonal_2_stock_price":16.307195141839433,"trend_train_loss":0.32625357868927946,"dim":128,"real_seasonal_1_stock_price":2.721535027645758,"_timestamp":1.7367069005747702e+09,"predicted_seasonal_1_stock_price":2.665099859237671,"seasonal_0_valid_loss":0.18248782719040776,"seasonal_2_valid_loss":0.3033208944348257,"mse":3657.7025308050215,"resid_valid_loss":0.5998214779657194,"final_predicted_stock_price":158.4610595703125,"real_stock_price":218.94000244140625,"depth":4,"mae":60.47894287109375,"AMZN Stock Price Prediction by iTransformer":{"size":48731,"path":"media/images/AMZN Stock Price Prediction by iTransformer_8_fe5056466d8dbfa1973a.png","format":"png","width":1000,"height":600,"_type":"image-file","sha256":"fe5056466d8dbfa1973ac6aeacf9ea803cc0ee269da54c2b29917c13b6c34b2d"},"seasonal_2_train_loss":1.6267662437402775,"periods":[252,504,756,1260],"_step":9,"real_seasonal_0_stock_price":-6.886692248923765,"rmse":60.47894287109375,"predicted_seasonal_2_stock_price":18.721506118774414,"predicted_trend_stock_price":104.12757873535156,"resid_train_loss":0.2813739617630759,"trend_valid_loss":0.8729832226328397}