{"mse":4.387304056668654,"train_loss":0.0070311585218524155,"real_stock_price":156.6699981689453,"mae":2.0945892333984375,"Runtime (seconds)":376.71541237831116,"dim":128,"depth":4,"BA Stock Price Prediction by iTransformer(no MSTL)":{"sha256":"579fc86323a4575c7264dc7122ac67beae6a6990c8181f9226b140a5f90cdef5","size":52871,"path":"media/images/BA Stock Price Prediction by iTransformer(no MSTL)_301_579fc86323a4575c7264.png","format":"png","width":1000,"height":600,"_type":"image-file"},"valid_loss":0.023062874664025134,"_runtime":4035.364719533,"_timestamp":1.7385665716939328e+09,"predicted_stock_price":158.76458740234375,"r2_score":NaN,"_step":302,"rmse":2.0945892333984375,"_wandb":{"runtime":4035}}