{"real_seasonal_2_stock_price":7.340475773456836,"trend_valid_loss":0.10418897322737254,"final_predicted_stock_price":221.81149291992188,"AAPL Stock Price Prediction by iTransformer":{"format":"png","width":1000,"height":600,"_type":"image-file","sha256":"c555acafc2f33b0c0d99e3ebc97350c8c35bbc2fe4ee80beb87ef421c259801f","size":50874,"path":"media/images/AAPL Stock Price Prediction by iTransformer_8_c555acafc2f33b0c0d99.png"},"_step":9,"real_stock_price":236.85000610351562,"resid_valid_loss":0.6667091832989962,"_timestamp":1.7367476271355543e+09,"predicted_seasonal_0_stock_price":0.04746663197875023,"trend_train_loss":0.622632491994081,"predicted_resid_stock_price":1.142406702041626,"seasonal_1_train_loss":1.0324798480644382,"dim":128,"predicted_seasonal_1_stock_price":-1.1213017702102661,"mse":226.15687877312303,"predicted_seasonal_3_stock_price":10.968413352966309,"seasonal_1_valid_loss":0.8961988531781319,"seasonal_3_valid_loss":0.1521555901221607,"real_seasonal_1_stock_price":-3.1406750579204292,"Runtime (seconds)":4.094117164611816,"real_trend_stock_price":221.26011119299852,"_runtime":8.983302553,"depth":4,"_wandb":{"runtime":8},"seasonal_0_valid_loss":1.7614070029385323,"real_resid_stock_price":9.055691891308129,"real_seasonal_3_stock_price":4.6707820872986385,"rmse":15.03851318359375,"seasonal_3_train_loss":0.5841502052463897,"predicted_trend_stock_price":208.16387939453125,"seasonal_2_train_loss":1.0781335824510083,"mae":15.03851318359375,"predicted_seasonal_2_stock_price":2.6106297969818115,"periods":[252,504,756,1260],"real_seasonal_0_stock_price":-2.3363797836260987,"resid_train_loss":0.7215796149721369,"seasonal_0_train_loss":0.7598630663595701,"seasonal_2_valid_loss":0.43837594985961914}