{"periods":[252,504,756,1260],"predicted_seasonal_1_stock_price":0.6102373600006104,"predicted_seasonal_0_stock_price":-0.22875148057937622,"Runtime (seconds)":3.8603391647338867,"predicted_resid_stock_price":10.426520347595215,"final_predicted_stock_price":139.44715881347656,"mae":97.40284729003906,"seasonal_3_valid_loss":0.8015105224150118,"real_stock_price":236.85000610351562,"seasonal_2_train_loss":0.9990119508960668,"predicted_trend_stock_price":127.93709564208984,"real_seasonal_3_stock_price":4.670788236692445,"mse":9487.31466020667,"trend_train_loss":0.23173096987136343,"trend_valid_loss":1.9064959287643433,"_step":9,"predicted_seasonal_2_stock_price":-0.6775646805763245,"seasonal_0_valid_loss":1.6676738005307563,"_runtime":8.341361127,"real_seasonal_2_stock_price":7.3404738521783415,"resid_train_loss":1.1007777967979018,"seasonal_0_train_loss":0.6866444120092084,"depth":4,"resid_valid_loss":0.8360253409905867,"seasonal_1_valid_loss":1.8809539623084255,"AAPL Stock Price Prediction by iTransformer":{"width":1000,"height":600,"_type":"image-file","sha256":"b06659fae61cbf1a4163e6ec4915887b83bd1dc9e148bafd94377bcd26c7f359","size":46967,"path":"media/images/AAPL Stock Price Prediction by iTransformer_8_b06659fae61cbf1a4163.png","format":"png"},"predicted_seasonal_3_stock_price":1.3796255588531494,"real_resid_stock_price":9.055691074010923,"real_seasonal_0_stock_price":-2.336378992306707,"dim":128,"_timestamp":1.736740656912263e+09,"seasonal_3_train_loss":0.8872076088419327,"real_seasonal_1_stock_price":-3.1406800883158863,"seasonal_2_valid_loss":0.9969014862830612,"seasonal_1_train_loss":2.4994162287030903,"_wandb":{"runtime":8},"real_trend_stock_price":221.2601120212565,"rmse":97.40284729003906}