{"predicted_seasonal_2_stock_price":5.098369121551514,"real_seasonal_3_stock_price":9.210042698987007,"predicted_seasonal_0_stock_price":-4.291499137878418,"seasonal_3_train_loss":0.6761227344530706,"final_predicted_stock_price":200.51832580566406,"trend_train_loss":0.9649477561366336,"trend_valid_loss":0.07990012837834255,"_runtime":15.356924203,"real_trend_stock_price":167.5354913342489,"seasonal_0_train_loss":0.17506623392026605,"_timestamp":1.736741245392151e+09,"Runtime (seconds)":7.281015634536743,"real_seasonal_1_stock_price":2.721535027645758,"seasonal_3_valid_loss":1.127885517112489,"_wandb":{"runtime":15},"_step":9,"seasonal_1_train_loss":0.6214841919562692,"seasonal_0_valid_loss":0.12304697930812836,"seasonal_2_train_loss":0.5596243887029914,"resid_train_loss":0.5193185783604165,"real_seasonal_2_stock_price":16.307195141839433,"dim":128,"real_seasonal_0_stock_price":-6.886692248923765,"AMZN Stock Price Prediction by iTransformer":{"format":"png","width":1000,"height":600,"_type":"image-file","sha256":"9c2809f88fe4378c1440ed182665ec92a80b01c44d4a0da1201ccebe6dc2390c","size":51018,"path":"media/images/AMZN Stock Price Prediction by iTransformer_8_9c2809f88fe4378c1440.png"},"real_resid_stock_price":30.052430487608945,"predicted_seasonal_1_stock_price":2.677065849304199,"predicted_seasonal_3_stock_price":15.73359489440918,"rmse":18.421676635742188,"predicted_resid_stock_price":9.976546287536621,"depth":4,"real_stock_price":218.94000244140625,"mae":18.421676635742188,"seasonal_2_valid_loss":0.47914307947876383,"seasonal_1_valid_loss":0.14870484173297882,"periods":[252,504,756,1260],"predicted_trend_stock_price":171.32424926757812,"resid_valid_loss":0.2625416147125804,"mse":339.3581700718496}