{"dim":128,"predicted_seasonal_3_stock_price":3.638076066970825,"real_resid_stock_price":30.052430487608945,"_runtime":13.503735047,"rmse":149.66092681884766,"mse":22398.393016276474,"real_seasonal_0_stock_price":-6.886692248923765,"seasonal_0_valid_loss":1.7267745637638683,"seasonal_2_train_loss":2.4164433219625074,"predicted_seasonal_0_stock_price":1.4741302728652954,"seasonal_0_train_loss":1.43952104351641,"AMZN Stock Price Prediction by iTransformer":{"width":1000,"height":600,"_type":"image-file","sha256":"cb3ec1ec8b5c110542b13fddd937e00abe6b1f9d2791bdbd286ee1219f91a580","size":47005,"path":"media/images/AMZN Stock Price Prediction by iTransformer_8_cb3ec1ec8b5c110542b1.png","format":"png"},"trend_train_loss":0.9306372961714656,"seasonal_3_valid_loss":0.3996341103648806,"Runtime (seconds)":6.127953767776489,"final_predicted_stock_price":69.2790756225586,"real_stock_price":218.94000244140625,"real_seasonal_1_stock_price":2.721535027645758,"depth":4,"resid_train_loss":1.5897787848046718,"seasonal_3_train_loss":0.5015208341858604,"resid_valid_loss":1.381287265097958,"predicted_trend_stock_price":73.50682067871094,"predicted_seasonal_2_stock_price":0.7205914855003357,"real_seasonal_3_stock_price":9.210042698987007,"seasonal_2_valid_loss":1.6812892163053472,"_timestamp":1.736709573776383e+09,"real_seasonal_2_stock_price":16.307195141839433,"predicted_seasonal_1_stock_price":0.26498037576675415,"seasonal_1_valid_loss":0.4091592376270602,"predicted_resid_stock_price":-10.325525283813477,"_step":9,"mae":149.66092681884766,"seasonal_1_train_loss":0.530376502735506,"periods":[252,504,756,1260],"trend_valid_loss":2.9731264120737713,"real_trend_stock_price":167.5354913342489,"_wandb":{"runtime":13}}