{"_runtime":11.96012091,"dim":128,"_wandb":{"runtime":11},"Runtime (seconds)":4.991380453109741,"predicted_seasonal_0_stock_price":-5.996325969696045,"depth":4,"_timestamp":1.7367210110211325e+09,"seasonal_2_valid_loss":0.17530946651758364,"resid_train_loss":1.018029489781605,"trend_train_loss":0.9909791301989901,"rmse":99.63758850097656,"predicted_seasonal_2_stock_price":13.125231742858887,"real_seasonal_3_stock_price":9.210042698987007,"_step":9,"real_stock_price":218.94000244140625,"predicted_seasonal_1_stock_price":2.145151376724243,"AMZN Stock Price Prediction by iTransformer":{"_type":"image-file","sha256":"7ba283e4c22b2340eedd0d73f9d87a85178445861870ba6348c7845685f298da","size":46208,"path":"media/images/AMZN Stock Price Prediction by iTransformer_8_7ba283e4c22b2340eedd.png","format":"png","width":1000,"height":600},"predicted_trend_stock_price":98.699951171875,"seasonal_0_train_loss":0.3092266464723254,"periods":[252,504,756,1260],"real_seasonal_1_stock_price":2.721535027645758,"predicted_seasonal_3_stock_price":6.988117694854736,"seasonal_2_train_loss":0.2545184248063966,"trend_valid_loss":0.9328627422412998,"real_seasonal_2_stock_price":16.307195141839433,"mae":99.63758850097656,"real_seasonal_0_stock_price":-6.886692248923765,"final_predicted_stock_price":119.30241394042969,"seasonal_3_valid_loss":0.26785318704742345,"predicted_resid_stock_price":4.340286731719971,"seasonal_1_train_loss":0.5521269288019026,"seasonal_0_valid_loss":0.1915123164653778,"mse":9927.649042289937,"seasonal_3_train_loss":0.5145722772042125,"real_resid_stock_price":30.052430487608945,"real_trend_stock_price":167.5354913342489,"seasonal_1_valid_loss":0.21261438453271064,"resid_valid_loss":0.6829089145475161}