{"resid_train_loss":0.5552741540962445,"_wandb":{"runtime":15},"_step":9,"mae":216.7833194732666,"real_resid_stock_price":30.052430487608945,"_runtime":15.235187151,"real_seasonal_2_stock_price":16.307195141839433,"real_stock_price":218.94000244140625,"Runtime (seconds)":7.228463411331177,"real_seasonal_1_stock_price":2.721535027645758,"seasonal_0_train_loss":3.3571146104265663,"real_trend_stock_price":167.5354913342489,"periods":[252,504,756,1260],"resid_valid_loss":3.5376846767396906,"AMZN Stock Price Prediction by iTransformer":{"format":"png","width":1000,"height":600,"_type":"image-file","sha256":"6a6aab61de6f0dbaeb39c1f5327fe4a11d982a8c1198a12dfbd84d602b7133f3","size":44166,"path":"media/images/AMZN Stock Price Prediction by iTransformer_8_6a6aab61de6f0dbaeb39.png"},"predicted_trend_stock_price":-5.570159912109375,"_timestamp":1.7367310804909139e+09,"seasonal_3_train_loss":1.2446432116964137,"final_predicted_stock_price":2.1566829681396484,"real_seasonal_3_stock_price":9.210042698987007,"trend_train_loss":3.968523793929332,"seasonal_0_valid_loss":3.4888057404780293,"seasonal_1_valid_loss":0.49756830516068834,"predicted_seasonal_3_stock_price":3.9866530895233154,"dim":128,"seasonal_1_train_loss":0.7114405682615,"real_seasonal_0_stock_price":-6.886692248923765,"seasonal_2_valid_loss":0.17113137330327716,"seasonal_2_train_loss":0.47088211710441896,"rmse":216.7833194732666,"depth":4,"mse":46995.00760184837,"trend_valid_loss":9.496117688142336,"predicted_seasonal_1_stock_price":0.9579549431800842,"predicted_seasonal_0_stock_price":3.835909366607666,"predicted_seasonal_2_stock_price":12.928332328796387,"seasonal_3_valid_loss":0.2505597174167633,"predicted_resid_stock_price":-13.982006072998047}