{"trend_valid_loss":0.4311370849609375,"real_seasonal_2_stock_price":7.34046955433965,"depth":4,"predicted_seasonal_0_stock_price":-0.5282785892486572,"predicted_resid_stock_price":-3.318718433380127,"rmse":70.3131103515625,"real_trend_stock_price":221.2601117860742,"real_seasonal_1_stock_price":-3.140675770915184,"seasonal_3_valid_loss":2.8676381962639943,"predicted_trend_stock_price":171.08218383789062,"real_stock_price":236.85000610351562,"_wandb":{"runtime":13},"AAPL Stock Price Prediction by iTransformer":{"format":"png","width":1000,"height":600,"_type":"image-file","sha256":"d3ffd39afe370ac348dfe882f1c8c9e18c442a80bccb26b9703beeac02b82b62","size":46125,"path":"media/images/AAPL Stock Price Prediction by iTransformer_8_d3ffd39afe370ac348df.png"},"_timestamp":1.7367441379444292e+09,"seasonal_1_train_loss":2.0991682717789977,"seasonal_0_valid_loss":1.6577491513654297,"final_predicted_stock_price":166.53689575195312,"Runtime (seconds)":5.910546064376831,"mse":4943.933487311006,"dim":128,"resid_valid_loss":0.9894185126400911,"mae":70.3131103515625,"predicted_seasonal_3_stock_price":-2.5463905334472656,"seasonal_0_train_loss":0.623455388129259,"resid_train_loss":0.6383358687460821,"seasonal_3_train_loss":2.9299428294601637,"periods":[252,504,756,1260],"seasonal_1_valid_loss":2.2275120498527228,"trend_train_loss":0.4313370815998155,"seasonal_2_train_loss":1.64197246865944,"_step":9,"_runtime":13.865764322,"real_seasonal_3_stock_price":4.670789241103998,"seasonal_2_valid_loss":1.2689941094981299,"real_resid_stock_price":9.055695222707385,"real_seasonal_0_stock_price":-2.3363839297944176,"predicted_seasonal_1_stock_price":2.0670762062072754,"predicted_seasonal_2_stock_price":-0.21898391842842102}