{"predicted_stock_price":113.02132415771484,"r2_score":NaN,"real_stock_price":108.47000122070312,"_timestamp":1.7386356418698962e+09,"depth":4,"rmse":4.551322937011719,"_runtime":2080.16160147,"train_loss":0.040560312601148285,"_wandb":{"runtime":2080},"mse":20.714540476968978,"dim":128,"XOM Stock Price Prediction by iTransformer(no MSTL)":{"format":"png","width":1000,"height":600,"_type":"image-file","sha256":"70b8a7071fec924d1b2d252fb2bed94e1a27aec23f55cfefd42f518e01cd2eee","size":49200,"path":"media/images/XOM Stock Price Prediction by iTransformer(no MSTL)_281_70b8a7071fec924d1b2d.png"},"valid_loss":0.055077745008479215,"Runtime (seconds)":137.17861557006836,"mae":4.551322937011719,"_step":282}