{"seasonal_1_valid_loss":0.572977322931508,"resid_train_loss":0.5664875557500135,"final_predicted_stock_price":132.6770477294922,"rmse":104.17295837402344,"real_resid_stock_price":9.055693907802663,"real_stock_price":236.85000610351562,"real_trend_stock_price":221.26011052951498,"seasonal_1_train_loss":0.5040166781147135,"Runtime (seconds)":3.8883962631225586,"resid_valid_loss":0.35359295688826464,"predicted_resid_stock_price":6.271256446838379,"mae":104.17295837402344,"predicted_trend_stock_price":116.17363739013672,"mse":10852.00525639602,"trend_valid_loss":0.8064716099999009,"seasonal_2_train_loss":0.5104282970229784,"seasonal_0_valid_loss":1.896366834640503,"predicted_seasonal_0_stock_price":-0.8574263453483582,"_runtime":8.402246948,"predicted_seasonal_3_stock_price":5.116384029388428,"real_seasonal_1_stock_price":-3.1406786525252466,"real_seasonal_2_stock_price":7.3404742730779775,"seasonal_3_valid_loss":0.45329218165776164,"seasonal_0_train_loss":1.1664391351288217,"seasonal_2_valid_loss":0.36409073085983384,"real_seasonal_3_stock_price":4.670785087538082,"dim":128,"predicted_seasonal_2_stock_price":5.627365589141846,"real_seasonal_0_stock_price":-2.3363790418928185,"trend_train_loss":0.15499453325329082,"_step":9,"depth":4,"seasonal_3_train_loss":2.682613181197981,"_timestamp":1.7367352728061497e+09,"_wandb":{"runtime":8},"predicted_seasonal_1_stock_price":0.345828115940094,"AAPL Stock Price Prediction by iTransformer":{"path":"media/images/AAPL Stock Price Prediction by iTransformer_8_7816cabd4e55e9493d1c.png","format":"png","width":1000,"height":600,"_type":"image-file","sha256":"7816cabd4e55e9493d1ce20fe239606f65d994318617ed064c6aa1da7a50a4e9","size":46979},"periods":[252,504,756,1260]}