{"AMZN Stock Price Prediction by iTransformer":{"size":45673,"path":"media/images/AMZN Stock Price Prediction by iTransformer_8_6378cab4265d063f2736.png","format":"png","width":1000,"height":600,"_type":"image-file","sha256":"6378cab4265d063f2736972bc9944c0d033a00c91b750e01bc36565e9cf31977"},"real_seasonal_1_stock_price":2.721535027645758,"mae":158.45751190185547,"seasonal_1_train_loss":0.5719102186025947,"_step":9,"periods":[252,504,756,1260],"resid_valid_loss":0.6088839769363403,"predicted_trend_stock_price":42.463050842285156,"seasonal_1_valid_loss":0.18190959468483925,"real_seasonal_3_stock_price":9.210042698987007,"predicted_seasonal_0_stock_price":-5.99078369140625,"predicted_resid_stock_price":16.24627113342285,"real_trend_stock_price":167.5354913342489,"_wandb":{"runtime":11},"predicted_seasonal_1_stock_price":4.212517261505127,"seasonal_0_train_loss":0.411676523226555,"real_stock_price":218.94000244140625,"resid_train_loss":0.7984374425645593,"real_seasonal_2_stock_price":16.307195141839433,"_timestamp":1.7367313656857753e+09,"seasonal_0_valid_loss":0.39033463290306153,"trend_train_loss":3.6085937193795745,"rmse":158.45751190185547,"Runtime (seconds)":5.550506830215454,"mse":25108.783078126668,"final_predicted_stock_price":60.48249053955078,"seasonal_3_valid_loss":0.579631816460582,"depth":4,"trend_valid_loss":3.892447238925391,"seasonal_3_train_loss":0.6450052931690491,"seasonal_2_train_loss":0.7767973600116964,"dim":128,"seasonal_2_valid_loss":0.7224057912826538,"real_seasonal_0_stock_price":-6.886692248923765,"_runtime":11.608276679,"predicted_seasonal_2_stock_price":4.407729625701904,"predicted_seasonal_3_stock_price":-0.8562921285629272,"real_resid_stock_price":30.052430487608945}