{"_step":9,"_wandb":{"runtime":10},"Runtime (seconds)":5.21219801902771,"seasonal_2_valid_loss":1.9661090726583776,"real_trend_stock_price":167.5354913342489,"seasonal_3_train_loss":0.9235456472705817,"AMZN Stock Price Prediction by iTransformer":{"size":46607,"path":"media/images/AMZN Stock Price Prediction by iTransformer_8_a0a01487027030e165fa.png","format":"png","width":1000,"height":600,"_type":"image-file","sha256":"a0a01487027030e165fab184a603e8560ae90def592193b46bd9c45ca1a48b06"},"rmse":119.14778900146484,"mae":119.14778900146484,"trend_valid_loss":1.2279032785819608,"predicted_seasonal_1_stock_price":2.0123887062072754,"seasonal_3_valid_loss":4.573935190439224,"_runtime":10.798715572,"predicted_seasonal_3_stock_price":8.648256301879883,"dim":128,"final_predicted_stock_price":99.7922134399414,"seasonal_2_train_loss":1.7912710602102473,"mse":14196.195623937587,"real_seasonal_2_stock_price":16.307195141839433,"real_resid_stock_price":30.052430487608945,"seasonal_1_valid_loss":0.18563572267691295,"predicted_resid_stock_price":9.399484634399414,"real_seasonal_0_stock_price":-6.886692248923765,"trend_train_loss":0.41537038608452004,"real_seasonal_1_stock_price":2.721535027645758,"resid_train_loss":0.3165937155708671,"seasonal_0_train_loss":0.3794815433665251,"seasonal_1_train_loss":0.31645580688278185,"seasonal_0_valid_loss":0.30200559230267543,"resid_valid_loss":0.3728918191086641,"depth":4,"real_seasonal_3_stock_price":9.210042698987007,"periods":[252,504,756,1260],"_timestamp":1.7367426578310409e+09,"predicted_seasonal_2_stock_price":-1.104975700378418,"real_stock_price":218.94000244140625,"predicted_seasonal_0_stock_price":-8.082859992980957,"predicted_trend_stock_price":88.919921875}