{"resid_train_loss":1.2498204938390038,"seasonal_1_train_loss":0.5278894844271801,"seasonal_3_valid_loss":0.6012589931488037,"seasonal_3_train_loss":1.749344817194102,"seasonal_2_train_loss":2.502887588588049,"real_seasonal_2_stock_price":7.340471323432209,"_wandb":{"runtime":14},"seasonal_0_valid_loss":1.024177490941529,"predicted_seasonal_3_stock_price":-4.466310501098633,"seasonal_0_train_loss":0.4422582904836818,"seasonal_2_valid_loss":2.325699556687542,"periods":[252,504,756,1260],"real_trend_stock_price":221.260111234355,"_runtime":14.196674168,"AAPL Stock Price Prediction by iTransformer":{"format":"png","width":1000,"height":600,"_type":"image-file","sha256":"092b3adde4a94f3ab7ea71109f9472c10520f9a626f4d7ce3d47778d54b08cb7","size":46622,"path":"media/images/AAPL Stock Price Prediction by iTransformer_8_092b3adde4a94f3ab7ea.png"},"real_resid_stock_price":9.055697525791857,"resid_valid_loss":0.9436031547334764,"predicted_trend_stock_price":168.78237915039062,"_step":9,"predicted_seasonal_0_stock_price":1.1640806198120117,"real_seasonal_1_stock_price":-3.140673396713697,"depth":4,"predicted_resid_stock_price":-2.141399383544922,"predicted_seasonal_2_stock_price":-4.152196407318115,"rmse":81.29924011230469,"seasonal_1_valid_loss":0.33805738819970027,"mae":81.29924011230469,"real_seasonal_0_stock_price":-2.3363866144986596,"_timestamp":1.7367148730770087e+09,"final_predicted_stock_price":155.55076599121094,"real_stock_price":236.85000610351562,"Runtime (seconds)":6.690697193145752,"trend_valid_loss":0.2816324975783158,"predicted_seasonal_1_stock_price":-3.6357908248901367,"mse":6609.5664428381715,"dim":128,"real_seasonal_3_stock_price":4.6707860311489116,"trend_train_loss":0.20016416054120417}