{"dim":128,"periods":[252,504,756,1260],"real_resid_stock_price":30.052430487608945,"predicted_trend_stock_price":155.11500549316406,"predicted_seasonal_0_stock_price":-5.209134101867676,"mae":50.08448791503906,"real_trend_stock_price":167.5354913342489,"trend_valid_loss":0.04702251305757304,"_step":9,"predicted_seasonal_1_stock_price":2.221790313720703,"resid_valid_loss":0.8811825625556993,"predicted_resid_stock_price":-6.200493812561035,"seasonal_2_valid_loss":0.22940821200609207,"real_seasonal_1_stock_price":2.721535027645758,"rmse":50.08448791503906,"real_seasonal_2_stock_price":16.307195141839433,"_timestamp":1.7367378193173344e+09,"predicted_seasonal_2_stock_price":14.069597244262695,"seasonal_1_train_loss":1.0622157694090146,"Runtime (seconds)":7.076401233673096,"real_stock_price":218.94000244140625,"mse":2508.455929711694,"trend_train_loss":0.2161477565820096,"seasonal_0_train_loss":0.5522050165360973,"seasonal_3_train_loss":1.1759435416946948,"final_predicted_stock_price":168.8555145263672,"seasonal_1_valid_loss":0.9451809609754022,"_runtime":14.662575744,"AMZN Stock Price Prediction by iTransformer":{"_type":"image-file","sha256":"ba8531457497e089f6a0d002789a55678a2ffc4546339896a03cd590c86813c3","size":48476,"path":"media/images/AMZN Stock Price Prediction by iTransformer_8_ba8531457497e089f6a0.png","format":"png","width":1000,"height":600},"resid_train_loss":1.0521301297172678,"real_seasonal_3_stock_price":9.210042698987007,"seasonal_2_train_loss":0.3903656953077913,"seasonal_0_valid_loss":0.1099792834870594,"real_seasonal_0_stock_price":-6.886692248923765,"predicted_seasonal_3_stock_price":8.858771324157715,"depth":4,"_wandb":{"runtime":14},"seasonal_3_valid_loss":0.5299427652251127}