{"_runtime":12.763347245,"seasonal_1_valid_loss":0.6200309969305583,"trend_train_loss":0.4362587215460148,"real_resid_stock_price":30.052430487608945,"resid_train_loss":0.45833855344682534,"_step":9,"trend_valid_loss":0.061590045879663054,"predicted_seasonal_2_stock_price":-8.767762184143066,"final_predicted_stock_price":149.8892059326172,"predicted_resid_stock_price":9.125783920288086,"seasonal_2_valid_loss":1.7441020338402227,"seasonal_3_valid_loss":0.06511244177818298,"depth":4,"mae":69.05079650878906,"predicted_trend_stock_price":143.67996215820312,"rmse":69.05079650878906,"seasonal_3_train_loss":0.5712102613750214,"seasonal_0_valid_loss":0.9470081027377527,"_timestamp":1.7367431086881752e+09,"seasonal_0_train_loss":1.0767424624282134,"predicted_seasonal_3_stock_price":5.142165184020996,"seasonal_2_train_loss":1.621802913493138,"periods":[252,504,756,1260],"AMZN Stock Price Prediction by iTransformer":{"_type":"image-file","sha256":"cc05148833f833e7d80b1b83f90134aeabba1c457a3a281ca18f2784f5a2c630","size":48993,"path":"media/images/AMZN Stock Price Prediction by iTransformer_8_cc05148833f833e7d80b.png","format":"png","width":1000,"height":600},"_wandb":{"runtime":12},"Runtime (seconds)":6.090453863143921,"real_stock_price":218.94000244140625,"real_seasonal_3_stock_price":9.210042698987007,"real_seasonal_2_stock_price":16.307195141839433,"predicted_seasonal_0_stock_price":-1.8444796800613403,"seasonal_1_train_loss":0.8678031434061391,"real_seasonal_0_stock_price":-6.886692248923765,"predicted_seasonal_1_stock_price":2.5535364151000977,"real_seasonal_1_stock_price":2.721535027645758,"resid_valid_loss":0.5372407811704312,"real_trend_stock_price":167.5354913342489,"mse":4768.012498498196,"dim":128}