{"rmse":12.085342407226562,"valid_loss":0.05433741956949234,"r2_score":NaN,"Runtime (seconds)":58.22988963127136,"_wandb":{"runtime":7611},"AAPL Stock Price Prediction by Transformer(no MSTL)":{"path":"media/images/AAPL Stock Price Prediction by Transformer(no MSTL)_301_32def3289954b5cea4fc.png","format":"png","width":1000,"height":600,"_type":"image-file","sha256":"32def3289954b5cea4fccf1dcaff87a55e8f65571c51d843027a1a543644d1a3","size":54251},"dim":128,"predicted_stock_price":235.96466064453125,"train_loss":0.0783329895331998,"real_stock_price":248.0500030517578,"mse":146.05550109990872,"depth":4,"_runtime":7611.71237576,"mae":12.085342407226562,"_step":302,"_timestamp":1.7362482905748658e+09}