{"_wandb":{"runtime":7},"train_loss":0.7501979459594473,"valid_loss":0.7710381872133589,"_timestamp":1.7359745340720758e+09,"_runtime":7.70295656,"_step":0}