{"real_stock_price":236.85000610351562,"seasonal_2_train_loss":1.0749924194197258,"trend_train_loss":0.7017162399699631,"seasonal_0_train_loss":0.2989836209983293,"predicted_seasonal_1_stock_price":-0.19311656057834625,"mse":13512.278081674362,"dim":128,"real_resid_stock_price":9.055693776225581,"resid_valid_loss":0.49518050179062434,"seasonal_1_valid_loss":0.3082086091246774,"predicted_resid_stock_price":7.184308052062988,"seasonal_1_train_loss":0.6658519278147391,"trend_valid_loss":2.460170708311365,"predicted_trend_stock_price":109.39916229248047,"real_seasonal_2_stock_price":7.3404684949754575,"predicted_seasonal_3_stock_price":2.026423931121826,"periods":[252,504,756,1260],"depth":4,"predicted_seasonal_0_stock_price":0.8529909253120422,"real_seasonal_0_stock_price":-2.336382002782852,"seasonal_0_valid_loss":0.3815721098408603,"rmse":116.24232482910156,"predicted_seasonal_2_stock_price":1.3379157781600952,"AAPL Stock Price Prediction by iTransformer":{"path":"media/images/AAPL Stock Price Prediction by iTransformer_8_ff333326dc435cdff477.png","format":"png","width":1000,"height":600,"_type":"image-file","sha256":"ff333326dc435cdff47732bc3febf8715504e98754921b7d5606ee8f7e263494","size":47290},"real_seasonal_3_stock_price":4.670785888740356,"_runtime":18.276247125,"resid_train_loss":0.6010822244700352,"seasonal_3_valid_loss":0.2965935156308989,"_timestamp":1.7367250965684972e+09,"seasonal_3_train_loss":0.7293584027615955,"real_seasonal_1_stock_price":-3.1406722059347354,"final_predicted_stock_price":120.60768127441406,"seasonal_2_valid_loss":0.6225354758800766,"real_trend_stock_price":221.2601121522918,"_step":9,"Runtime (seconds)":9.35746431350708,"_wandb":{"runtime":18},"mae":116.24232482910156}