{"real_trend_stock_price":167.5354913342489,"dim":128,"predicted_seasonal_2_stock_price":13.116938591003418,"_timestamp":1.7367323905889177e+09,"seasonal_3_train_loss":0.6472546681761742,"predicted_seasonal_3_stock_price":5.181811809539795,"seasonal_2_valid_loss":0.22070371017338875,"predicted_trend_stock_price":80.51461029052734,"final_predicted_stock_price":91.55491638183594,"real_seasonal_3_stock_price":9.210042698987007,"predicted_resid_stock_price":-0.9298768043518066,"predicted_seasonal_0_stock_price":-8.273307800292969,"_step":9,"mse":16226.960150404135,"seasonal_2_train_loss":0.8451880736615072,"rmse":127.38508605957031,"Runtime (seconds)":5.66334342956543,"resid_valid_loss":5.821785926818848,"seasonal_0_valid_loss":0.37730285641882155,"trend_valid_loss":1.7684774704819894,"seasonal_1_valid_loss":0.7156140591906405,"periods":[252,504,756,1260],"real_seasonal_1_stock_price":2.721535027645758,"real_seasonal_0_stock_price":-6.886692248923765,"real_stock_price":218.94000244140625,"AMZN Stock Price Prediction by iTransformer":{"width":1000,"height":600,"_type":"image-file","sha256":"dc2b9bcaca3fa118de82ca7dde0b00c94f488259702c5e26316d9334af82970e","size":46711,"path":"media/images/AMZN Stock Price Prediction by iTransformer_8_dc2b9bcaca3fa118de82.png","format":"png"},"predicted_seasonal_1_stock_price":1.944747805595398,"seasonal_1_train_loss":1.2718076616076643,"mae":127.38508605957031,"seasonal_3_valid_loss":0.2269850171620573,"trend_train_loss":0.877776101290241,"depth":4,"_wandb":{"runtime":12},"resid_train_loss":2.5324860278943286,"real_resid_stock_price":30.052430487608945,"_runtime":12.75255526,"seasonal_0_train_loss":0.2875799869457698,"real_seasonal_2_stock_price":16.307195141839433}