{"real_seasonal_0_stock_price":-2.336383198489298,"real_seasonal_3_stock_price":4.670794207431637,"seasonal_2_train_loss":0.5149397153510866,"seasonal_3_valid_loss":0.5929583309172718,"predicted_seasonal_3_stock_price":6.815547943115234,"AAPL Stock Price Prediction by iTransformer":{"format":"png","width":1000,"height":600,"_type":"image-file","sha256":"77b40e3484a422ce1977cb87abb45d1b05da49e06ef06f248b0303a3b1a09b73","size":46152,"path":"media/images/AAPL Stock Price Prediction by iTransformer_8_77b40e3484a422ce1977.png"},"_timestamp":1.7367215946882517e+09,"_runtime":10.954213539,"seasonal_1_train_loss":0.43427599349652846,"predicted_trend_stock_price":75.10099029541016,"predicted_resid_stock_price":0.42896389961242676,"predicted_seasonal_2_stock_price":6.300955772399902,"real_seasonal_2_stock_price":7.340467781704851,"seasonal_1_valid_loss":0.14019099528520879,"real_seasonal_1_stock_price":-3.1406771404497835,"seasonal_3_train_loss":0.7376843463433417,"mse":22367.83001658978,"dim":128,"seasonal_2_valid_loss":0.24507658151794948,"_step":9,"seasonal_0_valid_loss":1.4139004148417074,"trend_valid_loss":4.808204328207145,"seasonal_0_train_loss":0.9869662268493113,"predicted_seasonal_0_stock_price":1.6965028047561646,"real_trend_stock_price":221.26011229829314,"_wandb":{"runtime":10},"real_resid_stock_price":9.05569215502507,"trend_train_loss":1.4177153304179495,"Runtime (seconds)":5.028919458389282,"depth":4,"resid_train_loss":0.8120426112629744,"rmse":149.55878448486328,"resid_valid_loss":1.3122807865062456,"predicted_seasonal_1_stock_price":-3.0517313480377197,"real_stock_price":236.85000610351562,"periods":[252,504,756,1260],"final_predicted_stock_price":87.29122161865234,"mae":149.55878448486328}