{"final_predicted_stock_price":191.85572814941406,"predicted_seasonal_3_stock_price":-0.784554660320282,"real_trend_stock_price":221.26011188359408,"real_stock_price":236.85000610351562,"seasonal_2_valid_loss":0.2805870439156175,"trend_train_loss":0.19345118495933228,"seasonal_3_valid_loss":0.5077275037765503,"resid_train_loss":0.6497359580415136,"_step":9,"resid_valid_loss":0.5158268439986131,"real_resid_stock_price":9.055694480463927,"seasonal_2_train_loss":0.3549356581794249,"seasonal_1_train_loss":0.8887871022981653,"seasonal_3_train_loss":0.9348625415384514,"trend_valid_loss":0.2276328436412145,"mse":2024.48504861095,"_runtime":11.159635236,"rmse":44.99427795410156,"predicted_seasonal_0_stock_price":2.0677144527435303,"predicted_trend_stock_price":178.69126892089844,"real_seasonal_1_stock_price":-3.140677602091267,"_wandb":{"runtime":11},"seasonal_0_valid_loss":0.21868565254242642,"mae":44.99427795410156,"predicted_seasonal_1_stock_price":-0.2330266386270523,"predicted_resid_stock_price":6.319222450256348,"real_seasonal_2_stock_price":7.340468421412929,"AAPL Stock Price Prediction by iTransformer":{"_type":"image-file","sha256":"5c648b92a773cef4045d38bb222f43fcd87c44afdf47a89bb0628faf0669f72d","size":48988,"path":"media/images/AAPL Stock Price Prediction by iTransformer_8_5c648b92a773cef4045d.png","format":"png","width":1000,"height":600},"real_seasonal_0_stock_price":-2.336380548208174,"_timestamp":1.7367222398156304e+09,"periods":[252,504,756,1260],"depth":4,"predicted_seasonal_2_stock_price":5.795100688934326,"Runtime (seconds)":5.2109644412994385,"dim":128,"seasonal_0_train_loss":0.21675038697129045,"real_seasonal_3_stock_price":4.670789468344169,"seasonal_1_valid_loss":1.050270765344542}