{"_wandb":{"runtime":3583},"GOOG Stock Price Prediction by iTransformer(no MSTL)":{"path":"media/images/GOOG Stock Price Prediction by iTransformer(no MSTL)_233_1b69cb08e4cb9b8eeadc.png","format":"png","width":1000,"height":600,"_type":"image-file","sha256":"1b69cb08e4cb9b8eeadcac6a85d3fc3ccfc7351348f66ca33a4fac41984ba9c0","size":60298},"mse":291.99339861259796,"valid_loss":0.03677121272141283,"Runtime (seconds)":164.74818563461304,"_timestamp":1.7389480175687299e+09,"r2_score":NaN,"predicted_stock_price":205.02281188964844,"_step":234,"real_stock_price":187.93499755859375,"dim":128,"_runtime":3583.156097607,"depth":4,"rmse":17.087814331054688,"mae":17.087814331054688,"train_loss":0.061454785191907293}