{"_wandb":{"runtime":12},"predicted_seasonal_1_stock_price":3.5406200885772705,"seasonal_0_train_loss":0.9237156964176565,"trend_train_loss":0.23322539802271175,"real_seasonal_3_stock_price":9.210042698987007,"predicted_seasonal_2_stock_price":3.5437111854553223,"real_seasonal_0_stock_price":-6.886692248923765,"predicted_seasonal_0_stock_price":-1.108932614326477,"_timestamp":1.7367509090033925e+09,"seasonal_1_valid_loss":0.15586773855517608,"predicted_seasonal_3_stock_price":0.2892773747444153,"mae":17.561386108398438,"resid_train_loss":0.6060257565489486,"dim":128,"seasonal_1_train_loss":0.41284601705638335,"depth":4,"resid_valid_loss":0.9758475628653132,"AMZN Stock Price Prediction by iTransformer":{"sha256":"9f72a7ab72bdf0173e44b1edcfd7505526d75f2f781d7c241ae427d614057956","size":50545,"path":"media/images/AMZN Stock Price Prediction by iTransformer_8_9f72a7ab72bdf0173e44.png","format":"png","width":1000,"height":600,"_type":"image-file"},"periods":[252,504,756,1260],"real_seasonal_2_stock_price":16.307195141839433,"real_seasonal_1_stock_price":2.721535027645758,"real_resid_stock_price":30.052430487608945,"rmse":17.561386108398438,"_runtime":12.150444138,"final_predicted_stock_price":201.3786163330078,"predicted_resid_stock_price":21.955026626586914,"mse":308.4022820482496,"_step":9,"predicted_trend_stock_price":173.15890502929688,"real_stock_price":218.94000244140625,"trend_valid_loss":0.10120098950643196,"real_trend_stock_price":167.5354913342489,"seasonal_0_valid_loss":1.0747431345235288,"seasonal_2_train_loss":0.9111816149304642,"seasonal_3_valid_loss":0.4879213869571686,"seasonal_2_valid_loss":0.781268975542999,"seasonal_3_train_loss":0.904796973240363,"Runtime (seconds)":6.202298641204834}