{"periods":[252,504,756,1260],"predicted_seasonal_2_stock_price":0.7135904431343079,"real_seasonal_0_stock_price":-2.3363848523576425,"resid_valid_loss":1.1510253544463667,"real_stock_price":236.85000610351562,"real_resid_stock_price":9.055696503841517,"predicted_trend_stock_price":136.07534790039062,"resid_train_loss":0.9248433352790932,"mae":101.64598083496094,"seasonal_1_valid_loss":0.1859983605569942,"mse":10331.905419901246,"predicted_seasonal_0_stock_price":1.8314241170883179,"seasonal_0_valid_loss":0.4155922261882125,"depth":4,"predicted_seasonal_3_stock_price":-0.008685827255249023,"seasonal_0_train_loss":0.39163726180145736,"final_predicted_stock_price":135.2040252685547,"seasonal_3_train_loss":1.2417614368004362,"real_seasonal_3_stock_price":4.67079058817676,"dim":128,"real_seasonal_1_stock_price":-3.1406774074158763,"predicted_resid_stock_price":-0.34093141555786133,"_step":9,"trend_valid_loss":0.8807055788828915,"AAPL Stock Price Prediction by iTransformer":{"size":46899,"path":"media/images/AAPL Stock Price Prediction by iTransformer_8_4d2a7274c2c54575c64b.png","format":"png","width":1000,"height":600,"_type":"image-file","sha256":"4d2a7274c2c54575c64b1d380f9a69fb7306455494ccfc10fd7692e36f2783a5"},"_runtime":14.606749464,"predicted_seasonal_1_stock_price":-3.0667262077331543,"trend_train_loss":0.5419689219583382,"_timestamp":1.7367336313588564e+09,"seasonal_1_train_loss":0.36601720694759465,"_wandb":{"runtime":14},"rmse":101.64598083496094,"Runtime (seconds)":7.996617317199707,"real_trend_stock_price":221.2601120275646,"seasonal_3_valid_loss":0.7631241788669508,"real_seasonal_2_stock_price":7.340469243706263,"seasonal_2_valid_loss":0.7568468595940643,"seasonal_2_train_loss":0.8693794012985757}