{"seasonal_2_train_loss":1.025933184253203,"seasonal_2_valid_loss":0.30374565071843823,"seasonal_3_valid_loss":0.16859997426615986,"periods":[252,504,756,1260],"seasonal_1_train_loss":0.5426518107088677,"seasonal_0_valid_loss":0.7240287505818489,"seasonal_3_train_loss":0.4724957059797828,"predicted_seasonal_0_stock_price":0.5961521863937378,"depth":4,"final_predicted_stock_price":134.55369567871094,"_step":9,"real_seasonal_0_stock_price":-2.3363808598632643,"real_seasonal_2_stock_price":7.3404716707148125,"real_seasonal_1_stock_price":-3.1406722071037083,"real_stock_price":236.85000610351562,"resid_valid_loss":1.85002058528592,"predicted_seasonal_3_stock_price":5.777671813964844,"rmse":102.29631042480469,"_runtime":10.433496231,"_timestamp":1.736714908804006e+09,"trend_train_loss":0.3929769434678072,"AAPL Stock Price Prediction by iTransformer":{"_type":"image-file","sha256":"cd66dc3c8e25b34fc51655be97d3225e12fa2bc94e4b91b93110904c1de81b3a","size":46865,"path":"media/images/AAPL Stock Price Prediction by iTransformer_8_cd66dc3c8e25b34fc516.png","format":"png","width":1000,"height":600},"Runtime (seconds)":5.447400808334351,"real_trend_stock_price":221.26011216905252,"resid_train_loss":1.971465785897893,"predicted_seasonal_1_stock_price":-4.5811848640441895,"predicted_seasonal_2_stock_price":3.014143466949463,"trend_valid_loss":0.5081872196933284,"_wandb":{"runtime":10},"real_resid_stock_price":9.055696110064616,"predicted_resid_stock_price":-5.371840476989746,"mse":10464.535126528004,"seasonal_1_valid_loss":0.1704386611873249,"seasonal_0_train_loss":0.4153623777508058,"predicted_trend_stock_price":135.1187744140625,"dim":128,"real_seasonal_3_stock_price":4.670779220650656,"mae":102.29631042480469}