{"resid_train_loss":1.098460512283521,"real_seasonal_2_stock_price":7.340467273486453,"real_stock_price":236.85000610351562,"real_trend_stock_price":221.26011192010972,"_step":9,"predicted_resid_stock_price":-0.5954416990280151,"_wandb":{"runtime":14},"seasonal_3_valid_loss":1.274529029341305,"real_seasonal_0_stock_price":-2.3363826916224872,"dim":128,"predicted_seasonal_1_stock_price":-2.488931655883789,"trend_valid_loss":1.8339529395484315,"real_seasonal_3_stock_price":4.670782275320203,"resid_valid_loss":0.8686276929295478,"mse":13625.156294067914,"seasonal_3_train_loss":1.2635346805801568,"seasonal_1_valid_loss":0.20169259233946513,"rmse":116.72684478759766,"real_seasonal_1_stock_price":-3.1406719366570144,"seasonal_0_valid_loss":1.9634037506666115,"_timestamp":1.7367316013286908e+09,"depth":4,"predicted_seasonal_0_stock_price":1.331227421760559,"periods":[252,504,756,1260],"real_resid_stock_price":9.055699262878761,"predicted_trend_stock_price":119.13567352294922,"final_predicted_stock_price":120.12316131591797,"trend_train_loss":0.21744119297981548,"seasonal_0_train_loss":0.9751033766247402,"Runtime (seconds)":6.7016050815582275,"_runtime":14.934761842,"seasonal_2_valid_loss":0.43103711034210634,"seasonal_1_train_loss":0.7827746961914877,"seasonal_2_train_loss":1.0050979324103313,"mae":116.72684478759766,"predicted_seasonal_3_stock_price":-0.7885549664497375,"predicted_seasonal_2_stock_price":3.529183864593506,"AAPL Stock Price Prediction by iTransformer":{"height":600,"_type":"image-file","sha256":"5de14fd105bb86236920c9ec17e0fc3ccd1bceb5e88f5a685d1938925b7d7f07","size":47323,"path":"media/images/AAPL Stock Price Prediction by iTransformer_8_5de14fd105bb86236920.png","format":"png","width":1000}}