{"predicted_seasonal_0_stock_price":0.2408277988433838,"real_seasonal_2_stock_price":7.340470465527489,"resid_valid_loss":3.8983353767351123,"_step":9,"_runtime":10.111955481,"final_predicted_stock_price":117.54261779785156,"seasonal_0_train_loss":0.1922548622503167,"predicted_seasonal_1_stock_price":-0.9599922895431519,"seasonal_2_valid_loss":1.2153255154615723,"real_resid_stock_price":9.05569498248056,"_wandb":{"runtime":10},"real_seasonal_3_stock_price":4.670789477209062,"real_trend_stock_price":221.26011209370932,"periods":[252,504,756,1260],"real_seasonal_1_stock_price":-3.1406764592484073,"mse":14234.252904318506,"predicted_resid_stock_price":-9.084857940673828,"seasonal_1_valid_loss":0.2737370887889138,"real_seasonal_0_stock_price":-2.3363844561624263,"mae":119.30738830566406,"seasonal_3_valid_loss":0.4371711401248067,"_timestamp":1.7367582340241504e+09,"Runtime (seconds)":4.474884510040283,"trend_valid_loss":0.8531462646957136,"seasonal_3_train_loss":0.982752851083395,"seasonal_0_valid_loss":0.1069408973917029,"predicted_seasonal_2_stock_price":-1.0975542068481445,"trend_train_loss":0.07484147891075586,"resid_train_loss":4.006277149193644,"seasonal_2_train_loss":1.2573478557702409,"AAPL Stock Price Prediction by iTransformer":{"size":47170,"path":"media/images/AAPL Stock Price Prediction by iTransformer_8_54951181b1f14e12cfc5.png","format":"png","width":1000,"height":600,"_type":"image-file","sha256":"54951181b1f14e12cfc55ef4c9f02c9fe8742cb75ac04f70c3e574d9b84d5260"},"predicted_trend_stock_price":127.38504791259766,"seasonal_1_train_loss":0.7289528742449096,"rmse":119.30738830566406,"real_stock_price":236.85000610351562,"depth":4,"predicted_seasonal_3_stock_price":1.0591516494750977,"dim":128}