{"mse":4296.374819297576,"seasonal_2_valid_loss":2.342778115642997,"_wandb":{"runtime":10},"real_stock_price":236.85000610351562,"seasonal_0_train_loss":1.2454519800464332,"seasonal_3_valid_loss":1.221793233718227,"predicted_seasonal_2_stock_price":-5.17214822769165,"resid_valid_loss":0.788231021021996,"seasonal_1_valid_loss":1.9113493449739738,"dim":128,"predicted_trend_stock_price":166.72946166992188,"resid_train_loss":0.4565186126426361,"predicted_seasonal_1_stock_price":2.568671703338623,"seasonal_1_train_loss":1.777617193881978,"real_seasonal_1_stock_price":-3.140677096739875,"predicted_resid_stock_price":11.13589096069336,"real_seasonal_2_stock_price":7.340471564695409,"mae":65.54673767089844,"final_predicted_stock_price":171.3032684326172,"AAPL Stock Price Prediction by iTransformer":{"height":600,"_type":"image-file","sha256":"d7b56bad94b243c8948705d1a4615f8da20507da7a9ce896ce7fd3ca4fb32576","size":46202,"path":"media/images/AAPL Stock Price Prediction by iTransformer_8_d7b56bad94b243c89487.png","format":"png","width":1000},"periods":[252,504,756,1260],"seasonal_2_train_loss":4.5189833328859565,"real_seasonal_3_stock_price":4.670787015055574,"predicted_seasonal_3_stock_price":-6.122869491577148,"seasonal_0_valid_loss":2.667781502167809,"predicted_seasonal_0_stock_price":2.164264678955078,"depth":4,"_step":9,"real_seasonal_0_stock_price":-2.3363805513989924,"real_resid_stock_price":9.05569357499732,"trend_train_loss":0.2645765176835377,"rmse":65.54673767089844,"_timestamp":1.7367510657029788e+09,"real_trend_stock_price":221.2601115969062,"trend_valid_loss":0.20095646246496973,"Runtime (seconds)":4.3603925704956055,"_runtime":10.247241943,"seasonal_3_train_loss":0.9545008814524091}