{"real_resid_stock_price":30.052430487608945,"seasonal_1_train_loss":1.5338649606205406,"real_trend_stock_price":167.5354913342489,"final_predicted_stock_price":106.52770233154297,"dim":128,"periods":[252,504,756,1260],"mae":112.41230010986328,"AMZN Stock Price Prediction by iTransformer":{"height":600,"_type":"image-file","sha256":"e486b1ec59953557754a5d586115ea3bebbb0321c2052b0796a51adff94a56ce","size":46253,"path":"media/images/AMZN Stock Price Prediction by iTransformer_8_e486b1ec59953557754a.png","format":"png","width":1000},"seasonal_3_train_loss":0.599262123639218,"predicted_trend_stock_price":92.58003997802734,"seasonal_3_valid_loss":0.34382654851576266,"trend_valid_loss":1.2198434296463216,"real_seasonal_1_stock_price":2.721535027645758,"seasonal_1_valid_loss":1.787286231936705,"_runtime":10.938284593,"_wandb":{"runtime":10},"trend_train_loss":1.5682694735825398,"predicted_resid_stock_price":11.889311790466309,"seasonal_0_train_loss":0.8321453939437734,"predicted_seasonal_2_stock_price":0.09822015464305878,"real_seasonal_2_stock_price":16.307195141839433,"predicted_seasonal_0_stock_price":-5.855593681335449,"seasonal_0_valid_loss":0.33358906087751433,"real_seasonal_0_stock_price":-6.886692248923765,"predicted_seasonal_3_stock_price":9.348226547241211,"Runtime (seconds)":5.262927770614624,"resid_train_loss":1.1349880176449119,"_step":9,"real_seasonal_3_stock_price":9.210042698987007,"rmse":112.41230010986328,"seasonal_2_valid_loss":1.1795762536071597,"_timestamp":1.7367260023561218e+09,"depth":4,"mse":12636.525215989968,"real_stock_price":218.94000244140625,"seasonal_2_train_loss":1.4205495257677965,"resid_valid_loss":0.8590528964996338,"predicted_seasonal_1_stock_price":-1.5325076580047607}