{"resid_valid_loss":0.4165812581000314,"depth":4,"real_seasonal_1_stock_price":2.721535027645758,"seasonal_0_train_loss":0.8822011803431683,"seasonal_1_valid_loss":0.12093881443142891,"real_seasonal_2_stock_price":16.307195141839433,"real_stock_price":218.94000244140625,"seasonal_1_train_loss":0.4838425307326391,"_step":9,"real_seasonal_0_stock_price":-6.886692248923765,"AMZN Stock Price Prediction by iTransformer":{"width":1000,"height":600,"_type":"image-file","sha256":"bf83e0f5d420373160c086acfe7a6399aefe54a5e92b822d30cf32c1cdafc947","size":46418,"path":"media/images/AMZN Stock Price Prediction by iTransformer_8_bf83e0f5d420373160c0.png","format":"png"},"dim":128,"predicted_seasonal_3_stock_price":1.983797550201416,"predicted_seasonal_0_stock_price":-0.7216253280639648,"seasonal_0_valid_loss":0.6046032952703808,"trend_valid_loss":1.1803840911201158,"predicted_resid_stock_price":14.950469017028809,"seasonal_3_valid_loss":0.19395311255619008,"mse":10046.721926812083,"predicted_seasonal_1_stock_price":3.633660316467285,"_runtime":18.404358556,"real_seasonal_3_stock_price":9.210042698987007,"Runtime (seconds)":8.947340250015259,"seasonal_2_train_loss":1.289994293272109,"predicted_seasonal_2_stock_price":2.944859027862549,"periods":[252,504,756,1260],"final_predicted_stock_price":118.7066650390625,"real_trend_stock_price":167.5354913342489,"seasonal_3_train_loss":0.6667289837001945,"_timestamp":1.7367548006647592e+09,"seasonal_2_valid_loss":1.1583270251987583,"rmse":100.23333740234375,"real_resid_stock_price":30.052430487608945,"_wandb":{"runtime":18},"predicted_trend_stock_price":95.9155044555664,"resid_train_loss":0.8554238308606094,"trend_train_loss":0.4409291283444962,"mae":100.23333740234375}