{"predicted_seasonal_3_stock_price":-1.5662180185317993,"seasonal_1_valid_loss":0.37888720946729726,"seasonal_2_valid_loss":0.3667331992134486,"_runtime":12.920255807,"predicted_resid_stock_price":2.9522602558135986,"seasonal_2_train_loss":1.1857048997684627,"mae":107.23747253417969,"resid_valid_loss":1.2309579330055338,"seasonal_3_valid_loss":0.7441654205322266,"resid_train_loss":0.7671020260717137,"real_trend_stock_price":221.26011136580485,"_timestamp":1.7367452861107903e+09,"_wandb":{"runtime":12},"real_seasonal_3_stock_price":4.670786627322173,"predicted_seasonal_1_stock_price":-3.2277674674987793,"trend_valid_loss":1.6404081946466027,"AAPL Stock Price Prediction by iTransformer":{"_type":"image-file","sha256":"377499fb417a45e0ee20f692d71f9e373de18c33e4f7d95790db0d4914aede90","size":46977,"path":"media/images/AAPL Stock Price Prediction by iTransformer_8_377499fb417a45e0ee20.png","format":"png","width":1000,"height":600},"final_predicted_stock_price":129.61253356933594,"trend_train_loss":0.20393920807527605,"periods":[252,504,756,1260],"real_stock_price":236.85000610351562,"real_resid_stock_price":9.055694290369132,"seasonal_0_valid_loss":2.0935838669161253,"_step":9,"dim":128,"seasonal_0_train_loss":1.1300575638671981,"mse":11499.875515518943,"Runtime (seconds)":5.490143299102783,"real_seasonal_2_stock_price":7.34047124930139,"predicted_trend_stock_price":122.49061584472656,"seasonal_3_train_loss":1.6433741472262358,"predicted_seasonal_0_stock_price":1.046066403388977,"seasonal_1_train_loss":0.4912039642831887,"predicted_seasonal_2_stock_price":7.91757345199585,"real_seasonal_1_stock_price":-3.1406753964895984,"rmse":107.23747253417969,"depth":4,"real_seasonal_0_stock_price":-2.336382032792341}