{"predicted_stock_price":200.59292602539062,"_timestamp":1.7389785326337228e+09,"train_loss":0.05666331976611653,"_runtime":4540.194695124,"GOOG Stock Price Prediction by iTransformer(no MSTL)":{"_type":"image-file","sha256":"90c6772b8f5400a602bb631831b0e45b86c41c2faea70a82a93f2bd02415bc6c","size":54418,"path":"media/images/GOOG Stock Price Prediction by iTransformer(no MSTL)_301_90c6772b8f5400a602bb.png","format":"png","width":1000,"height":600},"dim":128,"real_stock_price":187.13999938964844,"Runtime (seconds)":827.6016879081726,"_step":302,"mse":180.9812350666616,"valid_loss":0.03135750409453473,"rmse":13.452926635742188,"_wandb":{"runtime":4540},"r2_score":NaN,"depth":4,"mae":13.452926635742188}