{"dim":128,"mse":35.21966812224127,"_step":302,"rmse":5.9346160888671875,"depth":4,"train_loss":0.06873130811542749,"r2_score":NaN,"GOOG Stock Price Prediction by iTransformer(no MSTL)":{"sha256":"f058b578244feaee07ff0d5c460b53d01f155e58cf826e3c1e4ce1f699aebc4f","size":59211,"path":"media/images/GOOG Stock Price Prediction by iTransformer(no MSTL)_301_f058b578244feaee07ff.png","format":"png","width":1000,"height":600,"_type":"image-file"},"_wandb":{"runtime":2667},"predicted_stock_price":188.4753875732422,"_runtime":2667.500400899,"_timestamp":1.7388002804195487e+09,"valid_loss":0.04296170547604561,"Runtime (seconds)":99.01363754272461,"mae":5.9346160888671875,"real_stock_price":194.41000366210938}