{"mae":14.47515869140625,"real_seasonal_1_stock_price":1.4862475353597187,"trend_train_loss":0.000385584435706814,"seasonal_3_train_loss":0.0011700682793343803,"dim":128,"predicted_seasonal_2_stock_price":7.091400623321533,"real_seasonal_3_stock_price":3.0723256003967454,"seasonal_2_train_loss":0.00931061578013429,"mse":209.5302191413939,"predicted_seasonal_3_stock_price":3.1451404094696045,"predicted_resid_stock_price":9.083444595336914,"trend_valid_loss":0.006112780496995482,"seasonal_3_valid_loss":0.0014044611881630776,"final_predicted_stock_price":228.17483520507812,"seasonal_1_valid_loss":0.0019614019842528747,"seasonal_0_valid_loss":0.005335356491351766,"real_seasonal_0_stock_price":2.5407730939479802,"seasonal_0_train_loss":0.0013026715367397462,"resid_train_loss":0.015827243221790077,"_runtime":25889.935579715,"real_resid_stock_price":11.134565798955265,"_wandb":{"runtime":25889},"Runtime (seconds)":3267.3915956020355,"real_seasonal_2_stock_price":8.101565362297576,"depth":4,"predicted_seasonal_1_stock_price":0.7477573752403259,"predicted_seasonal_0_stock_price":-0.2025807499885559,"resid_valid_loss":0.025663347483226438,"_timestamp":1.736952881771439e+09,"seasonal_2_valid_loss":0.009446849344463432,"AAPL Stock Price Prediction by iTransformer":{"format":"png","width":1000,"height":600,"_type":"image-file","sha256":"804ac30687c96ac4b81871937ee7a31692f86a8910078f74173f5c96f2803a4f","size":52564,"path":"media/images/AAPL Stock Price Prediction by iTransformer_1716_804ac30687c96ac4b818.png"},"predicted_trend_stock_price":208.30966186523438,"periods":[252,504,756,1260],"_step":1717,"rmse":14.47515869140625,"real_stock_price":242.64999389648438,"real_trend_stock_price":216.31451650552708,"seasonal_1_train_loss":0.0006571037078084272}