{"resid_train_loss":1.250700063766082,"depth":4,"real_seasonal_3_stock_price":4.670789805371237,"predicted_seasonal_0_stock_price":0.29575881361961365,"_step":9,"predicted_seasonal_3_stock_price":-4.995266914367676,"predicted_trend_stock_price":89.67202758789062,"_wandb":{"runtime":10},"seasonal_2_valid_loss":1.5794503879996966,"seasonal_3_train_loss":3.4027870463341783,"real_seasonal_0_stock_price":-2.3363818231216005,"real_seasonal_2_stock_price":7.340474155708003,"seasonal_0_train_loss":0.5533689903611081,"_runtime":10.188120821,"trend_valid_loss":1.8638908913409389,"predicted_seasonal_2_stock_price":1.015570044517517,"seasonal_1_valid_loss":1.0235972738103247,"trend_train_loss":0.3120760538038104,"periods":[252,504,756,1260],"seasonal_2_train_loss":1.824505992212742,"real_resid_stock_price":9.055693287284981,"real_stock_price":236.85000610351562,"mse":24347.558073674387,"Runtime (seconds)":5.111998796463013,"mae":156.03704071044922,"seasonal_3_valid_loss":1.6520038223266602,"AAPL Stock Price Prediction by iTransformer":{"format":"png","width":1000,"height":600,"_type":"image-file","sha256":"1f292c5ca850fe0462b05035d066830723982420f2b7afa9bd00d6eda64ecd7c","size":46373,"path":"media/images/AAPL Stock Price Prediction by iTransformer_8_1f292c5ca850fe0462b0.png"},"real_trend_stock_price":221.26011190089105,"real_seasonal_1_stock_price":-3.1406812226180003,"final_predicted_stock_price":80.8129653930664,"_timestamp":1.736710379545474e+09,"seasonal_0_valid_loss":0.5821751654148102,"seasonal_1_train_loss":1.2550881170986483,"rmse":156.03704071044922,"resid_valid_loss":1.4699878951585823,"dim":128,"predicted_resid_stock_price":-5.197563171386719,"predicted_seasonal_1_stock_price":0.022439394146203995}