{"real_seasonal_3_stock_price":4.670783441679316,"AAPL Stock Price Prediction by iTransformer":{"sha256":"52328ddae9882f97d6367a7164cea72aab432be743beb820390a3db8da51e8b0","size":47348,"path":"media/images/AAPL Stock Price Prediction by iTransformer_8_52328ddae9882f97d636.png","format":"png","width":1000,"height":600,"_type":"image-file"},"_timestamp":1.7367104159205081e+09,"predicted_seasonal_1_stock_price":-1.5478496551513672,"resid_valid_loss":1.5896891238661928,"predicted_seasonal_2_stock_price":-2.680410385131836,"Runtime (seconds)":5.29250168800354,"resid_train_loss":2.9415370233575113,"seasonal_0_valid_loss":2.966469456292556,"mae":116.11793518066406,"real_resid_stock_price":9.055698710235134,"predicted_trend_stock_price":123.83991241455078,"seasonal_0_train_loss":1.5617927122710598,"seasonal_3_train_loss":0.8224031268006777,"real_stock_price":236.85000610351562,"predicted_seasonal_3_stock_price":8.319967269897461,"rmse":116.11793518066406,"real_trend_stock_price":221.2601114811072,"trend_train_loss":0.1934096808461191,"depth":4,"real_seasonal_1_stock_price":-3.140673758456987,"_runtime":10.728624168,"seasonal_3_valid_loss":0.6408203399834641,"periods":[252,504,756,1260],"_step":9,"seasonal_1_train_loss":2.1275824267985457,"predicted_seasonal_0_stock_price":-0.9955703020095825,"_wandb":{"runtime":10},"predicted_resid_stock_price":-6.203980922698975,"real_seasonal_0_stock_price":-2.336381524034699,"final_predicted_stock_price":120.73207092285156,"dim":128,"real_seasonal_2_stock_price":7.34046775298568,"trend_valid_loss":1.600235697275363,"seasonal_1_valid_loss":2.022181129997427,"mse":13483.3748706209,"seasonal_2_valid_loss":1.8274552316116772,"seasonal_2_train_loss":1.6046674371748118}