{"real_seasonal_0_stock_price":-2.3363828223000045,"AAPL Stock Price Prediction by iTransformer":{"format":"png","width":1000,"height":600,"_type":"image-file","sha256":"aaac4d42dee9216c9058ee3d6088860ceb0b93be2b839a957ca58cee8a57893d","size":47214,"path":"media/images/AAPL Stock Price Prediction by iTransformer_8_aaac4d42dee9216c9058.png"},"seasonal_0_train_loss":0.19867169915994734,"dim":128,"mse":14577.587016290112,"seasonal_2_train_loss":2.221458572046467,"seasonal_1_valid_loss":0.9903353452682495,"predicted_seasonal_2_stock_price":-0.41147929430007935,"Runtime (seconds)":5.006300926208496,"real_trend_stock_price":221.26011217625762,"real_stock_price":236.85000610351562,"predicted_seasonal_1_stock_price":-1.4280192852020264,"seasonal_3_train_loss":1.4440929053423948,"_runtime":10.655393867,"real_resid_stock_price":9.055691566447251,"rmse":120.73767852783203,"predicted_seasonal_0_stock_price":2.271449565887451,"seasonal_1_train_loss":1.880458074864035,"depth":4,"resid_train_loss":1.3425924241172602,"resid_valid_loss":1.0446849020003677,"trend_valid_loss":1.187427586692246,"_step":9,"_timestamp":1.736720927431977e+09,"final_predicted_stock_price":116.1123275756836,"trend_train_loss":0.42359075223501674,"predicted_trend_stock_price":110.39138793945312,"periods":[252,504,756,1260],"seasonal_3_valid_loss":0.1490238240786961,"predicted_resid_stock_price":1.2618365287780762,"real_seasonal_1_stock_price":-3.1406761076204552,"mae":120.73767852783203,"predicted_seasonal_3_stock_price":4.027153491973877,"real_seasonal_3_stock_price":4.670791535094497,"_wandb":{"runtime":10},"seasonal_2_valid_loss":1.7634622495593006,"seasonal_0_valid_loss":0.4613467507724521,"real_seasonal_2_stock_price":7.340469755636722}