{"_step":9,"seasonal_1_train_loss":0.5552460243060724,"real_resid_stock_price":30.052430487608945,"AMZN Stock Price Prediction by iTransformer":{"size":45740,"path":"media/images/AMZN Stock Price Prediction by iTransformer_8_c1a76d4553f93d092424.png","format":"png","width":1000,"height":600,"_type":"image-file","sha256":"c1a76d4553f93d092424f7817019f7818124391dbae9ab4fb8a618184ae2dfdd"},"seasonal_0_valid_loss":2.376667910035002,"resid_valid_loss":1.028845118840243,"mae":156.9181785583496,"real_seasonal_2_stock_price":16.307195141839433,"resid_train_loss":0.8334310657467161,"predicted_seasonal_1_stock_price":3.782108783721924,"Runtime (seconds)":4.286823987960815,"trend_train_loss":2.2017847301613855,"seasonal_0_train_loss":2.2250591690913875,"periods":[252,504,756,1260],"seasonal_3_valid_loss":0.9784807691107625,"predicted_resid_stock_price":2.716970920562744,"predicted_seasonal_2_stock_price":-4.53684139251709,"dim":128,"predicted_seasonal_3_stock_price":-0.1591755449771881,"_wandb":{"runtime":11},"seasonal_1_valid_loss":0.18733169503328276,"seasonal_2_train_loss":1.9752374749098505,"mse":24623.31476207009,"real_trend_stock_price":167.5354913342489,"real_stock_price":218.94000244140625,"final_predicted_stock_price":62.02182388305664,"real_seasonal_0_stock_price":-6.886692248923765,"trend_valid_loss":3.9535388243446277,"seasonal_3_train_loss":0.8575763857303598,"seasonal_2_valid_loss":2.109295329828372,"rmse":156.9181785583496,"real_seasonal_1_stock_price":2.721535027645758,"_runtime":11.038935572,"depth":4,"_timestamp":1.736756036435105e+09,"real_seasonal_3_stock_price":9.210042698987007,"predicted_seasonal_0_stock_price":3.239469289779663,"predicted_trend_stock_price":56.97929382324219}