{"seasonal_3_train_loss":0.0031148993220218007,"seasonal_0_train_loss":0.0001336410897344939,"_timestamp":1.7371226764140751e+09,"predicted_seasonal_0_stock_price":2.781196355819702,"resid_train_loss":0.016373663251521467,"mse":20.825736137339845,"real_trend_stock_price":217.65449425526316,"mae":4.5635223388671875,"real_seasonal_0_stock_price":2.672009158246299,"seasonal_3_valid_loss":0.003976482432335615,"seasonal_2_train_loss":0.002789922104544551,"AAPL Stock Price Prediction by iTransformer":{"width":1000,"height":600,"_type":"image-file","sha256":"253bf33a7e9245849a0ea5c2a07e9902630045ab3b1c8091c01f4653192612d8","size":50601,"path":"media/images/AAPL Stock Price Prediction by iTransformer_1726_253bf33a7e9245849a0e.png","format":"png"},"seasonal_1_valid_loss":0.0007202276353842749,"real_seasonal_1_stock_price":0.878781624146757,"_runtime":17737.658673717,"predicted_seasonal_2_stock_price":8.877860069274902,"trend_train_loss":0.00033414472935921943,"_step":1727,"real_resid_stock_price":13.318969274344283,"final_predicted_stock_price":243.396484375,"seasonal_0_valid_loss":0.001722058751944835,"seasonal_1_train_loss":0.00013470427612277363,"dim":128,"real_seasonal_2_stock_price":9.514515853070662,"predicted_seasonal_3_stock_price":4.427150726318359,"Runtime (seconds)":1097.186839580536,"real_stock_price":247.9600067138672,"predicted_seasonal_1_stock_price":0.9883639812469482,"trend_valid_loss":0.001947675715200603,"rmse":4.5635223388671875,"predicted_trend_stock_price":213.3170928955078,"predicted_resid_stock_price":13.00483512878418,"resid_valid_loss":0.02335229329764843,"depth":4,"periods":[252,504,756,1260],"_wandb":{"runtime":17737},"seasonal_2_valid_loss":0.0023241587914526463,"real_seasonal_3_stock_price":3.9212365487959913}