{"Train Loss (Seasonal)":0.012210148471322927,"Validation Loss (Seasonal)":0.07305709272623062,"_step":101,"Validation Loss (Resid)":0.17497188786426224,"Apple Stock Price Prediction":{"height":600,"_type":"image-file","sha256":"5f59dfeb5e28d567a0fffc4a1871b856a8543f238d38a1c012e69ccd24fb5f4d","size":55315,"path":"media/images/Apple Stock Price Prediction_100_5f59dfeb5e28d567a0ff.png","format":"png","width":1000},"_timestamp":1.7287588770894265e+09,"Runtime (seconds)":79.70238780975342,"Validation Loss (Trend)":0.014221088029444218,"Train Loss (Resid)":0.13375528572551446,"_runtime":81.550358914,"Train Loss (Trend)":0.011347973295910791,"_wandb":{"runtime":81}}