{"seasonal_3_train_loss":0.6002169636461665,"resid_valid_loss":0.24444475353137438,"real_seasonal_2_stock_price":7.340470830418667,"seasonal_0_train_loss":0.32594698566100305,"real_seasonal_1_stock_price":-3.140675371182401,"predicted_seasonal_2_stock_price":10.026198387145996,"seasonal_2_train_loss":1.3962914335660355,"rmse":89.39326477050781,"predicted_trend_stock_price":130.23782348632812,"real_resid_stock_price":9.05569602908318,"depth":4,"_runtime":16.118439372,"seasonal_1_train_loss":0.5833259610094778,"predicted_seasonal_1_stock_price":-2.6254940032958984,"real_stock_price":236.85000610351562,"AAPL Stock Price Prediction by iTransformer":{"path":"media/images/AAPL Stock Price Prediction by iTransformer_8_0346c7d05f28187c2e5e.png","format":"png","width":1000,"height":600,"_type":"image-file","sha256":"0346c7d05f28187c2e5edde0b5d980d08b70b729d00e7ec7e6fb262e7593fd03","size":46501},"seasonal_1_valid_loss":0.18753136074089485,"Runtime (seconds)":7.733452558517456,"_wandb":{"runtime":16},"_timestamp":1.7367371573554978e+09,"dim":128,"predicted_seasonal_3_stock_price":3.4786059856414795,"seasonal_0_valid_loss":1.3893045548955463,"trend_valid_loss":0.7226419943946581,"periods":[252,504,756,1260],"resid_train_loss":1.085607666484937,"_step":9,"trend_train_loss":0.09914409470977725,"final_predicted_stock_price":147.4567413330078,"real_seasonal_3_stock_price":4.670784130340893,"seasonal_3_valid_loss":0.4490550680615821,"real_trend_stock_price":221.26011202803014,"mse":7991.155786330113,"seasonal_2_valid_loss":0.24201904677239985,"predicted_seasonal_0_stock_price":0.8197596073150635,"real_seasonal_0_stock_price":-2.336381543174871,"predicted_resid_stock_price":5.519837379455566,"mae":89.39326477050781}