{"periods":[252,504,756,1260],"Runtime (seconds)":4.352938652038574,"real_stock_price":218.94000244140625,"_step":9,"rmse":107.53639221191406,"seasonal_0_train_loss":0.8024291431145637,"predicted_seasonal_2_stock_price":16.34644317626953,"seasonal_1_valid_loss":0.19702295892768437,"_runtime":9.272219461,"seasonal_2_train_loss":0.33200355862349146,"predicted_resid_stock_price":6.540913105010986,"resid_train_loss":1.8435048336498991,"seasonal_1_train_loss":0.5492495060028553,"trend_train_loss":1.168031882807025,"real_seasonal_2_stock_price":16.307195141839433,"final_predicted_stock_price":111.40361022949219,"depth":4,"predicted_trend_stock_price":90.27082824707031,"real_trend_stock_price":167.5354913342489,"seasonal_0_valid_loss":0.9267002860765909,"resid_valid_loss":0.5271187125439625,"real_resid_stock_price":30.052430487608945,"predicted_seasonal_1_stock_price":2.7460741996765137,"AMZN Stock Price Prediction by iTransformer":{"_type":"image-file","sha256":"54d5be2b72fd97d24697ccff4c1019c142d3c2dd9567fc35254b9f8db7128cea","size":46244,"path":"media/images/AMZN Stock Price Prediction by iTransformer_8_54d5be2b72fd97d24697.png","format":"png","width":1000,"height":600},"predicted_seasonal_0_stock_price":-1.8448448181152344,"real_seasonal_0_stock_price":-6.886692248923765,"real_seasonal_3_stock_price":9.210042698987007,"_wandb":{"runtime":9},"_timestamp":1.7367378900773017e+09,"seasonal_3_train_loss":1.5197737345338573,"seasonal_2_valid_loss":0.16527162856785052,"mse":11564.075649954611,"mae":107.53639221191406,"real_seasonal_1_stock_price":2.721535027645758,"trend_valid_loss":1.2469975490785385,"predicted_seasonal_3_stock_price":-2.6557974815368652,"seasonal_3_valid_loss":1.9830185820562927,"dim":128}