{"predicted_seasonal_0_stock_price":0.23694752156734467,"seasonal_1_train_loss":0.669693846796106,"predicted_seasonal_1_stock_price":1.74013090133667,"rmse":51.64088439941406,"Runtime (seconds)":7.868508815765381,"trend_valid_loss":0.30192920565605164,"AMZN Stock Price Prediction by iTransformer":{"format":"png","width":1000,"height":600,"_type":"image-file","sha256":"581c751deef90c5e40d18444eed087a0e24f25ae438d518d4b4b788d6ba6ee68","size":48582,"path":"media/images/AMZN Stock Price Prediction by iTransformer_8_581c751deef90c5e40d1.png"},"mae":51.64088439941406,"dim":128,"real_trend_stock_price":167.5354913342489,"predicted_seasonal_3_stock_price":5.015390872955322,"seasonal_2_valid_loss":0.05458737188346789,"_wandb":{"runtime":17},"mse":2666.7809415536467,"real_resid_stock_price":30.052430487608945,"_step":9,"resid_train_loss":1.2683252755542174,"seasonal_3_train_loss":0.9341511577659539,"real_seasonal_2_stock_price":16.307195141839433,"real_seasonal_1_stock_price":2.721535027645758,"real_seasonal_0_stock_price":-6.886692248923765,"resid_valid_loss":1.6203519714658845,"final_predicted_stock_price":167.2991180419922,"trend_train_loss":0.44976344368670323,"depth":4,"seasonal_2_train_loss":0.5391671874868654,"predicted_resid_stock_price":7.136564254760742,"predicted_trend_stock_price":138.138671875,"seasonal_1_valid_loss":0.5043096821643636,"seasonal_0_valid_loss":0.8846253086713964,"periods":[252,504,756,1260],"seasonal_0_train_loss":0.7493204601955511,"_runtime":17.412343369,"_timestamp":1.7367244510252664e+09,"real_seasonal_3_stock_price":9.210042698987007,"predicted_seasonal_2_stock_price":15.031394958496094,"real_stock_price":218.94000244140625,"seasonal_3_valid_loss":0.3929126326734504}