{"depth":4,"_step":302,"_wandb":{"runtime":9698},"predicted_stock_price":197.87222290039062,"dim":128,"_runtime":9698.9135484,"rmse":22.677780151367188,"train_loss":0.11559089543799472,"real_stock_price":220.5500030517578,"r2_score":NaN,"AMZN Stock Price Prediction by Transformer(no MSTL)":{"sha256":"92faad29af793901f96aee78570454fb9da2ad7e978da78a873befea83b36841","size":52555,"path":"media/images/AMZN Stock Price Prediction by Transformer(no MSTL)_301_92faad29af793901f96a.png","format":"png","width":1000,"height":600,"_type":"image-file"},"mse":514.2817125937436,"valid_loss":0.10609369986243063,"mae":22.677780151367188,"Runtime (seconds)":605.1779386997223,"_timestamp":1.7361627711863606e+09}