{"predicted_trend_stock_price":162.57266235351562,"seasonal_0_train_loss":1.1771761305688873,"dim":128,"real_seasonal_0_stock_price":-6.886692248923765,"_runtime":9.860727638,"seasonal_2_valid_loss":0.8604097328368266,"real_seasonal_2_stock_price":16.307195141839433,"resid_train_loss":3.2307414452451373,"_step":9,"trend_valid_loss":0.01660630912438527,"AMZN Stock Price Prediction by iTransformer":{"width":1000,"height":600,"_type":"image-file","sha256":"11b1d4cbc1ccaa0cbe26c931973b63fc15b5d232fed8533324b3b40e13a0ac56","size":48631,"path":"media/images/AMZN Stock Price Prediction by iTransformer_8_11b1d4cbc1ccaa0cbe26.png","format":"png"},"real_seasonal_3_stock_price":9.210042698987007,"predicted_seasonal_2_stock_price":0.5157486200332642,"depth":4,"resid_valid_loss":2.8345279533471635,"mae":49.26789855957031,"seasonal_0_valid_loss":1.2321937778568377,"_timestamp":1.7367281307380035e+09,"seasonal_2_train_loss":0.8762959071300315,"seasonal_1_valid_loss":0.6233967186777832,"Runtime (seconds)":4.614748239517212,"real_stock_price":218.94000244140625,"predicted_resid_stock_price":-5.478789329528809,"predicted_seasonal_1_stock_price":1.8567639589309692,"predicted_seasonal_0_stock_price":-0.6838921308517456,"seasonal_3_train_loss":0.6176151008571451,"real_trend_stock_price":167.5354913342489,"_wandb":{"runtime":9},"periods":[252,504,756,1260],"mse":2427.3258284761105,"real_seasonal_1_stock_price":2.721535027645758,"rmse":49.26789855957031,"predicted_seasonal_3_stock_price":10.88961410522461,"seasonal_3_valid_loss":0.33165179784335785,"real_resid_stock_price":30.052430487608945,"trend_train_loss":0.22855456585472822,"final_predicted_stock_price":169.67210388183594,"seasonal_1_train_loss":1.3686940154204001}