{"predicted_seasonal_2_stock_price":-0.9288495779037476,"seasonal_2_train_loss":1.3098031638956618,"_runtime":13.079726044,"resid_train_loss":0.6267247207275244,"AAPL Stock Price Prediction by iTransformer":{"format":"png","width":1000,"height":600,"_type":"image-file","sha256":"3fe828abea9201986bd5560f8f6bb6c4339d050681d3a3b1dc7002dd757957fc","size":46505,"path":"media/images/AAPL Stock Price Prediction by iTransformer_8_3fe828abea9201986bd5.png"},"trend_valid_loss":1.0787475109100342,"real_stock_price":236.85000610351562,"seasonal_3_valid_loss":0.21512156788339007,"predicted_trend_stock_price":152.4246826171875,"predicted_seasonal_1_stock_price":2.1144003868103027,"final_predicted_stock_price":175.98623657226562,"seasonal_3_train_loss":0.9451346855678664,"real_trend_stock_price":221.2601114671375,"_wandb":{"runtime":13},"seasonal_0_valid_loss":0.43866219820060165,"predicted_seasonal_3_stock_price":13.493979454040527,"real_seasonal_3_stock_price":4.670786527346424,"seasonal_2_valid_loss":2.650836286159951,"predicted_resid_stock_price":7.143397331237793,"real_seasonal_1_stock_price":-3.14067974148805,"dim":128,"resid_valid_loss":0.21207658714849173,"rmse":60.86376953125,"periods":[252,504,756,1260],"mae":60.86376953125,"seasonal_0_train_loss":0.2614192170653614,"real_seasonal_2_stock_price":7.340472304027543,"trend_train_loss":0.216048254669011,"seasonal_1_valid_loss":2.240804459874993,"_step":9,"depth":4,"seasonal_1_train_loss":2.0732550153394986,"predicted_seasonal_0_stock_price":1.7386280298233032,"real_seasonal_0_stock_price":-2.3363789876880943,"Runtime (seconds)":6.316572189331055,"real_resid_stock_price":9.055694534180304,"mse":3704.398441553116,"_timestamp":1.7367240510265498e+09}