{"trend_train_loss":0.48247453346467617,"predicted_seasonal_2_stock_price":4.622377395629883,"seasonal_2_valid_loss":0.19598430137812478,"real_seasonal_2_stock_price":7.340474952193905,"seasonal_3_valid_loss":0.4652117358693193,"real_trend_stock_price":221.2601111769569,"Runtime (seconds)":4.190853118896484,"periods":[252,504,756,1260],"seasonal_2_train_loss":1.0269687777194403,"dim":128,"seasonal_3_train_loss":0.404181990213262,"resid_valid_loss":0.666412853928549,"depth":4,"predicted_seasonal_1_stock_price":-1.5202659368515015,"_wandb":{"runtime":9},"trend_valid_loss":1.3019382444905563,"real_stock_price":236.85000610351562,"mae":109.6529312133789,"predicted_trend_stock_price":114.07598114013672,"real_seasonal_3_stock_price":4.670792691248996,"mse":12023.765323686006,"real_seasonal_1_stock_price":-3.140678596229925,"seasonal_0_valid_loss":0.4548598825931549,"predicted_seasonal_3_stock_price":2.0785675048828125,"seasonal_0_train_loss":0.45071887653225784,"predicted_resid_stock_price":6.337907791137695,"_step":9,"seasonal_1_valid_loss":0.27921548576692273,"predicted_seasonal_0_stock_price":1.602506399154663,"real_resid_stock_price":9.05568988920649,"AAPL Stock Price Prediction by iTransformer":{"path":"media/images/AAPL Stock Price Prediction by iTransformer_8_2f49d1dfbbd1cbeda685.png","format":"png","width":1000,"height":600,"_type":"image-file","sha256":"2f49d1dfbbd1cbeda685628746982096a53c3fedf76ca7c3748f228a7d60cb67","size":46621},"final_predicted_stock_price":127.19707489013672,"_runtime":9.742020241,"rmse":109.6529312133789,"real_seasonal_0_stock_price":-2.3363840098607733,"resid_train_loss":0.8875577866974937,"seasonal_1_train_loss":0.4801044017645239,"_timestamp":1.7367507305022395e+09}