{"predicted_seasonal_0_stock_price":1.7752147912979126,"_step":9,"mae":148.5232391357422,"depth":4,"real_seasonal_0_stock_price":-2.3363778922458485,"final_predicted_stock_price":88.32676696777344,"AAPL Stock Price Prediction by iTransformer":{"size":45974,"path":"media/images/AAPL Stock Price Prediction by iTransformer_8_3972a54119089d76a6d3.png","format":"png","width":1000,"height":600,"_type":"image-file","sha256":"3972a54119089d76a6d3f941efdb438e967eb61357ed64621cdbc5267c3f4076"},"real_seasonal_2_stock_price":7.340469831663004,"resid_train_loss":1.2694721835512148,"resid_valid_loss":1.9404302974269814,"_wandb":{"runtime":10},"predicted_resid_stock_price":-0.7221488952636719,"seasonal_0_valid_loss":2.126351989404072,"seasonal_0_train_loss":0.8707604331871643,"_timestamp":1.7367219807993288e+09,"dim":128,"periods":[252,504,756,1260],"predicted_seasonal_2_stock_price":3.5960030555725098,"seasonal_2_valid_loss":0.2169076420703725,"real_seasonal_1_stock_price":-3.1406756885388734,"_runtime":10.900471308,"real_trend_stock_price":221.2601109473564,"seasonal_1_valid_loss":0.5839678645133972,"predicted_trend_stock_price":82.31106567382812,"seasonal_3_train_loss":0.9089480071042814,"predicted_seasonal_3_stock_price":1.6308155059814453,"mse":22059.15256337286,"rmse":148.5232391357422,"seasonal_2_train_loss":1.093047599840318,"predicted_seasonal_1_stock_price":-0.2641764283180237,"trend_train_loss":1.1117501949339734,"real_seasonal_3_stock_price":4.670784871780425,"real_stock_price":236.85000610351562,"real_resid_stock_price":9.055694033500515,"Runtime (seconds)":4.936810493469238,"trend_valid_loss":3.7967145919799803,"seasonal_3_valid_loss":0.6679030640849045,"seasonal_1_train_loss":0.5871403022416197}