{"predicted_seasonal_3_stock_price":10.092503547668457,"depth":4,"real_seasonal_3_stock_price":9.210042698987007,"mae":85.12571716308594,"real_resid_stock_price":30.052430487608945,"trend_valid_loss":1.0456985113388553,"resid_valid_loss":0.5601962199480366,"_step":9,"rmse":85.12571716308594,"seasonal_1_valid_loss":0.5118505997204843,"final_predicted_stock_price":133.8142852783203,"_timestamp":1.7367529286542084e+09,"Runtime (seconds)":5.765769004821777,"seasonal_1_train_loss":0.5866976068869563,"real_seasonal_1_stock_price":2.721535027645758,"real_stock_price":218.94000244140625,"predicted_seasonal_0_stock_price":-6.527146816253662,"seasonal_0_valid_loss":0.07510409648194141,"seasonal_0_train_loss":0.23831237788209741,"resid_train_loss":0.9824913618856757,"_runtime":13.344693789,"seasonal_2_train_loss":0.4572492840757781,"dim":128,"_wandb":{"runtime":13},"seasonal_3_valid_loss":0.18200507341590647,"predicted_resid_stock_price":13.850506782531738,"real_seasonal_2_stock_price":16.307195141839433,"predicted_seasonal_2_stock_price":10.259260177612305,"trend_train_loss":1.6148981892382206,"predicted_trend_stock_price":102.34191131591797,"periods":[252,504,756,1260],"seasonal_2_valid_loss":0.3615381341427565,"real_trend_stock_price":167.5354913342489,"predicted_seasonal_1_stock_price":3.797239065170288,"mse":7246.387722529704,"real_seasonal_0_stock_price":-6.886692248923765,"seasonal_3_train_loss":0.5000406656343537,"AMZN Stock Price Prediction by iTransformer":{"width":1000,"height":600,"_type":"image-file","sha256":"2b8fbb0753067b2a5679edb05fbd697b28eb642b1bbfbba203cf7a94bc29d8e7","size":46077,"path":"media/images/AMZN Stock Price Prediction by iTransformer_8_2b8fbb0753067b2a5679.png","format":"png"}}