{"real_trend_stock_price":221.2601119009406,"real_seasonal_2_stock_price":7.340472641074912,"periods":[252,504,756,1260],"real_seasonal_3_stock_price":4.67078356087041,"predicted_seasonal_1_stock_price":-1.1855123043060303,"AAPL Stock Price Prediction by iTransformer":{"format":"png","width":1000,"height":600,"_type":"image-file","sha256":"a4ce3f98d6e6653d2b3b6c650bbe96470ac293b895c8547827d3439f0257b474","size":47066,"path":"media/images/AAPL Stock Price Prediction by iTransformer_8_a4ce3f98d6e6653d2b3b.png"},"real_seasonal_0_stock_price":-2.336378888067038,"seasonal_0_train_loss":1.071815129602328,"dim":128,"_wandb":{"runtime":8},"trend_train_loss":0.23980368599402974,"depth":4,"seasonal_0_valid_loss":2.0149822012096847,"rmse":97.72727966308594,"predicted_trend_stock_price":140.32801818847656,"seasonal_3_valid_loss":1.665973228059317,"real_resid_stock_price":9.055694937807601,"real_stock_price":236.85000610351562,"_runtime":8.912614834,"predicted_resid_stock_price":-1.9227293729782104,"predicted_seasonal_3_stock_price":-0.7311814427375793,"seasonal_2_valid_loss":1.5861094567884488,"seasonal_2_train_loss":1.8059821221296835,"real_seasonal_1_stock_price":-3.1406780491108552,"Runtime (seconds)":3.885127067565918,"_timestamp":1.736741301179315e+09,"seasonal_3_train_loss":2.1060125132902874,"mse":9550.62119034701,"seasonal_1_valid_loss":1.0447332481472518,"seasonal_1_train_loss":1.1479682191332437,"predicted_seasonal_0_stock_price":0.972044825553894,"resid_valid_loss":1.0401213333027821,"final_predicted_stock_price":139.1227264404297,"predicted_seasonal_2_stock_price":1.6620991230010986,"_step":9,"mae":97.72727966308594,"resid_train_loss":1.3382707047640832,"trend_valid_loss":0.3843107404525364}