{"seasonal_1_train_loss":1.9628537099110281,"seasonal_0_valid_loss":0.7890513076291064,"real_seasonal_3_stock_price":4.670787090220172,"mse":15180.551591911353,"seasonal_2_train_loss":1.9345552553141632,"seasonal_2_valid_loss":5.049230557420979,"seasonal_1_valid_loss":1.795857912608994,"periods":[252,504,756,1260],"rmse":123.20938110351562,"predicted_seasonal_3_stock_price":4.251311302185059,"AAPL Stock Price Prediction by iTransformer":{"format":"png","width":1000,"height":600,"_type":"image-file","sha256":"c50ff296f1eb8d1dbdc2cfe0e4d5237581b59d7f47914a7fa14a1d22ed126d63","size":47162,"path":"media/images/AAPL Stock Price Prediction by iTransformer_8_c50ff296f1eb8d1dbdc2.png"},"real_seasonal_1_stock_price":-3.1406819335352614,"predicted_seasonal_2_stock_price":-9.971929550170898,"predicted_resid_stock_price":-0.7778022289276123,"predicted_seasonal_0_stock_price":-0.5408423542976379,"seasonal_0_train_loss":0.4982680601986377,"dim":128,"real_resid_stock_price":9.055693427061101,"resid_train_loss":1.2620448948477478,"Runtime (seconds)":5.261938095092773,"seasonal_3_train_loss":1.01628637266449,"final_predicted_stock_price":113.640625,"_runtime":12.144242107,"_wandb":{"runtime":12},"real_seasonal_0_stock_price":-2.3363786475991213,"resid_valid_loss":2.1896783305874354,"trend_valid_loss":2.051940441131592,"predicted_trend_stock_price":121.72366333007812,"trend_train_loss":0.35399480936555144,"predicted_seasonal_1_stock_price":-1.0437757968902588,"real_trend_stock_price":221.26011136175586,"real_seasonal_2_stock_price":7.340474805612899,"_timestamp":1.7367311270837426e+09,"mae":123.20938110351562,"seasonal_3_valid_loss":0.38361501269967596,"_step":9,"real_stock_price":236.85000610351562,"depth":4}