{"seasonal_2_valid_loss":0.07095081471441465,"seasonal_3_train_loss":1.4076006728520232,"seasonal_3_valid_loss":1.4216599053008145,"predicted_seasonal_1_stock_price":-0.12121695280075073,"dim":128,"periods":[252,504,756,1260],"_timestamp":1.7367214586238081e+09,"_runtime":13.459590044,"real_stock_price":218.94000244140625,"Runtime (seconds)":5.643466949462891,"predicted_trend_stock_price":100.23834228515625,"_step":9,"predicted_seasonal_0_stock_price":-6.487896919250488,"resid_valid_loss":1.6856372055666786,"real_trend_stock_price":167.5354913342489,"trend_train_loss":0.9240843262653304,"predicted_seasonal_3_stock_price":8.892969131469727,"_wandb":{"runtime":13},"seasonal_1_train_loss":1.1486673217766665,"AMZN Stock Price Prediction by iTransformer":{"sha256":"4ff6029591a669232c222eab258fc213bb9ea58d5bfe8dd45b450ac25c83140f","size":46268,"path":"media/images/AMZN Stock Price Prediction by iTransformer_8_4ff6029591a669232c22.png","format":"png","width":1000,"height":600,"_type":"image-file"},"real_seasonal_1_stock_price":2.721535027645758,"real_resid_stock_price":30.052430487608945,"resid_train_loss":2.7444969563941153,"predicted_seasonal_2_stock_price":12.694585800170898,"seasonal_0_train_loss":0.5156471839334897,"predicted_resid_stock_price":-4.2118072509765625,"real_seasonal_3_stock_price":9.210042698987007,"mse":11649.970285804011,"seasonal_2_train_loss":0.688683011291995,"mae":107.93502807617188,"final_predicted_stock_price":111.00497436523438,"depth":4,"seasonal_0_valid_loss":0.5021165834776741,"trend_valid_loss":1.658382823534101,"rmse":107.93502807617188,"seasonal_1_valid_loss":1.0975707170264475,"real_seasonal_0_stock_price":-6.886692248923765,"real_seasonal_2_stock_price":16.307195141839433}