{"real_trend_stock_price":221.26011165396642,"trend_valid_loss":1.9535397871946678,"predicted_seasonal_1_stock_price":-2.7975361347198486,"mse":14090.821309634543,"real_stock_price":236.85000610351562,"predicted_seasonal_0_stock_price":0.7856782078742981,"predicted_resid_stock_price":1.4975004196166992,"_step":9,"real_seasonal_0_stock_price":-2.3363778951361263,"predicted_seasonal_3_stock_price":6.843052864074707,"seasonal_2_valid_loss":0.3475659785932199,"_timestamp":1.7367357768216212e+09,"mae":118.70476531982422,"Runtime (seconds)":4.749744415283203,"depth":4,"real_seasonal_2_stock_price":7.340470014863754,"trend_train_loss":0.27750153823815765,"resid_valid_loss":0.822672876236322,"rmse":118.70476531982422,"seasonal_3_train_loss":0.49826919648518153,"seasonal_0_valid_loss":1.2679178489106042,"periods":[252,504,756,1260],"AAPL Stock Price Prediction by iTransformer":{"sha256":"e6aec5cd7eb1059d8a40277997fcdcd755872be650460ba00efb07c916631205","size":47192,"path":"media/images/AAPL Stock Price Prediction by iTransformer_8_e6aec5cd7eb1059d8a40.png","format":"png","width":1000,"height":600,"_type":"image-file"},"seasonal_3_valid_loss":0.2042251843329213,"seasonal_2_train_loss":0.7836649195239769,"dim":128,"seasonal_0_train_loss":0.8633271767787944,"final_predicted_stock_price":118.1452407836914,"real_seasonal_1_stock_price":-3.1406704428110963,"real_seasonal_3_stock_price":4.670780718207956,"seasonal_1_train_loss":0.49508308716442273,"real_resid_stock_price":9.055692054424725,"seasonal_1_valid_loss":0.25549562218823013,"predicted_trend_stock_price":109.1404800415039,"predicted_seasonal_2_stock_price":2.676068067550659,"_wandb":{"runtime":12},"_runtime":12.140175211,"resid_train_loss":0.8636935234821551}