{"resid_train_loss":0.40581004165276996,"trend_valid_loss":0.007864998624319185,"real_seasonal_3_stock_price":9.210042698987007,"real_seasonal_0_stock_price":-6.886692248923765,"trend_train_loss":0.04413680215713406,"real_trend_stock_price":167.5354913342489,"_wandb":{"runtime":24},"real_seasonal_2_stock_price":16.307195141839433,"predicted_resid_stock_price":11.922447204589844,"depth":4,"_runtime":24.337525691,"mse":2097.6025416711345,"resid_valid_loss":0.311390523937079,"seasonal_1_valid_loss":0.11307067941562296,"seasonal_2_valid_loss":0.752121078830675,"predicted_seasonal_0_stock_price":-7.745068073272705,"predicted_seasonal_2_stock_price":1.9044212102890015,"predicted_seasonal_1_stock_price":2.509889602661133,"seasonal_3_train_loss":0.622866809030098,"dim":128,"real_stock_price":218.94000244140625,"seasonal_0_valid_loss":0.40371284998477774,"seasonal_2_train_loss":0.7452806661021896,"final_predicted_stock_price":173.14041137695312,"predicted_seasonal_3_stock_price":4.93457555770874,"Runtime (seconds)":10.742780923843384,"real_seasonal_1_stock_price":2.721535027645758,"rmse":45.799591064453125,"mae":45.799591064453125,"seasonal_0_train_loss":0.40227781457202544,"_timestamp":1.736711907530709e+09,"AMZN Stock Price Prediction by iTransformer":{"width":1000,"height":600,"_type":"image-file","sha256":"bf9f3e3c88e7883509bf9d3c494e5134d82b6bb82e195799fe026fcae6b3b337","size":48397,"path":"media/images/AMZN Stock Price Prediction by iTransformer_8_bf9f3e3c88e7883509bf.png","format":"png"},"_step":9,"real_resid_stock_price":30.052430487608945,"seasonal_3_valid_loss":0.4291592696334708,"predicted_trend_stock_price":159.61416625976562,"seasonal_1_train_loss":0.3754802069816116,"periods":[252,504,756,1260]}