{"_runtime":10.698081323,"mae":35.53746032714844,"predicted_seasonal_2_stock_price":3.9550397396087646,"real_seasonal_1_stock_price":-3.1406751988407273,"_timestamp":1.7367465038104346e+09,"real_trend_stock_price":221.26011197170016,"seasonal_0_train_loss":0.7795415392500304,"real_resid_stock_price":9.055697546569604,"seasonal_2_valid_loss":0.1887653250389033,"resid_valid_loss":0.38588249683380127,"Runtime (seconds)":5.147658348083496,"predicted_resid_stock_price":4.234705924987793,"_step":9,"depth":4,"real_seasonal_3_stock_price":4.670782514170369,"real_stock_price":236.85000610351562,"AAPL Stock Price Prediction by iTransformer":{"format":"png","width":1000,"height":600,"_type":"image-file","sha256":"9d6a42a6f84a505435beb0d1bd99468fdaeeb1c7d0d70218b77aa4b8c78379d8","size":48888,"path":"media/images/AAPL Stock Price Prediction by iTransformer_8_9d6a42a6f84a505435be.png"},"mse":1262.9110865036491,"predicted_trend_stock_price":193.76498413085938,"predicted_seasonal_0_stock_price":-1.65535569190979,"rmse":35.53746032714844,"trend_valid_loss":0.04712137837116032,"trend_train_loss":0.23009929214749306,"_wandb":{"runtime":10},"predicted_seasonal_3_stock_price":2.0380332469940186,"seasonal_2_train_loss":0.615000305693607,"resid_train_loss":0.6871145121118172,"seasonal_1_train_loss":1.770652212045526,"predicted_seasonal_1_stock_price":-1.0248644351959229,"seasonal_1_valid_loss":1.4555138315611738,"seasonal_3_valid_loss":0.48158494466236224,"real_seasonal_0_stock_price":-2.336378947196758,"seasonal_0_valid_loss":1.587021624985731,"real_seasonal_2_stock_price":7.3404682171130125,"dim":128,"periods":[252,504,756,1260],"seasonal_3_train_loss":0.4772421484813094,"final_predicted_stock_price":201.3125457763672}