{"real_stock_price":259.0199890136719,"predicted_seasonal_2_stock_price":-10.722000122070312,"_runtime":25.0574628,"real_seasonal_1_stock_price":0.8564153718321246,"seasonal_0_train_loss":0.23393927997510347,"final_predicted_stock_price":163.08175659179688,"seasonal_0_valid_loss":0.6561080663092977,"resid_train_loss":0.6150811436399256,"trend_valid_loss":0.12966628905897046,"predicted_resid_stock_price":-0.869949460029602,"predicted_seasonal_3_stock_price":-8.329375267028809,"mse":9204.144440233707,"predicted_seasonal_0_stock_price":0.8376262187957764,"_timestamp":1.7367861161180625e+09,"AAPL Stock Price Prediction by Transformer":{"format":"png","width":1000,"height":600,"_type":"image-file","sha256":"21b53d2fd95f1ce8cee60f4bd994f2ad1ecc8c6b669a582f1f3008da84e44961","size":54947,"path":"media/images/AAPL Stock Price Prediction by Transformer_8_21b53d2fd95f1ce8cee6.png"},"real_seasonal_0_stock_price":2.499731079928929,"real_seasonal_2_stock_price":9.569274238833929,"real_trend_stock_price":219.55312845277268,"depth":4,"seasonal_2_train_loss":1.0276415893628783,"predicted_trend_stock_price":181.95150756835938,"trend_train_loss":0.10057704180342132,"rmse":95.938232421875,"seasonal_3_train_loss":2.1350619594856095,"seasonal_1_train_loss":0.1415988895893097,"real_resid_stock_price":18.594269309804986,"seasonal_3_valid_loss":2.561021001123506,"seasonal_1_valid_loss":0.06606967878801312,"real_seasonal_3_stock_price":7.947170560499195,"_step":9,"periods":[252,504,756,1260],"seasonal_2_valid_loss":4.519060981886255,"dim":128,"Runtime (seconds)":12.617045879364014,"resid_valid_loss":1.5789238214492798,"mae":95.938232421875,"predicted_seasonal_1_stock_price":0.21394284069538116,"_wandb":{"runtime":25}}