{"predicted_seasonal_0_stock_price":1.1627388000488281,"seasonal_2_valid_loss":0.5232176726149681,"real_resid_stock_price":9.055690380620149,"seasonal_0_valid_loss":1.2249185751245908,"seasonal_1_valid_loss":1.2082780840549063,"real_seasonal_2_stock_price":7.340469683816769,"real_seasonal_0_stock_price":-2.336379823370741,"final_predicted_stock_price":136.62538146972656,"predicted_trend_stock_price":125.02135467529297,"seasonal_0_train_loss":0.5157639512480401,"predicted_resid_stock_price":5.978560447692871,"seasonal_3_valid_loss":1.570797207429237,"real_stock_price":236.85000610351562,"real_seasonal_1_stock_price":-3.1406774030812716,"_timestamp":1.7367212176014342e+09,"_runtime":10.115295067,"real_trend_stock_price":221.26011187404586,"periods":[252,504,756,1260],"_step":9,"seasonal_2_train_loss":0.875202252661341,"seasonal_1_train_loss":1.4027481195453095,"mae":100.22462463378906,"predicted_seasonal_1_stock_price":0.07444562017917633,"depth":4,"trend_valid_loss":0.6243545805782408,"predicted_seasonal_3_stock_price":3.7074801921844482,"predicted_seasonal_2_stock_price":0.680804431438446,"trend_train_loss":0.07341752688924254,"rmse":100.22462463378906,"mse":10044.975382983917,"real_seasonal_3_stock_price":4.670791391484881,"resid_valid_loss":0.27501078396705925,"AAPL Stock Price Prediction by iTransformer":{"width":1000,"height":600,"_type":"image-file","sha256":"2aa2c90b1aed8177a14b23c6daf634014f0b588663497efe080d3adceb34d76a","size":46918,"path":"media/images/AAPL Stock Price Prediction by iTransformer_8_2aa2c90b1aed8177a14b.png","format":"png"},"seasonal_3_train_loss":1.7092751642787325,"resid_train_loss":0.3889687661719215,"dim":128,"_wandb":{"runtime":10},"Runtime (seconds)":4.660318374633789}