{"train_loss":0.06148774955386643,"valid_loss":0.03285343087856521,"dim":128,"real_stock_price":195.38999938964844,"r2_score":NaN,"GOOG Stock Price Prediction by iTransformer(no MSTL)":{"size":56232,"path":"media/images/GOOG Stock Price Prediction by iTransformer(no MSTL)_165_7b3fb1f79b70c6859623.png","format":"png","width":1000,"height":600,"_type":"image-file","sha256":"7b3fb1f79b70c6859623dd71beb7533a0606935bbddd062ab67ebe79988bbdf1"},"_step":166,"predicted_stock_price":187.487548828125,"mse":62.44872487732209,"Runtime (seconds)":225.82163763046265,"depth":4,"rmse":7.9024505615234375,"mae":7.9024505615234375,"_timestamp":1.7387839676580245e+09,"_wandb":{"runtime":5836},"_runtime":5836.416396236}