{"mae":1.0811443328857422,"rmse":1.0811443328857422,"r2_score":NaN,"predicted_stock_price":25.900821685791016,"PFE Stock Price Prediction by iTransformer(no MSTL)":{"height":600,"_type":"image-file","sha256":"80fe9be84dd266094276a426578eb943af1e27093b1f27f472b3114ace21c090","size":57178,"path":"media/images/PFE Stock Price Prediction by iTransformer(no MSTL)_290_80fe9be84dd266094276.png","format":"png","width":1000},"depth":4,"real_stock_price":24.819677352905273,"_wandb":{"runtime":4853},"Runtime (seconds)":251.17929220199585,"train_loss":0.05401133516916296,"_step":291,"dim":128,"valid_loss":0.037214700149881784,"_timestamp":1.738512574871336e+09,"_runtime":4853.484113873,"mse":1.1688730685309565}