{"predicted_seasonal_1_stock_price":-2.679245710372925,"real_stock_price":236.85000610351562,"AAPL Stock Price Prediction by iTransformer":{"_type":"image-file","sha256":"27b9c9a8205d8f4b23e7f4088c4227a468cce0f83607acc748af9d15620fc7ea","size":46894,"path":"media/images/AAPL Stock Price Prediction by iTransformer_8_27b9c9a8205d8f4b23e7.png","format":"png","width":1000,"height":600},"predicted_seasonal_0_stock_price":0.5319378972053528,"seasonal_2_train_loss":1.6299168536549105,"predicted_trend_stock_price":141.79666137695312,"seasonal_3_train_loss":0.6993485626284663,"seasonal_3_valid_loss":0.2998785553338842,"seasonal_0_valid_loss":0.3611714305658626,"Runtime (seconds)":5.465083837509155,"predicted_resid_stock_price":-7.877144813537598,"trend_valid_loss":0.7330277709343173,"periods":[252,504,756,1260],"rmse":102.28759765625,"seasonal_2_valid_loss":1.5025566327107418,"seasonal_0_train_loss":0.34691489899843714,"real_seasonal_3_stock_price":4.670780695354961,"_wandb":{"runtime":12},"real_seasonal_0_stock_price":-2.3363701638233363,"seasonal_1_valid_loss":0.2837081849575043,"real_resid_stock_price":9.055690877515048,"depth":4,"real_seasonal_1_stock_price":-3.140678757639476,"dim":128,"predicted_seasonal_2_stock_price":-1.0051831007003784,"resid_valid_loss":2.3953213406788123,"seasonal_1_train_loss":0.3364249036694965,"_timestamp":1.7367510298334467e+09,"real_seasonal_2_stock_price":7.340472449764018,"predicted_seasonal_3_stock_price":3.7953875064849854,"mae":102.28759765625,"_step":9,"_runtime":12.080876177,"final_predicted_stock_price":134.56240844726562,"real_trend_stock_price":221.26011100234444,"resid_train_loss":2.4170957337652856,"mse":10462.75263428688,"trend_train_loss":0.09132608369162137}