{"_timestamp":1.736735814356382e+09,"seasonal_0_valid_loss":0.5758823156356812,"trend_train_loss":0.10670862597288161,"Runtime (seconds)":4.760164737701416,"mae":102.39706420898438,"trend_valid_loss":0.97429831636032,"real_seasonal_2_stock_price":7.34047024520177,"predicted_seasonal_3_stock_price":-4.057128429412842,"AAPL Stock Price Prediction by iTransformer":{"_type":"image-file","sha256":"594f5b34948a8d23ae36e985667fb171cf4732469f5ba5d7ae258fbc96eaad57","size":46875,"path":"media/images/AAPL Stock Price Prediction by iTransformer_8_594f5b34948a8d23ae36.png","format":"png","width":1000,"height":600},"predicted_seasonal_2_stock_price":5.33083963394165,"seasonal_1_valid_loss":0.37928513062532876,"seasonal_0_train_loss":0.5126851447281645,"final_predicted_stock_price":134.45294189453125,"real_stock_price":236.85000610351562,"real_resid_stock_price":9.055691527415291,"real_trend_stock_price":221.2601118983383,"predicted_seasonal_1_stock_price":-1.1327815055847168,"_wandb":{"runtime":11},"seasonal_2_valid_loss":0.19590134940798276,"real_seasonal_3_stock_price":4.670785809427594,"predicted_seasonal_0_stock_price":1.1328424215316772,"seasonal_3_valid_loss":1.1815790014529446,"predicted_trend_stock_price":122.60740661621094,"real_seasonal_0_stock_price":-2.336375934204998,"depth":4,"_runtime":11.977904408,"dim":128,"rmse":102.39706420898438,"seasonal_2_train_loss":0.5058842441929986,"_step":9,"predicted_resid_stock_price":10.571763038635254,"seasonal_1_train_loss":0.37980102114857006,"periods":[252,504,756,1260],"real_seasonal_1_stock_price":-3.140677442662362,"resid_valid_loss":0.43656221410039525,"seasonal_3_train_loss":0.941555233850871,"resid_train_loss":0.3485209050052094,"mse":10485.158758618869}