{"rmse":48.19041442871094,"Runtime (seconds)":5.471050024032593,"seasonal_0_train_loss":0.24888972324483535,"predicted_resid_stock_price":15.702828407287598,"periods":[252,504,756,1260],"_timestamp":1.736727543931519e+09,"predicted_seasonal_3_stock_price":6.005302429199219,"real_trend_stock_price":167.5354913342489,"resid_valid_loss":0.7544339895248413,"mae":48.19041442871094,"AMZN Stock Price Prediction by iTransformer":{"width":1000,"height":600,"_type":"image-file","sha256":"22b79d96ffb1551239b46194db193ca5211ee787e9941d9b58d4f4ced51ccc41","size":48665,"path":"media/images/AMZN Stock Price Prediction by iTransformer_8_22b79d96ffb1551239b4.png","format":"png"},"mse":2322.3160428109113,"seasonal_1_valid_loss":0.18843653828938509,"trend_train_loss":0.2559065410534478,"_wandb":{"runtime":11},"trend_valid_loss":0.0673039791247927,"seasonal_0_valid_loss":0.3040602086674943,"seasonal_2_valid_loss":0.10856227127473746,"predicted_seasonal_1_stock_price":3.3345260620117188,"resid_train_loss":0.7112408492473143,"final_predicted_stock_price":170.7495880126953,"real_seasonal_0_stock_price":-6.886692248923765,"predicted_trend_stock_price":144.20541381835938,"_step":9,"predicted_seasonal_0_stock_price":-8.275813102722168,"depth":4,"real_seasonal_1_stock_price":2.721535027645758,"real_stock_price":218.94000244140625,"predicted_seasonal_2_stock_price":9.777335166931152,"seasonal_1_train_loss":0.9376839194902886,"seasonal_3_valid_loss":0.2686908358129962,"seasonal_3_train_loss":0.8135201552343512,"_runtime":11.572612483,"seasonal_2_train_loss":0.82807915875245,"real_seasonal_2_stock_price":16.307195141839433,"real_resid_stock_price":30.052430487608945,"real_seasonal_3_stock_price":9.210042698987007,"dim":128}