{"seasonal_3_train_loss":1.0664342079124494,"predicted_trend_stock_price":51.040061950683594,"trend_train_loss":1.7470778168741687,"predicted_resid_stock_price":-3.2887344360351562,"seasonal_1_valid_loss":0.9560967272630444,"seasonal_0_valid_loss":0.7339852281059611,"predicted_seasonal_1_stock_price":1.0357309579849243,"real_trend_stock_price":221.26011176580522,"predicted_seasonal_0_stock_price":1.1990035772323608,"AAPL Stock Price Prediction by iTransformer":{"format":"png","width":1000,"height":600,"_type":"image-file","sha256":"e31974d2185c677eb057c4fd5aec450f0264f3e313235f597ca71b365207267c","size":44609,"path":"media/images/AAPL Stock Price Prediction by iTransformer_8_e31974d2185c677eb057.png"},"real_seasonal_0_stock_price":-2.336382521563242,"seasonal_2_train_loss":1.0931666380310634,"resid_valid_loss":1.185654593341726,"_step":9,"Runtime (seconds)":4.125231504440308,"final_predicted_stock_price":52.89761734008789,"seasonal_0_train_loss":0.43849703760973485,"real_seasonal_3_stock_price":4.670786240187217,"seasonal_2_valid_loss":0.4432528618225552,"depth":4,"real_resid_stock_price":9.05569206883655,"_runtime":9.008860389,"periods":[252,504,756,1260],"trend_valid_loss":5.052646604409585,"mse":33838.481331771254,"mae":183.95238876342773,"predicted_seasonal_2_stock_price":2.506208896636963,"_timestamp":1.7367482893101194e+09,"seasonal_3_valid_loss":0.2243709414961967,"seasonal_1_train_loss":1.1530877447207835,"resid_train_loss":1.2249715058595225,"predicted_seasonal_3_stock_price":0.4053431749343872,"real_seasonal_1_stock_price":-3.1406754133889003,"real_seasonal_2_stock_price":7.340473963638781,"rmse":183.95238876342773,"dim":128,"_wandb":{"runtime":9},"real_stock_price":236.85000610351562}