{"_runtime":8523.952320991,"_timestamp":1.7362928591925576e+09,"AAPL Stock Price Prediction by Transformer(no MSTL)":{"format":"png","width":1000,"height":600,"_type":"image-file","sha256":"645cbd8274a1a5887b059603e5317beacd74f3b89835e2202104d08aea4e1dc6","size":49857,"path":"media/images/AAPL Stock Price Prediction by Transformer(no MSTL)_301_645cbd8274a1a5887b05.png"},"_step":302,"train_loss":0.05782220816793509,"real_stock_price":258.20001220703125,"rmse":26.545364379882812,"predicted_stock_price":231.65464782714844,"mse":704.6563700607512,"dim":128,"mae":26.545364379882812,"valid_loss":0.07092256196167158,"_wandb":{"runtime":8523},"Runtime (seconds)":337.09081983566284,"depth":4,"r2_score":NaN}