{"final_predicted_stock_price":100.6702880859375,"periods":[252,504,756,1260],"real_seasonal_1_stock_price":-3.140679024246242,"real_seasonal_3_stock_price":4.670784463593343,"seasonal_1_valid_loss":0.9709038754287063,"real_seasonal_0_stock_price":-2.3363826338071156,"mae":136.17971801757812,"depth":4,"resid_train_loss":1.1349463557671682,"seasonal_2_valid_loss":0.2320401400980288,"_step":9,"trend_train_loss":0.655041016198905,"seasonal_0_train_loss":0.31236784892245945,"predicted_seasonal_1_stock_price":0.5425900220870972,"predicted_trend_stock_price":77.54864501953125,"_runtime":13.247268365,"_wandb":{"runtime":13},"real_seasonal_2_stock_price":7.340476722186957,"rmse":136.17971801757812,"seasonal_1_train_loss":1.9045344032873688,"real_stock_price":236.85000610351562,"real_trend_stock_price":221.26011166312,"predicted_seasonal_3_stock_price":10.328265190124512,"mse":18544.915599347092,"trend_valid_loss":2.3932267868427233,"seasonal_0_valid_loss":0.33960560327796846,"predicted_resid_stock_price":7.040492057800293,"seasonal_3_train_loss":0.519761312883217,"Runtime (seconds)":5.607439994812012,"AAPL Stock Price Prediction by iTransformer":{"format":"png","width":1000,"height":600,"_type":"image-file","sha256":"7998dce781d1841f92a1d5ba52155b1208f6498b18f7df94a0bbcf245d7f639e","size":47642,"path":"media/images/AAPL Stock Price Prediction by iTransformer_8_7998dce781d1841f92a1.png"},"dim":128,"predicted_seasonal_2_stock_price":4.565133094787598,"real_resid_stock_price":9.055694912668685,"predicted_seasonal_0_stock_price":0.6451753973960876,"seasonal_3_valid_loss":0.8332328204065561,"_timestamp":1.7367424635198703e+09,"resid_valid_loss":1.999950020428846,"seasonal_2_train_loss":0.35481806316592657}