{"real_seasonal_3_stock_price":9.210042698987007,"dim":128,"predicted_resid_stock_price":12.84439754486084,"_runtime":13.07398142,"_step":9,"mae":45.7734375,"seasonal_0_train_loss":0.5172154552589754,"seasonal_2_valid_loss":0.275060445898109,"predicted_trend_stock_price":143.27243041992188,"Runtime (seconds)":7.524793863296509,"real_seasonal_0_stock_price":-6.886692248923765,"real_stock_price":218.94000244140625,"resid_train_loss":0.8989021755025366,"mse":2095.2075805664062,"real_seasonal_2_stock_price":16.307195141839433,"seasonal_1_train_loss":1.5345425824729764,"_timestamp":1.7367445513034277e+09,"periods":[252,504,756,1260],"predicted_seasonal_1_stock_price":0.07022857666015625,"seasonal_1_valid_loss":1.622555434703827,"seasonal_3_valid_loss":0.2513113174386121,"seasonal_0_valid_loss":0.484914928359481,"real_seasonal_1_stock_price":2.721535027645758,"real_resid_stock_price":30.052430487608945,"depth":4,"resid_valid_loss":1.2101091017826981,"predicted_seasonal_0_stock_price":-4.127524375915527,"final_predicted_stock_price":173.16656494140625,"predicted_seasonal_3_stock_price":11.754158020019531,"real_trend_stock_price":167.5354913342489,"trend_train_loss":0.1840088689816026,"seasonal_3_train_loss":0.4833750762374296,"AMZN Stock Price Prediction by iTransformer":{"width":1000,"height":600,"_type":"image-file","sha256":"2cd3b0237410f1d6d1e695c57984c151acb54603d71cb13b95a0c6cafdca57fc","size":48331,"path":"media/images/AMZN Stock Price Prediction by iTransformer_8_2cd3b0237410f1d6d1e6.png","format":"png"},"seasonal_2_train_loss":0.31181100909324255,"rmse":45.7734375,"predicted_seasonal_2_stock_price":9.352873802185059,"trend_valid_loss":0.08012785023259641,"_wandb":{"runtime":13}}