{"_runtime":18.454170836,"real_trend_stock_price":167.5354913342489,"real_seasonal_1_stock_price":2.721535027645758,"real_seasonal_3_stock_price":9.210042698987007,"mae":57.59437561035156,"seasonal_2_train_loss":0.4488889263395546,"predicted_trend_stock_price":123.96125030517578,"real_stock_price":218.94000244140625,"real_seasonal_0_stock_price":-6.886692248923765,"depth":4,"_step":9,"real_resid_stock_price":30.052430487608945,"predicted_seasonal_3_stock_price":14.392529487609863,"rmse":57.59437561035156,"seasonal_3_valid_loss":0.12682536670139857,"predicted_seasonal_1_stock_price":2.8091068267822266,"periods":[252,504,756,1260],"resid_valid_loss":0.35231319022368623,"seasonal_0_valid_loss":2.263268736663216,"real_seasonal_2_stock_price":16.307195141839433,"final_predicted_stock_price":161.3456268310547,"seasonal_0_train_loss":1.8812881634511676,"dim":128,"predicted_seasonal_2_stock_price":6.860896110534668,"mse":3317.112101946259,"resid_train_loss":0.34681486474380824,"AMZN Stock Price Prediction by iTransformer":{"sha256":"fdf31821dfb162838fbf005a2a891840905236f7e9263074726fbfff47501d5d","size":48697,"path":"media/images/AMZN Stock Price Prediction by iTransformer_8_fdf31821dfb162838fbf.png","format":"png","width":1000,"height":600,"_type":"image-file"},"predicted_resid_stock_price":11.786057472229004,"seasonal_1_train_loss":1.2536852892868373,"_timestamp":1.7367528894778342e+09,"_wandb":{"runtime":18},"seasonal_1_valid_loss":0.13391880700162248,"seasonal_2_valid_loss":0.3779603530737487,"trend_valid_loss":0.27009774233049755,"trend_train_loss":0.3980423256789618,"predicted_seasonal_0_stock_price":1.5357747077941895,"Runtime (seconds)":8.699865341186523,"seasonal_3_train_loss":0.6381640107602398}