{"real_seasonal_1_stock_price":-2.0901550023669877,"periods":[252,504,756,1260],"depth":4,"predicted_resid_stock_price":11.577558517456055,"mse":320.6184884943068,"real_seasonal_0_stock_price":0.06995965212767113,"dim":128,"Runtime (seconds)":1882.0855476856232,"seasonal_1_valid_loss":0.0037585294624984315,"trend_valid_loss":0.03763275593519211,"_wandb":{"runtime":20191},"mae":17.90582275390625,"seasonal_0_train_loss":0.00011749240161937441,"predicted_seasonal_0_stock_price":-0.5838386416435242,"resid_train_loss":0.03279238953775717,"predicted_seasonal_1_stock_price":-3.003065824508667,"seasonal_0_valid_loss":0.00032174092848435976,"seasonal_3_train_loss":0.006461514747818212,"real_resid_stock_price":18.360631450169393,"GOOG Stock Price Prediction by iTransformer":{"height":600,"_type":"image-file","sha256":"a694e914864f5b1549eef0fde63b990e3c90f486fa68c8f7d6c646c760f5ee5d","size":52580,"path":"media/images/GOOG Stock Price Prediction by iTransformer_1648_a694e914864f5b1549ee.png","format":"png","width":1000},"predicted_seasonal_3_stock_price":9.473697662353516,"rmse":17.90582275390625,"seasonal_2_valid_loss":0.0008791676676022809,"real_seasonal_3_stock_price":9.541987270678908,"predicted_trend_stock_price":148.2913055419922,"_step":1649,"_timestamp":1.7390789275008788e+09,"real_trend_stock_price":157.55144502204996,"resid_valid_loss":0.05217640354208345,"trend_train_loss":0.012267723647695402,"seasonal_3_valid_loss":0.0031685170251876116,"real_seasonal_2_stock_price":14.726135269450438,"seasonal_1_train_loss":0.00221903283707298,"seasonal_2_train_loss":0.00085946421882988,"final_predicted_stock_price":180.25418090820312,"_runtime":20191.520243111,"real_stock_price":198.16000366210938,"predicted_seasonal_2_stock_price":14.498518943786621}