{"resid_train_loss":0.7718809948597763,"_wandb":{"runtime":13},"predicted_seasonal_2_stock_price":4.002616882324219,"seasonal_0_train_loss":0.2861216573803367,"seasonal_1_valid_loss":0.8492884790966276,"seasonal_3_train_loss":1.0069462817211616,"trend_valid_loss":3.087759498366736,"seasonal_2_train_loss":0.5801062979828722,"predicted_seasonal_1_stock_price":-1.4691237211227417,"predicted_resid_stock_price":6.477557182312012,"AAPL Stock Price Prediction by iTransformer":{"sha256":"39b2fd1ad524ebd06cb3966f0d021a5e7506cd0d3373b18b891cb1d91925216c","size":47734,"path":"media/images/AAPL Stock Price Prediction by iTransformer_8_39b2fd1ad524ebd06cb3.png","format":"png","width":1000,"height":600,"_type":"image-file"},"real_stock_price":236.85000610351562,"_step":9,"Runtime (seconds)":6.560022354125977,"real_seasonal_0_stock_price":-2.336379199192488,"real_seasonal_1_stock_price":-3.140678223176282,"mae":136.7373809814453,"real_seasonal_3_stock_price":4.670784919188032,"rmse":136.7373809814453,"seasonal_2_valid_loss":0.21091748462396795,"resid_valid_loss":0.7206560279435523,"depth":4,"dim":128,"_runtime":13.224220171,"real_seasonal_2_stock_price":7.340473734584786,"predicted_seasonal_0_stock_price":0.5339494347572327,"mse":18697.111357664922,"real_trend_stock_price":221.26011144130644,"periods":[252,504,756,1260],"predicted_trend_stock_price":88.66510009765625,"_timestamp":1.7367092662274523e+09,"final_predicted_stock_price":100.11262512207031,"seasonal_3_valid_loss":1.106578680141085,"real_resid_stock_price":9.05569343080515,"seasonal_0_valid_loss":0.5065880073095436,"predicted_seasonal_3_stock_price":1.90252685546875,"trend_train_loss":0.944834681668915,"seasonal_1_train_loss":0.7987770622776401}