{"resid_train_loss":0.6982157085011614,"Runtime (seconds)":3.7158889770507812,"periods":[252,504,756,1260],"seasonal_0_valid_loss":3.001261432436862,"_step":9,"seasonal_1_valid_loss":1.5571130976966494,"_wandb":{"runtime":7},"depth":4,"predicted_seasonal_3_stock_price":2.7730023860931396,"rmse":104.28340148925781,"real_seasonal_3_stock_price":4.670784357170534,"real_resid_stock_price":9.055695549664193,"seasonal_3_valid_loss":0.17614322002063929,"seasonal_2_train_loss":0.7288476031839818,"predicted_trend_stock_price":131.10409545898438,"mae":104.28340148925781,"seasonal_3_train_loss":0.5916064540810055,"real_trend_stock_price":221.26011097204093,"trend_train_loss":0.2177617899501881,"real_seasonal_0_stock_price":-2.3363826802258028,"final_predicted_stock_price":132.5666046142578,"real_seasonal_2_stock_price":7.340474076471212,"predicted_resid_stock_price":-0.9666038751602173,"_timestamp":1.7367318646769698e+09,"real_stock_price":236.85000610351562,"mse":10875.027826169739,"predicted_seasonal_0_stock_price":-0.9471718668937683,"seasonal_0_train_loss":1.0800977653711956,"_runtime":7.927746448,"AAPL Stock Price Prediction by iTransformer":{"height":600,"_type":"image-file","sha256":"1a712e1616fd501000c6474e864ff5301435de81655187bdbecdd45fa4a85f62","size":46937,"path":"media/images/AAPL Stock Price Prediction by iTransformer_8_1a712e1616fd501000c6.png","format":"png","width":1000},"real_seasonal_1_stock_price":-3.1406761716054756,"seasonal_2_valid_loss":0.39750384300626734,"resid_valid_loss":0.8266961371725046,"trend_valid_loss":0.6611752328382414,"predicted_seasonal_1_stock_price":-0.9615901708602905,"seasonal_1_train_loss":1.4638863282989774,"dim":128,"predicted_seasonal_2_stock_price":1.5648852586746216}