{"real_seasonal_2_stock_price":16.307195141839433,"depth":4,"real_seasonal_0_stock_price":-6.886692248923765,"real_seasonal_1_stock_price":2.721535027645758,"trend_train_loss":0.5853905440292785,"dim":128,"seasonal_1_train_loss":0.8034715211156126,"seasonal_0_train_loss":0.4206451827008202,"real_resid_stock_price":30.052430487608945,"_runtime":11.896138794,"mae":33.33668518066406,"trend_valid_loss":0.027010506689704082,"resid_valid_loss":0.7679540657648637,"predicted_seasonal_2_stock_price":10.813116073608398,"seasonal_3_train_loss":1.1826199871046486,"resid_train_loss":0.5364449643955225,"real_trend_stock_price":167.5354913342489,"seasonal_2_valid_loss":0.2652337721616123,"_step":9,"periods":[252,504,756,1260],"real_stock_price":218.94000244140625,"_timestamp":1.736714589212142e+09,"seasonal_2_train_loss":0.6836484384170834,"seasonal_3_valid_loss":0.766204667213405,"real_seasonal_3_stock_price":9.210042698987007,"AMZN Stock Price Prediction by iTransformer":{"_type":"image-file","sha256":"f0adfca096c04fc80798cb44a8e9401684d23908454e40e64a87d49b4b130d71","size":47830,"path":"media/images/AMZN Stock Price Prediction by iTransformer_8_f0adfca096c04fc80798.png","format":"png","width":1000,"height":600},"seasonal_0_valid_loss":0.4682543787818689,"predicted_seasonal_1_stock_price":2.3675012588500977,"rmse":33.33668518066406,"final_predicted_stock_price":185.6033172607422,"predicted_seasonal_3_stock_price":7.576816558837891,"_wandb":{"runtime":11},"seasonal_1_valid_loss":0.2601339328637133,"Runtime (seconds)":5.924258708953857,"mse":1111.334578834707,"predicted_resid_stock_price":16.83572769165039,"predicted_seasonal_0_stock_price":-4.325324058532715,"predicted_trend_stock_price":152.33547973632812}