{"predicted_seasonal_3_stock_price":11.365686416625977,"_wandb":{"runtime":10},"real_seasonal_0_stock_price":-6.886692248923765,"mse":4423.896011902252,"predicted_trend_stock_price":128.15780639648438,"_step":9,"real_trend_stock_price":167.5354913342489,"predicted_resid_stock_price":4.862161159515381,"seasonal_1_train_loss":0.6206886924179902,"resid_valid_loss":0.9250952167118468,"AMZN Stock Price Prediction by iTransformer":{"sha256":"80b2ac814e09d0a2333048b1e35d9c65036614485227e538c0a760c997080db9","size":48707,"path":"media/images/AMZN Stock Price Prediction by iTransformer_8_80b2ac814e09d0a23330.png","format":"png","width":1000,"height":600,"_type":"image-file"},"predicted_seasonal_1_stock_price":3.480034589767456,"_runtime":10.188683403,"rmse":66.51237487792969,"real_seasonal_2_stock_price":16.307195141839433,"seasonal_2_train_loss":0.7623188953864866,"trend_valid_loss":0.40016589603926006,"seasonal_1_valid_loss":0.09417515744765599,"predicted_seasonal_0_stock_price":-1.0762661695480347,"periods":[252,504,756,1260],"real_resid_stock_price":30.052430487608945,"seasonal_3_train_loss":0.6217723860754631,"resid_train_loss":1.3744071757565532,"predicted_seasonal_2_stock_price":5.638187408447266,"seasonal_0_train_loss":0.8508426432913923,"Runtime (seconds)":4.705388307571411,"seasonal_2_valid_loss":0.694996080791314,"real_seasonal_1_stock_price":2.721535027645758,"real_seasonal_3_stock_price":9.210042698987007,"depth":4,"seasonal_0_valid_loss":1.0457323518282962,"final_predicted_stock_price":152.42762756347656,"dim":128,"real_stock_price":218.94000244140625,"seasonal_3_valid_loss":0.24493432848861343,"mae":66.51237487792969,"_timestamp":1.736752349848304e+09,"trend_train_loss":0.40823214910589983}