{"real_resid_stock_price":30.052430487608945,"real_seasonal_2_stock_price":16.307195141839433,"predicted_seasonal_2_stock_price":16.688404083251953,"real_seasonal_0_stock_price":-6.886692248923765,"predicted_seasonal_1_stock_price":-0.7452436685562134,"_step":9,"mse":10314.194454364711,"_wandb":{"runtime":9},"predicted_seasonal_3_stock_price":14.851339340209961,"seasonal_1_valid_loss":1.0538021422180057,"real_trend_stock_price":167.5354913342489,"seasonal_1_train_loss":0.896345407486764,"resid_train_loss":1.459095852793837,"seasonal_0_train_loss":0.8955935821060307,"seasonal_2_valid_loss":0.22504792003719895,"periods":[252,504,756,1260],"seasonal_3_valid_loss":1.3260242573524776,"predicted_trend_stock_price":95.64078521728516,"resid_valid_loss":1.7848637189412608,"predicted_seasonal_0_stock_price":-2.8416805267333984,"real_stock_price":218.94000244140625,"rmse":101.55882263183594,"_runtime":9.444211067,"AMZN Stock Price Prediction by iTransformer":{"_type":"image-file","sha256":"0895208b94e42731c949a66842cc17d279d8584f353dd156628e5caa59b42a84","size":46289,"path":"media/images/AMZN Stock Price Prediction by iTransformer_8_0895208b94e42731c949.png","format":"png","width":1000,"height":600},"predicted_resid_stock_price":-6.212425231933594,"trend_train_loss":0.9801612506389418,"seasonal_2_train_loss":0.5101375656980969,"Runtime (seconds)":4.642704010009766,"trend_valid_loss":1.6180619709473802,"_timestamp":1.7367127195133135e+09,"seasonal_3_train_loss":1.2054909503665463,"mae":101.55882263183594,"depth":4,"final_predicted_stock_price":117.38117980957031,"real_seasonal_1_stock_price":2.721535027645758,"dim":128,"real_seasonal_3_stock_price":9.210042698987007,"seasonal_0_valid_loss":0.3461253345012665}