{"trend_train_loss":1.6256500395140538,"mae":142.5968246459961,"seasonal_2_train_loss":0.7249768275643977,"periods":[252,504,756,1260],"predicted_seasonal_1_stock_price":0.9394470453262329,"_step":9,"real_seasonal_1_stock_price":-3.140673211832566,"predicted_seasonal_2_stock_price":0.509219765663147,"real_trend_stock_price":221.26011136741863,"seasonal_0_train_loss":1.054257399103956,"predicted_resid_stock_price":3.667750597000122,"rmse":142.5968246459961,"_wandb":{"runtime":11},"_timestamp":1.736730830245986e+09,"seasonal_2_valid_loss":0.4675005469924467,"resid_train_loss":0.7780194275240013,"real_seasonal_3_stock_price":4.670785668692265,"dim":128,"Runtime (seconds)":5.795642137527466,"_runtime":11.972402377,"resid_valid_loss":0.8114473223686218,"seasonal_3_valid_loss":0.5837808717133963,"real_resid_stock_price":9.055697043131971,"predicted_seasonal_3_stock_price":6.209573268890381,"predicted_seasonal_0_stock_price":-0.2936456501483917,"mse":20333.85439912096,"AAPL Stock Price Prediction by iTransformer":{"size":45898,"path":"media/images/AAPL Stock Price Prediction by iTransformer_8_0658c4d3504fbe6554c0.png","format":"png","width":1000,"height":600,"_type":"image-file","sha256":"0658c4d3504fbe6554c0a49cdc28caf2455b23bc53bd34e45c85b56a99bde199"},"seasonal_3_train_loss":0.647096032735691,"final_predicted_stock_price":94.25318145751953,"real_stock_price":236.85000610351562,"depth":4,"predicted_trend_stock_price":83.2208480834961,"seasonal_1_valid_loss":1.5767569853735797,"trend_valid_loss":4.202287623087565,"seasonal_1_train_loss":1.5110365197842757,"real_seasonal_0_stock_price":-2.336384625807025,"real_seasonal_2_stock_price":7.340469861912319,"seasonal_0_valid_loss":1.9831750122117409}