{"trend_valid_loss":0.03735597564623906,"_step":1677,"_runtime":102147.038815209,"predicted_seasonal_0_stock_price":-2.7355806827545166,"resid_train_loss":0.05801375940969136,"real_seasonal_1_stock_price":3.124664217904731,"seasonal_1_valid_loss":0.03783668538910805,"resid_valid_loss":0.028182717572365488,"seasonal_1_train_loss":0.07679297712251243,"real_seasonal_0_stock_price":-5.140506355379676,"seasonal_0_train_loss":0.048819772294253584,"real_seasonal_3_stock_price":2.887818194753555,"_wandb":{"runtime":102147},"AMZN Stock Price Prediction by iTransformer":{"format":"png","width":1000,"height":600,"_type":"image-file","sha256":"ee194f9728a7c6e1f8cd76f8c6ce0faf5100fb0de534f1351b5dca1c0f03cc46","size":54546,"path":"media/images/AMZN Stock Price Prediction by iTransformer_1676_ee194f9728a7c6e1f8cd.png"},"predicted_seasonal_2_stock_price":14.944646835327148,"seasonal_0_valid_loss":0.03058134182356298,"real_trend_stock_price":161.34832524481084,"predicted_trend_stock_price":156.77606201171875,"Runtime (seconds)":5815.194744825363,"seasonal_2_train_loss":0.06123522308719502,"mae":4.73590087890625,"rmse":4.73590087890625,"seasonal_3_valid_loss":0.0474952023762923,"_timestamp":1.736058820324138e+09,"real_seasonal_2_stock_price":15.452060060109867,"predicted_resid_stock_price":23.227924346923828,"predicted_seasonal_1_stock_price":3.0636954307556152,"real_stock_price":201.4499969482422,"real_resid_stock_price":23.77763558604289,"trend_train_loss":0.08075817614680028,"final_predicted_stock_price":196.71409606933594,"predicted_seasonal_3_stock_price":1.4373555183410645,"seasonal_2_valid_loss":0.04250505939126015,"seasonal_3_train_loss":0.08323065722461429,"depth":32,"dim":256,"mse":22.42875713482499}