{"predicted_seasonal_1_stock_price":-3.284536838531494,"rmse":21.074005126953125,"_runtime":24291.568861977,"seasonal_3_train_loss":0.08370225446895488,"real_seasonal_2_stock_price":14.811083428153278,"real_seasonal_3_stock_price":9.183903999608487,"real_seasonal_0_stock_price":0.275964374418217,"real_seasonal_1_stock_price":-2.3130982135702065,"real_stock_price":196.7100067138672,"trend_valid_loss":0.028713266192245214,"final_predicted_stock_price":175.63600158691406,"real_trend_stock_price":157.05710352662186,"predicted_seasonal_0_stock_price":-1.3201123476028442,"depth":4,"periods":[252,504,756,1260],"seasonal_0_valid_loss":0.04790987274697367,"dim":128,"seasonal_0_train_loss":0.04993999855381422,"real_resid_stock_price":17.695049598635592,"seasonal_1_valid_loss":0.061012130017791474,"_step":1802,"seasonal_2_valid_loss":0.0315704345703125,"resid_valid_loss":0.03855500377455733,"_wandb":{"runtime":24291},"_timestamp":1.7390144468997834e+09,"predicted_resid_stock_price":9.239314079284668,"trend_train_loss":0.05953878436950599,"Runtime (seconds)":1824.3974168300629,"seasonal_2_train_loss":0.056349885117888285,"seasonal_3_valid_loss":0.055342983195044534,"seasonal_1_train_loss":0.09326766766677393,"resid_train_loss":0.07139869363085873,"predicted_trend_stock_price":155.7806396484375,"predicted_seasonal_2_stock_price":11.404654502868652,"predicted_seasonal_3_stock_price":3.816044569015503,"mae":21.074005126953125,"mse":444.1136920908466,"GOOG Stock Price Prediction by iTransformer":{"format":"png","width":1000,"height":600,"_type":"image-file","sha256":"ce8b901dc9146070e9605d473a4857a507f5edc0fafa1b3ba543e98424def28d","size":48612,"path":"media/images/GOOG Stock Price Prediction by iTransformer_1801_ce8b901dc9146070e960.png"}}