{"real_seasonal_1_stock_price":2.721535027645758,"real_trend_stock_price":167.5354913342489,"predicted_trend_stock_price":84.90777587890625,"_step":9,"AMZN Stock Price Prediction by iTransformer":{"size":46266,"path":"media/images/AMZN Stock Price Prediction by iTransformer_8_4c058d7df5dabddff9e8.png","format":"png","width":1000,"height":600,"_type":"image-file","sha256":"4c058d7df5dabddff9e8ac17f9b891fea29851eddb988f40acf70e9bd6cf878d"},"real_stock_price":218.94000244140625,"trend_train_loss":0.5321668285974547,"predicted_seasonal_2_stock_price":19.683448791503906,"mae":102.784912109375,"rmse":102.784912109375,"predicted_seasonal_3_stock_price":12.836009979248047,"resid_valid_loss":0.4613289648248244,"seasonal_1_valid_loss":1.2256057508695866,"_runtime":10.452348546,"Runtime (seconds)":4.855402946472168,"periods":[252,504,756,1260],"seasonal_0_train_loss":0.24887678194523227,"predicted_seasonal_0_stock_price":-7.760663032531738,"depth":4,"seasonal_3_train_loss":0.5522770508836135,"real_resid_stock_price":30.052430487608945,"final_predicted_stock_price":116.15509033203125,"resid_train_loss":1.859720262690793,"mse":10564.738157331944,"predicted_seasonal_1_stock_price":-1.6288702487945557,"_timestamp":1.7367082359144118e+09,"seasonal_3_valid_loss":0.05155843496322632,"seasonal_1_train_loss":1.2447833709227734,"real_seasonal_0_stock_price":-6.886692248923765,"trend_valid_loss":1.7570209485132842,"seasonal_2_train_loss":0.573077629637461,"dim":128,"_wandb":{"runtime":10},"real_seasonal_3_stock_price":9.210042698987007,"seasonal_0_valid_loss":0.27823864645892527,"seasonal_2_valid_loss":0.2673819086722147,"real_seasonal_2_stock_price":16.307195141839433,"predicted_resid_stock_price":8.117388725280762}