{"predicted_resid_stock_price":17.736520767211914,"predicted_trend_stock_price":139.68429565429688,"predicted_seasonal_3_stock_price":9.754376411437988,"real_resid_stock_price":30.052430487608945,"_step":9,"seasonal_3_train_loss":0.6210890328793814,"real_trend_stock_price":167.5354913342489,"real_seasonal_0_stock_price":-6.886692248923765,"seasonal_2_train_loss":1.378810364526251,"predicted_seasonal_0_stock_price":-5.419457912445068,"mae":49.890350341796875,"resid_train_loss":0.758454713263554,"predicted_seasonal_2_stock_price":5.143195629119873,"final_predicted_stock_price":169.04965209960938,"trend_valid_loss":0.14426490565749478,"real_seasonal_1_stock_price":2.721535027645758,"trend_train_loss":0.5739026688760895,"_timestamp":1.7367078350827398e+09,"_runtime":11.590048202,"real_stock_price":218.94000244140625,"depth":4,"seasonal_2_valid_loss":0.4259335892387183,"real_seasonal_2_stock_price":16.307195141839433,"rmse":49.890350341796875,"resid_valid_loss":0.9551378552012451,"_wandb":{"runtime":11},"seasonal_0_train_loss":0.5555556542429719,"mse":2489.0470572272316,"seasonal_1_valid_loss":0.06471015521507154,"dim":128,"periods":[252,504,756,1260],"seasonal_3_valid_loss":0.5107001135239796,"seasonal_0_valid_loss":0.24744028565610676,"AMZN Stock Price Prediction by iTransformer":{"width":1000,"height":600,"_type":"image-file","sha256":"fc6f9f2a7d4ae1f79c860501b640d7a978f778ea76fd4cd60ca891689e1019a5","size":48506,"path":"media/images/AMZN Stock Price Prediction by iTransformer_8_fc6f9f2a7d4ae1f79c86.png","format":"png"},"predicted_seasonal_1_stock_price":2.1507208347320557,"Runtime (seconds)":5.641398906707764,"real_seasonal_3_stock_price":9.210042698987007,"seasonal_1_train_loss":0.3952932434703783}