{"_wandb":{"runtime":15},"Runtime (seconds)":6.43211030960083,"seasonal_1_valid_loss":1.1082605889865331,"seasonal_0_valid_loss":1.4452420866356745,"real_stock_price":236.85000610351562,"periods":[252,504,756,1260],"trend_train_loss":1.3685805505450916,"trend_valid_loss":3.9414259944000656,"mse":25923.820328176953,"real_seasonal_3_stock_price":4.670789761377972,"_step":9,"real_resid_stock_price":9.055690295505684,"rmse":161.00875854492188,"mae":161.00875854492188,"resid_train_loss":0.3781024260851534,"real_seasonal_1_stock_price":-3.140675641662379,"_timestamp":1.7367346640763388e+09,"depth":4,"predicted_seasonal_1_stock_price":-1.8057867288589478,"seasonal_3_valid_loss":0.379570871591568,"predicted_trend_stock_price":75.47674560546875,"seasonal_2_train_loss":1.4036048152415255,"seasonal_2_valid_loss":1.3885940275694195,"final_predicted_stock_price":75.84124755859375,"predicted_seasonal_3_stock_price":1.5802206993103027,"_runtime":15.088720059,"seasonal_0_train_loss":0.5991828012975711,"real_trend_stock_price":221.26011174839977,"predicted_resid_stock_price":3.4789836406707764,"dim":128,"predicted_seasonal_0_stock_price":-0.8758647441864014,"seasonal_1_train_loss":1.2818101445833843,"seasonal_3_train_loss":1.6235417565531869,"predicted_seasonal_2_stock_price":-2.0130555629730225,"real_seasonal_0_stock_price":-2.3363813235053503,"resid_valid_loss":0.524301983811187,"AAPL Stock Price Prediction by iTransformer":{"path":"media/images/AAPL Stock Price Prediction by iTransformer_8_1fb71eeee8c9f08dd077.png","format":"png","width":1000,"height":600,"_type":"image-file","sha256":"1fb71eeee8c9f08dd077aa5697cedd2106eec9f735c644b4e4d05e3bab444673","size":46381},"real_seasonal_2_stock_price":7.340471263399953}