{"seasonal_0_valid_loss":0.00026857402332972947,"real_stock_price":223.2899932861328,"seasonal_3_valid_loss":0.0044921827502548695,"_wandb":{"runtime":23773},"predicted_seasonal_0_stock_price":-3.6783320903778076,"real_seasonal_3_stock_price":8.144329377592427,"real_resid_stock_price":33.56219158376285,"predicted_seasonal_3_stock_price":9.84995174407959,"real_seasonal_2_stock_price":16.525470090661848,"depth":4,"real_seasonal_0_stock_price":-4.839596450156973,"seasonal_2_train_loss":0.0008203810605813912,"trend_train_loss":0.00017707405636567457,"seasonal_1_valid_loss":0.0005029364410095748,"predicted_seasonal_2_stock_price":18.56187629699707,"rmse":0.2241058349609375,"real_trend_stock_price":164.7409131061787,"mse":0.05022342526353896,"predicted_resid_stock_price":28.036178588867188,"_step":1734,"_runtime":23773.175036631,"Runtime (seconds)":1577.3272387981415,"trend_valid_loss":0.00010484945487405639,"seasonal_1_train_loss":0.00012146846825924426,"final_predicted_stock_price":223.06588745117188,"seasonal_0_train_loss":9.909384985962681e-05,"periods":[252,504,756,1260],"resid_valid_loss":0.011667781876800088,"predicted_trend_stock_price":163.99815368652344,"mae":0.2241058349609375,"AMZN Stock Price Prediction by iTransformer":{"_type":"image-file","sha256":"820285d1c3d56f73514703415b92536d292d429dc392afe7e956cd6d560444fa","size":57959,"path":"media/images/AMZN Stock Price Prediction by iTransformer_1733_820285d1c3d56f735147.png","format":"png","width":1000,"height":600},"real_seasonal_1_stock_price":5.156685578093933,"resid_train_loss":0.009306005856275092,"predicted_seasonal_1_stock_price":6.298067092895508,"seasonal_2_valid_loss":0.0003654597094282508,"_timestamp":1.7372331761383877e+09,"seasonal_3_train_loss":0.0065822431716848024,"dim":128}