{"real_trend_stock_price":163.0036814622219,"predicted_seasonal_2_stock_price":13.684621810913086,"seasonal_0_train_loss":0.36379265710480335,"mse":4600.847048389027,"seasonal_0_valid_loss":0.44640263863804885,"_runtime":11.953693252,"seasonal_2_valid_loss":0.28195321723482664,"trend_valid_loss":0.09369136763991469,"resid_valid_loss":0.9081292502363653,"seasonal_1_valid_loss":0.844596247142712,"real_seasonal_3_stock_price":8.684020558908838,"trend_train_loss":0.13288381055338144,"mae":67.82954406738281,"final_predicted_stock_price":158.2604522705078,"real_seasonal_0_stock_price":-3.8786530579216625,"predicted_seasonal_3_stock_price":-7.957870960235596,"predicted_seasonal_1_stock_price":2.0073904991149902,"rmse":67.82954406738281,"real_resid_stock_price":33.075045055882384,"periods":[252,504,756,1260],"real_seasonal_2_stock_price":19.387435929917793,"_wandb":{"runtime":11},"depth":4,"resid_train_loss":1.4591604509280969,"seasonal_1_train_loss":0.8589172282058727,"AMZN Stock Price Prediction by iTransformer":{"path":"media/images/AMZN Stock Price Prediction by iTransformer_8_3e467a78084af8f0c64c.png","format":"png","width":1000,"height":600,"_type":"image-file","sha256":"3e467a78084af8f0c64c94bf1c9fe70d4cb41f86ebc5ab50675ad4f730a90c93","size":49088},"seasonal_3_train_loss":1.2979777975477904,"predicted_resid_stock_price":18.548664093017578,"predicted_seasonal_0_stock_price":-5.461370468139648,"real_stock_price":226.08999633789062,"_step":9,"predicted_trend_stock_price":137.43902587890625,"dim":128,"Runtime (seconds)":5.3064210414886475,"real_seasonal_1_stock_price":5.818466388881393,"seasonal_2_train_loss":0.48722071013737966,"_timestamp":1.7367059118437033e+09,"seasonal_3_valid_loss":0.3206480924792133}