{"rmse":84.71742248535156,"Runtime (seconds)":8.725071668624878,"seasonal_2_valid_loss":0.15844567636215118,"real_resid_stock_price":30.052430487608945,"real_trend_stock_price":167.5354913342489,"real_seasonal_0_stock_price":-6.886692248923765,"predicted_seasonal_1_stock_price":-0.9908275604248047,"depth":4,"seasonal_1_valid_loss":1.0868689752047904,"seasonal_0_train_loss":2.0809649218296267,"dim":128,"final_predicted_stock_price":134.2225799560547,"seasonal_0_valid_loss":2.3553707496643694,"real_seasonal_3_stock_price":9.210042698987007,"predicted_seasonal_2_stock_price":10.349231719970703,"AMZN Stock Price Prediction by iTransformer":{"height":600,"_type":"image-file","sha256":"f1ee505c3966ab518be6458c86664f3c8885cf7d04987ef6153becd8b59855d3","size":46051,"path":"media/images/AMZN Stock Price Prediction by iTransformer_8_f1ee505c3966ab518be6.png","format":"png","width":1000},"real_seasonal_2_stock_price":16.307195141839433,"seasonal_3_train_loss":1.278377609728982,"trend_train_loss":0.614439069193997,"periods":[252,504,756,1260],"real_seasonal_1_stock_price":2.721535027645758,"real_stock_price":218.94000244140625,"_step":9,"predicted_resid_stock_price":-1.6453044414520264,"_runtime":17.11172043,"predicted_seasonal_3_stock_price":21.675580978393555,"seasonal_2_train_loss":0.4497567841372217,"mse":7177.0416725615505,"_wandb":{"runtime":17},"predicted_trend_stock_price":99.34197998046875,"_timestamp":1.736711857446926e+09,"mae":84.71742248535156,"predicted_seasonal_0_stock_price":5.4919281005859375,"trend_valid_loss":1.773803949356079,"seasonal_3_valid_loss":2.028066390517586,"resid_train_loss":0.8950583600188671,"seasonal_1_train_loss":1.2978117345211548,"resid_valid_loss":0.9362260716771098}