{"_step":77,"trend_train_loss":0.08583069324020558,"trend_valid_loss":0.12272569229678502,"_timestamp":1.7340800458100097e+09,"_wandb":{"runtime":185},"_runtime":182.40495337}