{"final_predicted_stock_price":95.7508773803711,"seasonal_1_train_loss":1.0884164964360945,"real_seasonal_0_stock_price":-2.3363794018291473,"_runtime":13.360375553,"real_stock_price":236.85000610351562,"mse":19908.96412643051,"predicted_seasonal_2_stock_price":3.3754611015319824,"predicted_seasonal_0_stock_price":1.2749333381652832,"real_seasonal_2_stock_price":7.3404749200511255,"AAPL Stock Price Prediction by iTransformer":{"format":"png","width":1000,"height":600,"_type":"image-file","sha256":"9e740469f036a6e500cdfb2874022f19084066d0743c3586475d6f7170a88e70","size":47648,"path":"media/images/AAPL Stock Price Prediction by iTransformer_8_9e740469f036a6e500cd.png"},"trend_valid_loss":3.0140204885032738,"predicted_trend_stock_price":96.43014526367188,"seasonal_0_valid_loss":0.42882254517194135,"predicted_resid_stock_price":-4.923142910003662,"seasonal_2_train_loss":0.4303940410209588,"real_resid_stock_price":9.05569251983269,"seasonal_3_valid_loss":0.2578833997249603,"Runtime (seconds)":6.727776288986206,"resid_train_loss":1.241796186392588,"seasonal_2_valid_loss":0.24479865771960627,"resid_valid_loss":2.934705031790384,"dim":128,"_timestamp":1.736719791945477e+09,"_step":9,"rmse":141.09912872314453,"real_seasonal_1_stock_price":-3.1406785854369836,"predicted_seasonal_3_stock_price":0.5312997102737427,"periods":[252,504,756,1260],"seasonal_3_train_loss":0.5752972920660703,"mae":141.09912872314453,"seasonal_0_train_loss":0.2694964420573461,"real_seasonal_3_stock_price":4.670784717790843,"seasonal_1_valid_loss":0.7829738259315491,"depth":4,"_wandb":{"runtime":13},"trend_train_loss":1.2836898344209824,"real_trend_stock_price":221.26011193310708,"predicted_seasonal_1_stock_price":-0.9378225207328796}