{"predicted_seasonal_0_stock_price":1.2328404188156128,"_wandb":{"runtime":9},"real_resid_stock_price":9.055695752919462,"predicted_resid_stock_price":-9.059342384338379,"seasonal_0_valid_loss":0.5215260940759532,"real_seasonal_2_stock_price":7.3404703563243325,"seasonal_3_train_loss":0.7180058535463402,"seasonal_1_train_loss":0.6599410911823841,"mae":173.9094467163086,"seasonal_3_valid_loss":0.2614506185054779,"predicted_seasonal_3_stock_price":1.8169548511505127,"trend_train_loss":0.9010900801932006,"mse":30244.495657172578,"real_seasonal_3_stock_price":4.670787121144906,"seasonal_1_valid_loss":0.276003948380721,"AAPL Stock Price Prediction by iTransformer":{"format":"png","width":1000,"height":600,"_type":"image-file","sha256":"e8deca5764e742b5fb6e87bece75fc16edd218af53ac403bd216dcdd7e0a98b8","size":46135,"path":"media/images/AAPL Stock Price Prediction by iTransformer_8_e8deca5764e742b5fb6e.png"},"real_stock_price":236.85000610351562,"resid_train_loss":2.700358547885595,"depth":4,"predicted_seasonal_2_stock_price":2.466191530227661,"seasonal_0_train_loss":0.31628779022296083,"real_seasonal_1_stock_price":-3.140675111121728,"seasonal_2_valid_loss":0.5294022560119629,"resid_valid_loss":2.5270944571443112,"final_predicted_stock_price":62.94055938720703,"periods":[252,504,756,1260],"predicted_trend_stock_price":68.43743133544922,"trend_valid_loss":3.282627736921791,"real_trend_stock_price":221.26011145707452,"real_seasonal_0_stock_price":-2.336383472825864,"Runtime (seconds)":4.429442882537842,"dim":128,"seasonal_2_train_loss":1.1650135786738605,"rmse":173.9094467163086,"predicted_seasonal_1_stock_price":-1.95352303981781,"_timestamp":1.7367498712649958e+09,"_runtime":9.710059142,"_step":9}