{"real_resid_stock_price":9.055696529092671,"trend_train_loss":0.36075175649500285,"predicted_seasonal_3_stock_price":2.1786201000213623,"resid_train_loss":0.6924926490905119,"periods":[252,504,756,1260],"real_seasonal_2_stock_price":7.340471470594804,"seasonal_2_train_loss":0.365408031585438,"mse":682.5124359168112,"trend_valid_loss":0.016020904112607242,"_timestamp":1.7367535579349194e+09,"seasonal_2_valid_loss":0.3719392716884613,"real_seasonal_1_stock_price":-3.140677818878021,"predicted_seasonal_2_stock_price":4.326817035675049,"Runtime (seconds)":3.9422287940979004,"AAPL Stock Price Prediction by iTransformer":{"size":48517,"path":"media/images/AAPL Stock Price Prediction by iTransformer_8_050653697aa9a87e2371.png","format":"png","width":1000,"height":600,"_type":"image-file","sha256":"050653697aa9a87e2371fe692429fbb9210dcfbe452814ea669e45f735b60226"},"predicted_trend_stock_price":205.35525512695312,"predicted_seasonal_0_stock_price":-0.6911560297012329,"resid_valid_loss":0.39624820582338893,"seasonal_0_valid_loss":2.6366285541938796,"_step":9,"_wandb":{"runtime":8},"predicted_seasonal_1_stock_price":-3.2573957443237305,"seasonal_1_valid_loss":0.3079359012265359,"predicted_resid_stock_price":2.81294322013855,"seasonal_0_train_loss":0.9845386554941463,"seasonal_3_valid_loss":0.9772054621126537,"seasonal_1_train_loss":0.4991892972162792,"real_seasonal_0_stock_price":-2.3363826284775864,"rmse":26.12493896484375,"seasonal_3_train_loss":0.7122919928493365,"final_predicted_stock_price":210.72506713867188,"real_seasonal_3_stock_price":4.670787042573171,"depth":4,"mae":26.12493896484375,"_runtime":8.890509412,"real_trend_stock_price":221.26011150861063,"dim":128,"real_stock_price":236.85000610351562}