{"seasonal_2_train_loss":0.7912516379695412,"AAPL Stock Price Prediction by iTransformer":{"height":600,"_type":"image-file","sha256":"cf9ef7f02993c181c79aa0a56172d6b1673b19a9c43e459145b895f6ed2b687d","size":46342,"path":"media/images/AAPL Stock Price Prediction by iTransformer_8_cf9ef7f02993c181c79a.png","format":"png","width":1000},"predicted_seasonal_1_stock_price":-2.367314577102661,"real_stock_price":236.85000610351562,"seasonal_0_valid_loss":0.4172840228025941,"seasonal_2_valid_loss":0.7026481670002604,"seasonal_0_train_loss":0.28873885193656396,"real_seasonal_3_stock_price":4.6707853049709875,"predicted_seasonal_3_stock_price":-2.7758612632751465,"rmse":171.19084930419922,"predicted_seasonal_2_stock_price":5.5106120109558105,"resid_train_loss":3.0788275537215846,"mse":29306.306885493046,"dim":128,"real_resid_stock_price":9.055692358959305,"real_seasonal_1_stock_price":-3.1406723694553347,"periods":[252,504,756,1260],"_runtime":15.916942584,"predicted_resid_stock_price":-8.286545753479004,"trend_valid_loss":2.8053780907199304,"seasonal_3_valid_loss":1.292273759841919,"real_seasonal_0_stock_price":-2.336383890549345,"_step":9,"trend_train_loss":1.214905963557397,"Runtime (seconds)":7.589176416397095,"final_predicted_stock_price":65.6591567993164,"seasonal_1_valid_loss":0.2788376387600836,"mae":171.19084930419922,"predicted_seasonal_0_stock_price":1.6155757904052734,"predicted_trend_stock_price":71.96269226074219,"seasonal_1_train_loss":0.6298032530692096,"resid_valid_loss":2.857564242421717,"_wandb":{"runtime":15},"seasonal_3_train_loss":1.0223418335915047,"_timestamp":1.7367232538835416e+09,"real_trend_stock_price":221.26011198770388,"real_seasonal_2_stock_price":7.340472711886149,"depth":4}