{"seasonal_3_valid_loss":1.0074716926749196,"trend_train_loss":0.8866847560782133,"_runtime":12.220437991,"real_seasonal_3_stock_price":4.670781970391972,"real_seasonal_2_stock_price":7.340467817220633,"resid_train_loss":0.9121026563505554,"real_seasonal_1_stock_price":-3.140674677609163,"_step":9,"_timestamp":1.7367094151570985e+09,"trend_valid_loss":0.39198447533373565,"seasonal_1_valid_loss":1.322419325877233,"dim":128,"seasonal_1_train_loss":1.2516503816612703,"seasonal_0_train_loss":0.2806843738836139,"AAPL Stock Price Prediction by iTransformer":{"format":"png","width":1000,"height":600,"_type":"image-file","sha256":"5f04abf65e3657a9602170a1aeb6d933ebd4122794384f5a0b3799f4f5f50508","size":46244,"path":"media/images/AAPL Stock Price Prediction by iTransformer_8_5f04abf65e3657a96021.png"},"predicted_trend_stock_price":167.51925659179688,"predicted_seasonal_3_stock_price":-4.783751487731934,"final_predicted_stock_price":166.9154052734375,"seasonal_2_valid_loss":0.37695776752110643,"_wandb":{"runtime":12},"real_stock_price":236.85000610351562,"predicted_resid_stock_price":0.7912802696228027,"real_seasonal_0_stock_price":-2.336378152110182,"depth":4,"real_trend_stock_price":221.26011198777422,"predicted_seasonal_2_stock_price":2.777672290802002,"periods":[252,504,756,1260],"real_resid_stock_price":9.05569715784813,"rmse":69.93460083007812,"seasonal_3_train_loss":1.4708431821964854,"seasonal_0_valid_loss":0.17476248902243538,"mse":4890.848393262364,"Runtime (seconds)":5.975235462188721,"resid_valid_loss":1.0350649618520968,"predicted_seasonal_0_stock_price":1.5963830947875977,"predicted_seasonal_1_stock_price":-0.9854379892349243,"seasonal_2_train_loss":0.6356449613451958,"mae":69.93460083007812}