{"_timestamp":1.730467708206738e+09,"Train Loss (Trend)":0.2045102033347364,"Validation Loss (Trend)":0.9507886900485141,"_step":0,"_runtime":16.070321643,"Train Loss (Resid)":0.8054792952619612,"Validation Loss (Resid)":2.0789177213768357,"Train Loss (Seasonal)":0.09467157903552516,"Validation Loss (Seasonal)":0.7917244503798994,"_wandb":{"runtime":16}}