{"predicted_seasonal_1_stock_price":5.241187572479248,"_timestamp":1.7358252619236288e+09,"seasonal_1_train_loss":1.5329969179238019,"mse":673.285140916938,"real_seasonal_2_stock_price":16.426641107443064,"predicted_seasonal_0_stock_price":-2.2338531017303467,"_step":8,"resid_valid_loss":0.5308992858805688,"real_trend_stock_price":159.47157145379293,"predicted_trend_stock_price":161.72665405273438,"trend_train_loss":0.17208601208403707,"trend_valid_loss":0.06690952577286802,"real_seasonal_0_stock_price":-1.3074917254161995,"final_predicted_stock_price":184.10226440429688,"seasonal_3_valid_loss":0.30043295534645637,"mae":25.947738647460938,"resid_train_loss":0.35183849557667773,"predicted_seasonal_3_stock_price":-4.952439308166504,"Runtime (seconds)":45.438278913497925,"seasonal_3_train_loss":1.0025983665908516,"predicted_resid_stock_price":9.113238334655762,"seasonal_0_train_loss":0.4668330751747065,"seasonal_1_valid_loss":0.32393894418720953,"seasonal_0_valid_loss":0.29930907918819344,"real_stock_price":210.0500030517578,"_runtime":87.00219768,"seasonal_2_valid_loss":0.27423590826756744,"predicted_seasonal_2_stock_price":15.207487106323242,"_wandb":{"runtime":87},"real_seasonal_3_stock_price":5.021717884930734,"real_resid_stock_price":26.21751548435961,"real_seasonal_1_stock_price":4.220048846647695,"seasonal_2_train_loss":0.9717771328220802,"rmse":25.947738647460938,"Stock_Price_Prediction":{"size":53112,"path":"media/images/Stock_Price_Prediction_7_0660f9ca2de62adf8fc8.png","format":"png","width":1000,"height":600,"_type":"image-file","sha256":"0660f9ca2de62adf8fc88f9c89ce0dec0ec1a5125122a4fd2081bb091628d48f"}}