{"periods":[252,504,756,1260],"real_seasonal_1_stock_price":-3.019690142069171,"_wandb":{"runtime":12},"real_seasonal_0_stock_price":-0.9692241404200762,"rmse":135.7561798095703,"seasonal_1_train_loss":0.7213170347714607,"seasonal_3_train_loss":1.5668268058678723,"seasonal_3_valid_loss":0.9821295203621855,"real_trend_stock_price":221.091018427839,"seasonal_1_valid_loss":0.505141094089909,"seasonal_2_valid_loss":0.1980556203207335,"predicted_seasonal_3_stock_price":-7.688623428344727,"dim":128,"real_seasonal_3_stock_price":6.000880354413752,"trend_valid_loss":1.4004395354446486,"_runtime":12.154109585,"predicted_seasonal_0_stock_price":0.8850685358047485,"final_predicted_stock_price":106.94381713867188,"mse":18429.740356488386,"predicted_seasonal_1_stock_price":-2.9310479164123535,"Runtime (seconds)":5.789099454879761,"real_resid_stock_price":11.047919716651961,"real_seasonal_2_stock_price":8.549092731826713,"trend_train_loss":0.3341266831655472,"resid_train_loss":1.236260485085733,"seasonal_0_valid_loss":0.2483391381431334,"seasonal_0_train_loss":0.2832487408341887,"_step":9,"AAPL Stock Price Prediction by iTransformer":{"height":600,"_type":"image-file","sha256":"4d5df5afe6360b6b493403192c8267461a219257ece24e517a4e5eb2671d0acd","size":47326,"path":"media/images/AAPL Stock Price Prediction by iTransformer_8_4d5df5afe6360b6b4934.png","format":"png","width":1000},"predicted_trend_stock_price":97.62909698486328,"depth":4,"real_stock_price":242.6999969482422,"_timestamp":1.736706847336242e+09,"resid_valid_loss":0.6684267586856436,"predicted_resid_stock_price":9.573312759399414,"seasonal_2_train_loss":0.696718837645014,"predicted_seasonal_2_stock_price":9.476003646850586,"mae":135.7561798095703}