{"_wandb":{"runtime":9},"seasonal_0_train_loss":0.7490173004396999,"real_resid_stock_price":30.052430487608945,"seasonal_2_train_loss":0.5495198073564187,"real_seasonal_0_stock_price":-6.886692248923765,"resid_valid_loss":9.242525100708008,"real_trend_stock_price":167.5354913342489,"predicted_resid_stock_price":-9.876096725463867,"AMZN Stock Price Prediction by iTransformer":{"width":1000,"height":600,"_type":"image-file","sha256":"c78ef07b3c1acf1bb26f97370c6ec0a81aa81a878496c46dd394b69ce95fe9e9","size":48566,"path":"media/images/AMZN Stock Price Prediction by iTransformer_8_c78ef07b3c1acf1bb26f.png","format":"png"},"_runtime":9.305801632,"dim":128,"predicted_seasonal_2_stock_price":4.835085868835449,"rmse":52.53309631347656,"seasonal_1_train_loss":1.6757604758476021,"periods":[252,504,756,1260],"final_predicted_stock_price":166.4069061279297,"mae":52.53309631347656,"_timestamp":1.7367467339718711e+09,"resid_train_loss":2.8317276765414836,"Runtime (seconds)":4.981295585632324,"seasonal_0_valid_loss":1.0283116924185907,"real_seasonal_3_stock_price":9.210042698987007,"seasonal_1_valid_loss":1.4218042316832074,"seasonal_2_valid_loss":0.6963401157178997,"predicted_seasonal_1_stock_price":-0.44597136974334717,"predicted_trend_stock_price":156.3350830078125,"real_seasonal_1_stock_price":2.721535027645758,"predicted_seasonal_3_stock_price":19.40236473083496,"real_stock_price":218.94000244140625,"seasonal_3_train_loss":0.7774843943387079,"trend_train_loss":0.14764421145271497,"real_seasonal_2_stock_price":16.307195141839433,"depth":4,"_step":9,"trend_valid_loss":0.013963376400100527,"mse":2759.726208281005,"seasonal_3_valid_loss":0.5855286490860708,"predicted_seasonal_0_stock_price":-3.8435442447662354}