{"real_seasonal_1_stock_price":2.721535027645758,"final_predicted_stock_price":120.02133178710938,"predicted_trend_stock_price":93.69341278076172,"seasonal_0_valid_loss":0.13032576720138173,"_timestamp":1.736718523446117e+09,"resid_valid_loss":0.2547055672198422,"depth":4,"rmse":98.91867065429688,"seasonal_2_valid_loss":0.8498420568480007,"predicted_seasonal_3_stock_price":10.708536148071289,"seasonal_1_valid_loss":1.3457868543430882,"real_seasonal_0_stock_price":-6.886692248923765,"trend_train_loss":1.052362986255699,"mse":9784.903404013254,"real_seasonal_3_stock_price":9.210042698987007,"dim":128,"predicted_seasonal_2_stock_price":10.749815940856934,"predicted_seasonal_1_stock_price":0.9512055516242981,"real_stock_price":218.94000244140625,"seasonal_2_train_loss":1.0245294882363623,"AMZN Stock Price Prediction by iTransformer":{"path":"media/images/AMZN Stock Price Prediction by iTransformer_8_1a87a2e801914933883a.png","format":"png","width":1000,"height":600,"_type":"image-file","sha256":"1a87a2e801914933883aba533bc052348fd088547d6ee98aa5fb6b9f711608ee","size":46415},"resid_train_loss":0.47664184699524265,"seasonal_0_train_loss":0.38279937277483467,"_step":9,"_wandb":{"runtime":12},"mae":98.91867065429688,"trend_valid_loss":1.2474129302725607,"_runtime":12.125977772,"real_seasonal_2_stock_price":16.307195141839433,"Runtime (seconds)":6.0101377964019775,"seasonal_1_train_loss":1.5138094731880916,"predicted_resid_stock_price":9.125398635864258,"real_resid_stock_price":30.052430487608945,"predicted_seasonal_0_stock_price":-5.207030296325684,"seasonal_3_train_loss":0.4617200583518548,"seasonal_3_valid_loss":0.32381037689051645,"real_trend_stock_price":167.5354913342489,"periods":[252,504,756,1260]}