{"mse":2940.3330839800183,"mae":54.22483825683594,"real_stock_price":236.85000610351562,"seasonal_0_train_loss":0.4403134257143194,"seasonal_2_valid_loss":0.17450377692122993,"resid_train_loss":0.5443219717766377,"seasonal_3_valid_loss":1.7494494271750498,"predicted_trend_stock_price":180.01882934570312,"periods":[252,504,756,1260],"predicted_seasonal_3_stock_price":-3.997610330581665,"AAPL Stock Price Prediction by iTransformer":{"path":"media/images/AAPL Stock Price Prediction by iTransformer_8_9911121e808d3619a7af.png","format":"png","width":1000,"height":600,"_type":"image-file","sha256":"9911121e808d3619a7af558d00a85d99be2f24bafb725232ec67b66ceec90100","size":49492},"seasonal_3_train_loss":2.748971490862033,"trend_valid_loss":0.29121601581573486,"real_seasonal_3_stock_price":4.670782516285675,"real_resid_stock_price":9.055692125024024,"dim":128,"rmse":54.22483825683594,"predicted_seasonal_1_stock_price":-3.002896785736084,"real_seasonal_1_stock_price":-3.140677697634439,"predicted_seasonal_2_stock_price":7.034577369689941,"seasonal_1_valid_loss":0.12809788692294316,"final_predicted_stock_price":182.6251678466797,"_runtime":8.407519804,"seasonal_2_train_loss":1.717101412950403,"_step":9,"predicted_seasonal_0_stock_price":0.24093443155288696,"depth":4,"real_trend_stock_price":221.26011263604505,"resid_valid_loss":1.0016616616450564,"real_seasonal_0_stock_price":-2.3363756224330885,"_wandb":{"runtime":8},"Runtime (seconds)":3.9029178619384766,"trend_train_loss":0.17298175756906709,"seasonal_0_valid_loss":0.9573630145990132,"_timestamp":1.7367186825152519e+09,"predicted_resid_stock_price":2.331334352493286,"real_seasonal_2_stock_price":7.340472146228397,"seasonal_1_train_loss":0.26501751862828665}