{"predicted_seasonal_0_stock_price":-0.8214665055274963,"mse":27373.61060585105,"seasonal_3_train_loss":0.6762941634144558,"AAPL Stock Price Prediction by iTransformer":{"format":"png","width":1000,"height":600,"_type":"image-file","sha256":"f60c961d6ec20d5376e8003adcf7d0b503ce5adfd8ae1bd3dfcc692e870408a0","size":46209,"path":"media/images/AAPL Stock Price Prediction by iTransformer_8_f60c961d6ec20d5376e8.png"},"Runtime (seconds)":5.418282747268677,"_wandb":{"runtime":10},"real_seasonal_1_stock_price":-3.1406756952986403,"seasonal_2_train_loss":0.6761569841174282,"real_resid_stock_price":9.055690034024764,"_timestamp":1.7367132522184317e+09,"dim":128,"seasonal_1_valid_loss":0.268561797831946,"periods":[252,504,756,1260],"seasonal_3_valid_loss":0.3208617845719511,"seasonal_0_train_loss":1.0635991618176228,"real_stock_price":236.85000610351562,"predicted_resid_stock_price":2.7893078327178955,"_runtime":10.886240508,"predicted_seasonal_1_stock_price":-3.343402862548828,"real_seasonal_2_stock_price":7.340471319233552,"predicted_seasonal_3_stock_price":7.670673370361328,"_step":9,"seasonal_0_valid_loss":2.241474610869613,"real_trend_stock_price":221.26011214924335,"depth":4,"resid_train_loss":0.4770928045500443,"rmse":165.44972229003906,"seasonal_1_train_loss":0.4023132155162823,"mae":165.44972229003906,"predicted_seasonal_2_stock_price":0.7191227078437805,"real_seasonal_3_stock_price":4.670786196444649,"resid_valid_loss":0.4790095151990586,"trend_valid_loss":3.669714715184465,"trend_train_loss":0.9848387182721657,"predicted_trend_stock_price":64.38605499267578,"final_predicted_stock_price":71.40028381347656,"real_seasonal_0_stock_price":-2.3363779001320606,"seasonal_2_valid_loss":0.49184448300804223}