{"resid_train_loss":1.9290171072463915,"seasonal_2_train_loss":0.456123058987082,"real_trend_stock_price":167.5354913342489,"AMZN Stock Price Prediction by iTransformer":{"height":600,"_type":"image-file","sha256":"ddb91292d358c88c1b104a354ec2bd6efd1a9174ecbaa13c7eb58735e025b600","size":47836,"path":"media/images/AMZN Stock Price Prediction by iTransformer_8_ddb91292d358c88c1b10.png","format":"png","width":1000},"_timestamp":1.7367122019794629e+09,"real_stock_price":218.94000244140625,"real_seasonal_1_stock_price":2.721535027645758,"predicted_trend_stock_price":171.87240600585938,"Runtime (seconds)":5.941701889038086,"predicted_seasonal_3_stock_price":9.357658386230469,"real_seasonal_0_stock_price":-6.886692248923765,"real_resid_stock_price":30.052430487608945,"mae":33.596405029296875,"real_seasonal_3_stock_price":9.210042698987007,"final_predicted_stock_price":185.34359741210938,"seasonal_3_valid_loss":0.5104573076953903,"seasonal_0_valid_loss":0.13605385049346655,"seasonal_1_valid_loss":0.20357093214988708,"_runtime":11.448285347,"seasonal_2_valid_loss":0.2681972790127018,"_step":9,"real_seasonal_2_stock_price":16.307195141839433,"trend_valid_loss":0.1388003444933336,"depth":4,"dim":128,"predicted_resid_stock_price":0.10384911298751831,"predicted_seasonal_1_stock_price":1.0735530853271484,"_wandb":{"runtime":11},"predicted_seasonal_2_stock_price":9.282659530639648,"periods":[252,504,756,1260],"seasonal_1_train_loss":0.7414133380432794,"seasonal_3_train_loss":0.5821596576321509,"rmse":33.596405029296875,"resid_valid_loss":2.0327233766889297,"mse":1128.7184308925644,"trend_train_loss":0.747032848161008,"predicted_seasonal_0_stock_price":-6.346516132354736,"seasonal_0_train_loss":0.28107310531239854}