{"real_seasonal_1_stock_price":3.36965879515863,"seasonal_2_train_loss":1.8388027876357156,"_wandb":{"runtime":74},"real_trend_stock_price":159.3021971585472,"predicted_resid_stock_price":1.8692522048950195,"Runtime (seconds)":37.26508092880249,"predicted_trend_stock_price":164.02542114257812,"seasonal_2_valid_loss":0.42344552278518677,"seasonal_1_train_loss":0.3413574902090437,"AMZN Stock Price Prediction by iTransformer":{"height":600,"_type":"image-file","sha256":"947ae095e72ae5c4527fd1296ea53ee25bae43e8e50df9781d9dc9c04709ab70","size":52255,"path":"media/images/AMZN Stock Price Prediction by iTransformer_7_947ae095e72ae5c4527f.png","format":"png","width":1000},"seasonal_3_valid_loss":0.6648664506438039,"trend_valid_loss":0.22739962271405656,"real_seasonal_3_stock_price":6.127401711020198,"trend_train_loss":0.9103046579476901,"predicted_seasonal_1_stock_price":6.325571537017822,"_runtime":74.172826152,"resid_valid_loss":1.0495863143942392,"_timestamp":1.7357647197124357e+09,"real_stock_price":207.08999633789062,"real_seasonal_2_stock_price":16.76176559855732,"real_seasonal_0_stock_price":-4.043893736904377,"resid_train_loss":0.6238870451717395,"seasonal_1_valid_loss":0.6246823328538207,"predicted_seasonal_3_stock_price":0.8409261703491211,"seasonal_3_train_loss":2.5333720507445157,"seasonal_0_valid_loss":1.010570799998748,"_step":8,"seasonal_0_train_loss":0.8916239812354411,"final_predicted_stock_price":188.59011840820312,"predicted_seasonal_2_stock_price":13.107959747314453,"predicted_seasonal_0_stock_price":2.4209845066070557,"real_resid_stock_price":25.57286681151163}