{"AAPL Stock Price Prediction by iTransformer":{"size":46497,"path":"media/images/AAPL Stock Price Prediction by iTransformer_8_ea4b52a2c9152f1623c4.png","format":"png","width":1000,"height":600,"_type":"image-file","sha256":"ea4b52a2c9152f1623c4e3f714e851aba06d7f1a61e7e107673eed6e3fd83429"},"real_resid_stock_price":9.05569700888256,"real_seasonal_0_stock_price":-2.3363813657312145,"seasonal_0_train_loss":1.09560662638532,"rmse":61.27085876464844,"seasonal_2_valid_loss":0.27894439767388735,"real_stock_price":236.85000610351562,"dim":128,"predicted_seasonal_3_stock_price":7.237415790557861,"real_trend_stock_price":221.26011204751157,"depth":4,"_wandb":{"runtime":15},"seasonal_3_train_loss":0.5992711306897813,"seasonal_0_valid_loss":2.630992632499843,"_runtime":15.534760362,"predicted_resid_stock_price":-3.9460575580596924,"predicted_trend_stock_price":169.3697509765625,"real_seasonal_2_stock_price":7.340471801940284,"Runtime (seconds)":7.725020170211792,"predicted_seasonal_0_stock_price":0.5211215019226074,"seasonal_1_train_loss":1.1951570778356582,"resid_train_loss":1.4161925402912525,"_step":9,"seasonal_2_train_loss":1.0916763449314228,"trend_valid_loss":0.4790106995576093,"real_seasonal_3_stock_price":4.670782948344202,"_timestamp":1.7367085777549062e+09,"seasonal_3_valid_loss":0.36530105957041487,"final_predicted_stock_price":175.5791473388672,"real_seasonal_1_stock_price":-3.140676337431755,"predicted_seasonal_2_stock_price":3.678864002227783,"mae":61.27085876464844,"periods":[252,504,756,1260],"seasonal_1_valid_loss":0.7972071307046072,"resid_valid_loss":2.9968269922400035,"mse":3754.1181337574963,"predicted_seasonal_1_stock_price":-1.2819300889968872,"trend_train_loss":0.12117046492303665}