{"predicted_seasonal_2_stock_price":7.803244590759277,"_step":1702,"seasonal_2_train_loss":0.001987461243608536,"rmse":10.23089599609375,"real_seasonal_3_stock_price":2.2598216963093014,"seasonal_0_valid_loss":0.006242444846205986,"real_stock_price":242.83999633789062,"real_seasonal_0_stock_price":2.049665610652487,"predicted_seasonal_0_stock_price":2.356342077255249,"predicted_trend_stock_price":207.22604370117188,"_wandb":{"runtime":29619},"depth":4,"seasonal_2_valid_loss":0.0024686971175101546,"mae":10.23089599609375,"real_trend_stock_price":216.87471291215437,"real_resid_stock_price":11.982251938653746,"predicted_seasonal_3_stock_price":2.2328925132751465,"trend_train_loss":0.0003462513730104362,"seasonal_1_train_loss":0.0005278570943546661,"resid_train_loss":0.014493350978650607,"seasonal_3_valid_loss":0.008349617943167686,"resid_valid_loss":0.020106465158279067,"mse":104.67123288288713,"_runtime":29619.024761388,"periods":[252,504,756,1260],"Runtime (seconds)":2088.6650252342224,"predicted_seasonal_1_stock_price":1.9505810737609863,"dim":128,"seasonal_3_train_loss":0.012076903750464411,"_timestamp":1.73703090972171e+09,"seasonal_1_valid_loss":0.0021467537698435023,"predicted_resid_stock_price":11.040009498596191,"AAPL Stock Price Prediction by iTransformer":{"format":"png","width":1000,"height":600,"_type":"image-file","sha256":"2c72ebd939e67d81214d8894b54c64496f64e2ee0806637e9c2c0c3bf195a217","size":51585,"path":"media/images/AAPL Stock Price Prediction by iTransformer_1701_2c72ebd939e67d81214d.png"},"real_seasonal_2_stock_price":7.614203164702479,"trend_valid_loss":0.006687254081663216,"real_seasonal_1_stock_price":2.059341015418255,"seasonal_0_train_loss":0.0012982856733653786,"final_predicted_stock_price":232.60910034179688}