{"dim":128,"mse":951.4432812856976,"real_stock_price":25.40991973876953,"mae":30.845474243164062,"PFE Stock Price Prediction by iTransformer(no MSTL)":{"path":"media/images/PFE Stock Price Prediction by iTransformer(no MSTL)_301_3f03cabd041291eca7db.png","format":"png","width":1000,"height":600,"_type":"image-file","sha256":"3f03cabd041291eca7db938461e54e36cc6e3519a82486d460ea51b4046d8ae7","size":43451},"_runtime":2048.138472324,"rmse":30.845474243164062,"_step":302,"_timestamp":1.7384976719627478e+09,"train_loss":0.06610964046229989,"depth":4,"predicted_stock_price":56.255393981933594,"r2_score":NaN,"_wandb":{"runtime":2048},"Runtime (seconds)":104.4746778011322,"valid_loss":0.034422633421045165}