{"predicted_seasonal_0_stock_price":-6.613223075866699,"dim":128,"resid_valid_loss":1.1884231141237456,"real_trend_stock_price":167.5354913342489,"depth":4,"predicted_seasonal_1_stock_price":3.1922781467437744,"_wandb":{"runtime":8},"final_predicted_stock_price":82.1501693725586,"seasonal_1_valid_loss":0.13222343385126586,"seasonal_1_train_loss":0.49997686291258087,"_timestamp":1.7367307330950422e+09,"seasonal_3_train_loss":1.5756957873653512,"mae":136.78983306884766,"real_seasonal_2_stock_price":16.307195141839433,"seasonal_2_valid_loss":0.10982599553844515,"_step":9,"seasonal_0_valid_loss":0.4299297145088458,"predicted_resid_stock_price":2.3138790130615234,"predicted_trend_stock_price":71.89817810058594,"resid_train_loss":1.2333198418062512,"seasonal_2_train_loss":0.2958934586456597,"AMZN Stock Price Prediction by iTransformer":{"size":47032,"path":"media/images/AMZN Stock Price Prediction by iTransformer_8_1acc85e6816fb2fb51b7.png","format":"png","width":1000,"height":600,"_type":"image-file","sha256":"1acc85e6816fb2fb51b7b1d4b60c8d922de24d111ddeb8cebe527a7f0dc52157"},"real_seasonal_0_stock_price":-6.886692248923765,"real_resid_stock_price":30.052430487608945,"predicted_seasonal_3_stock_price":0.5966624617576599,"Runtime (seconds)":4.066411018371582,"real_seasonal_1_stock_price":2.721535027645758,"seasonal_3_valid_loss":0.5427230428754485,"predicted_seasonal_2_stock_price":10.7623929977417,"rmse":136.78983306884766,"mse":18711.458431003208,"seasonal_0_train_loss":0.46041248172535587,"trend_valid_loss":2.7778163536735203,"_runtime":8.549678115,"periods":[252,504,756,1260],"trend_train_loss":0.6655387641705797,"real_seasonal_3_stock_price":9.210042698987007,"real_stock_price":218.94000244140625}