{"_runtime":3839.474809311,"real_stock_price":175.8904571533203,"_step":302,"_wandb":{"runtime":3839},"predicted_stock_price":166.857666015625,"mse":81.59131573722698,"GOOG Stock Price Prediction by iTransformer(no MSTL)":{"size":55226,"path":"media/images/GOOG Stock Price Prediction by iTransformer(no MSTL)_301_3da33c99b835673b96a9.png","format":"png","width":1000,"height":600,"_type":"image-file","sha256":"3da33c99b835673b96a9202ef7655f31fbd21afa646e4e8e1452285b2a2806d5"},"r2_score":NaN,"train_loss":0.07243399798333738,"valid_loss":0.03764520087564478,"dim":128,"Runtime (seconds)":272.5511770248413,"mae":9.032791137695312,"rmse":9.032791137695312,"_timestamp":1.7386875399282227e+09,"depth":4}