{"final_predicted_stock_price":100.37738510822511,"resid_valid_loss":1.132527232170105,"predicted_seasonal_1_stock_price":0.4801720014682299,"real_seasonal_0_stock_price":-0.2383609606283921,"resid_train_loss":0.6635846280625888,"_wandb":{"runtime":48},"_step":6,"seasonal_2_train_loss":0.9467872031766063,"seasonal_0_valid_loss":0.36332750418468523,"predicted_resid_stock_price":1.1627819361988116,"predicted_seasonal_0_stock_price":0.631214480579122,"_timestamp":1.7356572288063443e+09,"predicted_seasonal_3_stock_price":-0.6173284754694325,"real_seasonal_3_stock_price":3.1916606167546955,"real_seasonal_1_stock_price":0.8952665200537038,"seasonal_0_train_loss":0.8046025971608262,"real_seasonal_2_stock_price":6.958661271376206,"_runtime":47.560667514,"seasonal_3_train_loss":0.6112044033179805,"predicted_trend_stock_price":96.22901830494033,"seasonal_2_valid_loss":1.7913355827331543,"predicted_seasonal_2_stock_price":2.491526860508056,"seasonal_3_valid_loss":1.0673241176598383,"seasonal_1_valid_loss":0.5486112425633527,"real_trend_stock_price":215.95025053425044,"trend_train_loss":0.7033774067648539,"real_stock_price":237.3300018310547,"seasonal_1_train_loss":0.7059389896494531,"real_resid_stock_price":10.572523849248057,"trend_valid_loss":1.7897581578603858}