{"real_stock_price":236.85000610351562,"trend_valid_loss":0.054263733277047005,"real_seasonal_2_stock_price":7.3404722185998095,"final_predicted_stock_price":183.38861083984375,"periods":[252,504,756,1260],"real_seasonal_1_stock_price":-3.140676307912612,"_timestamp":1.7367566996240163e+09,"real_seasonal_3_stock_price":4.6707890244558605,"predicted_seasonal_2_stock_price":3.4066498279571533,"resid_train_loss":1.8042121097471224,"predicted_resid_stock_price":-6.16806173324585,"_wandb":{"runtime":13},"rmse":53.461395263671875,"seasonal_0_valid_loss":1.5293881547841377,"seasonal_3_valid_loss":1.0899118185043335,"seasonal_2_train_loss":0.5021444991744798,"seasonal_1_valid_loss":0.3699382101227571,"predicted_seasonal_0_stock_price":-0.43199798464775085,"seasonal_0_train_loss":0.7424378311725874,"_runtime":13.76982641,"AAPL Stock Price Prediction by iTransformer":{"width":1000,"height":600,"_type":"image-file","sha256":"544a7fdf69f453ab382c9687bdc535a41f0ae4ca992c27e65fa99c8fdfe7a948","size":49685,"path":"media/images/AAPL Stock Price Prediction by iTransformer_8_544a7fdf69f453ab382c.png","format":"png"},"real_trend_stock_price":221.2601120109356,"mse":2858.1207835385576,"seasonal_2_valid_loss":0.4707062840461731,"real_resid_stock_price":9.055694784886839,"trend_train_loss":0.15573725546580455,"predicted_trend_stock_price":191.91680908203125,"predicted_seasonal_3_stock_price":-2.900472402572632,"resid_valid_loss":1.936670761841994,"_step":9,"seasonal_3_train_loss":1.9390187478067733,"predicted_seasonal_1_stock_price":-2.434319019317627,"dim":128,"seasonal_1_train_loss":0.5216532957201959,"Runtime (seconds)":5.9551801681518555,"depth":4,"real_seasonal_0_stock_price":-2.336385627449893,"mae":53.461395263671875}