{"predicted_seasonal_3_stock_price":5.3647236824035645,"AMZN Stock Price Prediction by iTransformer":{"width":1000,"height":600,"_type":"image-file","sha256":"8ac6cc2bbc3b1127ea3e546cbbab39538327e26116d77b467fbba0b15d05118e","size":45774,"path":"media/images/AMZN Stock Price Prediction by iTransformer_8_8ac6cc2bbc3b1127ea3e.png","format":"png"},"real_seasonal_3_stock_price":9.210042698987007,"seasonal_3_valid_loss":0.49872496724128723,"trend_valid_loss":4.7510650891524095,"predicted_seasonal_1_stock_price":-0.8041641116142273,"real_seasonal_1_stock_price":2.721535027645758,"seasonal_0_train_loss":0.5063759093780756,"Runtime (seconds)":6.419176816940308,"_runtime":13.713174131,"periods":[252,504,756,1260],"mae":159.79412841796875,"real_resid_stock_price":30.052430487608945,"predicted_seasonal_2_stock_price":-0.13371451199054718,"_step":9,"resid_valid_loss":0.6925822871346627,"rmse":159.79412841796875,"seasonal_3_train_loss":0.9211367916039549,"predicted_resid_stock_price":6.047729015350342,"real_trend_stock_price":167.5354913342489,"seasonal_2_train_loss":1.2520984094890542,"depth":4,"seasonal_1_valid_loss":1.5065540631399077,"predicted_seasonal_0_stock_price":-7.177974224090576,"seasonal_0_valid_loss":0.35215944595831006,"dim":128,"_timestamp":1.7367158700531378e+09,"seasonal_1_train_loss":1.2475842997518896,"trend_train_loss":3.0245042336144348,"predicted_trend_stock_price":55.849273681640625,"_wandb":{"runtime":13},"real_seasonal_0_stock_price":-6.886692248923765,"mse":25534.163476858288,"real_seasonal_2_stock_price":16.307195141839433,"real_stock_price":218.94000244140625,"resid_train_loss":0.760221619432642,"final_predicted_stock_price":59.1458740234375,"seasonal_2_valid_loss":1.4154770455117953}