{"seasonal_3_train_loss":0.8106432225087299,"rmse":13.154754638671875,"resid_train_loss":0.9936810261547848,"seasonal_2_train_loss":0.9051979716301952,"predicted_trend_stock_price":199.81080627441406,"real_seasonal_3_stock_price":4.670785984323796,"mae":13.154754638671875,"predicted_seasonal_0_stock_price":0.5901810526847839,"_wandb":{"runtime":10},"AAPL Stock Price Prediction by iTransformer":{"size":50328,"path":"media/images/AAPL Stock Price Prediction by iTransformer_8_1b4152c4340edd69d03e.png","format":"png","width":1000,"height":600,"_type":"image-file","sha256":"1b4152c4340edd69d03e5cdc6b3daae50ea4629601a76040bb6fa6d38a1d1b81"},"depth":4,"_runtime":10.135520936,"seasonal_1_train_loss":0.4614403559004559,"periods":[252,504,756,1260],"seasonal_3_valid_loss":0.19025402366442282,"real_seasonal_2_stock_price":7.340469893574213,"_step":9,"predicted_seasonal_2_stock_price":1.5569721460342407,"predicted_seasonal_1_stock_price":-2.6706321239471436,"real_seasonal_0_stock_price":-2.3363801609847403,"predicted_seasonal_3_stock_price":15.179522514343262,"dim":128,"seasonal_0_valid_loss":3.230159041004207,"resid_valid_loss":0.3454965626699242,"real_trend_stock_price":221.26011107739464,"seasonal_1_valid_loss":0.25340832099937177,"final_predicted_stock_price":223.69525146484375,"real_resid_stock_price":9.055696937797592,"Runtime (seconds)":4.921916961669922,"real_seasonal_1_stock_price":-3.1406776285898945,"predicted_resid_stock_price":9.228416442871094,"trend_train_loss":0.4001320531415312,"trend_valid_loss":0.12453532407158299,"seasonal_2_valid_loss":0.5718519351085944,"_timestamp":1.7367149771677063e+09,"mse":173.0475696036592,"real_stock_price":236.85000610351562,"seasonal_0_train_loss":1.3827193102790314}