{"seasonal_2_valid_loss":1.1376608610153198,"resid_valid_loss":3.6872197580701522,"predicted_seasonal_2_stock_price":-1.6936547756195068,"_timestamp":1.7367555478306298e+09,"predicted_trend_stock_price":40.34690856933594,"real_stock_price":236.85000610351562,"Runtime (seconds)":7.19474720954895,"trend_valid_loss":3.8080397481020656,"mse":41332.4841906347,"_runtime":15.320639799,"real_seasonal_3_stock_price":4.6707839570232945,"_step":9,"mae":203.3039207458496,"seasonal_3_train_loss":3.508314210454389,"seasonal_0_train_loss":0.3399634076800562,"resid_train_loss":0.9943853679515444,"rmse":203.3039207458496,"final_predicted_stock_price":33.546085357666016,"real_seasonal_2_stock_price":7.340472302507177,"predicted_resid_stock_price":-6.1279754638671875,"trend_train_loss":0.8052903321361623,"periods":[252,504,756,1260],"predicted_seasonal_0_stock_price":1.1658251285552979,"_wandb":{"runtime":15},"depth":4,"seasonal_1_valid_loss":0.2021216813574165,"dim":128,"AAPL Stock Price Prediction by iTransformer":{"format":"png","width":1000,"height":600,"_type":"image-file","sha256":"bae2c45a480e7169b73b8b86018288c6902a1b93ef744b53f8987d6b53491830","size":44518,"path":"media/images/AAPL Stock Price Prediction by iTransformer_8_bae2c45a480e7169b73b.png"},"real_seasonal_0_stock_price":-2.3363775768574038,"real_seasonal_1_stock_price":-3.1406783939881464,"real_resid_stock_price":9.055694520175734,"predicted_seasonal_3_stock_price":2.6163547039031982,"seasonal_1_train_loss":0.6122393628256193,"real_trend_stock_price":221.26011129465496,"seasonal_3_valid_loss":1.9228800390447889,"seasonal_0_valid_loss":0.2778346258427452,"predicted_seasonal_1_stock_price":-2.761375904083252,"seasonal_2_train_loss":1.3265487096042814}