{"periods":[252,504,756,1260],"predicted_seasonal_3_stock_price":4.780113220214844,"seasonal_2_train_loss":0.6774653218991141,"trend_valid_loss":2.4483068866549798,"seasonal_1_train_loss":1.1156660628477548,"real_seasonal_1_stock_price":2.721535027645758,"real_seasonal_3_stock_price":9.210042698987007,"seasonal_0_train_loss":0.30266527654159636,"real_trend_stock_price":167.5354913342489,"real_resid_stock_price":30.052430487608945,"depth":4,"final_predicted_stock_price":106.33203125,"predicted_seasonal_1_stock_price":1.3957864046096802,"dim":128,"Runtime (seconds)":4.568979263305664,"seasonal_2_valid_loss":0.6947728443984725,"predicted_seasonal_2_stock_price":1.802738070487976,"resid_train_loss":1.3636467948075264,"_wandb":{"runtime":11},"rmse":112.60797119140625,"predicted_trend_stock_price":72.41705322265625,"seasonal_3_train_loss":0.8321489212008155,"real_stock_price":218.94000244140625,"real_seasonal_0_stock_price":-6.886692248923765,"seasonal_3_valid_loss":0.3591736485274674,"real_seasonal_2_stock_price":16.307195141839433,"trend_train_loss":1.678464629429103,"mse":12680.55517584458,"resid_valid_loss":2.333469350608664,"AMZN Stock Price Prediction by iTransformer":{"size":46244,"path":"media/images/AMZN Stock Price Prediction by iTransformer_8_9844ae4ec4caf0b8d4fc.png","format":"png","width":1000,"height":600,"_type":"image-file","sha256":"9844ae4ec4caf0b8d4fcfe27de8a502b766565d3e9266897b3d86649cadcc99c"},"seasonal_1_valid_loss":0.9313881909458305,"seasonal_0_valid_loss":0.4509778595206761,"mae":112.60797119140625,"_runtime":11.454623224,"predicted_resid_stock_price":29.41910743713379,"_timestamp":1.736755351632357e+09,"predicted_seasonal_0_stock_price":-3.4827661514282227,"_step":9}