{"_timestamp":1.7367281550037327e+09,"seasonal_3_train_loss":1.8050803153315353,"AAPL Stock Price Prediction by iTransformer":{"path":"media/images/AAPL Stock Price Prediction by iTransformer_8_c927212eb71b0748dcc8.png","format":"png","width":1000,"height":600,"_type":"image-file","sha256":"c927212eb71b0748dcc89da0191a89d1477955bdffe44aba7a8e43599dcc08ab","size":47652},"periods":[252,504,756,1260],"real_trend_stock_price":221.26011188394776,"real_seasonal_1_stock_price":-3.1406771593771587,"seasonal_0_train_loss":0.9866936066628671,"seasonal_0_valid_loss":1.923806667747632,"final_predicted_stock_price":101.01487731933594,"predicted_resid_stock_price":8.437483787536621,"seasonal_1_valid_loss":0.35640889406204224,"trend_valid_loss":2.3094887673555307,"depth":4,"predicted_trend_stock_price":93.58434295654297,"seasonal_1_train_loss":0.8116734705188058,"rmse":135.8351287841797,"seasonal_2_train_loss":0.5300513979033372,"predicted_seasonal_3_stock_price":-3.3090765476226807,"seasonal_2_valid_loss":0.40349216783722314,"real_seasonal_3_stock_price":4.670784414076827,"trend_train_loss":0.24360012856883398,"dim":128,"Runtime (seconds)":3.9854941368103027,"_wandb":{"runtime":9},"resid_valid_loss":0.39381301229711324,"real_seasonal_2_stock_price":7.3404728008900815,"real_seasonal_0_stock_price":-2.336386083825989,"real_stock_price":236.85000610351562,"mae":135.8351287841797,"real_resid_stock_price":9.05570024780414,"predicted_seasonal_0_stock_price":-0.05259633809328079,"mse":18451.18221181468,"resid_train_loss":1.4421790805981332,"predicted_seasonal_1_stock_price":-0.982684850692749,"_step":9,"_runtime":9.886456928,"predicted_seasonal_2_stock_price":3.3374009132385254,"seasonal_3_valid_loss":1.5604165069507256}