{"real_seasonal_0_stock_price":3.0775589899716924,"XOM VMD Open":{"size":243486,"path":"media/images/XOM VMD Open_1691_ccea74bd034d98d5162c.png","format":"png","width":1200,"height":1200,"_type":"image-file","sha256":"ccea74bd034d98d5162c1503ac601e8bf9ede96394161ce02a6f2b2690d284d3"},"seasonal_3_valid_loss":0.040757140955432716,"_runtime":27263.695117354,"predicted_seasonal_0_stock_price":2.976276397705078,"real_resid_stock_price":0.05839582376267904,"seasonal_1_train_loss":0.02100673644376703,"dim":128,"seasonal_1_valid_loss":0.024702250957489014,"final_predicted_stock_price":119.4671401977539,"predicted_seasonal_2_stock_price":-0.34432318806648254,"mse":5.395681914174929,"_wandb":{"runtime":27263},"_step":1692,"seasonal_2_train_loss":0.014056531573293358,"real_seasonal_1_stock_price":0.3178353900495569,"trend_valid_loss":0.027658624574542046,"Runtime (seconds)":1757.916249513626,"seasonal_2_valid_loss":0.03375798297218151,"resid_train_loss":0.04015402409095446,"real_trend_stock_price":117.3997394162654,"mae":2.3228607177734375,"predicted_resid_stock_price":0.3209998607635498,"resid_valid_loss":0.045681488316725284,"seasonal_0_train_loss":0.022679820187510445,"XOM Stock Price Prediction by iTransformer VMD":{"width":1000,"height":600,"_type":"image-file","sha256":"e4c3ff8b22d19ccba740d5fdd83369db90e7a79ca1844f60939596b420876ad5","size":60261,"path":"media/images/XOM Stock Price Prediction by iTransformer VMD_1691_e4c3ff8b22d19ccba740.png","format":"png"},"predicted_trend_stock_price":116.35749816894531,"depth":4,"_timestamp":1.7385979687378616e+09,"real_stock_price":121.79000091552734,"trend_train_loss":0.026062996031973384,"real_seasonal_3_stock_price":0.817386046811607,"seasonal_3_train_loss":0.02122244241612929,"real_seasonal_2_stock_price":-0.3614723191557328,"predicted_seasonal_3_stock_price":-0.0027070592623203993,"seasonal_0_valid_loss":0.028476562516966668,"rmse":2.3228607177734375,"XOM VMD Adj Close":{"path":"media/images/XOM VMD Adj Close_1691_1b0fe62fcc810bd1a7f7.png","format":"png","width":1200,"height":1200,"_type":"image-file","sha256":"1b0fe62fcc810bd1a7f7e996b20466f456782a935447b371dea05b70d12bcd10","size":222464},"predicted_seasonal_1_stock_price":0.15940271317958832}