{"mse":5070.37176156044,"trend_valid_loss":0.5169236781626847,"AMZN Stock Price Prediction by iTransformer":{"width":1000,"height":600,"_type":"image-file","sha256":"fc5d3cf2dc16d822bf1332a12d737578f435d9ad9d2eb4a44afd1d3eb85eda17","size":48654,"path":"media/images/AMZN Stock Price Prediction by iTransformer_8_fc5d3cf2dc16d822bf13.png","format":"png"},"real_seasonal_0_stock_price":-6.886692248923765,"_timestamp":1.7367413186774764e+09,"_runtime":10.66742202,"periods":[252,504,756,1260],"final_predicted_stock_price":147.73345947265625,"resid_train_loss":1.1606488240368544,"seasonal_2_valid_loss":0.2689989989175378,"rmse":71.20654296875,"_wandb":{"runtime":10},"trend_train_loss":0.39473053431197624,"predicted_seasonal_1_stock_price":0.30397576093673706,"seasonal_0_train_loss":0.9352998963042195,"real_seasonal_2_stock_price":16.307195141839433,"Runtime (seconds)":5.22746467590332,"real_trend_stock_price":167.5354913342489,"real_resid_stock_price":30.052430487608945,"seasonal_3_valid_loss":0.41786677542413714,"dim":128,"predicted_seasonal_2_stock_price":8.691668510437012,"real_seasonal_1_stock_price":2.721535027645758,"real_stock_price":218.94000244140625,"_step":9,"predicted_trend_stock_price":113.923828125,"predicted_seasonal_3_stock_price":-0.512030839920044,"seasonal_3_train_loss":1.1012078314538924,"depth":4,"seasonal_0_valid_loss":1.1511625028066612,"mae":71.20654296875,"seasonal_1_train_loss":0.9175445862390377,"seasonal_1_valid_loss":1.010097163483269,"resid_valid_loss":0.2681003998981293,"real_seasonal_3_stock_price":9.210042698987007,"predicted_seasonal_0_stock_price":0.39337456226348877,"seasonal_2_train_loss":0.9601041977457142,"predicted_resid_stock_price":24.932649612426758}