{"predicted_seasonal_2_stock_price":13.90479564666748,"final_predicted_stock_price":194.72764587402344,"Runtime (seconds)":7293.807292461395,"seasonal_0_valid_loss":0.03234529171109669,"_timestamp":1.7361948245502014e+09,"resid_valid_loss":0.051006659135951864,"_wandb":{"runtime":54504},"predicted_seasonal_3_stock_price":1.7852065563201904,"AMZN Stock Price Prediction by iTransformer":{"size":55137,"path":"media/images/AMZN Stock Price Prediction by iTransformer_1801_39a548e99568db537016.png","format":"png","width":1000,"height":600,"_type":"image-file","sha256":"39a548e99568db537016ad77001449c9c03d6f35621de5c52f828b7615cf453f"},"seasonal_2_valid_loss":0.04299174195132506,"seasonal_1_valid_loss":0.038479866990537355,"mae":6.72235107421875,"real_resid_stock_price":23.77763558604289,"rmse":6.72235107421875,"seasonal_3_train_loss":0.0569655288716216,"trend_train_loss":0.05993171511227835,"predicted_seasonal_1_stock_price":2.5590262413024902,"seasonal_0_train_loss":0.05347459083194899,"depth":32,"real_seasonal_2_stock_price":15.452060060109867,"real_seasonal_1_stock_price":3.124664217904731,"predicted_resid_stock_price":17.80812644958496,"real_stock_price":201.4499969482422,"seasonal_2_train_loss":0.05348093480842324,"real_seasonal_3_stock_price":2.887818194753555,"_runtime":54504.910931221,"trend_valid_loss":0.029493633595083942,"_step":1802,"predicted_trend_stock_price":161.9351043701172,"mse":45.19000396504998,"seasonal_3_valid_loss":0.028043102473020554,"real_seasonal_0_stock_price":-5.140506355379676,"real_trend_stock_price":161.34832524481084,"resid_train_loss":0.027798955569207487,"dim":256,"seasonal_1_train_loss":0.04014435683530162,"predicted_seasonal_0_stock_price":-3.2646024227142334}