{"Runtime (seconds)":90.0470700263977,"_step":302,"dim":128,"r2_score":NaN,"valid_loss":0.06333761547946117,"_timestamp":1.7389362594028356e+09,"GOOG Stock Price Prediction by iTransformer(no MSTL)":{"_type":"image-file","sha256":"f79e53580d58f6c9557845902b690f1f296246a6220084f1ac545393dd1e6eb7","size":61641,"path":"media/images/GOOG Stock Price Prediction by iTransformer(no MSTL)_301_f79e53580d58f6c95578.png","format":"png","width":1000,"height":600},"rmse":2.017303466796875,"real_stock_price":193.30999755859375,"_wandb":{"runtime":2251},"_runtime":2251.893231371,"train_loss":0.0649947557824409,"predicted_stock_price":195.32730102539062,"mse":4.0695132771506906,"depth":4,"mae":2.017303466796875}