{"predicted_seasonal_3_stock_price":-3.3942792415618896,"predicted_seasonal_0_stock_price":0.8408268690109253,"trend_valid_loss":0.6974302842071342,"real_seasonal_3_stock_price":4.670782285564547,"real_seasonal_2_stock_price":7.340472509624463,"seasonal_3_valid_loss":0.564505173296886,"dim":128,"seasonal_1_valid_loss":0.30241978764533994,"depth":4,"Runtime (seconds)":5.7714996337890625,"real_resid_stock_price":9.055692782692972,"mae":118.6541519165039,"seasonal_2_train_loss":0.5514073743974066,"real_trend_stock_price":221.260111570907,"_timestamp":1.7367285746531608e+09,"seasonal_0_valid_loss":1.2657986879348755,"seasonal_1_train_loss":0.47552665108267,"mse":14078.807767024788,"seasonal_3_train_loss":0.9684695695978262,"seasonal_0_train_loss":0.6189432589236982,"rmse":118.6541519165039,"_wandb":{"runtime":12},"trend_train_loss":0.11160285138794492,"real_stock_price":236.85000610351562,"AAPL Stock Price Prediction by iTransformer":{"path":"media/images/AAPL Stock Price Prediction by iTransformer_8_b92919492db7c6b6fc70.png","format":"png","width":1000,"height":600,"_type":"image-file","sha256":"b92919492db7c6b6fc707270dd7ac902e036c2e447ce50e03496ba27b14efc89","size":47208},"predicted_seasonal_1_stock_price":-1.8170892000198364,"predicted_resid_stock_price":-6.204489707946777,"predicted_trend_stock_price":122.47880554199219,"real_seasonal_0_stock_price":-2.3363820620640516,"final_predicted_stock_price":118.19585418701172,"predicted_seasonal_2_stock_price":6.29208517074585,"real_seasonal_1_stock_price":-3.140670983209321,"resid_train_loss":2.1498457168736884,"periods":[252,504,756,1260],"_step":9,"resid_valid_loss":2.018613651422086,"seasonal_2_valid_loss":0.13315848058489096,"_runtime":12.195923564}