{"mse":6328.411767171929,"resid_valid_loss":3.0946455001831055,"final_predicted_stock_price":139.38868713378906,"seasonal_2_train_loss":3.2142727139946463,"trend_valid_loss":0.19779817331582308,"real_seasonal_3_stock_price":9.210042698987007,"real_seasonal_0_stock_price":-6.886692248923765,"predicted_seasonal_2_stock_price":-5.841019153594971,"_wandb":{"runtime":9},"_runtime":9.545994195,"real_resid_stock_price":30.052430487608945,"trend_train_loss":1.199667166014373,"seasonal_1_train_loss":1.1562274772335182,"seasonal_3_valid_loss":0.2747319268057551,"predicted_resid_stock_price":-7.322533130645752,"real_trend_stock_price":167.5354913342489,"resid_train_loss":2.4959060160542315,"predicted_seasonal_1_stock_price":-3.0492498874664307,"_step":9,"seasonal_0_valid_loss":1.7491150467019332,"real_seasonal_1_stock_price":2.721535027645758,"Runtime (seconds)":4.394330739974976,"dim":128,"seasonal_0_train_loss":1.4063171232968592,"AMZN Stock Price Prediction by iTransformer":{"format":"png","width":1000,"height":600,"_type":"image-file","sha256":"1b0adbc30605a0f974861394b0cbc4cd8ce5ea30a2c13b73149b0c320141b2c3","size":46201,"path":"media/images/AMZN Stock Price Prediction by iTransformer_8_1b0adbc30605a0f97486.png"},"_timestamp":1.7367402998635852e+09,"depth":4,"predicted_trend_stock_price":140.0047607421875,"predicted_seasonal_0_stock_price":0.6658322215080261,"seasonal_1_valid_loss":1.1480439852620343,"seasonal_2_valid_loss":3.8839982393148698,"predicted_seasonal_3_stock_price":14.930901527404785,"rmse":79.55131530761719,"real_stock_price":218.94000244140625,"mae":79.55131530761719,"real_seasonal_2_stock_price":16.307195141839433,"seasonal_3_train_loss":1.2608918345916431,"periods":[252,504,756,1260]}