{"seasonal_3_train_loss":1.643453728144031,"trend_valid_loss":0.004249336576217026,"rmse":46.48500061035156,"predicted_trend_stock_price":162.7802276611328,"real_resid_stock_price":30.052430487608945,"predicted_seasonal_2_stock_price":-4.589751243591309,"seasonal_1_valid_loss":0.5981541312470728,"seasonal_1_train_loss":0.967280095265016,"depth":4,"final_predicted_stock_price":172.4550018310547,"resid_valid_loss":0.40628740702058885,"seasonal_2_valid_loss":1.4576746135541838,"real_trend_stock_price":167.5354913342489,"Runtime (seconds)":4.727814435958862,"AMZN Stock Price Prediction by iTransformer":{"size":48727,"path":"media/images/AMZN Stock Price Prediction by iTransformer_8_35034e9a3771349e2c6f.png","format":"png","width":1000,"height":600,"_type":"image-file","sha256":"35034e9a3771349e2c6fe9922aa238952a69b43f9204202f0438e6be944899ce"},"seasonal_0_train_loss":2.372636596549232,"trend_train_loss":0.4123564521706868,"seasonal_0_valid_loss":3.020587372779846,"predicted_seasonal_0_stock_price":4.801554203033447,"real_seasonal_3_stock_price":9.210042698987007,"_wandb":{"runtime":9},"real_seasonal_0_stock_price":-6.886692248923765,"seasonal_2_train_loss":1.9200920885755817,"mse":2160.855281744385,"predicted_seasonal_3_stock_price":-2.5589563846588135,"seasonal_3_valid_loss":1.6141048227967907,"real_seasonal_1_stock_price":2.721535027645758,"real_stock_price":218.94000244140625,"predicted_resid_stock_price":11.869240760803223,"_step":9,"dim":128,"_runtime":9.430156769,"periods":[252,504,756,1260],"real_seasonal_2_stock_price":16.307195141839433,"mae":46.48500061035156,"resid_train_loss":0.487854663376923,"_timestamp":1.73671313879535e+09,"predicted_seasonal_1_stock_price":0.15268392860889435}