{"seasonal_1_valid_loss":0.11718524673155375,"seasonal_1_train_loss":0.30767322248442375,"mse":11268.820593848417,"predicted_seasonal_0_stock_price":-0.6556913256645203,"depth":4,"periods":[252,504,756,1260],"seasonal_3_valid_loss":0.7244826274447387,"predicted_seasonal_3_stock_price":10.194012641906738,"_wandb":{"runtime":12},"mae":106.15470123291016,"dim":128,"rmse":106.15470123291016,"predicted_seasonal_2_stock_price":13.914790153503418,"real_seasonal_1_stock_price":2.721535027645758,"predicted_seasonal_1_stock_price":2.9637300968170166,"real_seasonal_2_stock_price":16.307195141839433,"trend_train_loss":0.8588843515452335,"real_seasonal_0_stock_price":-6.886692248923765,"AMZN Stock Price Prediction by iTransformer":{"width":1000,"height":600,"_type":"image-file","sha256":"f9e27a32c7ac9756f76eab70783a6323e6ca04e1df6f9ae3d5c7831a30597859","size":46296,"path":"media/images/AMZN Stock Price Prediction by iTransformer_8_f9e27a32c7ac9756f76e.png","format":"png"},"seasonal_2_train_loss":0.49288737110825814,"real_resid_stock_price":30.052430487608945,"predicted_resid_stock_price":-11.838414192199707,"_timestamp":1.7367558189852207e+09,"final_predicted_stock_price":112.7853012084961,"Runtime (seconds)":6.7607457637786865,"_step":9,"_runtime":12.666115391,"resid_valid_loss":6.567143440246582,"seasonal_0_valid_loss":0.7679582989635522,"seasonal_2_valid_loss":0.4752302625398526,"predicted_trend_stock_price":98.20687866210938,"real_stock_price":218.94000244140625,"real_trend_stock_price":167.5354913342489,"trend_valid_loss":1.8290702104568481,"resid_train_loss":1.4701370643244849,"seasonal_3_train_loss":1.1548932794834745,"seasonal_0_train_loss":0.6749754329939266,"real_seasonal_3_stock_price":9.210042698987007}