{"Train Loss (Resid)":0.066492114554752,"_wandb":{"runtime":45},"Validation Loss (Resid)":0.07271462643146515,"_timestamp":1.7287573581599944e+09,"_runtime":44.850160854,"Validation Loss (Trend)":0.022690201118588448,"_step":73,"Validation Loss (Seasonal)":0.12111261183023453,"Train Loss (Seasonal)":0.10395249825986949,"Train Loss (Trend)":0.01847656862810254}