{"_step":9,"seasonal_2_valid_loss":0.4021817359217759,"seasonal_3_valid_loss":0.98741081642239,"_runtime":18.155100918,"predicted_seasonal_0_stock_price":-7.079987049102783,"mse":18982.152864842268,"real_seasonal_2_stock_price":16.307195141839433,"real_trend_stock_price":167.5354913342489,"real_seasonal_0_stock_price":-6.886692248923765,"predicted_trend_stock_price":81.1027603149414,"_wandb":{"runtime":18},"real_seasonal_3_stock_price":9.210042698987007,"_timestamp":1.736743437725691e+09,"Runtime (seconds)":9.012096643447876,"resid_train_loss":1.1507975137769284,"real_stock_price":218.94000244140625,"predicted_resid_stock_price":2.310760498046875,"seasonal_2_train_loss":0.6813215647438863,"seasonal_1_valid_loss":1.3574011286800394,"real_resid_stock_price":30.052430487608945,"rmse":137.7757339477539,"dim":128,"final_predicted_stock_price":81.16426849365234,"periods":[252,504,756,1260],"trend_valid_loss":2.116605160516851,"mae":137.7757339477539,"predicted_seasonal_3_stock_price":-0.7645213007926941,"seasonal_3_train_loss":1.3541961425777977,"predicted_seasonal_2_stock_price":6.992753028869629,"seasonal_0_train_loss":0.44889792479785734,"depth":4,"trend_train_loss":1.0024604362343026,"predicted_seasonal_1_stock_price":-1.3974969387054443,"seasonal_1_train_loss":1.427932544862581,"AMZN Stock Price Prediction by iTransformer":{"format":"png","width":1000,"height":600,"_type":"image-file","sha256":"4e5deaa9eb3f2634961da66a9c6eca2ef019b5eeb2db6aae7ba4a764d446c5d7","size":47103,"path":"media/images/AMZN Stock Price Prediction by iTransformer_8_4e5deaa9eb3f2634961d.png"},"resid_valid_loss":0.5835159955094769,"seasonal_0_valid_loss":0.18802666336548898,"real_seasonal_1_stock_price":2.721535027645758}