{"predicted_seasonal_3_stock_price":3.98309588432312,"seasonal_1_train_loss":0.24041174851197133,"seasonal_2_train_loss":0.49739281731623813,"predicted_seasonal_2_stock_price":6.252683162689209,"_timestamp":1.7367427418525546e+09,"periods":[252,504,756,1260],"AAPL Stock Price Prediction by iTransformer":{"format":"png","width":1000,"height":600,"_type":"image-file","sha256":"e700466d10d5e5927c501c9d2cfa969d4e5632fc9bf7b6994399e1b77e08e4a9","size":46818,"path":"media/images/AAPL Stock Price Prediction by iTransformer_8_e700466d10d5e5927c50.png"},"real_seasonal_3_stock_price":4.670781614136535,"trend_train_loss":0.6127933864015885,"_wandb":{"runtime":17},"real_trend_stock_price":221.2601111852424,"predicted_trend_stock_price":156.38864135742188,"seasonal_3_valid_loss":0.5125161884432166,"_step":9,"real_seasonal_1_stock_price":-3.140672967677257,"trend_valid_loss":0.3353931238515335,"mse":5336.483521432616,"Runtime (seconds)":9.097001075744629,"final_predicted_stock_price":163.79876708984375,"rmse":73.05123901367188,"dim":128,"seasonal_0_train_loss":0.20800070169247578,"real_stock_price":236.85000610351562,"seasonal_3_train_loss":0.9653888543129728,"real_seasonal_0_stock_price":-2.3363758814165143,"predicted_resid_stock_price":-0.43926453590393066,"_runtime":17.197992014,"resid_valid_loss":0.8576995968760457,"predicted_seasonal_0_stock_price":1.3439198732376099,"real_seasonal_2_stock_price":7.3404679015473135,"predicted_seasonal_1_stock_price":-3.7302966117858887,"real_resid_stock_price":9.05569425168315,"seasonal_1_valid_loss":0.11080330542542717,"depth":4,"mae":73.05123901367188,"seasonal_2_valid_loss":0.08578113871491301,"seasonal_0_valid_loss":0.4426733428875376,"resid_train_loss":0.6723378327852614}