{"final_predicted_stock_price":60.233497619628906,"seasonal_3_valid_loss":0.4653305610522678,"mae":176.61650848388672,"predicted_seasonal_3_stock_price":-1.5450818538665771,"resid_valid_loss":0.731394334634145,"seasonal_3_train_loss":1.0780647895603537,"real_stock_price":236.85000610351562,"depth":4,"seasonal_0_train_loss":0.39868550253144003,"predicted_trend_stock_price":55.93979263305664,"Runtime (seconds)":6.182501316070557,"real_resid_stock_price":9.055695935364497,"seasonal_0_valid_loss":0.8170734599602124,"resid_train_loss":0.645349638229304,"predicted_resid_stock_price":6.298239707946777,"_runtime":13.167664867,"predicted_seasonal_2_stock_price":1.800095796585083,"_step":9,"real_trend_stock_price":221.26011182779234,"real_seasonal_2_stock_price":7.340474685295958,"seasonal_2_valid_loss":0.4156556758948289,"predicted_seasonal_0_stock_price":-0.01276521198451519,"_wandb":{"runtime":13},"real_seasonal_0_stock_price":-2.336381373323563,"periods":[252,504,756,1260],"predicted_seasonal_1_stock_price":-2.2467854022979736,"trend_train_loss":1.1405735344618508,"seasonal_2_train_loss":0.8183044273242841,"AAPL Stock Price Prediction by iTransformer":{"width":1000,"height":600,"_type":"image-file","sha256":"1807c1d5400a5909405d3085313e30adacc3f35ded7c27cb6476019e411c0ade","size":46204,"path":"media/images/AAPL Stock Price Prediction by iTransformer_8_1807c1d5400a5909405d.png","format":"png"},"real_seasonal_3_stock_price":4.670778391160955,"mse":31193.39106903883,"trend_valid_loss":4.400103769598928,"real_seasonal_1_stock_price":-3.140673362774578,"_timestamp":1.7367122111412196e+09,"rmse":176.61650848388672,"seasonal_1_train_loss":0.7635638612810444,"seasonal_1_valid_loss":0.3480603932769378,"dim":128}