{"predicted_seasonal_3_stock_price":7.793270111083984,"dim":128,"mae":152.67613983154297,"periods":[252,504,756,1260],"real_seasonal_1_stock_price":-3.1406775310307697,"seasonal_3_train_loss":1.0531687898432975,"seasonal_3_valid_loss":0.478039413690567,"real_seasonal_2_stock_price":7.340470995463244,"real_seasonal_0_stock_price":-2.336378471603733,"seasonal_0_valid_loss":0.6992783318052549,"real_stock_price":236.85000610351562,"seasonal_0_train_loss":0.5346080176706673,"real_seasonal_3_stock_price":4.670790308127639,"_timestamp":1.7367367013362916e+09,"real_trend_stock_price":221.26011160627053,"mse":23310.00367386086,"seasonal_1_valid_loss":0.9188632464360612,"seasonal_2_train_loss":0.9472446679730947,"_step":9,"_runtime":12.702009483,"predicted_resid_stock_price":7.7669267654418945,"rmse":152.67613983154297,"predicted_seasonal_1_stock_price":-0.17824959754943848,"resid_valid_loss":0.37088140137229403,"predicted_trend_stock_price":64.07855224609375,"predicted_seasonal_0_stock_price":2.1022047996520996,"resid_train_loss":0.6744225162443132,"seasonal_1_train_loss":0.9744805797549864,"final_predicted_stock_price":84.17386627197266,"trend_train_loss":0.9222042913773503,"depth":4,"predicted_seasonal_2_stock_price":2.611161947250366,"_wandb":{"runtime":12},"AAPL Stock Price Prediction by iTransformer":{"format":"png","width":1000,"height":600,"_type":"image-file","sha256":"84367233c426e92f886d955c9dbc04cff4227ecde1477a4c783955886b733272","size":46101,"path":"media/images/AAPL Stock Price Prediction by iTransformer_8_84367233c426e92f886d.png"},"seasonal_2_valid_loss":0.40896499156951904,"real_resid_stock_price":9.05568919628871,"Runtime (seconds)":6.447519540786743,"trend_valid_loss":4.667228318981288}