{"predicted_seasonal_3_stock_price":8.817418098449707,"real_stock_price":218.94000244140625,"resid_train_loss":0.4949475292079287,"_runtime":12.943945498,"seasonal_1_valid_loss":0.23802392363752872,"periods":[252,504,756,1260],"rmse":107.28934478759766,"real_seasonal_2_stock_price":16.307195141839433,"predicted_trend_stock_price":96.90164184570312,"AMZN Stock Price Prediction by iTransformer":{"size":46290,"path":"media/images/AMZN Stock Price Prediction by iTransformer_8_4e5bc8009ae3288230e4.png","format":"png","width":1000,"height":600,"_type":"image-file","sha256":"4e5bc8009ae3288230e4aabdf70926efa515f4cb008b11a7e236d5a65a3fb053"},"resid_valid_loss":0.508328368210362,"real_seasonal_3_stock_price":9.210042698987007,"Runtime (seconds)":5.827759504318237,"_timestamp":1.736707606238882e+09,"predicted_seasonal_2_stock_price":-3.722416400909424,"seasonal_2_valid_loss":2.267565967664437,"real_seasonal_1_stock_price":2.721535027645758,"depth":4,"predicted_seasonal_1_stock_price":3.769850730895996,"dim":128,"_wandb":{"runtime":12},"mae":107.28934478759766,"seasonal_2_train_loss":2.9741650766599577,"_step":9,"seasonal_0_train_loss":1.4615871211288776,"final_predicted_stock_price":111.6506576538086,"real_trend_stock_price":167.5354913342489,"trend_valid_loss":1.0430787442547729,"seasonal_3_train_loss":1.1510079469107375,"mse":11511.003504952008,"predicted_seasonal_0_stock_price":-2.3177032470703125,"seasonal_1_train_loss":0.6055823315763672,"real_resid_stock_price":30.052430487608945,"predicted_resid_stock_price":8.20186710357666,"real_seasonal_0_stock_price":-6.886692248923765,"trend_train_loss":0.386835446332575,"seasonal_0_valid_loss":0.9327624754918227,"seasonal_3_valid_loss":0.4950632114949472}