{"_runtime":11.799056699,"resid_train_loss":4.7199782505475385,"predicted_seasonal_2_stock_price":10.650769233703613,"real_resid_stock_price":30.052430487608945,"resid_valid_loss":5.833741635084152,"Runtime (seconds)":5.662020921707153,"mse":9485.840357981855,"AMZN Stock Price Prediction by iTransformer":{"size":46420,"path":"media/images/AMZN Stock Price Prediction by iTransformer_8_2c7c302e432a394e8e84.png","format":"png","width":1000,"height":600,"_type":"image-file","sha256":"2c7c302e432a394e8e840cc01e9f37fdbb6b7c158991bf3d7ab52327e97c1f20"},"_timestamp":1.7367178070818675e+09,"seasonal_3_train_loss":2.145240704552309,"predicted_resid_stock_price":-16.38552474975586,"seasonal_3_valid_loss":1.8617552732701412,"seasonal_2_valid_loss":0.3621815518594124,"trend_valid_loss":0.541767737804315,"real_seasonal_3_stock_price":9.210042698987007,"depth":4,"periods":[252,504,756,1260],"final_predicted_stock_price":121.54472351074219,"rmse":97.39527893066406,"_step":9,"real_seasonal_2_stock_price":16.307195141839433,"predicted_seasonal_1_stock_price":2.1131608486175537,"real_seasonal_1_stock_price":2.721535027645758,"predicted_trend_stock_price":128.93148803710938,"real_trend_stock_price":167.5354913342489,"mae":97.39527893066406,"seasonal_0_train_loss":0.6618257532688662,"seasonal_1_train_loss":1.8054775719970002,"trend_train_loss":0.9922093285976877,"seasonal_0_valid_loss":0.6999681643520792,"predicted_seasonal_0_stock_price":-4.419260501861572,"seasonal_2_train_loss":0.8775532901264075,"dim":128,"_wandb":{"runtime":11},"predicted_seasonal_3_stock_price":0.6541054844856262,"real_stock_price":218.94000244140625,"real_seasonal_0_stock_price":-6.886692248923765,"seasonal_1_valid_loss":0.36926165941330763}