{"mse":4391.921775945462,"Runtime (seconds)":6.493598222732544,"real_seasonal_3_stock_price":9.210042698987007,"real_seasonal_0_stock_price":-6.886692248923765,"trend_train_loss":0.11044023539167895,"real_seasonal_2_stock_price":16.307195141839433,"mae":66.27157592773438,"dim":128,"predicted_seasonal_2_stock_price":11.714530944824219,"_wandb":{"runtime":12},"trend_valid_loss":0.4005770427501126,"seasonal_0_valid_loss":0.3909475391058223,"resid_valid_loss":0.29899355900769464,"depth":4,"_timestamp":1.7367186290731833e+09,"real_seasonal_1_stock_price":2.721535027645758,"_runtime":12.93721627,"seasonal_3_valid_loss":0.46215608533868296,"resid_train_loss":0.790693394607459,"seasonal_2_valid_loss":0.17281012360798828,"seasonal_1_train_loss":0.8650014854189175,"predicted_resid_stock_price":17.1275577545166,"AMZN Stock Price Prediction by iTransformer":{"_type":"image-file","sha256":"037e23dc34a44323e6754e50c8c8a2b4f5d230d37e5396b2f5096b23e2eb7a35","size":48926,"path":"media/images/AMZN Stock Price Prediction by iTransformer_8_037e23dc34a44323e675.png","format":"png","width":1000,"height":600},"_step":9,"real_stock_price":218.94000244140625,"seasonal_0_train_loss":0.41084937304258345,"rmse":66.27157592773438,"periods":[252,504,756,1260],"seasonal_1_valid_loss":0.824600622087897,"real_trend_stock_price":167.5354913342489,"predicted_trend_stock_price":124.25608825683594,"predicted_seasonal_1_stock_price":-0.49240076541900635,"predicted_seasonal_3_stock_price":3.424530267715454,"seasonal_3_train_loss":1.1123997941694448,"final_predicted_stock_price":152.66842651367188,"real_resid_stock_price":30.052430487608945,"predicted_seasonal_0_stock_price":-3.3618757724761963,"seasonal_2_train_loss":0.1622360138307468}