{"real_stock_price":236.85000610351562,"seasonal_2_valid_loss":0.21591032432378643,"predicted_seasonal_0_stock_price":-0.5824443101882935,"AAPL Stock Price Prediction by iTransformer":{"width":1000,"height":600,"_type":"image-file","sha256":"f9e15a5e7a99c0b0e4093a44a6a54290f15d5fc7565c451f156ea67c61e1025e","size":48716,"path":"media/images/AAPL Stock Price Prediction by iTransformer_8_f9e15a5e7a99c0b0e409.png","format":"png"},"real_seasonal_3_stock_price":4.6707827277439815,"mae":41.04766845703125,"seasonal_0_train_loss":1.4049933683033564,"predicted_seasonal_1_stock_price":-3.3871231079101562,"depth":4,"Runtime (seconds)":7.575067758560181,"_step":9,"periods":[252,504,756,1260],"trend_train_loss":0.09750831497760025,"dim":128,"_wandb":{"runtime":16},"seasonal_2_train_loss":1.4081706384852555,"seasonal_1_valid_loss":0.33919209685941404,"final_predicted_stock_price":195.80233764648438,"mse":1684.9110857583582,"rmse":41.04766845703125,"predicted_resid_stock_price":5.12986946105957,"resid_valid_loss":0.7040769990369896,"real_seasonal_2_stock_price":7.340470248413445,"real_resid_stock_price":9.05570002060486,"seasonal_3_valid_loss":0.5097882595919344,"seasonal_0_valid_loss":2.2063562685802376,"predicted_seasonal_2_stock_price":7.943527698516846,"seasonal_1_train_loss":0.5772426809177355,"_runtime":16.033542096,"predicted_trend_stock_price":190.04714965820312,"seasonal_3_train_loss":1.1211365315452364,"trend_valid_loss":0.0720693226099094,"_timestamp":1.7367203893897262e+09,"real_seasonal_1_stock_price":-3.14067110624705,"predicted_seasonal_3_stock_price":-3.3486387729644775,"resid_train_loss":0.7698219612211687,"real_seasonal_0_stock_price":-2.3363877630090326,"real_trend_stock_price":221.26011197600945}