{"predicted_seasonal_2_stock_price":12.61323356628418,"predicted_resid_stock_price":24.262413024902344,"depth":4,"seasonal_3_train_loss":1.683868049039054,"seasonal_0_train_loss":0.6878852370174525,"_runtime":10.608545551,"seasonal_1_train_loss":1.4929867444573388,"seasonal_2_valid_loss":0.15768033266067505,"seasonal_3_valid_loss":0.49875173564734204,"real_seasonal_2_stock_price":16.307195141839433,"Runtime (seconds)":5.019930124282837,"seasonal_2_train_loss":0.7898143092718195,"real_seasonal_0_stock_price":-6.886692248923765,"mse":11868.283189833164,"final_predicted_stock_price":109.99835205078125,"_timestamp":1.736714848253906e+09,"mae":108.941650390625,"trend_train_loss":1.05940141408861,"predicted_seasonal_3_stock_price":-4.672523021697998,"predicted_trend_stock_price":85.63905334472656,"AMZN Stock Price Prediction by iTransformer":{"size":46356,"path":"media/images/AMZN Stock Price Prediction by iTransformer_8_71c8a0eca8429957090c.png","format":"png","width":1000,"height":600,"_type":"image-file","sha256":"71c8a0eca8429957090c8a037288ac5a3b18d9c1d0997ee3e6682302c103f79b"},"rmse":108.941650390625,"resid_train_loss":0.6216258623596257,"resid_valid_loss":1.7212758655800964,"real_stock_price":218.94000244140625,"real_trend_stock_price":167.5354913342489,"real_seasonal_3_stock_price":9.210042698987007,"_wandb":{"runtime":10},"real_resid_stock_price":30.052430487608945,"predicted_seasonal_0_stock_price":-8.565230369567871,"seasonal_1_valid_loss":1.7985834482404375,"trend_valid_loss":2.173836597845183,"periods":[252,504,756,1260],"predicted_seasonal_1_stock_price":0.7214014530181885,"dim":128,"_step":9,"seasonal_0_valid_loss":0.5333331756890859,"real_seasonal_1_stock_price":2.721535027645758}