{"_timestamp":1.736751891933202e+09,"resid_train_loss":0.5415033074493847,"predicted_trend_stock_price":60.733787536621094,"seasonal_0_valid_loss":1.1072120350507333,"real_stock_price":218.94000244140625,"real_seasonal_0_stock_price":-6.886692248923765,"trend_train_loss":1.9153742427850564,"predicted_seasonal_2_stock_price":10.724113464355469,"real_seasonal_3_stock_price":9.210042698987007,"final_predicted_stock_price":96.12857055664062,"real_seasonal_1_stock_price":2.721535027645758,"seasonal_2_valid_loss":0.2285112800656772,"Runtime (seconds)":4.846934795379639,"mse":15082.647801586427,"_step":9,"seasonal_2_train_loss":0.619055986339503,"real_seasonal_2_stock_price":16.307195141839433,"seasonal_0_train_loss":0.8124254503587439,"AMZN Stock Price Prediction by iTransformer":{"_type":"image-file","sha256":"71e9653c98ed24c34b4a88f4bdfafb2dc8b6e8ea45b609cc624fc6f50059e70c","size":46942,"path":"media/images/AMZN Stock Price Prediction by iTransformer_8_71e9653c98ed24c34b4a.png","format":"png","width":1000,"height":600},"rmse":122.81143188476562,"real_resid_stock_price":30.052430487608945,"seasonal_3_valid_loss":0.3050967147362601,"_runtime":11.058442437,"_wandb":{"runtime":11},"real_trend_stock_price":167.5354913342489,"seasonal_1_train_loss":1.2041182748099717,"resid_valid_loss":0.5021464734829119,"seasonal_1_valid_loss":0.5840000042988955,"trend_valid_loss":4.21611521877138,"predicted_seasonal_3_stock_price":18.90265464782715,"predicted_seasonal_1_stock_price":2.297466993331909,"dim":128,"periods":[252,504,756,1260],"seasonal_3_train_loss":0.42954480817413465,"predicted_resid_stock_price":5.483867645263672,"predicted_seasonal_0_stock_price":-2.0133228302001953,"mae":122.81143188476562,"depth":4}