{"_timestamp":1.7361699533787403e+09,"Runtime (seconds)":265.5033338069916,"_step":211,"mae":21.673049926757812,"_runtime":6907.648268764,"train_loss":0.08350416409558263,"predicted_stock_price":221.1669464111328,"AAPL Stock Price Prediction by Transformer(no MSTL)":{"format":"png","width":1000,"height":600,"_type":"image-file","sha256":"718b1b95015c48ab94352b8092bf5232ac5edc22422d6d045c30cfc65040fbe8","size":48063,"path":"media/images/AAPL Stock Price Prediction by Transformer(no MSTL)_210_718b1b95015c48ab9435.png"},"r2_score":NaN,"dim":128,"_wandb":{"runtime":6907},"mse":469.7210931277368,"depth":4,"valid_loss":0.07486793535704515,"real_stock_price":242.83999633789062,"rmse":21.673049926757812}