{"real_trend_stock_price":221.26011182508344,"real_seasonal_3_stock_price":4.670782653840202,"mse":3900.796887371689,"trend_valid_loss":0.7666303648877499,"seasonal_0_valid_loss":2.3197123933796147,"seasonal_1_valid_loss":0.32766477717566733,"real_seasonal_2_stock_price":7.340471411851665,"AAPL Stock Price Prediction by iTransformer":{"width":1000,"height":600,"_type":"image-file","sha256":"b2b6b2112ebbc06cadac60b5be96874df0e72d4436e474e64455e8b8e6552d22","size":46404,"path":"media/images/AAPL Stock Price Prediction by iTransformer_8_b2b6b2112ebbc06cadac.png","format":"png"},"trend_train_loss":0.21504317986746194,"depth":4,"predicted_resid_stock_price":1.7503759860992432,"periods":[252,504,756,1260],"seasonal_2_train_loss":0.5581297108795323,"resid_train_loss":1.2498525077685552,"mae":62.45635986328125,"real_stock_price":236.85000610351562,"_runtime":11.24429027,"predicted_seasonal_0_stock_price":-1.202826738357544,"_wandb":{"runtime":11},"real_seasonal_1_stock_price":-3.1406756331342747,"predicted_seasonal_2_stock_price":7.673596382141113,"predicted_trend_stock_price":158.49404907226562,"seasonal_3_valid_loss":0.17926873364181162,"rmse":62.45635986328125,"dim":128,"predicted_seasonal_3_stock_price":7.627190589904785,"Runtime (seconds)":5.9206318855285645,"_timestamp":1.7367378054930105e+09,"predicted_seasonal_1_stock_price":0.05124542862176895,"final_predicted_stock_price":174.39364624023438,"_step":9,"seasonal_2_valid_loss":0.26380947384159725,"real_seasonal_0_stock_price":-2.336382897030146,"resid_valid_loss":0.4431445173233836,"seasonal_1_train_loss":0.6033145430573515,"seasonal_3_train_loss":0.38410969259823263,"seasonal_0_train_loss":0.7617640825727267,"real_resid_stock_price":9.055698742904724}