{"real_seasonal_1_stock_price":2.721535027645758,"_step":9,"predicted_seasonal_2_stock_price":-1.6545472145080566,"_timestamp":1.7367391966369324e+09,"dim":128,"seasonal_2_train_loss":1.6512108662312235,"predicted_seasonal_0_stock_price":-0.4193153381347656,"seasonal_1_valid_loss":0.3630458260173196,"mae":46.42198181152344,"real_seasonal_2_stock_price":16.307195141839433,"seasonal_3_train_loss":1.3854631084579938,"trend_train_loss":0.2314141569320028,"periods":[252,504,756,1260],"real_stock_price":218.94000244140625,"Runtime (seconds)":6.074831962585449,"seasonal_0_train_loss":1.512461956335855,"mse":2155.000395309413,"real_resid_stock_price":30.052430487608945,"seasonal_3_valid_loss":1.6511087780428901,"trend_valid_loss":0.020388743045366614,"rmse":46.42198181152344,"real_seasonal_3_stock_price":9.210042698987007,"resid_valid_loss":0.5599596918403328,"_runtime":12.786137409,"predicted_resid_stock_price":10.754950523376465,"seasonal_2_valid_loss":1.3136566571905608,"resid_train_loss":1.032392412480297,"predicted_trend_stock_price":155.13082885742188,"_wandb":{"runtime":12},"seasonal_1_train_loss":0.7938209318762213,"AMZN Stock Price Prediction by iTransformer":{"size":48652,"path":"media/images/AMZN Stock Price Prediction by iTransformer_8_3c3a7ff960b5f84eb1f6.png","format":"png","width":1000,"height":600,"_type":"image-file","sha256":"3c3a7ff960b5f84eb1f6831a542860a04200dc699a31f3f084f9f9618cfe3425"},"predicted_seasonal_1_stock_price":2.6345632076263428,"final_predicted_stock_price":172.5180206298828,"predicted_seasonal_3_stock_price":6.071531772613525,"seasonal_0_valid_loss":1.521665648212583,"depth":4,"real_trend_stock_price":167.5354913342489,"real_seasonal_0_stock_price":-6.886692248923765}