{"predicted_seasonal_1_stock_price":1.2104729413986206,"_wandb":{"runtime":11},"final_predicted_stock_price":178.14474487304688,"real_seasonal_1_stock_price":2.721535027645758,"seasonal_1_valid_loss":0.5774511122084284,"seasonal_2_valid_loss":0.2808563680361003,"resid_valid_loss":4.576235115475078,"seasonal_2_train_loss":0.7774970350279832,"real_seasonal_0_stock_price":-6.886692248923765,"seasonal_0_train_loss":2.1062490804628893,"trend_train_loss":0.18776437478391866,"seasonal_0_valid_loss":2.4499463798864833,"trend_valid_loss":0.15247958568555978,"mae":40.795257568359375,"Runtime (seconds)":5.395878791809082,"dim":128,"AMZN Stock Price Prediction by iTransformer":{"size":48556,"path":"media/images/AMZN Stock Price Prediction by iTransformer_8_7aa1a9d38af3962e20c1.png","format":"png","width":1000,"height":600,"_type":"image-file","sha256":"7aa1a9d38af3962e20c1f64de8ec58777710a79f60bd32b96187e0c08bba6913"},"real_trend_stock_price":167.5354913342489,"predicted_seasonal_3_stock_price":12.198162078857422,"seasonal_3_valid_loss":0.02638355828821659,"real_seasonal_2_stock_price":16.307195141839433,"predicted_trend_stock_price":130.42820739746094,"predicted_seasonal_2_stock_price":8.521175384521484,"depth":4,"_runtime":11.632593612,"predicted_resid_stock_price":23.325958251953125,"seasonal_3_train_loss":0.5492813609568792,"mse":1664.2530400687829,"predicted_seasonal_0_stock_price":2.460752248764038,"real_resid_stock_price":30.052430487608945,"_timestamp":1.73674045001495e+09,"real_seasonal_3_stock_price":9.210042698987007,"resid_train_loss":0.6968889962964003,"real_stock_price":218.94000244140625,"_step":9,"seasonal_1_train_loss":0.5649762063086787,"periods":[252,504,756,1260],"rmse":40.795257568359375}