{"real_seasonal_0_stock_price":-6.886692248923765,"_runtime":17.622697167,"AMZN Stock Price Prediction by iTransformer":{"format":"png","width":1000,"height":600,"_type":"image-file","sha256":"28f5810a72feb10e7e840e73389db83756cd9142fd0dd9424328388bda994af9","size":46360,"path":"media/images/AMZN Stock Price Prediction by iTransformer_8_28f5810a72feb10e7e84.png"},"mse":11085.748124156147,"predicted_seasonal_1_stock_price":3.9012038707733154,"depth":4,"_wandb":{"runtime":17},"real_seasonal_1_stock_price":2.721535027645758,"trend_train_loss":0.5299051731435666,"seasonal_2_valid_loss":0.4385025907312165,"predicted_seasonal_0_stock_price":-7.556978225708008,"rmse":105.28887939453125,"dim":128,"predicted_trend_stock_price":103.65152740478516,"resid_train_loss":1.1400052351743633,"_step":9,"predicted_seasonal_3_stock_price":5.797592639923096,"seasonal_0_valid_loss":0.11583948977543472,"periods":[252,504,756,1260],"trend_valid_loss":1.494751600265503,"seasonal_2_train_loss":0.6843511567232453,"resid_valid_loss":0.8025246679574702,"predicted_resid_stock_price":-4.192154407501221,"real_stock_price":218.94000244140625,"real_seasonal_2_stock_price":16.307195141839433,"Runtime (seconds)":8.435639381408691,"mae":105.28887939453125,"predicted_seasonal_2_stock_price":12.04992389678955,"seasonal_1_valid_loss":0.9167989323556305,"final_predicted_stock_price":113.651123046875,"real_seasonal_3_stock_price":9.210042698987007,"seasonal_0_train_loss":0.6497034549024373,"seasonal_1_train_loss":0.8631317380940124,"real_trend_stock_price":167.5354913342489,"real_resid_stock_price":30.052430487608945,"seasonal_3_train_loss":0.7997325031492943,"_timestamp":1.7367435990509627e+09,"seasonal_3_valid_loss":0.17760485869187576}