{"real_trend_stock_price":221.26011159498384,"seasonal_1_train_loss":0.644448008383769,"seasonal_1_valid_loss":0.5019012395940736,"_runtime":9.785494182,"periods":[252,504,756,1260],"real_seasonal_1_stock_price":-3.140679423731679,"seasonal_0_valid_loss":0.3335031139036632,"real_seasonal_0_stock_price":-2.3363775016643444,"predicted_trend_stock_price":105.88370513916016,"seasonal_3_train_loss":1.7484701061432708,"predicted_seasonal_3_stock_price":-0.7076728343963623,"trend_train_loss":0.6539598153762703,"predicted_seasonal_0_stock_price":-0.49154922366142273,"_wandb":{"runtime":9},"seasonal_3_valid_loss":2.319650192260742,"resid_valid_loss":1.0395599021948336,"_timestamp":1.7367221236342452e+09,"Runtime (seconds)":3.3354477882385254,"seasonal_2_valid_loss":0.27072308172553894,"depth":4,"dim":128,"real_seasonal_2_stock_price":7.340474130132664,"_step":9,"rmse":125.76102447509766,"predicted_seasonal_1_stock_price":-1.2705806493759155,"real_stock_price":236.85000610351562,"mse":15815.835277026112,"final_predicted_stock_price":111.08898162841797,"trend_valid_loss":2.614195962746938,"real_resid_stock_price":9.05569087739201,"resid_train_loss":1.1422871709099436,"predicted_resid_stock_price":1.274303913116455,"seasonal_2_train_loss":2.329409357828972,"seasonal_0_train_loss":0.29874767815401104,"AAPL Stock Price Prediction by iTransformer":{"format":"png","width":1000,"height":600,"_type":"image-file","sha256":"f00abfc1eb7572acb9288bf7409ea0e5d7577f24c4f0ca5d1c8acb3d1430d789","size":47284,"path":"media/images/AAPL Stock Price Prediction by iTransformer_8_f00abfc1eb7572acb928.png"},"predicted_seasonal_2_stock_price":6.400774002075195,"mae":125.76102447509766,"real_seasonal_3_stock_price":4.670786426403147}