{"resid_valid_loss":0.2799464782925465,"trend_train_loss":0.4896417518149532,"resid_train_loss":0.6315351793319562,"rmse":48.5654296875,"_timestamp":1.7367214950654492e+09,"seasonal_1_valid_loss":0.06513761356472969,"dim":128,"seasonal_2_valid_loss":0.16452488535034018,"_step":9,"real_trend_stock_price":167.5354913342489,"AMZN Stock Price Prediction by iTransformer":{"_type":"image-file","sha256":"1324c25f929da4e69161a0db7d72c1040c4e0d999fea4070de308a266900a39f","size":48676,"path":"media/images/AMZN Stock Price Prediction by iTransformer_8_1324c25f929da4e69161.png","format":"png","width":1000,"height":600},"predicted_seasonal_2_stock_price":14.708196640014648,"real_stock_price":218.94000244140625,"predicted_seasonal_3_stock_price":14.994169235229492,"seasonal_3_valid_loss":0.7491760082366202,"real_seasonal_3_stock_price":9.210042698987007,"predicted_resid_stock_price":27.199913024902344,"periods":[252,504,756,1260],"depth":4,"trend_valid_loss":1.2875817537307739,"real_resid_stock_price":30.052430487608945,"seasonal_1_train_loss":0.3151487646786817,"mae":48.5654296875,"real_seasonal_2_stock_price":16.307195141839433,"final_predicted_stock_price":170.37457275390625,"real_seasonal_0_stock_price":-6.886692248923765,"_wandb":{"runtime":10},"predicted_trend_stock_price":106.06956481933594,"mse":2358.6009607315063,"predicted_seasonal_0_stock_price":3.7716522216796875,"_runtime":10.584546458,"real_seasonal_1_stock_price":2.721535027645758,"seasonal_2_train_loss":0.5906883233695691,"seasonal_0_valid_loss":2.8304178486742746,"seasonal_0_train_loss":2.711726563925646,"Runtime (seconds)":5.151105165481567,"predicted_seasonal_1_stock_price":3.631080150604248,"seasonal_3_train_loss":0.6977824543565762}