{"seasonal_2_train_loss":0.16958854465535303,"real_seasonal_0_stock_price":-1.6599709464082517,"real_seasonal_2_stock_price":10.468873537278563,"real_resid_stock_price":7.367701274040712,"seasonal_3_valid_loss":0.1479596048593521,"trend_valid_loss":0.17241000880797705,"seasonal_0_train_loss":0.0760918744145901,"_runtime":47290.274037982,"_timestamp":1.738754073530214e+09,"mae":2.994476318359375,"predicted_seasonal_1_stock_price":-2.816532850265503,"predicted_seasonal_2_stock_price":10.952448844909668,"predicted_trend_stock_price":142.331787109375,"seasonal_3_train_loss":0.1246708852175766,"real_seasonal_3_stock_price":2.003116549074149,"resid_train_loss":0.1037023235906151,"predicted_resid_stock_price":11.318012237548828,"seasonal_1_train_loss":0.15449031643164854,"mse":8.966888421215117,"_step":1707,"seasonal_0_valid_loss":0.1123823415616463,"real_trend_stock_price":155.7005667046018,"real_stock_price":169.2379913330078,"final_predicted_stock_price":166.24351501464844,"seasonal_1_valid_loss":0.218373104929924,"GOOG Stock Price Prediction by iTransformer":{"size":54094,"path":"media/images/GOOG Stock Price Prediction by iTransformer_1706_0e20220abb6e7cd47309.png","format":"png","width":1000,"height":600,"_type":"image-file","sha256":"0e20220abb6e7cd47309f4bc62fbc24ecf7a5bbd2e99c2550e43048be1cba3f4"},"resid_valid_loss":0.11906310170888901,"trend_train_loss":0.09109507262772208,"_wandb":{"runtime":47290},"predicted_seasonal_3_stock_price":4.658623218536377,"predicted_seasonal_0_stock_price":-0.20083776116371155,"Runtime (seconds)":2477.473947763443,"rmse":2.994476318359375,"real_seasonal_1_stock_price":-4.642295785579165,"seasonal_2_valid_loss":0.2176540046930313}