{"trend_train_loss":0.10533178337526101,"real_resid_stock_price":9.80293429887314,"real_trend_stock_price":156.38564907967688,"Runtime (seconds)":3694.0098779201508,"predicted_seasonal_3_stock_price":2.8249711990356445,"seasonal_1_train_loss":0.16214325430329102,"seasonal_0_valid_loss":0.14861395673171893,"trend_valid_loss":0.11503280699253082,"real_seasonal_0_stock_price":-1.586034759987406,"resid_train_loss":0.13199947054934713,"real_stock_price":175.8904571533203,"final_predicted_stock_price":162.65286254882812,"predicted_seasonal_1_stock_price":-3.90696382522583,"seasonal_2_valid_loss":0.19762128138023874,"seasonal_0_train_loss":0.09336221937261514,"predicted_seasonal_2_stock_price":9.02661418914795,"mae":13.237594604492188,"_step":1698,"resid_valid_loss":0.15142431323017394,"real_seasonal_1_stock_price":-2.8721780599135553,"_runtime":52176.12006241,"_wandb":{"runtime":52176},"predicted_seasonal_0_stock_price":-1.9963184595108032,"mse":175.23391091288067,"seasonal_3_train_loss":0.100282882110554,"seasonal_3_valid_loss":0.11947613954544067,"real_seasonal_3_stock_price":3.188598589288505,"predicted_resid_stock_price":6.069644927978516,"seasonal_2_train_loss":0.1360062757966055,"rmse":13.237594604492188,"seasonal_1_valid_loss":0.2268948256969452,"predicted_trend_stock_price":150.6349334716797,"_timestamp":1.739085957656234e+09,"GOOG Stock Price Prediction by iTransformer":{"width":1000,"height":600,"_type":"image-file","sha256":"4d67a0796f963f3e1a6d97e46d5a81af74f1ee4aa1ad5112a94ea81968d5b900","size":52266,"path":"media/images/GOOG Stock Price Prediction by iTransformer_1697_4d67a0796f963f3e1a6d.png","format":"png"},"real_seasonal_2_stock_price":10.971488005382724}