{"seasonal_1_train_loss":1.4158839321181587,"_step":9,"seasonal_0_valid_loss":0.8942279989206339,"dim":128,"resid_train_loss":1.6452346945113163,"predicted_seasonal_2_stock_price":-12.676684379577637,"periods":[252,504,756,1260],"seasonal_2_valid_loss":3.096054013619976,"real_stock_price":218.94000244140625,"mse":23112.851433549076,"trend_train_loss":0.5493532163015654,"real_trend_stock_price":167.5354913342489,"seasonal_3_train_loss":0.9202132885741655,"predicted_seasonal_1_stock_price":-0.8456469774246216,"seasonal_1_valid_loss":1.1824990584189634,"seasonal_3_valid_loss":0.6880732552545845,"depth":4,"real_seasonal_0_stock_price":-6.886692248923765,"trend_valid_loss":1.6784072138344972,"real_seasonal_2_stock_price":16.307195141839433,"real_resid_stock_price":30.052430487608945,"real_seasonal_1_stock_price":2.721535027645758,"final_predicted_stock_price":66.910888671875,"mae":152.02911376953125,"Runtime (seconds)":4.402121305465698,"predicted_resid_stock_price":-1.8423818349838257,"_runtime":8.715607401,"_wandb":{"runtime":8},"predicted_seasonal_3_stock_price":-1.4698693752288818,"_timestamp":1.7367072749860897e+09,"resid_valid_loss":1.4840474175610419,"AMZN Stock Price Prediction by iTransformer":{"sha256":"89863651430e4c3ebf1e15b4c8d520db9784fab4ad895ef64212554421cdd015","size":47387,"path":"media/images/AMZN Stock Price Prediction by iTransformer_8_89863651430e4c3ebf1e.png","format":"png","width":1000,"height":600,"_type":"image-file"},"predicted_trend_stock_price":91.2041244506836,"seasonal_2_train_loss":2.8931009705409823,"predicted_seasonal_0_stock_price":-7.458646297454834,"real_seasonal_3_stock_price":9.210042698987007,"rmse":152.02911376953125,"seasonal_0_train_loss":0.7588356910779263}