{"depth":4,"mse":299.45379376620986,"_wandb":{"runtime":2344},"_step":250,"Runtime (seconds)":94.20455574989319,"train_loss":0.07085564550063603,"real_stock_price":195.38999938964844,"valid_loss":0.07563458383083344,"r2_score":NaN,"dim":128,"_runtime":2344.213767629,"rmse":17.304733276367188,"mae":17.304733276367188,"predicted_stock_price":178.08526611328125,"_timestamp":1.7387863353328216e+09,"GOOG Stock Price Prediction by iTransformer(no MSTL)":{"sha256":"2b0fdec63c0ea8e580a7e41a22d1820567b5f22f6352600071d222af09bdcc8d","size":55740,"path":"media/images/GOOG Stock Price Prediction by iTransformer(no MSTL)_249_2b0fdec63c0ea8e580a7.png","format":"png","width":1000,"height":600,"_type":"image-file"}}