{"predicted_trend_stock_price":39.39512634277344,"real_resid_stock_price":9.055696091964137,"predicted_seasonal_3_stock_price":-1.4769179821014404,"seasonal_0_train_loss":0.89627810268058,"real_seasonal_1_stock_price":-3.1406766532604546,"seasonal_3_train_loss":1.208324600852305,"_runtime":14.858527964,"rmse":194.41289520263672,"predicted_seasonal_1_stock_price":-1.26606285572052,"real_trend_stock_price":221.2601122139924,"real_stock_price":236.85000610351562,"resid_train_loss":0.5024169069552089,"AAPL Stock Price Prediction by iTransformer":{"path":"media/images/AAPL Stock Price Prediction by iTransformer_8_93c57b9282c5cc16188d.png","format":"png","width":1000,"height":600,"_type":"image-file","sha256":"93c57b9282c5cc16188dcdea3d72dd66eaf9cc69310e7015ae1312d67f04f1e7","size":44744},"dim":128,"depth":4,"real_seasonal_2_stock_price":7.340470457059065,"periods":[252,504,756,1260],"seasonal_2_valid_loss":0.4840217924118042,"seasonal_1_train_loss":0.5165696058352038,"Runtime (seconds)":7.753427505493164,"trend_train_loss":1.6305113429635145,"resid_valid_loss":0.6600162203198877,"trend_valid_loss":4.524789202658804,"predicted_seasonal_2_stock_price":2.3693854808807373,"seasonal_0_valid_loss":1.8540424940721043,"mae":194.41289520263672,"seasonal_3_valid_loss":0.34889852366234997,"real_seasonal_3_stock_price":4.670784771221702,"real_seasonal_0_stock_price":-2.3363807774612213,"predicted_seasonal_0_stock_price":1.6281098127365112,"_step":9,"_timestamp":1.7367532862296507e+09,"final_predicted_stock_price":42.437110900878906,"mse":37796.37382107141,"predicted_resid_stock_price":1.7874705791473389,"_wandb":{"runtime":14},"seasonal_1_valid_loss":0.31503429129572197,"seasonal_2_train_loss":0.7836969558176768}