{"periods":[252,504,756,1260],"resid_valid_loss":3.055629772575278,"seasonal_2_train_loss":0.9222363058145525,"seasonal_2_valid_loss":0.5677534487540175,"predicted_seasonal_0_stock_price":-4.5359883308410645,"rmse":71.80079650878906,"predicted_seasonal_3_stock_price":8.733997344970703,"trend_valid_loss":0.4335494238572816,"_step":9,"real_seasonal_0_stock_price":-6.886692248923765,"real_seasonal_3_stock_price":9.210042698987007,"seasonal_1_valid_loss":0.8548698250589699,"real_seasonal_2_stock_price":16.307195141839433,"mse":5155.354379296536,"seasonal_0_valid_loss":0.6258741549616499,"seasonal_3_valid_loss":0.4607913442665622,"AMZN Stock Price Prediction by iTransformer":{"sha256":"f025642677e34b422c282bd8c328eac833854fd7cbec0bf20f9df06960c2b1b8","size":48798,"path":"media/images/AMZN Stock Price Prediction by iTransformer_8_f025642677e34b422c28.png","format":"png","width":1000,"height":600,"_type":"image-file"},"predicted_resid_stock_price":15.936396598815918,"mae":71.80079650878906,"_wandb":{"runtime":17},"dim":128,"real_seasonal_1_stock_price":2.721535027645758,"Runtime (seconds)":8.59468674659729,"real_trend_stock_price":167.5354913342489,"depth":4,"seasonal_3_train_loss":0.49068766802978897,"trend_train_loss":0.08439941184759508,"real_resid_stock_price":30.052430487608945,"_runtime":17.372429826,"_timestamp":1.7367359665892513e+09,"final_predicted_stock_price":147.1392059326172,"resid_train_loss":1.2814895072721006,"real_stock_price":218.94000244140625,"predicted_seasonal_1_stock_price":1.424330711364746,"seasonal_0_train_loss":0.6228052102029323,"predicted_seasonal_2_stock_price":5.883789539337158,"predicted_trend_stock_price":119.69667053222656,"seasonal_1_train_loss":1.2796198197270865}