{"trend_valid_loss":0.08409235626459122,"predicted_seasonal_3_stock_price":3.457057237625122,"resid_valid_loss":1.8982269077376266,"real_stock_price":236.85000610351562,"periods":[252,504,756,1260],"rmse":0.0084075927734375,"AAPL Stock Price Prediction by iTransformer":{"size":49257,"path":"media/images/AAPL Stock Price Prediction by iTransformer_8_2742517ef568b9664b64.png","format":"png","width":1000,"height":600,"_type":"image-file","sha256":"2742517ef568b9664b6474c3759d8d393be18f3c27217ba8c216e415a07aa8c9"},"seasonal_3_valid_loss":0.1939549354054415,"trend_train_loss":0.2594172920432072,"_runtime":8.522032889,"mse":7.068761624395847e-05,"real_trend_stock_price":221.2601119217188,"predicted_seasonal_1_stock_price":-0.6923139691352844,"real_seasonal_0_stock_price":-2.3363809779263156,"seasonal_3_train_loss":0.6600127515883641,"_timestamp":1.7367581244399376e+09,"real_seasonal_2_stock_price":7.3404722091460455,"seasonal_0_train_loss":1.828573357884696,"_wandb":{"runtime":8},"final_predicted_stock_price":236.8415985107422,"real_resid_stock_price":9.055694267144759,"seasonal_0_valid_loss":3.4077398777008057,"dim":128,"seasonal_2_train_loss":1.3197406425083622,"mae":0.0084075927734375,"seasonal_1_valid_loss":0.5150767088647038,"predicted_seasonal_2_stock_price":7.922711372375488,"predicted_resid_stock_price":-5.238072872161865,"depth":4,"predicted_seasonal_0_stock_price":-1.04058837890625,"seasonal_2_valid_loss":0.08746934386298937,"predicted_trend_stock_price":232.4327850341797,"seasonal_1_train_loss":0.6370625840483514,"_step":9,"real_seasonal_1_stock_price":-3.1406755252051655,"Runtime (seconds)":3.7956550121307373,"resid_train_loss":2.255474739318909,"real_seasonal_3_stock_price":4.670784208637507}