{"predicted_seasonal_1_stock_price":-2.2825114727020264,"seasonal_2_valid_loss":0.49372287281333943,"real_trend_stock_price":221.26011206581566,"predicted_trend_stock_price":132.12509155273438,"resid_train_loss":1.0322727365595672,"predicted_seasonal_2_stock_price":3.8305814266204834,"_runtime":7.759258981,"real_seasonal_3_stock_price":4.670788881421959,"predicted_seasonal_3_stock_price":7.71043062210083,"trend_valid_loss":0.8905603495927957,"dim":128,"real_stock_price":236.85000610351562,"_step":9,"predicted_seasonal_0_stock_price":1.4347453117370605,"_wandb":{"runtime":7},"resid_valid_loss":1.4261629473079334,"Runtime (seconds)":3.631889820098877,"final_predicted_stock_price":147.55136108398438,"predicted_resid_stock_price":4.733027458190918,"periods":[252,504,756,1260],"seasonal_1_valid_loss":0.30058687925338745,"depth":4,"seasonal_0_train_loss":1.4622967647201748,"seasonal_3_train_loss":1.0987777879311778,"rmse":89.29864501953125,"mse":7974.248002324253,"seasonal_0_valid_loss":2.587174376274677,"real_seasonal_1_stock_price":-3.140678051389957,"_timestamp":1.7367310523907986e+09,"real_seasonal_0_stock_price":-2.3363847442976806,"AAPL Stock Price Prediction by iTransformer":{"format":"png","width":1000,"height":600,"_type":"image-file","sha256":"c08130d8ecc9a0c8f48032c408f418879c7a45608b36e94b02b500f5b217f4a4","size":46599,"path":"media/images/AAPL Stock Price Prediction by iTransformer_8_c08130d8ecc9a0c8f480.png"},"real_resid_stock_price":9.05569658828935,"real_seasonal_2_stock_price":7.340471363676267,"seasonal_1_train_loss":0.3514070452627215,"trend_train_loss":0.11864016048518851,"mae":89.29864501953125,"seasonal_3_valid_loss":0.04277850687503815,"seasonal_2_train_loss":0.8880265816239865}