{"trend_train_loss":2.1663960625735226,"real_stock_price":229.8699951171875,"seasonal_0_valid_loss":2.4057697627855386,"resid_valid_loss":2.472862817428924,"rmse":177.75164794921875,"_timestamp":1.7367055674956348e+09,"Runtime (seconds)":3.468755006790161,"_wandb":{"runtime":10},"mae":177.75164794921875,"predicted_seasonal_2_stock_price":3.084235429763794,"depth":4,"seasonal_2_train_loss":0.927954873923911,"periods":[252,504,756,1260],"real_resid_stock_price":6.842829906507404,"predicted_seasonal_3_stock_price":-2.0628509521484375,"resid_train_loss":2.532317988908113,"real_trend_stock_price":215.2705729308156,"seasonal_1_train_loss":0.3436697339259726,"_step":9,"final_predicted_stock_price":52.11834716796875,"real_seasonal_2_stock_price":5.867495277598085,"dim":128,"seasonal_3_train_loss":2.02550934936853,"real_seasonal_3_stock_price":-0.12116718698889883,"predicted_seasonal_0_stock_price":0.45696017146110535,"predicted_seasonal_1_stock_price":1.1482093334197998,"seasonal_3_valid_loss":2.4670137350847297,"mse":31595.648348663002,"_runtime":10.619105248,"seasonal_1_valid_loss":0.20278112433458628,"predicted_resid_stock_price":-7.282793045043945,"real_seasonal_1_stock_price":0.395127098369754,"seasonal_2_valid_loss":0.395526566509885,"trend_valid_loss":6.2862396240234375,"real_seasonal_0_stock_price":1.6151370908855636,"predicted_trend_stock_price":56.77458572387695,"seasonal_0_train_loss":0.9693713927883463,"AAPL Stock Price Prediction by iTransformer":{"sha256":"7fb061ffc6c1680f18bd136279a5a75a429ee84b4d8dadb585d9642270299e22","size":44630,"path":"media/images/AAPL Stock Price Prediction by iTransformer_8_7fb061ffc6c1680f18bd.png","format":"png","width":1000,"height":600,"_type":"image-file"}}