{"seasonal_3_valid_loss":0.6247389403482279,"seasonal_1_train_loss":1.45980995047653,"trend_train_loss":1.5503436144784468,"mae":119.56173706054688,"periods":[252,504,756,1260],"predicted_trend_stock_price":69.48221588134766,"real_trend_stock_price":167.5354913342489,"final_predicted_stock_price":99.37826538085938,"rmse":119.56173706054688,"AMZN Stock Price Prediction by iTransformer":{"size":46568,"path":"media/images/AMZN Stock Price Prediction by iTransformer_8_2d22fffd06b66ddd953f.png","format":"png","width":1000,"height":600,"_type":"image-file","sha256":"2d22fffd06b66ddd953f7c9a78597d2a4035a1cb78271166fc57a51bf2b79a45"},"_timestamp":1.7367488786546357e+09,"seasonal_1_valid_loss":1.2970558106899261,"resid_train_loss":0.8898554086094586,"seasonal_0_valid_loss":1.0563720688223839,"predicted_seasonal_3_stock_price":5.600965976715088,"predicted_seasonal_1_stock_price":-0.4367421865463257,"predicted_resid_stock_price":11.248738288879395,"seasonal_2_valid_loss":0.0738828746018125,"real_seasonal_3_stock_price":9.210042698987007,"mse":14295.008968935348,"predicted_seasonal_0_stock_price":0.32717615365982056,"seasonal_2_train_loss":0.9829522007028617,"_step":9,"real_resid_stock_price":30.052430487608945,"real_stock_price":218.94000244140625,"seasonal_0_train_loss":0.8808926610587335,"trend_valid_loss":3.4328535048166913,"real_seasonal_1_stock_price":2.721535027645758,"_wandb":{"runtime":15},"resid_valid_loss":0.43208699140293505,"Runtime (seconds)":8.116320133209229,"predicted_seasonal_2_stock_price":13.155906677246094,"_runtime":15.40345825,"dim":128,"seasonal_3_train_loss":0.5506617123105542,"depth":4,"real_seasonal_2_stock_price":16.307195141839433,"real_seasonal_0_stock_price":-6.886692248923765}