{"resid_train_loss":0.8342132099422959,"predicted_resid_stock_price":1.7586719989776611,"real_seasonal_3_stock_price":4.670782793423365,"predicted_trend_stock_price":106.98466491699219,"real_trend_stock_price":221.26011239271043,"predicted_seasonal_3_stock_price":4.761266231536865,"trend_valid_loss":2.225678013689691,"_runtime":17.477402967,"predicted_seasonal_2_stock_price":-0.1906987428665161,"_step":9,"periods":[252,504,756,1260],"real_seasonal_1_stock_price":-3.140673579889283,"predicted_seasonal_1_stock_price":0.29889219999313354,"real_stock_price":236.85000610351562,"mae":125.5355453491211,"real_resid_stock_price":9.0556945308617,"depth":4,"_wandb":{"runtime":17},"seasonal_1_train_loss":1.137639969587326,"real_seasonal_2_stock_price":7.340467589054898,"seasonal_3_train_loss":2.122481075135928,"seasonal_0_train_loss":1.0778089321050488,"dim":128,"seasonal_2_valid_loss":1.1765515316616406,"rmse":125.5355453491211,"resid_valid_loss":1.3832198413935575,"seasonal_3_valid_loss":2.4536541482162653,"real_seasonal_0_stock_price":-2.3363776226454984,"mse":15759.173146101239,"AAPL Stock Price Prediction by iTransformer":{"size":47234,"path":"media/images/AAPL Stock Price Prediction by iTransformer_8_05f8b56f93a55d58caf5.png","format":"png","width":1000,"height":600,"_type":"image-file","sha256":"05f8b56f93a55d58caf56a5df6f8e9eee79e4c824bce6303d4c5b88ede81b234"},"seasonal_0_valid_loss":1.8204775346911013,"Runtime (seconds)":8.926428318023682,"trend_train_loss":0.7179856536432966,"seasonal_1_valid_loss":1.1021273936114,"predicted_seasonal_0_stock_price":-2.298340320587158,"_timestamp":1.7367356180844803e+09,"seasonal_2_train_loss":0.93537735469715,"final_predicted_stock_price":111.31446075439453}