{"final_predicted_stock_price":137.0514678955078,"mse":9959.748228455195,"real_seasonal_2_stock_price":7.340471724108477,"resid_valid_loss":0.6263029793265854,"trend_valid_loss":0.6036018506878436,"mae":99.79853820800781,"seasonal_2_valid_loss":0.4524795114994049,"predicted_seasonal_0_stock_price":1.3931958675384521,"real_resid_stock_price":9.055697117486119,"Runtime (seconds)":4.901578903198242,"real_seasonal_1_stock_price":-3.1406778587237962,"rmse":99.79853820800781,"predicted_resid_stock_price":10.097171783447266,"trend_train_loss":0.32245288568083197,"_wandb":{"runtime":10},"seasonal_2_train_loss":0.8317865023766493,"predicted_seasonal_2_stock_price":2.112584114074707,"predicted_seasonal_1_stock_price":-0.5360207557678223,"seasonal_3_train_loss":1.6094702414585456,"real_stock_price":236.85000610351562,"real_seasonal_0_stock_price":-2.336379631304797,"depth":4,"seasonal_0_valid_loss":0.368803652929663,"_runtime":10.66371022,"seasonal_1_valid_loss":0.28455764055252075,"periods":[252,504,756,1260],"seasonal_1_train_loss":0.8591628093030885,"_step":9,"seasonal_3_valid_loss":1.7819898349856866,"_timestamp":1.7367583098084671e+09,"AAPL Stock Price Prediction by iTransformer":{"format":"png","width":1000,"height":600,"_type":"image-file","sha256":"6795ac5264f01ab933e2e40fe615b77a8981aa1a7f63c4c4de1329a92b762338","size":46926,"path":"media/images/AAPL Stock Price Prediction by iTransformer_8_6795ac5264f01ab933e2.png"},"real_seasonal_3_stock_price":4.670783039560817,"resid_train_loss":0.7046831942666737,"predicted_trend_stock_price":126.24154663085938,"seasonal_0_train_loss":0.18928027843390036,"real_trend_stock_price":221.2601117123888,"predicted_seasonal_3_stock_price":-2.2570137977600098,"dim":128}