{"_step":9,"seasonal_1_valid_loss":1.0581088326871395,"seasonal_2_train_loss":1.2344078648262413,"_runtime":13.737771035,"predicted_resid_stock_price":-2.7738802433013916,"AAPL Stock Price Prediction by iTransformer":{"format":"png","width":1000,"height":600,"_type":"image-file","sha256":"7349558f530315d11587840deb95d087d6144755aea81a083af85f4e0bab15c0","size":44590,"path":"media/images/AAPL Stock Price Prediction by iTransformer_8_7349558f530315d11587.png"},"_wandb":{"runtime":13},"real_seasonal_1_stock_price":-3.1406756764717185,"resid_train_loss":1.022283212342028,"real_seasonal_0_stock_price":-2.33638309564838,"seasonal_0_valid_loss":1.5208720057803742,"seasonal_2_valid_loss":0.6559183236544694,"dim":128,"real_trend_stock_price":221.26011142492027,"predicted_seasonal_1_stock_price":0.6111112833023071,"final_predicted_stock_price":40.65302276611328,"real_seasonal_3_stock_price":4.67078664855552,"mse":38493.25627069693,"Runtime (seconds)":6.631856918334961,"seasonal_1_train_loss":1.0476348709177088,"predicted_seasonal_2_stock_price":2.594186782836914,"trend_train_loss":2.050640189357532,"real_seasonal_2_stock_price":7.340470453056306,"rmse":196.19698333740234,"periods":[252,504,756,1260],"resid_valid_loss":1.0699387765283068,"depth":4,"seasonal_0_train_loss":0.5006490992888746,"trend_valid_loss":7.399654950851049,"predicted_trend_stock_price":35.83805465698242,"_timestamp":1.7367273610003202e+09,"real_stock_price":236.85000610351562,"seasonal_3_train_loss":0.9067825271988927,"predicted_seasonal_0_stock_price":-0.9020443558692932,"predicted_seasonal_3_stock_price":5.285600662231445,"mae":196.19698333740234,"real_resid_stock_price":9.055696349103641,"seasonal_3_valid_loss":0.11852850940790069}