{"predicted_trend_stock_price":122.72449493408203,"predicted_seasonal_2_stock_price":-1.6635215282440186,"seasonal_3_train_loss":0.8648368697854485,"real_seasonal_0_stock_price":-2.336375691578241,"_step":9,"trend_train_loss":0.7940903293146659,"real_seasonal_3_stock_price":4.670786887127472,"seasonal_1_valid_loss":0.3663942902893215,"real_seasonal_1_stock_price":-3.140677867095414,"mse":13835.970872942358,"real_stock_price":236.85000610351562,"mae":117.62640380859375,"predicted_seasonal_1_stock_price":-0.30215975642204285,"AAPL Stock Price Prediction by iTransformer":{"width":1000,"height":600,"_type":"image-file","sha256":"eb9faf1fde44d58702726eb782bf7be9a9d3fb9787700e3ebb655a490620399e","size":47379,"path":"media/images/AAPL Stock Price Prediction by iTransformer_8_eb9faf1fde44d5870272.png","format":"png"},"trend_valid_loss":1.1207205032271883,"_wandb":{"runtime":14},"depth":4,"seasonal_2_train_loss":1.7551415020882122,"periods":[252,504,756,1260],"seasonal_2_valid_loss":1.5716425796906897,"predicted_resid_stock_price":3.3622214794158936,"predicted_seasonal_3_stock_price":-3.209413766860962,"resid_train_loss":0.7071458251769146,"real_resid_stock_price":9.055691813206636,"real_seasonal_2_stock_price":7.340469936013482,"real_trend_stock_price":221.26011102584175,"seasonal_0_valid_loss":2.348679582696212,"seasonal_0_train_loss":1.0821621530049135,"seasonal_3_valid_loss":0.6801631553098559,"dim":128,"final_predicted_stock_price":119.22360229492188,"seasonal_1_train_loss":0.5812595083465492,"Runtime (seconds)":6.712756872177124,"resid_valid_loss":0.9919772423146402,"_timestamp":1.736745484754635e+09,"predicted_seasonal_0_stock_price":-1.6880199909210205,"_runtime":14.656035731,"rmse":117.62640380859375}