{"seasonal_0_valid_loss":1.726706678179435,"predicted_trend_stock_price":144.2273406982422,"trend_valid_loss":0.07082082820894278,"predicted_seasonal_3_stock_price":-0.04416939616203308,"real_seasonal_1_stock_price":2.721535027645758,"real_stock_price":218.94000244140625,"predicted_seasonal_1_stock_price":2.3294835090637207,"_runtime":10.223135908,"resid_train_loss":0.5272775556550784,"predicted_resid_stock_price":8.741679191589355,"predicted_seasonal_2_stock_price":13.202621459960938,"rmse":49.1600341796875,"seasonal_3_train_loss":1.0365344664721348,"AMZN Stock Price Prediction by iTransformer":{"path":"media/images/AMZN Stock Price Prediction by iTransformer_8_19adb46598e1742b42f7.png","format":"png","width":1000,"height":600,"_type":"image-file","sha256":"19adb46598e1742b42f7c34fee4c0c9c98ebd5a23d833388b5fc3ea87ff3d6ec","size":48580},"real_seasonal_3_stock_price":9.210042698987007,"seasonal_3_valid_loss":1.2606692704926716,"Runtime (seconds)":4.721473455429077,"depth":4,"_step":9,"_wandb":{"runtime":10},"mae":49.1600341796875,"resid_valid_loss":0.5829816590826791,"real_resid_stock_price":30.052430487608945,"seasonal_2_valid_loss":0.13688447955064476,"predicted_seasonal_0_stock_price":1.3230137825012207,"periods":[252,504,756,1260],"seasonal_2_train_loss":1.1929076180029452,"seasonal_1_valid_loss":0.11746239391393101,"mse":2416.7089605480433,"_timestamp":1.7367339674176238e+09,"dim":128,"final_predicted_stock_price":169.77996826171875,"real_trend_stock_price":167.5354913342489,"real_seasonal_2_stock_price":16.307195141839433,"seasonal_1_train_loss":0.4593344087308423,"real_seasonal_0_stock_price":-6.886692248923765,"trend_train_loss":0.5470277052502157,"seasonal_0_train_loss":1.4870702408511063}