{"predicted_seasonal_2_stock_price":1.2908999919891357,"predicted_seasonal_1_stock_price":2.342944860458374,"seasonal_3_train_loss":0.8028497694653897,"predicted_seasonal_3_stock_price":7.23696231842041,"seasonal_1_train_loss":0.5557754638385859,"rmse":137.36978149414062,"seasonal_3_valid_loss":0.18415757361799479,"real_seasonal_3_stock_price":4.670781937037576,"predicted_seasonal_0_stock_price":0.6256317496299744,"seasonal_1_valid_loss":0.58919797981939,"real_resid_stock_price":9.055692396433898,"predicted_resid_stock_price":-2.8025293350219727,"trend_train_loss":0.7044209325945778,"seasonal_2_train_loss":1.202473804780415,"resid_valid_loss":0.8601090045069619,"_timestamp":1.7367107638197086e+09,"Runtime (seconds)":4.862133264541626,"AAPL Stock Price Prediction by iTransformer":{"format":"png","width":1000,"height":600,"_type":"image-file","sha256":"c4849bc37ee18e8eb1426075f86b878772049f892da05d853fbecf8cf864fee1","size":47716,"path":"media/images/AAPL Stock Price Prediction by iTransformer_8_c4849bc37ee18e8eb142.png"},"trend_valid_loss":1.397179265672788,"resid_train_loss":1.1254126250430156,"predicted_trend_stock_price":90.78631591796875,"mse":18870.45686774794,"seasonal_0_valid_loss":1.4458410998403373,"_step":9,"_runtime":10.433034401,"real_stock_price":236.85000610351562,"real_seasonal_1_stock_price":-3.1406734464133894,"_wandb":{"runtime":10},"mae":137.36978149414062,"final_predicted_stock_price":99.480224609375,"real_seasonal_0_stock_price":-2.3363793702594693,"seasonal_2_valid_loss":0.8053255677223206,"seasonal_0_train_loss":0.6259242124970535,"periods":[252,504,756,1260],"real_seasonal_2_stock_price":7.3404727023784515,"depth":4,"real_trend_stock_price":221.26011188433853,"dim":128}