{"real_seasonal_0_stock_price":-6.886692248923765,"predicted_seasonal_2_stock_price":14.330116271972656,"predicted_seasonal_3_stock_price":-2.1229746341705322,"periods":[252,504,756,1260],"depth":4,"seasonal_3_valid_loss":0.5065024443294691,"resid_train_loss":1.1923230039154589,"real_seasonal_3_stock_price":9.210042698987007,"trend_valid_loss":1.9066604948419286,"predicted_resid_stock_price":20.82140350341797,"_runtime":10.315371957,"seasonal_0_valid_loss":0.24293738599083248,"final_predicted_stock_price":116.57512664794922,"mse":10478.567796209885,"resid_valid_loss":0.6380412803246425,"seasonal_0_train_loss":0.4079989705665259,"AMZN Stock Price Prediction by iTransformer":{"width":1000,"height":600,"_type":"image-file","sha256":"5f9d1f09f43d6c823f11855cb21d2a881ff26f3c3e4f02ef15ff8b9126f4031a","size":46335,"path":"media/images/AMZN Stock Price Prediction by iTransformer_8_5f9d1f09f43d6c823f11.png","format":"png"},"real_resid_stock_price":30.052430487608945,"seasonal_1_valid_loss":0.9482127861543135,"predicted_trend_stock_price":90.54418182373047,"real_seasonal_1_stock_price":2.721535027645758,"_step":9,"trend_train_loss":0.8762477356398676,"predicted_seasonal_0_stock_price":-7.066458225250244,"mae":102.36487579345703,"seasonal_1_train_loss":1.0093237809658517,"seasonal_2_train_loss":0.8254392778936325,"predicted_seasonal_1_stock_price":0.06886301934719086,"real_stock_price":218.94000244140625,"_timestamp":1.7367089281611652e+09,"dim":128,"real_trend_stock_price":167.5354913342489,"real_seasonal_2_stock_price":16.307195141839433,"rmse":102.36487579345703,"seasonal_3_train_loss":2.2782147172722214,"_wandb":{"runtime":10},"seasonal_2_valid_loss":0.21306499698051581,"Runtime (seconds)":5.16964054107666}