{"predicted_seasonal_0_stock_price":1.2998512983322144,"seasonal_3_valid_loss":0.5877611033142881,"seasonal_0_train_loss":1.3231149951346608,"real_seasonal_0_stock_price":-2.336384089665677,"_runtime":13.057236368,"predicted_resid_stock_price":1.6124250888824463,"Runtime (seconds)":6.269601345062256,"trend_valid_loss":4.0059078917091275,"seasonal_2_train_loss":1.5477853217909263,"AAPL Stock Price Prediction by iTransformer":{"format":"png","width":1000,"height":600,"_type":"image-file","sha256":"50ee23f81225bab1f3455b8a24fedd18996211da2d1a28c75abc24daf194c0b7","size":46353,"path":"media/images/AAPL Stock Price Prediction by iTransformer_8_50ee23f81225bab1f345.png"},"real_resid_stock_price":9.055694471824864,"_wandb":{"runtime":13},"trend_train_loss":0.6757290998096284,"mse":28498.906893060543,"resid_train_loss":1.2155899312465814,"seasonal_1_valid_loss":0.6933451890945435,"seasonal_1_train_loss":0.6269907557721639,"seasonal_0_valid_loss":2.865199009815376,"predicted_seasonal_2_stock_price":2.053041696548462,"seasonal_3_train_loss":0.9365483301576191,"mae":168.81619262695312,"real_seasonal_1_stock_price":-3.1406750341657492,"_step":9,"resid_valid_loss":1.561376300351373,"real_seasonal_2_stock_price":7.340473442322246,"periods":[252,504,756,1260],"predicted_seasonal_1_stock_price":-1.7620528936386108,"depth":4,"predicted_seasonal_3_stock_price":1.6383147239685059,"real_trend_stock_price":221.2601114073457,"rmse":168.81619262695312,"seasonal_2_valid_loss":0.40181249300882615,"_timestamp":1.7367369228559823e+09,"dim":128,"predicted_trend_stock_price":63.192237854003906,"real_stock_price":236.85000610351562,"final_predicted_stock_price":68.0338134765625,"real_seasonal_3_stock_price":4.670785905854242}