{"real_seasonal_0_stock_price":-6.886692248923765,"predicted_seasonal_2_stock_price":11.342720985412598,"_step":9,"predicted_trend_stock_price":132.46173095703125,"seasonal_2_valid_loss":0.10855051130056381,"seasonal_0_valid_loss":1.0685697127577005,"predicted_resid_stock_price":3.353321075439453,"trend_train_loss":0.12230616625791119,"mae":74.30877685546875,"predicted_seasonal_3_stock_price":3.8648226261138916,"seasonal_0_train_loss":1.1422265773367406,"depth":4,"_wandb":{"runtime":10},"real_resid_stock_price":30.052430487608945,"real_seasonal_1_stock_price":2.721535027645758,"predicted_seasonal_1_stock_price":-2.562035083770752,"real_seasonal_2_stock_price":16.307195141839433,"trend_valid_loss":0.17379994228855686,"dim":128,"seasonal_1_valid_loss":1.173173171230368,"mse":5521.794317755848,"rmse":74.30877685546875,"real_trend_stock_price":167.5354913342489,"seasonal_3_train_loss":0.6887322708060364,"seasonal_1_train_loss":1.3897655439806413,"periods":[252,504,756,1260],"seasonal_3_valid_loss":0.13499679523972388,"_timestamp":1.7367107573110979e+09,"real_stock_price":218.94000244140625,"resid_train_loss":0.7039530945170066,"real_seasonal_3_stock_price":9.210042698987007,"seasonal_2_train_loss":0.4035738018842844,"Runtime (seconds)":5.486631870269775,"AMZN Stock Price Prediction by iTransformer":{"height":600,"_type":"image-file","sha256":"7a585a9fd8651593b11ba607463fc4ceda08b563a74657d07be0420a5e57cac6","size":45640,"path":"media/images/AMZN Stock Price Prediction by iTransformer_8_7a585a9fd8651593b11b.png","format":"png","width":1000},"resid_valid_loss":0.768903939559126,"predicted_seasonal_0_stock_price":-3.829334020614624,"_runtime":10.490595862,"final_predicted_stock_price":144.6312255859375}