{"real_stock_price":218.94000244140625,"_wandb":{"runtime":17},"trend_valid_loss":1.4311195057356971,"real_seasonal_2_stock_price":16.307195141839433,"depth":4,"predicted_seasonal_3_stock_price":1.1987309455871582,"real_seasonal_0_stock_price":-6.886692248923765,"real_seasonal_3_stock_price":9.210042698987007,"periods":[252,504,756,1260],"_runtime":17.365957095,"real_seasonal_1_stock_price":2.721535027645758,"Runtime (seconds)":8.254374504089355,"real_trend_stock_price":167.5354913342489,"seasonal_3_valid_loss":0.9947921330074094,"mae":114.29691314697266,"seasonal_3_train_loss":1.7844490399406214,"_step":9,"seasonal_0_train_loss":0.176571975868849,"resid_train_loss":0.7522737119237883,"final_predicted_stock_price":104.6430892944336,"seasonal_1_valid_loss":0.6492595407328788,"seasonal_2_valid_loss":0.2612365321418033,"dim":128,"predicted_seasonal_2_stock_price":9.50394058227539,"resid_valid_loss":0.4065313193561428,"mse":13063.78435492661,"AMZN Stock Price Prediction by iTransformer":{"sha256":"8d897b1df6a00c01ae924653f64b0519ba0e4a0443b16339e5298d0435748948","size":46793,"path":"media/images/AMZN Stock Price Prediction by iTransformer_8_8d897b1df6a00c01ae92.png","format":"png","width":1000,"height":600,"_type":"image-file"},"real_resid_stock_price":30.052430487608945,"predicted_seasonal_1_stock_price":2.0793051719665527,"seasonal_1_train_loss":0.7643141007471469,"_timestamp":1.7367239488127685e+09,"predicted_resid_stock_price":5.600452899932861,"rmse":114.29691314697266,"seasonal_0_valid_loss":0.0720085537747333,"predicted_seasonal_0_stock_price":-6.895065784454346,"trend_train_loss":1.3399234495277457,"seasonal_2_train_loss":0.4421033220376797,"predicted_trend_stock_price":93.15571594238281}