{"_runtime":50.823061837,"Validation Loss (Seasonal)":0.07209783047437668,"Apple Stock Price Prediction":{"width":1000,"height":600,"_type":"image-file","sha256":"9ef650d8028518870b6621f2771a37da7b3d95fdb0552a4b3a4991341d1970e2","size":52312,"path":"media/images/Apple Stock Price Prediction_100_9ef650d8028518870b66.png","format":"png"},"Runtime (seconds)":48.73620915412903,"Validation Loss (Resid)":0.09128499075770379,"Train Loss (Resid)":0.07822079753333872,"Train Loss (Seasonal)":0.04128086058930917,"Train Loss (Trend)":0.01266307117078792,"_step":101,"_timestamp":1.7287577327190542e+09,"_wandb":{"runtime":50},"Validation Loss (Trend)":0.016768373273313045}