{"predicted_trend_stock_price":43.3474235534668,"seasonal_3_train_loss":1.1226504753101363,"real_seasonal_2_stock_price":7.340472190200828,"_wandb":{"runtime":18},"seasonal_2_valid_loss":0.7786460981012829,"real_resid_stock_price":9.055693867710858,"Runtime (seconds)":9.725100755691528,"rmse":197.8543472290039,"predicted_seasonal_1_stock_price":2.594205617904663,"depth":4,"real_seasonal_0_stock_price":-2.336376518408384,"_timestamp":1.7367314064322526e+09,"real_stock_price":236.85000610351562,"mae":197.8543472290039,"seasonal_1_train_loss":1.752958232799423,"resid_train_loss":1.5342795147198225,"seasonal_1_valid_loss":0.8715301156044006,"predicted_seasonal_2_stock_price":1.738938331604004,"predicted_seasonal_3_stock_price":-3.492903232574463,"real_seasonal_1_stock_price":-3.1406817474102464,"real_seasonal_3_stock_price":4.670786654042029,"seasonal_2_train_loss":0.9320386834230228,"predicted_seasonal_0_stock_price":1.3569613695144653,"seasonal_3_valid_loss":0.6028464095740973,"seasonal_0_train_loss":0.6892642577061484,"predicted_resid_stock_price":-6.54896354675293,"periods":[252,504,756,1260],"AAPL Stock Price Prediction by iTransformer":{"width":1000,"height":600,"_type":"image-file","sha256":"15b9e8c57781690d677bad6b3a06b346035397e22dd208cad61a38fa6d88031e","size":44560,"path":"media/images/AAPL Stock Price Prediction by iTransformer_8_15b9e8c57781690d677b.png","format":"png"},"trend_valid_loss":3.9512136434686593,"resid_valid_loss":3.028803236165624,"final_predicted_stock_price":38.99565887451172,"_step":9,"trend_train_loss":1.2235756185430975,"_runtime":18.959645674,"dim":128,"mse":39146.342717415246,"real_trend_stock_price":221.26011165738052,"seasonal_0_valid_loss":1.6048416500568914}