{"Runtime (seconds)":90.13949608802795,"_runtime":1903.687575448,"mae":22.86529541015625,"real_stock_price":187.44000244140625,"predicted_stock_price":210.3052978515625,"_wandb":{"runtime":1903},"GOOG Stock Price Prediction by iTransformer(no MSTL)":{"_type":"image-file","sha256":"53ae027951405c056fa62a7d69eb039bca0799b6aace457f6aedf4f1f1b15dc1","size":55294,"path":"media/images/GOOG Stock Price Prediction by iTransformer(no MSTL)_301_53ae027951405c056fa6.png","format":"png","width":1000,"height":600},"depth":4,"mse":522.8217341937125,"valid_loss":0.05077412603872833,"_timestamp":1.7389569623157735e+09,"rmse":22.86529541015625,"train_loss":0.06855629759139559,"dim":128,"_step":302,"r2_score":NaN}