{"seasonal_3_train_loss":0.003981926522363079,"final_predicted_stock_price":228.70281982421875,"resid_train_loss":0.013646376685618921,"_step":1740,"rmse":1.16717529296875,"depth":4,"_runtime":23757.76716597,"predicted_seasonal_3_stock_price":0.034679949283599854,"real_seasonal_0_stock_price":1.615135750208396,"seasonal_0_valid_loss":0.0006378888516337611,"trend_valid_loss":8.784087189076562e-06,"seasonal_3_valid_loss":0.0045995049260775835,"predicted_trend_stock_price":214.7333526611328,"periods":[252,504,756,1260],"_timestamp":1.7367829048024344e+09,"real_trend_stock_price":215.27057214513178,"seasonal_1_valid_loss":0.00023832892712766343,"mae":1.16717529296875,"seasonal_2_train_loss":0.006340069380431911,"seasonal_1_train_loss":7.70025861707712e-05,"real_resid_stock_price":6.842832543927045,"real_stock_price":229.8699951171875,"trend_train_loss":0.00032524348717705,"predicted_seasonal_0_stock_price":1.6655187606811523,"resid_valid_loss":0.02547358003810464,"AAPL Stock Price Prediction by iTransformer":{"size":54947,"path":"media/images/AAPL Stock Price Prediction by iTransformer_1739_21b53d2fd95f1ce8cee6.png","format":"png","width":1000,"height":600,"_type":"image-file","sha256":"21b53d2fd95f1ce8cee60f4bd994f2ad1ecc8c6b669a582f1f3008da84e44961"},"real_seasonal_3_stock_price":-0.12116864285416318,"dim":128,"real_seasonal_1_stock_price":0.39512941225741144,"seasonal_0_train_loss":0.0006120870753074392,"predicted_resid_stock_price":7.029757499694824,"real_seasonal_2_stock_price":5.867493908517053,"mse":1.3622981645166874,"seasonal_2_valid_loss":0.007253096904605627,"predicted_seasonal_1_stock_price":0.9476504921913147,"Runtime (seconds)":2185.5532672405243,"predicted_seasonal_2_stock_price":4.291868209838867,"_wandb":{"runtime":23757}}