{"_timestamp":1.7367327274286969e+09,"real_seasonal_3_stock_price":9.210042698987007,"seasonal_1_valid_loss":1.7337409241994222,"predicted_resid_stock_price":-0.2749477028846741,"mae":171.6527099609375,"resid_valid_loss":1.3905759420125716,"real_seasonal_0_stock_price":-6.886692248923765,"_runtime":10.47728089,"seasonal_1_train_loss":1.7885328339183846,"_step":9,"seasonal_3_train_loss":1.160513732660036,"real_seasonal_2_stock_price":16.307195141839433,"real_trend_stock_price":167.5354913342489,"seasonal_2_train_loss":1.435897790976906,"AMZN Stock Price Prediction by iTransformer":{"width":1000,"height":600,"_type":"image-file","sha256":"503b235bf4eca0b248a01de4601f0f8b9c1dad8efe8c2f19eb5507bda7ac0407","size":46263,"path":"media/images/AMZN Stock Price Prediction by iTransformer_8_503b235bf4eca0b248a0.png","format":"png"},"trend_train_loss":2.157593057938115,"seasonal_2_valid_loss":0.9289528215196616,"Runtime (seconds)":5.596990346908569,"depth":4,"periods":[252,504,756,1260],"seasonal_0_valid_loss":0.22531692439709186,"predicted_seasonal_3_stock_price":-1.240633487701416,"predicted_seasonal_2_stock_price":-0.01125449687242508,"real_seasonal_1_stock_price":2.721535027645758,"mse":29464.652836933732,"dim":128,"resid_train_loss":1.0522395737820571,"real_stock_price":218.94000244140625,"seasonal_3_valid_loss":0.6360727367961839,"seasonal_0_train_loss":0.4312580508482041,"real_resid_stock_price":30.052430487608945,"_wandb":{"runtime":10},"predicted_seasonal_0_stock_price":-6.741533279418945,"rmse":171.6527099609375,"final_predicted_stock_price":47.28729248046875,"predicted_seasonal_1_stock_price":-0.9656087160110474,"predicted_trend_stock_price":56.52127456665039,"trend_valid_loss":3.4065078541519136}