{"real_seasonal_3_stock_price":9.210042698987007,"_wandb":{"runtime":8},"predicted_seasonal_0_stock_price":-5.5942792892456055,"predicted_trend_stock_price":113.27041625976562,"final_predicted_stock_price":112.91095733642578,"seasonal_2_valid_loss":0.09678940524657567,"real_trend_stock_price":167.5354913342489,"trend_train_loss":0.280762675455057,"mse":11242.158405873983,"rmse":106.02904510498047,"depth":4,"AMZN Stock Price Prediction by iTransformer":{"height":600,"_type":"image-file","sha256":"c358adc072dee61d65d84d1369dc4eb3959e3767fe1056ae706fc0da0c1a76b2","size":46321,"path":"media/images/AMZN Stock Price Prediction by iTransformer_8_c358adc072dee61d65d8.png","format":"png","width":1000},"periods":[252,504,756,1260],"resid_valid_loss":0.8929672889465833,"seasonal_3_valid_loss":0.6852493308540574,"predicted_seasonal_3_stock_price":-8.40815258026123,"seasonal_3_train_loss":0.9109442494419058,"seasonal_0_valid_loss":0.18224855640838886,"seasonal_1_valid_loss":2.5984345909796263,"_step":9,"seasonal_1_train_loss":2.4131374253841216,"_timestamp":1.7367198150176013e+09,"_runtime":8.800293394,"real_stock_price":218.94000244140625,"predicted_seasonal_2_stock_price":14.375626564025879,"resid_train_loss":0.6706373630526536,"predicted_seasonal_1_stock_price":-3.9374425411224365,"real_seasonal_1_stock_price":2.721535027645758,"dim":128,"seasonal_2_train_loss":0.2987100071937668,"Runtime (seconds)":3.9259836673736572,"real_seasonal_2_stock_price":16.307195141839433,"real_seasonal_0_stock_price":-6.886692248923765,"trend_valid_loss":0.5699088956208244,"predicted_resid_stock_price":3.204782009124756,"real_resid_stock_price":30.052430487608945,"mae":106.02904510498047,"seasonal_0_train_loss":0.37324803259659123}