{"AMZN Stock Price Prediction by iTransformer":{"width":1000,"height":600,"_type":"image-file","sha256":"4dce324136fce51134406b349f984c80e8428ae9ab62acd98c5699e70962ccb2","size":46069,"path":"media/images/AMZN Stock Price Prediction by iTransformer_8_4dce324136fce5113440.png","format":"png"},"predicted_seasonal_1_stock_price":2.0302765369415283,"seasonal_1_valid_loss":0.39958922496208776,"real_resid_stock_price":30.052430487608945,"Runtime (seconds)":6.175264358520508,"resid_valid_loss":0.9125866731063547,"_step":9,"real_seasonal_3_stock_price":9.210042698987007,"seasonal_2_valid_loss":0.10418352484703064,"seasonal_3_valid_loss":0.28125130558698813,"real_seasonal_1_stock_price":2.721535027645758,"predicted_seasonal_3_stock_price":7.31654167175293,"seasonal_3_train_loss":0.7801159297973165,"mse":6729.2386298126075,"predicted_trend_stock_price":107.13142395019531,"final_predicted_stock_price":136.90806579589844,"trend_valid_loss":0.7377411579692756,"rmse":82.03193664550781,"mae":82.03193664550781,"seasonal_2_train_loss":1.3315017971238816,"periods":[252,504,756,1260],"depth":4,"real_seasonal_0_stock_price":-6.886692248923765,"resid_train_loss":0.5931412936284322,"predicted_resid_stock_price":13.80632495880127,"_wandb":{"runtime":12},"seasonal_0_train_loss":0.9175243565119753,"seasonal_1_train_loss":0.5379377610788968,"dim":128,"trend_train_loss":1.2644318342987042,"predicted_seasonal_2_stock_price":13.155948638916016,"real_seasonal_2_stock_price":16.307195141839433,"_runtime":12.373348544,"real_stock_price":218.94000244140625,"predicted_seasonal_0_stock_price":-6.532440662384033,"_timestamp":1.7367320077437923e+09,"seasonal_0_valid_loss":0.7481948857005116,"real_trend_stock_price":167.5354913342489}