{"predicted_seasonal_2_stock_price":14.541481018066406,"trend_valid_loss":0.07716252745425335,"predicted_seasonal_0_stock_price":-5.0468010902404785,"seasonal_2_train_loss":0.39688148172850407,"_runtime":10.003133288,"rmse":1.007049560546875,"resid_train_loss":0.9311857557986106,"_timestamp":1.7367372760403612e+09,"mae":1.007049560546875,"seasonal_1_valid_loss":0.3797956735472525,"depth":4,"predicted_trend_stock_price":161.7808837890625,"dim":128,"seasonal_0_valid_loss":0.6249336823608801,"real_seasonal_3_stock_price":9.210042698987007,"seasonal_2_valid_loss":0.18840101646851892,"AMZN Stock Price Prediction by iTransformer":{"sha256":"91a97670ea3ed7ba519765f8b21e88b0696ab1a7cb429dbf2e07740151db3c7d","size":58421,"path":"media/images/AMZN Stock Price Prediction by iTransformer_8_91a97670ea3ed7ba5197.png","format":"png","width":1000,"height":600,"_type":"image-file"},"predicted_resid_stock_price":28.209701538085938,"_step":9,"predicted_seasonal_3_stock_price":17.086467742919922,"Runtime (seconds)":4.601893663406372,"real_seasonal_2_stock_price":16.307195141839433,"seasonal_0_train_loss":0.44595657885074613,"seasonal_3_valid_loss":0.6367301671544106,"trend_train_loss":0.6384795484137904,"_wandb":{"runtime":10},"seasonal_1_train_loss":0.709208192822965,"real_resid_stock_price":30.052430487608945,"seasonal_3_train_loss":1.6042672830929117,"real_trend_stock_price":167.5354913342489,"predicted_seasonal_1_stock_price":1.3612018823623657,"real_seasonal_0_stock_price":-6.886692248923765,"periods":[252,504,756,1260],"resid_valid_loss":1.5828234757238533,"real_seasonal_1_stock_price":2.721535027645758,"final_predicted_stock_price":217.93295288085938,"real_stock_price":218.94000244140625,"mse":1.014148817397654}