{"trend_valid_loss":0.1866720051069908,"predicted_seasonal_0_stock_price":-4.393495559692383,"real_seasonal_0_stock_price":-6.886692248923765,"seasonal_0_train_loss":1.723611914059695,"depth":4,"seasonal_3_valid_loss":0.39235305524999486,"seasonal_2_train_loss":0.5869648846765844,"real_resid_stock_price":30.052430487608945,"real_stock_price":218.94000244140625,"resid_train_loss":0.2389429885115327,"seasonal_1_valid_loss":0.14204206176218045,"rmse":63.15386962890625,"real_seasonal_1_stock_price":2.721535027645758,"predicted_seasonal_3_stock_price":9.205806732177734,"real_seasonal_3_stock_price":9.210042698987007,"mae":63.15386962890625,"mse":3988.4112491048872,"predicted_trend_stock_price":128.59243774414062,"predicted_seasonal_2_stock_price":6.629370212554932,"final_predicted_stock_price":155.7861328125,"_wandb":{"runtime":16},"_runtime":16.197741676,"_step":9,"predicted_seasonal_1_stock_price":3.6961793899536133,"periods":[252,504,756,1260],"real_seasonal_2_stock_price":16.307195141839433,"real_trend_stock_price":167.5354913342489,"dim":128,"trend_train_loss":0.21600936659763642,"seasonal_2_valid_loss":0.2587007941517264,"predicted_resid_stock_price":12.055830955505371,"seasonal_0_valid_loss":2.0425962817526475,"seasonal_3_train_loss":0.8425351586302355,"Runtime (seconds)":7.771888971328735,"_timestamp":1.7367463486445205e+09,"resid_valid_loss":0.172127655881183,"AMZN Stock Price Prediction by iTransformer":{"width":1000,"height":600,"_type":"image-file","sha256":"29bd33e958073f28ca76a6f2f0a66b0e4e1da8cfe6f56b83906850e22be92301","size":48357,"path":"media/images/AMZN Stock Price Prediction by iTransformer_8_29bd33e958073f28ca76.png","format":"png"},"seasonal_1_train_loss":0.45440949007685394}