{"dim":128,"seasonal_3_train_loss":2.3392224124927616,"depth":4,"real_seasonal_0_stock_price":-6.886692248923765,"seasonal_0_valid_loss":1.2882745771821296,"final_predicted_stock_price":122.74011993408203,"rmse":96.19988250732422,"real_seasonal_1_stock_price":2.721535027645758,"_runtime":18.250057904,"mae":96.19988250732422,"seasonal_2_train_loss":1.7677525245595607,"predicted_seasonal_3_stock_price":-10.74118709564209,"mse":9254.417394422984,"predicted_resid_stock_price":30.851783752441406,"predicted_seasonal_1_stock_price":3.182091474533081,"_timestamp":1.7367578315038986e+09,"seasonal_0_train_loss":2.3195561740792923,"predicted_seasonal_0_stock_price":-1.3836174011230469,"AMZN Stock Price Prediction by iTransformer":{"format":"png","width":1000,"height":600,"_type":"image-file","sha256":"7109a4ef3954027ec4ee7763f7a777b71f709d2702a230bf14b5d1c5d18e07a9","size":46352,"path":"media/images/AMZN Stock Price Prediction by iTransformer_8_7109a4ef3954027ec4ee.png"},"resid_valid_loss":1.342613392485827,"trend_valid_loss":1.8627609014511108,"predicted_seasonal_2_stock_price":3.52559232711792,"resid_train_loss":0.9388402101403557,"real_seasonal_2_stock_price":16.307195141839433,"Runtime (seconds)":8.3645339012146,"seasonal_1_train_loss":0.49721483247883524,"predicted_trend_stock_price":97.30546569824219,"seasonal_1_valid_loss":0.14923813198693098,"_wandb":{"runtime":18},"trend_train_loss":0.9809426918598207,"seasonal_3_valid_loss":2.311452753927516,"_step":9,"seasonal_2_valid_loss":0.7791837957766092,"real_seasonal_3_stock_price":9.210042698987007,"real_resid_stock_price":30.052430487608945,"periods":[252,504,756,1260],"real_stock_price":218.94000244140625,"real_trend_stock_price":167.5354913342489}