{"_runtime":11.443106635,"seasonal_0_valid_loss":0.31916619039459876,"predicted_seasonal_3_stock_price":-1.3541935682296753,"seasonal_2_valid_loss":0.06630035890202944,"real_trend_stock_price":221.26011198671256,"seasonal_3_valid_loss":0.6037679314613342,"predicted_seasonal_0_stock_price":-0.044528789818286896,"periods":[252,504,756,1260],"predicted_seasonal_1_stock_price":-1.9702833890914917,"resid_valid_loss":2.0328207385143844,"predicted_seasonal_2_stock_price":7.43269157409668,"trend_valid_loss":0.18369373572509615,"seasonal_1_valid_loss":0.4074469059705734,"real_seasonal_1_stock_price":-3.1406727244550776,"mse":4667.485794358887,"_wandb":{"runtime":11},"depth":4,"AAPL Stock Price Prediction by iTransformer":{"height":600,"_type":"image-file","sha256":"a83161be29668017d3f7020897a6952859724391af63592749c36e63f990a3b4","size":46208,"path":"media/images/AAPL Stock Price Prediction by iTransformer_8_a83161be29668017d3f7.png","format":"png","width":1000},"seasonal_1_train_loss":1.083592184025379,"mae":68.31900024414062,"real_stock_price":236.85000610351562,"final_predicted_stock_price":168.531005859375,"Runtime (seconds)":5.5014424324035645,"resid_train_loss":2.525339682697918,"real_seasonal_3_stock_price":4.670786225761171,"_step":9,"trend_train_loss":0.24223027577002842,"rmse":68.31900024414062,"seasonal_3_train_loss":1.706680709575129,"real_seasonal_0_stock_price":-2.336385773892228,"real_resid_stock_price":9.055697098255905,"predicted_trend_stock_price":171.86033630371094,"real_seasonal_2_stock_price":7.340469291133301,"seasonal_2_train_loss":0.5693624037915805,"seasonal_0_train_loss":0.34018079950990815,"predicted_resid_stock_price":-7.393043518066406,"_timestamp":1.7367450235142045e+09,"dim":128}