{"depth":4,"resid_train_loss":2.3042856350733154,"Runtime (seconds)":4.496384143829346,"real_seasonal_0_stock_price":-6.886692248923765,"real_trend_stock_price":167.5354913342489,"resid_valid_loss":5.605758190155029,"rmse":196.86742401123047,"mae":196.86742401123047,"seasonal_3_train_loss":0.830884101794612,"seasonal_2_valid_loss":0.6709846686790971,"dim":128,"trend_valid_loss":5.968104757299077,"seasonal_0_valid_loss":1.0659494873804924,"_wandb":{"runtime":11},"real_seasonal_1_stock_price":2.721535027645758,"final_predicted_stock_price":22.07257843017578,"seasonal_0_train_loss":1.0769999094046414,"real_resid_stock_price":30.052430487608945,"seasonal_3_valid_loss":0.7784340547647799,"_timestamp":1.7367302904548771e+09,"predicted_seasonal_2_stock_price":3.795858860015869,"_step":9,"mse":38756.7826368176,"predicted_seasonal_0_stock_price":-1.4512602090835571,"real_seasonal_3_stock_price":9.210042698987007,"seasonal_2_train_loss":0.5395461171701172,"predicted_seasonal_1_stock_price":-1.8509351015090942,"seasonal_1_valid_loss":1.539447321778252,"predicted_trend_stock_price":24.647354125976562,"periods":[252,504,756,1260],"AMZN Stock Price Prediction by iTransformer":{"width":1000,"height":600,"_type":"image-file","sha256":"33045705e601be7274abbc08426aae6fed2f0e7ec0da118d73a178d71d43f1c4","size":43968,"path":"media/images/AMZN Stock Price Prediction by iTransformer_8_33045705e601be7274ab.png","format":"png"},"predicted_resid_stock_price":-3.1388068199157715,"trend_train_loss":2.773088532982303,"real_stock_price":218.94000244140625,"real_seasonal_2_stock_price":16.307195141839433,"seasonal_1_train_loss":1.4147553870413039,"predicted_seasonal_3_stock_price":0.07036757469177246,"_runtime":11.789047538}