{"predicted_seasonal_2_stock_price":8.46109390258789,"real_stock_price":218.94000244140625,"seasonal_1_valid_loss":0.18749557980676976,"seasonal_2_train_loss":0.6251737185968802,"predicted_seasonal_3_stock_price":3.143857717514038,"predicted_resid_stock_price":9.163656234741211,"mae":74.67320251464844,"seasonal_2_valid_loss":0.3804095219902076,"final_predicted_stock_price":144.2667999267578,"real_seasonal_1_stock_price":2.721535027645758,"dim":128,"Runtime (seconds)":6.028995513916016,"predicted_seasonal_1_stock_price":2.319026231765747,"AMZN Stock Price Prediction by iTransformer":{"size":45656,"path":"media/images/AMZN Stock Price Prediction by iTransformer_8_5ace17901886f5c30ca3.png","format":"png","width":1000,"height":600,"_type":"image-file","sha256":"5ace17901886f5c30ca3ec18e5090bdb789ce429ee6613ee8ef4c80578e161e1"},"real_trend_stock_price":167.5354913342489,"seasonal_0_train_loss":0.586611261051695,"periods":[252,504,756,1260],"rmse":74.67320251464844,"seasonal_3_train_loss":0.9461475858289976,"trend_valid_loss":0.22578578220898324,"real_seasonal_0_stock_price":-6.886692248923765,"_step":9,"real_seasonal_3_stock_price":9.210042698987007,"_runtime":12.573872429,"predicted_seasonal_0_stock_price":-6.0375237464904785,"predicted_trend_stock_price":127.2166976928711,"resid_valid_loss":0.5481934802628111,"mse":5576.087173793698,"real_seasonal_2_stock_price":16.307195141839433,"depth":4,"seasonal_1_train_loss":0.503517915633738,"resid_train_loss":0.9117654395320858,"seasonal_3_valid_loss":0.150859393014256,"real_resid_stock_price":30.052430487608945,"trend_train_loss":0.12205761614989676,"seasonal_0_valid_loss":0.10738514179421454,"_timestamp":1.736749592662005e+09,"_wandb":{"runtime":12}}