{"real_resid_stock_price":9.055693449672816,"periods":[252,504,756,1260],"_timestamp":1.7367392527404218e+09,"rmse":165.93338775634766,"mae":165.93338775634766,"_wandb":{"runtime":15},"resid_train_loss":0.6597671045610145,"seasonal_2_train_loss":0.3220292372827832,"trend_train_loss":0.3417148975398955,"seasonal_3_valid_loss":0.6908061011713378,"predicted_seasonal_3_stock_price":-7.174027442932129,"predicted_seasonal_2_stock_price":7.611396789550781,"seasonal_2_valid_loss":0.08824584758880301,"real_seasonal_3_stock_price":4.670788798618094,"seasonal_0_valid_loss":0.341032231648763,"seasonal_3_train_loss":1.8115661636755904,"seasonal_0_train_loss":1.0859445474477667,"real_seasonal_0_stock_price":-2.3363808059573903,"real_seasonal_2_stock_price":7.340469128983606,"predicted_resid_stock_price":2.3090603351593018,"predicted_seasonal_1_stock_price":-1.6935638189315796,"resid_valid_loss":0.8914695900233313,"AAPL Stock Price Prediction by iTransformer":{"width":1000,"height":600,"_type":"image-file","sha256":"f5c7df3077850c3ecc1edea206a1d580498047bdceb8940ac4808ffb2f7ce1a8","size":46144,"path":"media/images/AAPL Stock Price Prediction by iTransformer_8_f5c7df3077850c3ecc1e.png","format":"png"},"seasonal_1_valid_loss":0.48743370175361633,"_step":9,"real_seasonal_1_stock_price":-3.1406758724722392,"final_predicted_stock_price":70.91661834716797,"predicted_trend_stock_price":68.6591567993164,"depth":4,"mse":27533.889172298426,"real_stock_price":236.85000610351562,"dim":128,"predicted_seasonal_0_stock_price":1.204595923423767,"seasonal_1_train_loss":1.0129289308445732,"Runtime (seconds)":7.313863039016724,"real_trend_stock_price":221.2601114046707,"_runtime":15.21121685,"trend_valid_loss":2.480944953454989}