{"predicted_trend_stock_price":86.95301055908203,"trend_valid_loss":1.957560854443049,"predicted_seasonal_0_stock_price":3.1900177001953125,"rmse":113.01211547851562,"dim":128,"seasonal_2_train_loss":0.7487968007495015,"predicted_seasonal_1_stock_price":2.2292654514312744,"real_seasonal_3_stock_price":9.210042698987007,"trend_train_loss":1.0740933684965546,"predicted_resid_stock_price":9.156278610229492,"seasonal_3_train_loss":0.6482536250560664,"seasonal_1_train_loss":0.4901837992616578,"final_predicted_stock_price":105.92788696289062,"seasonal_0_valid_loss":2.0930863338637637,"resid_valid_loss":0.675337668091869,"mse":12771.738244929351,"seasonal_0_train_loss":1.8848577996735931,"AMZN Stock Price Prediction by iTransformer":{"size":46743,"path":"media/images/AMZN Stock Price Prediction by iTransformer_8_91c43528b11f8fb178b1.png","format":"png","width":1000,"height":600,"_type":"image-file","sha256":"91c43528b11f8fb178b1a2a5379b72263663a036075e1a3cf7605fc249813695"},"real_seasonal_1_stock_price":2.721535027645758,"_timestamp":1.7367214194950244e+09,"_step":9,"depth":4,"real_resid_stock_price":30.052430487608945,"_wandb":{"runtime":9},"real_stock_price":218.94000244140625,"Runtime (seconds)":4.784502267837524,"seasonal_3_valid_loss":0.5559879753789211,"mae":113.01211547851562,"real_seasonal_0_stock_price":-6.886692248923765,"resid_train_loss":0.7656492813383884,"seasonal_1_valid_loss":0.1938848557641332,"periods":[252,504,756,1260],"real_trend_stock_price":167.5354913342489,"real_seasonal_2_stock_price":16.307195141839433,"predicted_seasonal_3_stock_price":0.34980136156082153,"predicted_seasonal_2_stock_price":4.049515247344971,"seasonal_2_valid_loss":0.7068604460373252,"_runtime":9.998055563}