{"seasonal_3_valid_loss":0.8022723742468562,"seasonal_2_train_loss":0.9890046870035567,"seasonal_1_valid_loss":0.40745359659194946,"real_seasonal_3_stock_price":9.210042698987007,"_step":9,"real_stock_price":218.94000244140625,"Runtime (seconds)":4.594345331192017,"real_resid_stock_price":30.052430487608945,"predicted_seasonal_1_stock_price":1.6256569623947144,"periods":[252,504,756,1260],"trend_valid_loss":5.418153285980225,"predicted_trend_stock_price":49.64911651611328,"predicted_resid_stock_price":14.941815376281738,"real_seasonal_2_stock_price":16.307195141839433,"depth":4,"mae":147.50440979003906,"real_trend_stock_price":167.5354913342489,"seasonal_3_train_loss":0.8283144520236538,"predicted_seasonal_3_stock_price":9.000175476074219,"_wandb":{"runtime":10},"rmse":147.50440979003906,"trend_train_loss":2.8025274523138917,"final_predicted_stock_price":71.43559265136719,"seasonal_2_valid_loss":0.8694507214934268,"_timestamp":1.7367550641156602e+09,"resid_valid_loss":1.1618432572093635,"seasonal_0_valid_loss":0.26757087088718884,"predicted_seasonal_2_stock_price":3.008009433746338,"seasonal_0_train_loss":0.4732525475902847,"seasonal_1_train_loss":1.2011273914900693,"real_seasonal_0_stock_price":-6.886692248923765,"resid_train_loss":1.147654259937783,"real_seasonal_1_stock_price":2.721535027645758,"predicted_seasonal_0_stock_price":-6.789181232452393,"dim":128,"mse":21757.55090750777,"AMZN Stock Price Prediction by iTransformer":{"height":600,"_type":"image-file","sha256":"cc3f7e69ab47178df4d49589982ec58d8b99adefde4f08fc1c3e5aa1caf42d6a","size":47027,"path":"media/images/AMZN Stock Price Prediction by iTransformer_8_cc3f7e69ab47178df4d4.png","format":"png","width":1000},"_runtime":10.666347535}