{"mae":152.11832427978516,"_step":9,"dim":128,"seasonal_1_valid_loss":1.2508061363779266,"seasonal_0_valid_loss":0.47732776992542797,"predicted_seasonal_2_stock_price":5.249776363372803,"trend_valid_loss":2.227029309266261,"mse":23139.984581689874,"rmse":152.11832427978516,"depth":4,"resid_valid_loss":2.018480754142735,"_wandb":{"runtime":10},"real_seasonal_2_stock_price":7.340470568165893,"predicted_resid_stock_price":-8.52904224395752,"real_seasonal_0_stock_price":-2.336375177391731,"real_stock_price":236.85000610351562,"AAPL Stock Price Prediction by iTransformer":{"path":"media/images/AAPL Stock Price Prediction by iTransformer_8_96abfd97ed4a0b17c431.png","format":"png","width":1000,"height":600,"_type":"image-file","sha256":"96abfd97ed4a0b17c431c83cc688912acac172630931d4dc94cdbed43ee70070","size":46145},"predicted_seasonal_3_stock_price":-2.6134259700775146,"predicted_trend_stock_price":88.48363494873047,"predicted_seasonal_0_stock_price":0.7501174807548523,"seasonal_2_valid_loss":0.2914789869438244,"real_resid_stock_price":9.055690968985289,"predicted_seasonal_1_stock_price":1.3906257152557373,"resid_train_loss":3.138149455960114,"final_predicted_stock_price":84.73168182373047,"seasonal_1_train_loss":1.1703412045398955,"seasonal_3_train_loss":1.9670615913983411,"trend_train_loss":0.19977652625270598,"real_seasonal_1_stock_price":-3.140674445755089,"seasonal_0_train_loss":0.38529496902437377,"_runtime":10.84536818,"real_seasonal_3_stock_price":4.670782344374737,"_timestamp":1.7367458851405618e+09,"seasonal_3_valid_loss":1.2986962109133084,"seasonal_2_train_loss":0.5273263374590207,"real_trend_stock_price":221.26011184513652,"periods":[252,504,756,1260],"Runtime (seconds)":4.783487796783447}