{"seasonal_0_train_loss":1.1461164475358638,"predicted_trend_stock_price":143.58551025390625,"_wandb":{"runtime":18},"_timestamp":1.7367428512783477e+09,"final_predicted_stock_price":153.11138916015625,"Runtime (seconds)":9.317860126495361,"_runtime":18.094635676,"seasonal_2_train_loss":0.4923233714110761,"depth":4,"seasonal_0_valid_loss":1.3870970352048628,"periods":[252,504,756,1260],"resid_train_loss":1.1628563627161754,"predicted_seasonal_0_stock_price":2.014752149581909,"seasonal_1_train_loss":1.2159270455034132,"_step":9,"AMZN Stock Price Prediction by iTransformer":{"_type":"image-file","sha256":"ccb6d9478664189398c92daa6196c4cd82e361a63bb6f01ed464dd344e87c30a","size":48771,"path":"media/images/AMZN Stock Price Prediction by iTransformer_8_ccb6d9478664189398c9.png","format":"png","width":1000,"height":600},"real_seasonal_0_stock_price":-6.886692248923765,"predicted_seasonal_2_stock_price":5.234213352203369,"mae":65.82861328125,"seasonal_1_valid_loss":1.1704926423549653,"predicted_seasonal_1_stock_price":0.6251633763313293,"dim":128,"seasonal_3_train_loss":0.5391838292543739,"trend_valid_loss":0.07449279501310735,"rmse":65.82861328125,"seasonal_2_valid_loss":0.5499883600134576,"resid_valid_loss":5.136108875274658,"predicted_seasonal_3_stock_price":7.273412704467773,"real_seasonal_3_stock_price":9.210042698987007,"real_resid_stock_price":30.052430487608945,"seasonal_3_valid_loss":0.3827344398721155,"real_trend_stock_price":167.5354913342489,"real_seasonal_2_stock_price":16.307195141839433,"mse":4333.406326532364,"predicted_resid_stock_price":-5.621650695800781,"real_seasonal_1_stock_price":2.721535027645758,"trend_train_loss":0.06209031415196497,"real_stock_price":218.94000244140625}