{"final_predicted_stock_price":91.72683715820312,"seasonal_1_train_loss":0.33918841353528895,"_runtime":20.926386701,"depth":4,"AAPL Stock Price Prediction by iTransformer":{"sha256":"0d23106f96904255a1277036f610e0e4a94d8d4168807627313eef393be7939e","size":46054,"path":"media/images/AAPL Stock Price Prediction by iTransformer_8_0d23106f96904255a127.png","format":"png","width":1000,"height":600,"_type":"image-file"},"rmse":145.1231689453125,"predicted_resid_stock_price":5.300270080566406,"_step":9,"real_trend_stock_price":221.26011209519876,"_timestamp":1.736724635904283e+09,"real_seasonal_3_stock_price":4.670776330526591,"mse":21060.734164729714,"seasonal_3_train_loss":0.6262225878201542,"resid_train_loss":0.4880147076094592,"predicted_trend_stock_price":79.00043487548828,"trend_valid_loss":4.840552690077801,"mae":145.1231689453125,"seasonal_2_valid_loss":0.14691915113914322,"predicted_seasonal_0_stock_price":0.05759884789586067,"real_seasonal_0_stock_price":-2.33638275999112,"_wandb":{"runtime":20},"seasonal_0_train_loss":1.0338727331859687,"real_stock_price":236.85000610351562,"real_seasonal_1_stock_price":-3.1406725303186875,"resid_valid_loss":0.4679396703904946,"real_seasonal_2_stock_price":7.340471604847465,"predicted_seasonal_1_stock_price":-4.118556499481201,"trend_train_loss":1.8793310859369896,"real_resid_stock_price":9.055701363252581,"seasonal_2_train_loss":0.4106194954400178,"predicted_seasonal_3_stock_price":3.793597459793091,"periods":[252,504,756,1260],"seasonal_3_valid_loss":0.7949556815555063,"predicted_seasonal_2_stock_price":7.693490982055664,"dim":128,"Runtime (seconds)":10.838133096694946,"seasonal_0_valid_loss":2.411897732061334,"seasonal_1_valid_loss":0.15026389884537664}