{"predicted_resid_stock_price":8.412517547607422,"real_resid_stock_price":9.055692009203426,"seasonal_0_train_loss":1.2600288880405142,"real_seasonal_3_stock_price":4.670784829628383,"real_seasonal_2_stock_price":7.340467637860547,"real_seasonal_1_stock_price":-3.1406749942014107,"trend_valid_loss":2.516878624757131,"seasonal_3_valid_loss":0.4976596385240555,"mae":113.68923950195312,"predicted_trend_stock_price":110.64877319335938,"depth":4,"final_predicted_stock_price":123.1607666015625,"seasonal_2_valid_loss":0.11604823977634915,"mse":12925.243178532459,"_timestamp":1.7367109177352734e+09,"predicted_seasonal_2_stock_price":6.743471622467041,"seasonal_3_train_loss":0.8514453377531331,"seasonal_0_valid_loss":0.7858599424362183,"periods":[252,504,756,1260],"real_trend_stock_price":221.2601117262174,"_runtime":16.474568412,"seasonal_1_train_loss":0.4422210608327304,"Runtime (seconds)":7.425679922103882,"predicted_seasonal_3_stock_price":-2.776566743850708,"trend_train_loss":0.5611144088465554,"rmse":113.68923950195312,"_step":9,"real_seasonal_0_stock_price":-2.33637510519274,"seasonal_2_train_loss":0.33987162688603767,"real_stock_price":236.85000610351562,"resid_train_loss":0.8212830550381988,"AAPL Stock Price Prediction by iTransformer":{"format":"png","width":1000,"height":600,"_type":"image-file","sha256":"f350e4a3147b35411efc4f2aac98dea58b6ef72d9780efeeac959bcae0e56826","size":47272,"path":"media/images/AAPL Stock Price Prediction by iTransformer_8_f350e4a3147b35411efc.png"},"dim":128,"predicted_seasonal_0_stock_price":0.47130149602890015,"resid_valid_loss":1.2117244302273305,"predicted_seasonal_1_stock_price":-0.3387328088283539,"seasonal_1_valid_loss":0.5344408466756686,"_wandb":{"runtime":16}}