{"_timestamp":1.7367574307887926e+09,"resid_train_loss":0.9688163564598967,"predicted_seasonal_2_stock_price":4.84299373626709,"seasonal_3_train_loss":1.6270485605904916,"trend_train_loss":0.4314441044771453,"trend_valid_loss":3.5485010464244295,"seasonal_0_train_loss":0.6121775238192897,"real_seasonal_1_stock_price":-3.1406723851607983,"seasonal_2_train_loss":0.5584616492468998,"depth":4,"final_predicted_stock_price":66.90118408203125,"Runtime (seconds)":3.977804660797119,"seasonal_1_train_loss":1.9405791865154804,"real_resid_stock_price":9.055696229414025,"dim":128,"seasonal_0_valid_loss":0.2531162202358246,"real_stock_price":236.85000610351562,"rmse":169.94882202148438,"real_trend_stock_price":221.26011197733013,"real_seasonal_2_stock_price":7.340468551687641,"_step":9,"predicted_seasonal_3_stock_price":0.8057949542999268,"real_seasonal_0_stock_price":-2.336381241427868,"periods":[252,504,756,1260],"_wandb":{"runtime":8},"seasonal_3_valid_loss":2.417693902043542,"predicted_seasonal_1_stock_price":-0.5646908283233643,"real_seasonal_3_stock_price":4.67078297167247,"AAPL Stock Price Prediction by iTransformer":{"sha256":"d8c576df23a0f0102a9248437660531b3fd58a3b497cd1e03eb3ca3cf452bac7","size":46433,"path":"media/images/AAPL Stock Price Prediction by iTransformer_8_d8c576df23a0f0102a92.png","format":"png","width":1000,"height":600,"_type":"image-file"},"_runtime":8.780852709,"mae":169.94882202148438,"resid_valid_loss":1.0737732648849487,"predicted_resid_stock_price":3.243154764175415,"mse":28882.602106490172,"predicted_seasonal_0_stock_price":0.9669874310493469,"seasonal_1_valid_loss":2.093252486131323,"seasonal_2_valid_loss":0.10604275017976761,"predicted_trend_stock_price":57.60694122314453}