{"AMZN Stock Price Prediction by iTransformer":{"_type":"image-file","sha256":"ca99575cb53d5697097d8699caff6f111775e7266aa210820c843f05580c338c","size":57132,"path":"media/images/AMZN Stock Price Prediction by iTransformer_1802_ca99575cb53d5697097d.png","format":"png","width":1000,"height":600},"seasonal_1_train_loss":0.0001142203606625007,"mse":195.48337311390787,"seasonal_3_train_loss":0.0010591497301910729,"predicted_seasonal_0_stock_price":-4.376896381378174,"predicted_resid_stock_price":20.264339447021484,"_step":1803,"real_seasonal_1_stock_price":3.790259741139306,"_timestamp":1.7368340734534569e+09,"Runtime (seconds)":2650.320546388626,"predicted_seasonal_1_stock_price":2.0195252895355225,"predicted_seasonal_3_stock_price":1.370467185974121,"periods":[252,504,756,1260],"mae":13.981536865234375,"real_trend_stock_price":161.51790588104447,"resid_train_loss":0.009256667366781341,"seasonal_0_valid_loss":0.0012050627754069865,"seasonal_1_valid_loss":0.000607614973833894,"final_predicted_stock_price":193.8784637451172,"real_seasonal_0_stock_price":-4.0605313148123185,"real_resid_stock_price":26.0692077721433,"seasonal_3_valid_loss":0.00020715333812404424,"rmse":13.981536865234375,"predicted_seasonal_2_stock_price":14.505401611328125,"seasonal_2_valid_loss":0.003765686921584998,"depth":4,"seasonal_2_train_loss":0.003917876420380666,"trend_train_loss":0.0010100826130221808,"_runtime":28736.907625343,"real_seasonal_2_stock_price":16.29230693278004,"resid_valid_loss":0.011495011315019421,"trend_valid_loss":0.00039848452371354866,"real_seasonal_3_stock_price":4.250851598056779,"seasonal_0_train_loss":0.0003148053735430633,"predicted_trend_stock_price":160.09561157226562,"_wandb":{"runtime":28736},"real_stock_price":207.86000061035156,"dim":128}