{"trend_train_loss":0.1972842765197267,"seasonal_3_valid_loss":0.38185395859504695,"AAPL Stock Price Prediction by iTransformer":{"path":"media/images/AAPL Stock Price Prediction by iTransformer_8_4fc60ebebe113b9d7e5f.png","format":"png","width":1000,"height":600,"_type":"image-file","sha256":"4fc60ebebe113b9d7e5fb13f8c2c1013528713e1ac872eb8d26d7e2f1153d9e6","size":50692},"trend_valid_loss":0.011555740609765053,"predicted_seasonal_0_stock_price":0.22838184237480164,"real_stock_price":236.85000610351562,"predicted_seasonal_3_stock_price":11.547410011291504,"real_seasonal_2_stock_price":7.340472493579106,"seasonal_2_valid_loss":0.4573945447018272,"real_seasonal_0_stock_price":-2.3363772223205816,"resid_train_loss":0.42456641619915364,"resid_valid_loss":0.4925480489763333,"_runtime":11.167886438,"final_predicted_stock_price":234.8489532470703,"depth":4,"predicted_trend_stock_price":212.1873321533203,"predicted_seasonal_2_stock_price":1.2419521808624268,"predicted_resid_stock_price":9.4857816696167,"predicted_seasonal_1_stock_price":0.15809749066829681,"seasonal_3_train_loss":1.0457559394377929,"real_seasonal_1_stock_price":-3.140678845288389,"periods":[252,504,756,1260],"seasonal_0_valid_loss":1.3446301335782076,"seasonal_0_train_loss":0.6381527664441917,"_wandb":{"runtime":11},"mae":2.0010528564453125,"_step":9,"mse":4.004212534287944,"Runtime (seconds)":4.534980773925781,"real_seasonal_3_stock_price":4.670787125827564,"real_resid_stock_price":9.05569095428109,"rmse":2.0010528564453125,"seasonal_2_train_loss":0.3882419582606821,"seasonal_1_valid_loss":1.2307925701141358,"dim":128,"_timestamp":1.7367337927701852e+09,"real_trend_stock_price":221.26011159743683,"seasonal_1_train_loss":1.130703267423992}