{"mse":43.74315843824297,"real_stock_price":187.13999938964844,"predicted_stock_price":193.7538604736328,"GOOG Stock Price Prediction by iTransformer(no MSTL)":{"width":1000,"height":600,"_type":"image-file","sha256":"60ebccd8b05138d1b95e067984b83b8ff9b8e62a2d092f8454c53de9de38fcd4","size":53383,"path":"media/images/GOOG Stock Price Prediction by iTransformer(no MSTL)_301_60ebccd8b05138d1b95e.png","format":"png"},"train_loss":0.06357927593437608,"_timestamp":1.73900793795799e+09,"depth":4,"Runtime (seconds)":120.8553729057312,"mae":6.613861083984375,"_runtime":2611.765099184,"rmse":6.613861083984375,"r2_score":NaN,"_wandb":{"runtime":2611},"dim":128,"_step":302,"valid_loss":0.03609698401907316}