{"resid_valid_loss":0.6585150185669438,"seasonal_0_valid_loss":0.6386261964933231,"real_seasonal_1_stock_price":-3.140682174034949,"seasonal_3_valid_loss":1.4842569197826234,"seasonal_0_train_loss":0.38764142681120795,"real_seasonal_0_stock_price":-2.3363764803663094,"seasonal_3_train_loss":2.2319359657819127,"real_seasonal_2_stock_price":7.340475031987429,"real_stock_price":236.85000610351562,"seasonal_2_train_loss":0.6766144033972964,"depth":4,"mse":6336.702694725478,"real_trend_stock_price":221.2601113216177,"predicted_seasonal_2_stock_price":4.974075794219971,"predicted_resid_stock_price":11.454411506652832,"rmse":79.60340881347656,"real_seasonal_3_stock_price":4.670789051116413,"_step":9,"seasonal_1_valid_loss":0.17567600936822172,"real_resid_stock_price":9.055689353195334,"_runtime":13.326921459,"predicted_seasonal_1_stock_price":-2.131962537765503,"dim":128,"_wandb":{"runtime":13},"AAPL Stock Price Prediction by iTransformer":{"height":600,"_type":"image-file","sha256":"0561500ea68d20b35454b1fbeae589e204583e8552dd309fb7e140bcb52ce3b1","size":46765,"path":"media/images/AAPL Stock Price Prediction by iTransformer_8_0561500ea68d20b35454.png","format":"png","width":1000},"Runtime (seconds)":6.2625157833099365,"predicted_trend_stock_price":136.69381713867188,"resid_train_loss":0.7713070706319642,"predicted_seasonal_3_stock_price":5.52365255355835,"trend_valid_loss":0.7866244039808711,"_timestamp":1.7367120049876738e+09,"trend_train_loss":0.13439066121921178,"seasonal_2_valid_loss":0.42068569881905443,"periods":[252,504,756,1260],"predicted_seasonal_0_stock_price":0.7326045632362366,"final_predicted_stock_price":157.24659729003906,"mae":79.60340881347656,"seasonal_1_train_loss":0.6208121126468986}