{"periods":[252,504,756,1260],"seasonal_1_valid_loss":0.38500854015115676,"real_seasonal_2_stock_price":16.307195141839433,"real_seasonal_0_stock_price":-6.886692248923765,"resid_valid_loss":0.467585050067288,"real_seasonal_1_stock_price":2.721535027645758,"seasonal_0_train_loss":0.43303946870113824,"rmse":124.730224609375,"_runtime":10.90272787,"seasonal_2_valid_loss":0.155463050508723,"mse":15557.628931105137,"depth":4,"Runtime (seconds)":5.320868730545044,"predicted_seasonal_0_stock_price":-6.734732627868652,"seasonal_3_valid_loss":0.40510267324936694,"real_seasonal_3_stock_price":9.210042698987007,"seasonal_0_valid_loss":0.22554516311017622,"AMZN Stock Price Prediction by iTransformer":{"path":"media/images/AMZN Stock Price Prediction by iTransformer_8_c215ed2b5aeb660d21ff.png","format":"png","width":1000,"height":600,"_type":"image-file","sha256":"c215ed2b5aeb660d21ff824710eb797e3a68a4e09d1a975eaa3261bfcbd2fe81","size":46823},"real_stock_price":218.94000244140625,"trend_valid_loss":2.782418271447476,"_wandb":{"runtime":10},"seasonal_2_train_loss":1.8538221706617575,"predicted_seasonal_1_stock_price":2.306356906890869,"mae":124.730224609375,"_timestamp":1.736712019401491e+09,"predicted_seasonal_3_stock_price":17.740543365478516,"_step":9,"predicted_resid_stock_price":4.479443073272705,"final_predicted_stock_price":94.20977783203125,"predicted_trend_stock_price":65.26469421386719,"real_resid_stock_price":30.052430487608945,"trend_train_loss":1.1052732128593712,"seasonal_1_train_loss":0.5187514262932476,"dim":128,"resid_train_loss":0.6129564125523617,"seasonal_3_train_loss":0.4383511125158381,"real_trend_stock_price":167.5354913342489,"predicted_seasonal_2_stock_price":11.153470993041992}