{"dim":128,"predicted_seasonal_1_stock_price":-3.7876203060150146,"AAPL Stock Price Prediction by iTransformer":{"height":600,"_type":"image-file","sha256":"70822de9260cabf37ffcd641ca80247e40a0b6d2d4e543946cf75002517a83ea","size":47225,"path":"media/images/AAPL Stock Price Prediction by iTransformer_8_70822de9260cabf37ffc.png","format":"png","width":1000},"seasonal_0_train_loss":0.7795685353568972,"real_trend_stock_price":221.26011175058395,"real_resid_stock_price":9.055690437773194,"periods":[252,504,756,1260],"real_seasonal_2_stock_price":7.340469255652801,"Runtime (seconds)":7.198177099227905,"predicted_seasonal_0_stock_price":0.2057914286851883,"seasonal_3_train_loss":2.220198228523893,"real_seasonal_0_stock_price":-2.3363758913643244,"_step":9,"_timestamp":1.7367340742246687e+09,"resid_train_loss":0.4304181403363612,"predicted_seasonal_3_stock_price":-1.3959847688674927,"predicted_resid_stock_price":4.927308082580566,"seasonal_1_train_loss":0.3354742837841515,"_runtime":14.290230259,"real_stock_price":236.85000610351562,"mse":14984.02781774808,"real_seasonal_3_stock_price":4.67078850579129,"rmse":122.40926361083984,"resid_valid_loss":0.5818512632000831,"seasonal_2_valid_loss":0.13483936570514485,"depth":4,"_wandb":{"runtime":14},"final_predicted_stock_price":114.44074249267578,"predicted_seasonal_2_stock_price":7.3783769607543945,"seasonal_2_train_loss":0.4866047799691483,"seasonal_3_valid_loss":1.3550029253535971,"trend_valid_loss":1.5256225948441349,"seasonal_0_valid_loss":2.084237466276893,"predicted_trend_stock_price":107.11287689208984,"trend_train_loss":0.2728924077450357,"seasonal_1_valid_loss":0.1299395262012406,"real_seasonal_1_stock_price":-3.1406779549212818,"mae":122.40926361083984}