{"dim":128,"_wandb":{"runtime":10},"AMZN Stock Price Prediction by iTransformer":{"sha256":"8380a1143c7ec103d02e16eea6133657b13342a3eb9f94dc3691b71dcf215d7f","size":45964,"path":"media/images/AMZN Stock Price Prediction by iTransformer_8_8380a1143c7ec103d02e.png","format":"png","width":1000,"height":600,"_type":"image-file"},"depth":4,"mae":90.26438903808594,"periods":[252,504,756,1260],"_timestamp":1.7367079464465282e+09,"real_seasonal_1_stock_price":2.721535027645758,"resid_train_loss":1.0811042041196386,"real_seasonal_2_stock_price":16.307195141839433,"seasonal_2_train_loss":0.9089075545120756,"real_stock_price":218.94000244140625,"predicted_resid_stock_price":-7.228031158447266,"resid_valid_loss":4.356851063202061,"seasonal_0_valid_loss":0.1629592142879388,"rmse":90.26438903808594,"seasonal_3_train_loss":0.5018236025785788,"seasonal_1_train_loss":0.320063304175367,"Runtime (seconds)":5.393806457519531,"predicted_seasonal_0_stock_price":-6.897406101226807,"predicted_seasonal_2_stock_price":3.4153823852539062,"real_resid_stock_price":30.052430487608945,"real_seasonal_0_stock_price":-6.886692248923765,"real_seasonal_3_stock_price":9.210042698987007,"_step":9,"predicted_trend_stock_price":119.39498138427734,"trend_valid_loss":0.5768440332870151,"predicted_seasonal_1_stock_price":3.424062728881836,"trend_train_loss":0.17236692082731409,"seasonal_3_valid_loss":0.2763807156361338,"seasonal_1_valid_loss":0.195428625275107,"seasonal_0_train_loss":0.4619089280736857,"predicted_seasonal_3_stock_price":16.566617965698242,"real_trend_stock_price":167.5354913342489,"final_predicted_stock_price":128.6756134033203,"seasonal_2_valid_loss":0.3395881160775915,"mse":8147.659928418929,"_runtime":10.770352652}