{"predicted_seasonal_0_stock_price":2.151947259902954,"seasonal_0_valid_loss":0.9780399359346971,"dim":128,"seasonal_2_train_loss":0.6738948988370925,"predicted_trend_stock_price":107.96672821044922,"_timestamp":1.7367410388659968e+09,"depth":4,"AAPL Stock Price Prediction by iTransformer":{"width":1000,"height":600,"_type":"image-file","sha256":"44ac4853936662ddb3bb9dc5f7eb9325da5e3109a62aabb39bf27b6cd218e907","size":47118,"path":"media/images/AAPL Stock Price Prediction by iTransformer_8_44ac4853936662ddb3bb.png","format":"png"},"seasonal_1_train_loss":0.720083753080384,"real_seasonal_3_stock_price":4.670787985073655,"trend_train_loss":0.1368918548747968,"real_stock_price":236.85000610351562,"seasonal_0_train_loss":0.5624728624260039,"seasonal_3_train_loss":1.19308130667012,"trend_valid_loss":1.004081067200185,"_wandb":{"runtime":10},"Runtime (seconds)":4.882558822631836,"predicted_seasonal_3_stock_price":-1.5809595584869385,"real_seasonal_1_stock_price":-3.1406772199007142,"_step":9,"real_seasonal_2_stock_price":7.3404727653190935,"_runtime":10.462398568,"real_resid_stock_price":9.05569404738219,"resid_train_loss":0.6202223272618772,"seasonal_1_valid_loss":0.7343776920315032,"predicted_seasonal_2_stock_price":5.7901997566223145,"seasonal_3_valid_loss":0.5829335607015169,"periods":[252,504,756,1260],"mse":14215.40437178925,"real_trend_stock_price":221.26011150567075,"resid_valid_loss":0.8643122466725093,"seasonal_2_valid_loss":0.09047252684831619,"mae":119.2283706665039,"predicted_resid_stock_price":2.246025323867798,"real_seasonal_0_stock_price":-2.3363829800293505,"final_predicted_stock_price":117.62163543701172,"predicted_seasonal_1_stock_price":1.0476967096328735,"rmse":119.2283706665039}