{"_wandb":{"runtime":12},"seasonal_1_train_loss":1.1627185081294171,"predicted_seasonal_3_stock_price":7.740190505981445,"seasonal_2_train_loss":0.72803930024366,"seasonal_3_train_loss":1.0423860493958916,"seasonal_3_valid_loss":0.8863581443572793,"real_trend_stock_price":167.5354913342489,"real_seasonal_3_stock_price":9.210042698987007,"periods":[252,504,756,1260],"Runtime (seconds)":6.399094581604004,"mae":34.1014404296875,"_step":9,"mse":1162.9082393795252,"seasonal_2_valid_loss":0.9676709175109863,"rmse":34.1014404296875,"predicted_seasonal_1_stock_price":0.005498185753822327,"real_resid_stock_price":30.052430487608945,"predicted_resid_stock_price":-2.706355333328247,"real_seasonal_1_stock_price":2.721535027645758,"real_stock_price":218.94000244140625,"_runtime":12.725510952,"resid_valid_loss":0.956690197180667,"predicted_trend_stock_price":179.34951782226562,"seasonal_0_train_loss":1.0167714473543008,"AMZN Stock Price Prediction by iTransformer":{"height":600,"_type":"image-file","sha256":"67469b75483602697dfa4ff50cb96411f79f04bbac9a7a86d47830505a2c740b","size":47457,"path":"media/images/AMZN Stock Price Prediction by iTransformer_8_67469b75483602697dfa.png","format":"png","width":1000},"predicted_seasonal_2_stock_price":2.702747344970703,"final_predicted_stock_price":184.83856201171875,"trend_train_loss":0.9185309095144603,"trend_valid_loss":0.22558907002484033,"depth":4,"seasonal_1_valid_loss":1.1471622378307547,"_timestamp":1.7367276986018186e+09,"real_seasonal_2_stock_price":16.307195141839433,"predicted_seasonal_0_stock_price":-2.2530159950256348,"dim":128,"real_seasonal_0_stock_price":-6.886692248923765,"resid_train_loss":0.9633554916643335,"seasonal_0_valid_loss":0.5657757458144}