{"predicted_seasonal_3_stock_price":1.7984719276428223,"real_stock_price":236.85000610351562,"trend_train_loss":1.538401796225587,"depth":4,"seasonal_3_train_loss":0.706261359896705,"predicted_seasonal_1_stock_price":-2.2905406951904297,"real_trend_stock_price":221.26011133886877,"seasonal_2_train_loss":0.7527943959264909,"real_seasonal_1_stock_price":-3.1406783602973913,"_runtime":15.269585063,"seasonal_3_valid_loss":0.25470406538963963,"real_seasonal_3_stock_price":4.670787209418803,"resid_train_loss":2.0055486633029265,"real_resid_stock_price":9.05569541510792,"seasonal_0_valid_loss":0.7192787611000284,"dim":128,"mae":155.95886993408203,"predicted_seasonal_0_stock_price":-0.042482562363147736,"seasonal_1_valid_loss":0.11495384573936462,"periods":[252,504,756,1260],"Runtime (seconds)":7.767811298370361,"seasonal_2_valid_loss":0.13563976137293982,"mse":24323.169111115916,"seasonal_0_train_loss":0.38904509174055063,"final_predicted_stock_price":80.8911361694336,"predicted_resid_stock_price":1.2410709857940674,"_step":9,"resid_valid_loss":1.0249483115793223,"seasonal_1_train_loss":0.21913413263284243,"trend_valid_loss":3.400393122652822,"rmse":155.95886993408203,"real_seasonal_0_stock_price":-2.3363876585245134,"real_seasonal_2_stock_price":7.340478158942041,"predicted_trend_stock_price":75.43766784667969,"_timestamp":1.7367131265577729e+09,"_wandb":{"runtime":15},"predicted_seasonal_2_stock_price":4.746945381164551,"AAPL Stock Price Prediction by iTransformer":{"_type":"image-file","sha256":"482e5443e947998f7799e193ef16a64bdcf468ba0f9f7c7949ccf3090329981e","size":46280,"path":"media/images/AAPL Stock Price Prediction by iTransformer_8_482e5443e947998f7799.png","format":"png","width":1000,"height":600}}