{"_step":302,"GOOG Stock Price Prediction by iTransformer(no MSTL)":{"height":600,"_type":"image-file","sha256":"371f771893366b12185378c72afa3a15e290b6efb91826e7867db6a537934d58","size":55427,"path":"media/images/GOOG Stock Price Prediction by iTransformer(no MSTL)_301_371f771893366b121853.png","format":"png","width":1000},"_runtime":3065.384593247,"dim":128,"_timestamp":1.739020424720106e+09,"train_loss":0.07418223801618072,"predicted_stock_price":206.36715698242188,"real_stock_price":187.13999938964844,"rmse":19.227157592773438,"Runtime (seconds)":122.73648118972778,"r2_score":NaN,"mae":19.227157592773438,"mse":369.68358909734525,"_wandb":{"runtime":3065},"valid_loss":0.037155899360324394,"depth":4}