{"seasonal_0_train_loss":0.8117943730337231,"real_resid_stock_price":9.055694580665715,"_timestamp":1.736746045354426e+09,"seasonal_3_train_loss":2.8100680729283924,"real_seasonal_3_stock_price":4.670785532674434,"predicted_trend_stock_price":93.08119201660156,"final_predicted_stock_price":109.3938980102539,"predicted_seasonal_0_stock_price":-0.40649208426475525,"dim":128,"resid_train_loss":0.36769414321468796,"resid_valid_loss":0.40286333971705873,"seasonal_2_train_loss":0.49019031398696317,"seasonal_1_valid_loss":0.26146645933665613,"seasonal_1_train_loss":0.479733987148276,"seasonal_3_valid_loss":2.513758883088134,"Runtime (seconds)":4.646707534790039,"predicted_resid_stock_price":8.604533195495605,"predicted_seasonal_1_stock_price":-0.9058648943901062,"predicted_seasonal_3_stock_price":1.9239633083343506,"real_stock_price":236.85000610351562,"depth":4,"AAPL Stock Price Prediction by iTransformer":{"width":1000,"height":600,"_type":"image-file","sha256":"6b7d3cf11809f85da27055c5f3027a61af345a019853c02f8ba9db210b1a4452","size":47274,"path":"media/images/AAPL Stock Price Prediction by iTransformer_8_6b7d3cf11809f85da270.png","format":"png"},"seasonal_0_valid_loss":1.154955530988759,"_step":9,"real_seasonal_0_stock_price":-2.3363831887116797,"_wandb":{"runtime":11},"predicted_seasonal_2_stock_price":7.09657621383667,"real_trend_stock_price":221.26011161940278,"periods":[252,504,756,1260],"rmse":127.45610809326172,"seasonal_2_valid_loss":0.11892220100003575,"mse":16245.059490281215,"real_seasonal_2_stock_price":7.340474748506086,"_runtime":11.97350196,"trend_valid_loss":3.443473070859909,"real_seasonal_1_stock_price":-3.1406771890217047,"mae":127.45610809326172,"trend_train_loss":0.7884821967081219}