{"mse":13677.032325705572,"resid_valid_loss":0.7340963465741809,"Runtime (seconds)":5.6191771030426025,"periods":[252,504,756,1260],"_step":9,"predicted_seasonal_0_stock_price":-0.7509093284606934,"resid_train_loss":1.0572687998810648,"real_seasonal_1_stock_price":-3.140676368460988,"seasonal_3_valid_loss":0.15042820530520243,"rmse":116.94884490966797,"depth":4,"trend_train_loss":1.3777135474774032,"seasonal_0_valid_loss":0.7473931865155602,"predicted_seasonal_2_stock_price":-0.28915920853614807,"_runtime":13.944524481,"predicted_seasonal_1_stock_price":-2.069061517715454,"dim":128,"predicted_seasonal_3_stock_price":2.160050630569458,"mae":116.94884490966797,"real_resid_stock_price":9.05569233892524,"seasonal_1_train_loss":0.43036286681400854,"AAPL Stock Price Prediction by iTransformer":{"size":47259,"path":"media/images/AAPL Stock Price Prediction by iTransformer_8_4861fc7c8c6ab84edc32.png","format":"png","width":1000,"height":600,"_type":"image-file","sha256":"4861fc7c8c6ab84edc320b462711d2a36e48c86e61df5112f98d3b3842626c35"},"_timestamp":1.7367124359478445e+09,"real_seasonal_2_stock_price":7.340471269530242,"seasonal_3_train_loss":0.8805645989688349,"real_seasonal_0_stock_price":-2.3363763978234435,"real_seasonal_3_stock_price":4.670782727332882,"real_trend_stock_price":221.26011253401168,"trend_valid_loss":1.0226012083003297,"real_stock_price":236.85000610351562,"predicted_resid_stock_price":1.8335649967193604,"seasonal_2_train_loss":1.5336795177346505,"seasonal_2_valid_loss":1.3465640664543803,"seasonal_1_valid_loss":0.23804240811155572,"seasonal_0_train_loss":0.5727981068028931,"_wandb":{"runtime":13},"predicted_trend_stock_price":119.01667785644531,"final_predicted_stock_price":119.90116119384766}