{"seasonal_2_train_loss":0.8984728055836448,"_step":1199,"trend_train_loss":0.05475791322976292,"seasonal_2_valid_loss":1.8694010079841255,"_timestamp":1.7362906634295568e+09,"_wandb":{"runtime":40937},"_runtime":40932.040655195,"seasonal_0_train_loss":0.05663718233077691,"trend_valid_loss":0.025755515827213304,"seasonal_1_valid_loss":0.04197428600300577,"seasonal_0_valid_loss":0.035961861880635146,"seasonal_1_train_loss":0.06450440330233834}