{"real_stock_price":236.85000610351562,"seasonal_0_train_loss":0.3024950447500378,"real_seasonal_2_stock_price":7.340469801035125,"trend_train_loss":0.2459734193550757,"real_seasonal_0_stock_price":-2.3363787790560613,"Runtime (seconds)":5.3018434047698975,"predicted_trend_stock_price":121.4172134399414,"seasonal_1_train_loss":0.9912346895892643,"real_resid_stock_price":9.055693864408624,"mse":10935.521494457731,"seasonal_0_valid_loss":0.3956241182425395,"real_trend_stock_price":221.26011123249177,"periods":[252,504,756,1260],"real_seasonal_1_stock_price":-3.1406739564050308,"resid_valid_loss":0.6632822922297886,"seasonal_1_valid_loss":0.7966728041569392,"rmse":104.57304382324219,"final_predicted_stock_price":132.27696228027344,"dim":128,"depth":4,"predicted_resid_stock_price":3.1407907009124756,"predicted_seasonal_3_stock_price":3.0425539016723633,"_step":9,"_wandb":{"runtime":11},"seasonal_2_valid_loss":0.15761521338608467,"seasonal_3_train_loss":1.4339827569724553,"seasonal_2_train_loss":0.25114199925639663,"seasonal_3_valid_loss":0.5124596467705717,"AAPL Stock Price Prediction by iTransformer":{"sha256":"e16b573893fe62decee7650e5f2432b0c38126ee0ddff60cb334959fb444ab92","size":46949,"path":"media/images/AAPL Stock Price Prediction by iTransformer_8_e16b573893fe62decee7.png","format":"png","width":1000,"height":600,"_type":"image-file"},"_timestamp":1.7367368462568297e+09,"trend_valid_loss":1.3874243166711595,"predicted_seasonal_0_stock_price":1.8251489400863647,"real_seasonal_3_stock_price":4.670783941041202,"resid_train_loss":0.6442667727529764,"predicted_seasonal_1_stock_price":-1.6830658912658691,"_runtime":11.141330634,"mae":104.57304382324219,"predicted_seasonal_2_stock_price":4.534314155578613}