{"seasonal_3_train_loss":0.32818899310408994,"seasonal_3_valid_loss":0.1860740996550682,"_wandb":{"runtime":18},"real_stock_price":218.94000244140625,"predicted_trend_stock_price":126.283447265625,"resid_train_loss":0.7669231023220621,"seasonal_2_train_loss":1.0252786882090503,"predicted_seasonal_2_stock_price":2.3378167152404785,"real_seasonal_0_stock_price":-6.886692248923765,"real_trend_stock_price":167.5354913342489,"resid_valid_loss":0.6234253240199064,"real_seasonal_1_stock_price":2.721535027645758,"trend_valid_loss":0.550576422813434,"predicted_seasonal_0_stock_price":0.46467816829681396,"mae":61.090667724609375,"mse":3732.0696830386296,"real_seasonal_3_stock_price":9.210042698987007,"real_seasonal_2_stock_price":16.307195141839433,"depth":4,"real_resid_stock_price":30.052430487608945,"predicted_seasonal_1_stock_price":1.913828730583191,"predicted_seasonal_3_stock_price":6.377357482910156,"seasonal_0_train_loss":0.9805801298658726,"rmse":61.090667724609375,"trend_train_loss":0.25512755335476694,"_runtime":18.01100232,"_timestamp":1.7367259656725988e+09,"AMZN Stock Price Prediction by iTransformer":{"width":1000,"height":600,"_type":"image-file","sha256":"d41bf7642fa527e924848a5fa9c0448e859327d9fbe950750866505832ad563c","size":48556,"path":"media/images/AMZN Stock Price Prediction by iTransformer_8_d41bf7642fa527e92484.png","format":"png"},"seasonal_2_valid_loss":0.8746611324310303,"Runtime (seconds)":8.151107788085938,"seasonal_0_valid_loss":1.0586410555137595,"seasonal_1_valid_loss":0.1564229045574281,"_step":9,"seasonal_1_train_loss":0.42392261864575415,"predicted_resid_stock_price":20.47220230102539,"dim":128,"periods":[252,504,756,1260],"final_predicted_stock_price":157.84933471679688}