{"dim":128,"rmse":29.237945556640625,"_runtime":9734.326439169,"Runtime (seconds)":461.6242961883545,"r2_score":NaN,"real_stock_price":246.49000549316406,"depth":4,"predicted_stock_price":217.25205993652344,"AAPL Stock Price Prediction by Transformer(no MSTL)":{"format":"png","width":1000,"height":600,"_type":"image-file","sha256":"de4011fba8c5b09f06836a61ff654c6e4f00e299f41d8838548d0c5232022b5f","size":48573,"path":"media/images/AAPL Stock Price Prediction by Transformer(no MSTL)_184_de4011fba8c5b09f0683.png"},"_timestamp":1.7362031650365083e+09,"mae":29.237945556640625,"train_loss":0.1591713373184852,"_wandb":{"runtime":9734},"mse":854.8574603730813,"_step":185,"valid_loss":0.20659492909908295}