{"_runtime":11.917053625,"_step":9,"seasonal_3_train_loss":1.1032512946474937,"mae":113.58830261230469,"real_seasonal_2_stock_price":7.340469744046084,"real_seasonal_1_stock_price":-3.140676417616264,"_wandb":{"runtime":11},"seasonal_0_train_loss":0.987169290745072,"trend_valid_loss":1.672115187559809,"dim":128,"seasonal_2_valid_loss":2.183676804646407,"real_seasonal_0_stock_price":-2.3363817783207774,"real_resid_stock_price":9.055696576438464,"resid_valid_loss":0.850141282265003,"seasonal_0_valid_loss":0.8239756226539612,"predicted_seasonal_0_stock_price":0.5973300337791443,"AAPL Stock Price Prediction by iTransformer":{"format":"png","width":1000,"height":600,"_type":"image-file","sha256":"a4088be9574ba91cfd04b0d942bd0424998c6d4483c6d0618a63c350bdd0a9b3","size":47303,"path":"media/images/AAPL Stock Price Prediction by iTransformer_8_a4088be9574ba91cfd04.png"},"predicted_resid_stock_price":10.269245147705078,"mse":12902.302490344504,"predicted_seasonal_1_stock_price":1.0529307126998901,"predicted_seasonal_3_stock_price":20.4843807220459,"rmse":113.58830261230469,"real_stock_price":236.85000610351562,"trend_train_loss":0.26992587979631677,"periods":[252,504,756,1260],"seasonal_1_valid_loss":0.809145181439817,"predicted_trend_stock_price":95.83261108398438,"seasonal_1_train_loss":0.7845299910382195,"depth":4,"seasonal_2_train_loss":2.1296823076806213,"real_seasonal_3_stock_price":4.670786753528388,"_timestamp":1.7367532458888395e+09,"seasonal_3_valid_loss":1.785267541053459,"resid_train_loss":1.0460265907764095,"predicted_seasonal_2_stock_price":-4.974801540374756,"real_trend_stock_price":221.26011122543974,"final_predicted_stock_price":123.26170349121094,"Runtime (seconds)":5.923901796340942}