{"real_seasonal_1_stock_price":2.721535027645758,"seasonal_2_valid_loss":0.37168461262656355,"predicted_seasonal_1_stock_price":-0.24710901081562042,"real_seasonal_2_stock_price":16.307195141839433,"resid_train_loss":1.0144445586290747,"mse":6623.606743404875,"seasonal_1_valid_loss":1.1699583638798108,"predicted_seasonal_0_stock_price":-8.105420112609863,"predicted_seasonal_3_stock_price":-4.155214309692383,"depth":4,"trend_valid_loss":0.3938137983682055,"trend_train_loss":0.2632998072983238,"real_resid_stock_price":30.052430487608945,"predicted_seasonal_2_stock_price":19.47856330871582,"dim":128,"real_stock_price":218.94000244140625,"final_predicted_stock_price":137.55445861816406,"seasonal_1_train_loss":1.17350932696901,"_runtime":12.643384753,"real_seasonal_3_stock_price":9.210042698987007,"rmse":81.38554382324219,"real_trend_stock_price":167.5354913342489,"resid_valid_loss":0.7478202732518872,"seasonal_0_valid_loss":0.436502069234848,"seasonal_3_train_loss":0.7260091901874878,"Runtime (seconds)":6.052272319793701,"_step":9,"_wandb":{"runtime":12},"seasonal_3_valid_loss":0.6436456505741391,"predicted_trend_stock_price":126.23355102539062,"periods":[252,504,756,1260],"_timestamp":1.7367595360885549e+09,"AMZN Stock Price Prediction by iTransformer":{"path":"media/images/AMZN Stock Price Prediction by iTransformer_8_69b61a1297c8e820499f.png","format":"png","width":1000,"height":600,"_type":"image-file","sha256":"69b61a1297c8e820499ff8865ac4335d6a32972a4085267a3b4f8eaa0f6c29d9","size":46094},"mae":81.38554382324219,"real_seasonal_0_stock_price":-6.886692248923765,"predicted_resid_stock_price":4.350086212158203,"seasonal_2_train_loss":1.2603397830979988,"seasonal_0_train_loss":0.9290288818939155}