{"rmse":209.69944763183594,"predicted_seasonal_2_stock_price":4.784880638122559,"real_resid_stock_price":9.055697083803693,"mae":209.69944763183594,"depth":4,"seasonal_2_valid_loss":0.13236170470442815,"seasonal_0_train_loss":0.28859019846858863,"real_trend_stock_price":221.2601114973035,"real_seasonal_3_stock_price":4.670786029244297,"_step":9,"seasonal_3_train_loss":0.523870319420854,"periods":[252,504,756,1260],"trend_valid_loss":6.813485028688691,"_wandb":{"runtime":10},"AAPL Stock Price Prediction by iTransformer":{"format":"png","width":1000,"height":600,"_type":"image-file","sha256":"eae1c587672128438f6ea80fc55e5f6e291ae49037baec708eb49e6f55fd9414","size":44489,"path":"media/images/AAPL Stock Price Prediction by iTransformer_8_eae1c587672128438f6e.png"},"seasonal_1_train_loss":0.4474151615338151,"resid_valid_loss":3.8735456466674805,"real_seasonal_2_stock_price":7.340467570174875,"seasonal_1_valid_loss":0.18272491645573372,"trend_train_loss":3.145048678885115,"Runtime (seconds)":5.122605562210083,"seasonal_0_valid_loss":0.3521801657324669,"seasonal_2_train_loss":0.7541280930681378,"_runtime":10.864847706,"dim":128,"seasonal_3_valid_loss":0.17402101024540503,"_timestamp":1.7367253695102296e+09,"real_seasonal_0_stock_price":-2.336379694423219,"real_stock_price":236.85000610351562,"mse":43973.8583370971,"predicted_resid_stock_price":-3.046360492706299,"final_predicted_stock_price":27.150558471679688,"predicted_seasonal_1_stock_price":-1.448886513710022,"resid_train_loss":1.8643797749820834,"predicted_trend_stock_price":24.73468017578125,"real_seasonal_1_stock_price":-3.1406763825875053,"predicted_seasonal_0_stock_price":0.47827979922294617,"predicted_seasonal_3_stock_price":1.6479651927947998}