{"mae":76.83378601074219,"real_seasonal_1_stock_price":2.721535027645758,"final_predicted_stock_price":142.10621643066406,"seasonal_2_train_loss":0.8626303495530793,"seasonal_3_valid_loss":1.1992406031109302,"seasonal_0_train_loss":0.29402210013263685,"predicted_seasonal_1_stock_price":3.1317663192749023,"resid_train_loss":0.657082638309826,"_timestamp":1.736745846285234e+09,"predicted_seasonal_2_stock_price":17.910797119140625,"rmse":76.83378601074219,"predicted_seasonal_0_stock_price":-5.271804332733154,"real_resid_stock_price":30.052430487608945,"mse":5903.430672744522,"dim":128,"seasonal_0_valid_loss":0.33695237682688806,"seasonal_1_train_loss":0.7649445794924565,"depth":4,"seasonal_1_valid_loss":0.2590077590001257,"_runtime":14.926471803,"resid_valid_loss":1.8438769578933716,"real_trend_stock_price":167.5354913342489,"AMZN Stock Price Prediction by iTransformer":{"_type":"image-file","sha256":"d4414e8dd32542c85685842b485f09fb1690908ea5f896e0499096d0be5b56f3","size":46029,"path":"media/images/AMZN Stock Price Prediction by iTransformer_8_d4414e8dd32542c85685.png","format":"png","width":1000,"height":600},"Runtime (seconds)":5.865805387496948,"real_seasonal_3_stock_price":9.210042698987007,"periods":[252,504,756,1260],"predicted_trend_stock_price":100.90997314453125,"trend_valid_loss":1.0174881047263569,"seasonal_2_valid_loss":0.3463160145613882,"predicted_seasonal_3_stock_price":24.382205963134766,"predicted_resid_stock_price":1.0432745218276978,"trend_train_loss":1.3755304588374633,"_wandb":{"runtime":14},"real_stock_price":218.94000244140625,"real_seasonal_0_stock_price":-6.886692248923765,"real_seasonal_2_stock_price":16.307195141839433,"seasonal_3_train_loss":1.2257733008316163,"_step":9}