{"mae":173.05771255493164,"final_predicted_stock_price":63.792293548583984,"resid_train_loss":0.5066247291722903,"_wandb":{"runtime":10},"seasonal_0_train_loss":0.42228272701463393,"_runtime":10.884084344,"depth":4,"seasonal_1_valid_loss":0.18973365916056675,"seasonal_3_valid_loss":0.4935333347105118,"seasonal_2_valid_loss":1.5058486342430115,"seasonal_3_train_loss":0.8019933303383073,"seasonal_0_valid_loss":0.5566895635097058,"predicted_seasonal_0_stock_price":1.374064326286316,"real_seasonal_2_stock_price":7.340470888140172,"real_stock_price":236.85000610351562,"dim":128,"resid_valid_loss":0.5116008057851683,"mse":29948.971874745344,"AAPL Stock Price Prediction by iTransformer":{"size":46259,"path":"media/images/AAPL Stock Price Prediction by iTransformer_8_0a3c222a2c500a84635d.png","format":"png","width":1000,"height":600,"_type":"image-file","sha256":"0a3c222a2c500a84635d875347e08da02a2ff536d84952f23325e3cd07892017"},"predicted_seasonal_3_stock_price":2.524628162384033,"trend_train_loss":0.7840541325247717,"predicted_resid_stock_price":6.6541242599487305,"real_seasonal_0_stock_price":-2.3363837675147425,"Runtime (seconds)":5.161264896392822,"periods":[252,504,756,1260],"predicted_seasonal_2_stock_price":-0.40730857849121094,"trend_valid_loss":4.06535312537704,"predicted_seasonal_1_stock_price":-2.5742433071136475,"seasonal_2_train_loss":1.539670984134262,"_step":9,"_timestamp":1.7367483987804532e+09,"real_trend_stock_price":221.2601113516832,"predicted_trend_stock_price":56.22102355957031,"rmse":173.05771255493164,"real_seasonal_1_stock_price":-3.1406762409787157,"real_seasonal_3_stock_price":4.670787731486171,"real_resid_stock_price":9.055696140699524,"seasonal_1_train_loss":0.44622105831218783}