{"real_seasonal_2_stock_price":7.340468876568422,"predicted_seasonal_2_stock_price":4.53007173538208,"real_resid_stock_price":9.055697212332802,"_runtime":7.506808407,"predicted_trend_stock_price":107.14187622070312,"Runtime (seconds)":3.3983328342437744,"_wandb":{"runtime":7},"rmse":134.96859741210938,"AAPL Stock Price Prediction by iTransformer":{"width":1000,"height":600,"_type":"image-file","sha256":"a144e3cb28d9cf4b47925d55690113134a5d2f104ff1240bc76c455aff8074d7","size":47541,"path":"media/images/AAPL Stock Price Prediction by iTransformer_8_a144e3cb28d9cf4b4792.png","format":"png"},"real_seasonal_3_stock_price":4.670788955974475,"seasonal_0_valid_loss":0.4077855050563812,"seasonal_2_valid_loss":0.6267826910051992,"seasonal_2_train_loss":0.6398899262007192,"trend_valid_loss":1.799063029995671,"real_seasonal_0_stock_price":-2.336383763926623,"predicted_seasonal_3_stock_price":-1.7879254817962646,"predicted_seasonal_1_stock_price":-2.197251319885254,"seasonal_1_train_loss":0.38956562165194786,"depth":4,"real_seasonal_1_stock_price":-3.1406765395368033,"seasonal_0_train_loss":0.6902298259769561,"resid_train_loss":1.6657149579290074,"_timestamp":1.736725714609241e+09,"seasonal_1_valid_loss":0.15808569088384702,"predicted_resid_stock_price":-6.320090293884277,"resid_valid_loss":1.9871368541410475,"trend_train_loss":0.2391137966784564,"real_stock_price":236.85000610351562,"real_trend_stock_price":221.26011136210334,"periods":[252,504,756,1260],"mae":134.96859741210938,"seasonal_3_train_loss":0.7484515378833914,"seasonal_3_valid_loss":0.26585879921913147,"predicted_seasonal_0_stock_price":0.5147274136543274,"mse":18216.522287392057,"_step":9,"dim":128,"final_predicted_stock_price":101.88140869140625}