{"final_predicted_stock_price":178.97528076171875,"real_stock_price":218.94000244140625,"seasonal_1_train_loss":0.7686439787600211,"real_seasonal_2_stock_price":16.307195141839433,"seasonal_1_valid_loss":0.7507775872945786,"real_seasonal_1_stock_price":2.721535027645758,"trend_train_loss":0.9282094298975897,"_runtime":8.208959604,"predicted_trend_stock_price":175.55584716796875,"predicted_seasonal_0_stock_price":-7.732860088348389,"dim":128,"mae":39.9647216796875,"seasonal_0_train_loss":0.2511720741423099,"periods":[252,504,756,1260],"seasonal_3_train_loss":1.585986853952516,"resid_valid_loss":0.5367680834501647,"_step":9,"rmse":39.9647216796875,"seasonal_3_valid_loss":1.0733408577301924,"mse":1597.178978934884,"predicted_resid_stock_price":2.7963333129882812,"predicted_seasonal_3_stock_price":-7.815253734588623,"Runtime (seconds)":3.7908411026000977,"_timestamp":1.7367574206467273e+09,"AMZN Stock Price Prediction by iTransformer":{"format":"png","width":1000,"height":600,"_type":"image-file","sha256":"72391625c72fd7e2cfaf2c3ca2c6e89cf92226ef01a37ea18c34e0a90d75bdde","size":48650,"path":"media/images/AMZN Stock Price Prediction by iTransformer_8_72391625c72fd7e2cfaf.png"},"seasonal_2_train_loss":0.5954365770603529,"depth":4,"predicted_seasonal_1_stock_price":1.7072200775146484,"real_seasonal_0_stock_price":-6.886692248923765,"resid_train_loss":0.6566025995553924,"real_trend_stock_price":167.5354913342489,"predicted_seasonal_2_stock_price":14.464008331298828,"seasonal_0_valid_loss":0.29548371542949936,"_wandb":{"runtime":8},"seasonal_2_valid_loss":0.20444894166437189,"trend_valid_loss":0.12431093965210188,"real_seasonal_3_stock_price":9.210042698987007,"real_resid_stock_price":30.052430487608945}