{"predicted_seasonal_3_stock_price":8.171530723571777,"predicted_seasonal_2_stock_price":18.339488983154297,"seasonal_0_valid_loss":2.7989093730616017,"real_seasonal_0_stock_price":-6.886692248923765,"resid_train_loss":0.9691808751550266,"periods":[252,504,756,1260],"seasonal_0_train_loss":2.42090747148053,"real_seasonal_3_stock_price":9.210042698987007,"mae":4.16363525390625,"real_seasonal_1_stock_price":2.721535027645758,"Runtime (seconds)":5.009969472885132,"_timestamp":1.7367309587866302e+09,"seasonal_1_valid_loss":0.18797334536854798,"predicted_resid_stock_price":14.56235408782959,"real_trend_stock_price":167.5354913342489,"trend_valid_loss":0.07943122818001679,"_runtime":10.37592575,"_step":9,"predicted_trend_stock_price":178.76516723632812,"predicted_seasonal_0_stock_price":0.8144967555999756,"mse":17.335858527570963,"predicted_seasonal_1_stock_price":2.450613260269165,"trend_train_loss":0.7397376673508829,"real_stock_price":218.94000244140625,"resid_valid_loss":0.8196898624300957,"dim":128,"seasonal_2_valid_loss":0.12342996150255203,"AMZN Stock Price Prediction by iTransformer":{"size":58421,"path":"media/images/AMZN Stock Price Prediction by iTransformer_8_3183a93d3e4c3d5ea85b.png","format":"png","width":1000,"height":600,"_type":"image-file","sha256":"3183a93d3e4c3d5ea85ba98658b8d973f61f20177efc2d3e69ea28cd9757c953"},"seasonal_2_train_loss":0.5015595748637356,"rmse":4.16363525390625,"real_resid_stock_price":30.052430487608945,"real_seasonal_2_stock_price":16.307195141839433,"seasonal_1_train_loss":0.3572790130796726,"final_predicted_stock_price":223.1036376953125,"_wandb":{"runtime":10},"seasonal_3_train_loss":0.8400225502277868,"seasonal_3_valid_loss":0.773961086970049,"depth":4}