{"real_resid_stock_price":9.055694790181576,"seasonal_0_train_loss":0.8099215211963087,"mae":110.91343688964844,"seasonal_3_train_loss":0.3869840603172447,"seasonal_0_valid_loss":1.6771497564800715,"_timestamp":1.7367205440088823e+09,"predicted_resid_stock_price":0.8038179874420166,"mse":12301.790482674027,"predicted_seasonal_0_stock_price":1.12448251247406,"resid_train_loss":0.5344817216168049,"periods":[252,504,756,1260],"trend_valid_loss":2.1521563328654563,"final_predicted_stock_price":125.93656921386719,"real_seasonal_1_stock_price":-3.1406759394128176,"trend_train_loss":0.42354763968127535,"real_stock_price":236.85000610351562,"_wandb":{"runtime":13},"predicted_seasonal_3_stock_price":8.797395706176758,"AAPL Stock Price Prediction by iTransformer":{"format":"png","width":1000,"height":600,"_type":"image-file","sha256":"f187c9b0f8e67abc647e3c6a0f322d63ee69595aadc70cec51c748f5f73be501","size":47395,"path":"media/images/AAPL Stock Price Prediction by iTransformer_8_f187c9b0f8e67abc647e.png"},"seasonal_2_valid_loss":0.17285086889452328,"real_trend_stock_price":221.2601112328294,"_step":9,"seasonal_1_train_loss":0.5796839281127785,"predicted_seasonal_1_stock_price":-2.9223358631134033,"seasonal_1_valid_loss":0.265067203710432,"resid_valid_loss":0.4871709172310454,"_runtime":13.706996274,"dim":128,"rmse":110.91343688964844,"seasonal_3_valid_loss":0.33431581144941774,"real_seasonal_0_stock_price":-2.3363874282529506,"predicted_seasonal_2_stock_price":6.545452117919922,"seasonal_2_train_loss":0.39178929539618407,"depth":4,"Runtime (seconds)":6.972633361816406,"real_seasonal_2_stock_price":7.340477021350787,"predicted_trend_stock_price":111.58776092529297,"real_seasonal_3_stock_price":4.670786426819671}