{"real_seasonal_1_stock_price":2.721535027645758,"real_seasonal_0_stock_price":-6.886692248923765,"depth":4,"seasonal_0_train_loss":0.3055942349490665,"final_predicted_stock_price":171.19656372070312,"_wandb":{"runtime":15},"predicted_seasonal_3_stock_price":-4.129868030548096,"predicted_resid_stock_price":-9.634636878967285,"_timestamp":1.7367486888135464e+09,"AMZN Stock Price Prediction by iTransformer":{"width":1000,"height":600,"_type":"image-file","sha256":"265da2a0e007548b2dd47a6bd1e96190348314f09151e7620802edb1091e533b","size":48625,"path":"media/images/AMZN Stock Price Prediction by iTransformer_8_265da2a0e007548b2dd4.png","format":"png"},"resid_train_loss":2.4130924314260485,"_runtime":15.036065874,"seasonal_2_train_loss":1.5623106716098982,"seasonal_0_valid_loss":0.18172577200728712,"predicted_seasonal_2_stock_price":19.432580947875977,"predicted_trend_stock_price":169.89608764648438,"predicted_seasonal_0_stock_price":-5.687322616577148,"real_seasonal_2_stock_price":16.307195141839433,"seasonal_2_valid_loss":0.3105694353580475,"rmse":47.743438720703125,"seasonal_3_train_loss":2.520616695478803,"predicted_seasonal_1_stock_price":1.31972074508667,"seasonal_1_train_loss":0.6116714784724323,"mse":2279.4359408775344,"real_seasonal_3_stock_price":9.210042698987007,"mae":47.743438720703125,"real_trend_stock_price":167.5354913342489,"dim":128,"seasonal_3_valid_loss":2.6804191883710713,"trend_valid_loss":0.023886227076325345,"real_resid_stock_price":30.052430487608945,"Runtime (seconds)":7.4709155559539795,"real_stock_price":218.94000244140625,"resid_valid_loss":2.7349193119233655,"periods":[252,504,756,1260],"trend_train_loss":0.18701579880854996,"seasonal_1_valid_loss":0.13381884574995073,"_step":9}