{"depth":4,"real_trend_stock_price":167.5354913342489,"real_seasonal_3_stock_price":9.210042698987007,"seasonal_2_valid_loss":0.5930032452632641,"predicted_seasonal_0_stock_price":-7.0259175300598145,"_wandb":{"runtime":9},"seasonal_1_valid_loss":1.1941915925447042,"trend_train_loss":0.39738315715189443,"real_stock_price":218.94000244140625,"predicted_seasonal_1_stock_price":1.4314366579055786,"AMZN Stock Price Prediction by iTransformer":{"format":"png","width":1000,"height":600,"_type":"image-file","sha256":"8940c6dedfe06aeb58896eceb8f5f53818797d68e911389b3149bcf0365566be","size":50989,"path":"media/images/AMZN Stock Price Prediction by iTransformer_8_8940c6dedfe06aeb5889.png"},"Runtime (seconds)":4.088624477386475,"seasonal_0_train_loss":0.21614474673523432,"real_seasonal_1_stock_price":2.721535027645758,"real_seasonal_0_stock_price":-6.886692248923765,"periods":[252,504,756,1260],"seasonal_0_valid_loss":0.24770556008535446,"predicted_seasonal_2_stock_price":7.323185443878174,"real_seasonal_2_stock_price":16.307195141839433,"resid_train_loss":0.7961801006680443,"seasonal_1_train_loss":1.2229584967680305,"seasonal_3_valid_loss":0.7163062989711761,"dim":128,"_runtime":9.154048628,"_step":9,"predicted_resid_stock_price":3.8464183807373047,"trend_valid_loss":0.054223597049713135,"mae":19.423934936523438,"seasonal_3_train_loss":0.7073096882155293,"predicted_seasonal_3_stock_price":15.395875930786133,"rmse":19.423934936523438,"real_resid_stock_price":30.052430487608945,"seasonal_2_train_loss":1.537172767189285,"mse":377.28924841829576,"_timestamp":1.7367353190686631e+09,"predicted_trend_stock_price":178.54507446289062,"resid_valid_loss":0.4263121182004274,"final_predicted_stock_price":199.5160675048828}