{"seasonal_0_train_loss":0.6210537703086388,"real_seasonal_0_stock_price":-6.886692248923765,"real_stock_price":218.94000244140625,"seasonal_3_valid_loss":0.4628953571895576,"_wandb":{"runtime":11},"resid_valid_loss":0.6061608202136348,"final_predicted_stock_price":124.12150573730469,"resid_train_loss":0.9032695813806629,"predicted_trend_stock_price":110.10014343261719,"_runtime":11.497821552,"predicted_seasonal_1_stock_price":-0.7747853398323059,"real_seasonal_3_stock_price":9.210042698987007,"trend_train_loss":0.4754302187546411,"predicted_seasonal_3_stock_price":16.728178024291992,"seasonal_1_train_loss":1.2453111233998075,"rmse":94.81849670410156,"_timestamp":1.7367330524341187e+09,"depth":4,"dim":128,"real_seasonal_1_stock_price":2.721535027645758,"real_trend_stock_price":167.5354913342489,"real_resid_stock_price":30.052430487608945,"seasonal_3_train_loss":1.2825008489211542,"Runtime (seconds)":5.378812551498413,"AMZN Stock Price Prediction by iTransformer":{"_type":"image-file","sha256":"418fba9bf774dca59f67467e503c8768d461863f8e98d31ff957281be741d39e","size":46567,"path":"media/images/AMZN Stock Price Prediction by iTransformer_8_418fba9bf774dca59f67.png","format":"png","width":1000,"height":600},"real_seasonal_2_stock_price":16.307195141839433,"mse":8990.547317225719,"predicted_resid_stock_price":2.6793127059936523,"seasonal_1_valid_loss":1.5450027692608717,"seasonal_2_valid_loss":2.343463177743711,"mae":94.81849670410156,"_step":9,"predicted_seasonal_2_stock_price":-4.183164119720459,"trend_valid_loss":0.5511187868942689,"predicted_seasonal_0_stock_price":-0.428177148103714,"seasonal_0_valid_loss":0.8293578299609098,"periods":[252,504,756,1260],"seasonal_2_train_loss":1.8116460105222536}