{"real_seasonal_0_stock_price":-6.886692248923765,"periods":[252,504,756,1260],"_timestamp":1.7367259223384583e+09,"_step":9,"trend_train_loss":0.4129954722158238,"real_seasonal_2_stock_price":16.307195141839433,"resid_train_loss":0.9674466220805278,"real_seasonal_3_stock_price":9.210042698987007,"rmse":110.086181640625,"predicted_seasonal_1_stock_price":1.8367822170257568,"seasonal_2_train_loss":0.2705311154838458,"depth":4,"seasonal_0_valid_loss":0.31415059938958667,"Runtime (seconds)":5.932278871536255,"AMZN Stock Price Prediction by iTransformer":{"format":"png","width":1000,"height":600,"_type":"image-file","sha256":"ef629d4b7dca24a0ceb13a5d9e5c279975d95e85640dc8e87e4e034a23b19749","size":46439,"path":"media/images/AMZN Stock Price Prediction by iTransformer_8_ef629d4b7dca24a0ceb1.png"},"seasonal_1_valid_loss":0.486868292093277,"mae":110.086181640625,"predicted_trend_stock_price":91.63946533203125,"_wandb":{"runtime":13},"real_seasonal_1_stock_price":2.721535027645758,"mse":12118.96738821268,"seasonal_3_train_loss":0.9991081936835008,"predicted_seasonal_0_stock_price":-7.318263530731201,"trend_valid_loss":1.2734068245743986,"predicted_seasonal_2_stock_price":8.77509593963623,"resid_valid_loss":0.7633681143218481,"predicted_seasonal_3_stock_price":10.241606712341309,"seasonal_1_train_loss":0.5548537971721876,"seasonal_3_valid_loss":0.8694341227631358,"_runtime":13.482147238,"seasonal_2_valid_loss":0.22103700041770935,"real_trend_stock_price":167.5354913342489,"real_resid_stock_price":30.052430487608945,"real_stock_price":218.94000244140625,"final_predicted_stock_price":108.85382080078125,"dim":128,"predicted_resid_stock_price":3.679131507873535,"seasonal_0_train_loss":0.2578130110291143}