{"predicted_seasonal_0_stock_price":-3.309976100921631,"mae":127.34402465820312,"seasonal_3_valid_loss":0.548811120291551,"_runtime":9.141748329,"resid_valid_loss":0.6961061917107924,"rmse":127.34402465820312,"predicted_seasonal_1_stock_price":0.2216591089963913,"real_seasonal_2_stock_price":16.307195141839433,"seasonal_1_train_loss":1.2468960539009777,"seasonal_1_valid_loss":1.1108146050339944,"real_seasonal_1_stock_price":2.721535027645758,"depth":4,"trend_valid_loss":3.814614574180162,"predicted_trend_stock_price":57.158935546875,"real_trend_stock_price":167.5354913342489,"predicted_seasonal_2_stock_price":13.075133323669434,"seasonal_3_train_loss":0.8111359733949809,"seasonal_2_valid_loss":0.1488326282387764,"final_predicted_stock_price":91.59597778320312,"trend_train_loss":1.8449603256500917,"predicted_seasonal_3_stock_price":7.838016510009766,"resid_train_loss":1.2576044457370432,"seasonal_0_valid_loss":0.189034104347229,"predicted_resid_stock_price":16.612213134765625,"_timestamp":1.7367328681636145e+09,"periods":[252,504,756,1260],"mse":16216.500616149046,"AMZN Stock Price Prediction by iTransformer":{"_type":"image-file","sha256":"5511f061e0516a2c266d5adece9eb29e39f07382451a78f4aa6b418dae7e9cae","size":46678,"path":"media/images/AMZN Stock Price Prediction by iTransformer_8_5511f061e0516a2c266d.png","format":"png","width":1000,"height":600},"_wandb":{"runtime":9},"seasonal_0_train_loss":0.4963721381137339,"_step":9,"Runtime (seconds)":4.0819411277771,"real_seasonal_3_stock_price":9.210042698987007,"dim":128,"seasonal_2_train_loss":0.2533082356282943,"real_resid_stock_price":30.052430487608945,"real_stock_price":218.94000244140625,"real_seasonal_0_stock_price":-6.886692248923765}