{"trend_valid_loss":0.020363537594676018,"seasonal_3_valid_loss":0.03312633271288194,"Runtime (seconds)":2485.847494363785,"resid_valid_loss":0.02192090020015918,"trend_train_loss":0.020615332456392483,"mse":52.125993948662654,"real_stock_price":237.3300018310547,"AAPL Stock Price Prediction by iTransformer":{"_type":"image-file","sha256":"59b2ab15e969e9406de96851d7b72f466039b3498facb4fa52df24aa43b1f03f","size":48315,"path":"media/images/AAPL Stock Price Prediction by iTransformer_1578_59b2ab15e969e9406de9.png","format":"png","width":1000,"height":600},"real_seasonal_1_stock_price":0.8952692547055623,"seasonal_0_train_loss":0.04674563052403202,"predicted_seasonal_3_stock_price":1.0044350624084473,"real_seasonal_0_stock_price":-0.23835784390268722,"seasonal_2_valid_loss":0.03711191940013892,"seasonal_0_valid_loss":0.015223867542138605,"_step":1579,"seasonal_1_train_loss":0.0736354705156155,"final_predicted_stock_price":230.11016845703125,"seasonal_1_valid_loss":0.038171102648786225,"_timestamp":1.736044924247288e+09,"predicted_seasonal_0_stock_price":1.3446192741394043,"_wandb":{"runtime":28562},"seasonal_2_train_loss":0.07228943026527869,"resid_train_loss":0.053670918645648984,"predicted_seasonal_1_stock_price":0.610094428062439,"_runtime":28562.501842994,"rmse":7.2198333740234375,"depth":4,"predicted_trend_stock_price":211.75173950195312,"real_resid_stock_price":10.5725205621263,"real_seasonal_3_stock_price":3.1916549242951664,"seasonal_3_train_loss":0.05762515230133776,"predicted_seasonal_2_stock_price":6.687817573547363,"mae":7.2198333740234375,"real_seasonal_2_stock_price":6.958663230001849,"dim":128,"predicted_resid_stock_price":8.711448669433594,"real_trend_stock_price":215.95025170382846}