{"real_trend_stock_price":167.5354913342489,"real_seasonal_0_stock_price":-6.886692248923765,"real_stock_price":218.94000244140625,"seasonal_3_train_loss":0.6026913702904761,"predicted_seasonal_0_stock_price":-6.111866474151611,"predicted_seasonal_1_stock_price":5.231698513031006,"seasonal_3_valid_loss":0.25909313757272695,"resid_valid_loss":0.38520105653511943,"periods":[252,504,756,1260],"AMZN Stock Price Prediction by iTransformer":{"height":600,"_type":"image-file","sha256":"a514a6a0113b881bd609002db90792ecbb0e1b30d1add09ca6257f765839ba15","size":51143,"path":"media/images/AMZN Stock Price Prediction by iTransformer_8_a514a6a0113b881bd609.png","format":"png","width":1000},"mae":23.389739990234375,"trend_valid_loss":0.00224882241277753,"predicted_seasonal_2_stock_price":6.770875453948975,"_step":9,"_timestamp":1.7367594977647614e+09,"seasonal_1_train_loss":0.6311753489869706,"real_resid_stock_price":30.052430487608945,"real_seasonal_3_stock_price":9.210042698987007,"seasonal_0_train_loss":0.44521529229600726,"rmse":23.389739990234375,"predicted_seasonal_3_stock_price":10.08994197845459,"seasonal_2_train_loss":2.5363963757196317,"Runtime (seconds)":8.683919668197632,"seasonal_1_valid_loss":0.5344718217584429,"_wandb":{"runtime":18},"trend_train_loss":0.22201591954669825,"resid_train_loss":0.5174553036391333,"real_seasonal_2_stock_price":16.307195141839433,"mse":547.0799368107691,"_runtime":18.034189672,"predicted_resid_stock_price":16.025096893310547,"seasonal_0_valid_loss":0.4260790814089295,"depth":4,"dim":128,"final_predicted_stock_price":195.55026245117188,"predicted_trend_stock_price":163.5445098876953,"seasonal_2_valid_loss":0.3349181115627289,"real_seasonal_1_stock_price":2.721535027645758}