{"trend_valid_loss":0.8916069538547442,"mse":17595.65654853359,"real_seasonal_2_stock_price":16.307195141839433,"seasonal_0_valid_loss":0.43206965923309326,"_wandb":{"runtime":13},"seasonal_3_valid_loss":1.1115303114968904,"seasonal_2_valid_loss":0.8397681170755679,"real_seasonal_0_stock_price":-6.886692248923765,"predicted_seasonal_3_stock_price":-0.7201325297355652,"real_seasonal_3_stock_price":9.210042698987007,"resid_valid_loss":1.811389778296985,"AMZN Stock Price Prediction by iTransformer":{"height":600,"_type":"image-file","sha256":"c71331bfde2491e0a56f4edc7373ab7f0d1807c32b67994d5142b1504043c1d9","size":47267,"path":"media/images/AMZN Stock Price Prediction by iTransformer_8_c71331bfde2491e0a56f.png","format":"png","width":1000},"real_trend_stock_price":167.5354913342489,"seasonal_2_train_loss":0.6656707192508919,"seasonal_0_train_loss":0.6380577148488517,"seasonal_1_valid_loss":0.3961626193462274,"real_seasonal_1_stock_price":2.721535027645758,"_runtime":13.317715552,"real_resid_stock_price":30.052430487608945,"trend_train_loss":0.32380031346601845,"final_predicted_stock_price":86.2913818359375,"_timestamp":1.7367497110571985e+09,"resid_train_loss":2.146507922553778,"predicted_seasonal_0_stock_price":-4.564244270324707,"predicted_trend_stock_price":100.0206069946289,"depth":4,"rmse":132.64862060546875,"dim":128,"periods":[252,504,756,1260],"mae":132.64862060546875,"real_stock_price":218.94000244140625,"predicted_resid_stock_price":-12.308234214782715,"_step":9,"Runtime (seconds)":6.475984811782837,"predicted_seasonal_1_stock_price":1.7076808214187622,"seasonal_1_train_loss":0.9852655820950097,"seasonal_3_train_loss":1.1798171124734331,"predicted_seasonal_2_stock_price":2.1557068824768066}