{"AMZN Stock Price Prediction by iTransformer":{"_type":"image-file","sha256":"f81f328880854a1efae3a6e17a67f1dfe22419a76134f752f4f9b40fc9e6d218","size":47047,"path":"media/images/AMZN Stock Price Prediction by iTransformer_8_f81f328880854a1efae3.png","format":"png","width":1000,"height":600},"dim":128,"real_resid_stock_price":30.052430487608945,"seasonal_0_train_loss":0.7771902192451533,"_runtime":17.538058392,"seasonal_0_valid_loss":0.08269792693372098,"predicted_resid_stock_price":-10.462897300720215,"mae":150.78787231445312,"real_stock_price":218.94000244140625,"trend_valid_loss":3.2335343367164064,"seasonal_1_train_loss":0.7860935004609827,"seasonal_2_train_loss":0.6472465619014177,"real_seasonal_2_stock_price":16.307195141839433,"resid_valid_loss":2.667017267193905,"seasonal_2_valid_loss":0.31980868628048625,"predicted_seasonal_2_stock_price":18.313888549804688,"real_seasonal_3_stock_price":9.210042698987007,"_timestamp":1.7367303744393585e+09,"trend_train_loss":1.4944298053915437,"_wandb":{"runtime":17},"periods":[252,504,756,1260],"predicted_seasonal_0_stock_price":-6.105659484863281,"real_seasonal_0_stock_price":-6.886692248923765,"predicted_trend_stock_price":55.3266716003418,"seasonal_3_valid_loss":0.038189670575472213,"resid_train_loss":1.7945097439855642,"predicted_seasonal_1_stock_price":0.011435970664024353,"rmse":150.78787231445312,"final_predicted_stock_price":68.15213012695312,"seasonal_1_valid_loss":0.7662504198078511,"Runtime (seconds)":8.608702898025513,"mse":22736.98243711982,"_step":9,"real_trend_stock_price":167.5354913342489,"depth":4,"predicted_seasonal_3_stock_price":11.068687438964844,"seasonal_3_train_loss":0.8283755871829473,"real_seasonal_1_stock_price":2.721535027645758}