{"_runtime":12.999166216999999,"resid_valid_loss":0.8415419459342957,"predicted_seasonal_0_stock_price":1.4928407669067383,"seasonal_2_valid_loss":0.9815359643062804,"predicted_trend_stock_price":105.50808715820312,"real_seasonal_2_stock_price":7.340471963070609,"real_trend_stock_price":221.2601122029404,"rmse":126.57752227783203,"resid_train_loss":0.44462512095185525,"real_seasonal_1_stock_price":-3.140676736167792,"dim":128,"real_stock_price":236.85000610351562,"seasonal_0_valid_loss":0.23453313227552566,"_wandb":{"runtime":12},"seasonal_3_train_loss":0.6734053705152607,"_timestamp":1.7367395814474714e+09,"seasonal_2_train_loss":0.9539923902377332,"mae":126.57752227783203,"final_predicted_stock_price":110.2724838256836,"real_seasonal_0_stock_price":-2.3363798261555355,"seasonal_1_valid_loss":1.3993112937382914,"Runtime (seconds)":5.647717237472534,"trend_train_loss":0.15468363227968096,"periods":[252,504,756,1260],"seasonal_1_train_loss":1.4382475100338323,"real_seasonal_3_stock_price":4.670787460850853,"predicted_seasonal_1_stock_price":0.6858413219451904,"AAPL Stock Price Prediction by iTransformer":{"_type":"image-file","sha256":"57b5a4193c32eb1a82dcb7cf579b1b31fbccb3dfe2eb2ada446d7bf30c742b65","size":47239,"path":"media/images/AAPL Stock Price Prediction by iTransformer_8_57b5a4193c32eb1a82dc.png","format":"png","width":1000,"height":600},"trend_valid_loss":1.4207327248078034,"real_resid_stock_price":9.055691038977102,"seasonal_0_train_loss":0.2171401628160051,"predicted_seasonal_2_stock_price":-0.08286714553833008,"depth":4,"predicted_resid_stock_price":3.664263963699341,"_step":9,"seasonal_3_valid_loss":0.4921843037087749,"predicted_seasonal_3_stock_price":-0.9956844449043274,"mse":16021.869145995064}