{"dim":128,"_step":9,"seasonal_3_train_loss":0.9102406951296637,"seasonal_2_valid_loss":0.15166820062776845,"seasonal_1_train_loss":0.37998965494464804,"rmse":131.68944549560547,"seasonal_3_valid_loss":0.3260155550052977,"predicted_seasonal_2_stock_price":4.64501953125,"predicted_resid_stock_price":2.569744825363159,"real_seasonal_3_stock_price":4.670781274559623,"seasonal_0_train_loss":1.5348714317143763,"real_resid_stock_price":9.05569458284657,"final_predicted_stock_price":105.16056060791016,"periods":[252,504,756,1260],"real_stock_price":236.85000610351562,"real_trend_stock_price":221.26011158830747,"resid_train_loss":0.7492604928698233,"Runtime (seconds)":5.552077293395996,"real_seasonal_1_stock_price":-3.1406775163226412,"mae":131.68944549560547,"predicted_trend_stock_price":96.60417938232422,"_runtime":11.587322213,"seasonal_2_train_loss":0.4357678695142398,"trend_train_loss":0.6543648280003456,"predicted_seasonal_0_stock_price":-0.19090285897254944,"predicted_seasonal_1_stock_price":-2.471719264984131,"_wandb":{"runtime":11},"seasonal_1_valid_loss":0.24830799545917212,"_timestamp":1.7367161017400131e+09,"trend_valid_loss":2.5454754219498743,"predicted_seasonal_3_stock_price":4.0042314529418945,"depth":4,"resid_valid_loss":0.9773666655713101,"AAPL Stock Price Prediction by iTransformer":{"sha256":"51f9fce21657f79292fb854675e3e9851186257cf3a4dae9ff86d059779337aa","size":47695,"path":"media/images/AAPL Stock Price Prediction by iTransformer_8_51f9fce21657f79292fb.png","format":"png","width":1000,"height":600,"_type":"image-file"},"mse":17342.110054940043,"real_seasonal_2_stock_price":7.3404736114708635,"seasonal_0_valid_loss":3.037273645401001,"real_seasonal_0_stock_price":-2.3363774373462527}