{"predicted_seasonal_2_stock_price":-5.659977436065674,"predicted_seasonal_0_stock_price":-6.125988960266113,"_step":9,"seasonal_2_train_loss":1.677001341019615,"predicted_seasonal_3_stock_price":3.4495465755462646,"trend_valid_loss":0.0006619216806332891,"seasonal_3_train_loss":0.6763763746493843,"periods":[252,504,756,1260],"real_seasonal_0_stock_price":-6.886692248923765,"mse":4033.2054246312473,"_runtime":12.176691284,"mae":63.50752258300781,"seasonal_0_valid_loss":0.35636333136686255,"predicted_trend_stock_price":165.01748657226562,"real_stock_price":218.94000244140625,"dim":128,"predicted_seasonal_1_stock_price":-0.9663445949554443,"seasonal_1_train_loss":0.9697958257434941,"real_seasonal_2_stock_price":16.307195141839433,"seasonal_0_train_loss":0.3324781636239766,"final_predicted_stock_price":155.43247985839844,"rmse":63.50752258300781,"real_resid_stock_price":30.052430487608945,"seasonal_3_valid_loss":0.5816500409959983,"predicted_resid_stock_price":-0.2822442054748535,"real_seasonal_3_stock_price":9.210042698987007,"resid_valid_loss":0.7043654858609851,"_timestamp":1.7367203184126673e+09,"seasonal_1_valid_loss":1.0780108651418365,"resid_train_loss":1.4856222451650372,"trend_train_loss":0.07558575955357136,"seasonal_2_valid_loss":1.8190300328010962,"real_seasonal_1_stock_price":2.721535027645758,"AMZN Stock Price Prediction by iTransformer":{"size":48422,"path":"media/images/AMZN Stock Price Prediction by iTransformer_8_f4ad81a4b34b7940fe94.png","format":"png","width":1000,"height":600,"_type":"image-file","sha256":"f4ad81a4b34b7940fe94c14bd62cb89b9cc5c51a007f4d09715d26e3dd7f5bbc"},"depth":4,"Runtime (seconds)":5.468615531921387,"_wandb":{"runtime":12},"real_trend_stock_price":167.5354913342489}