{"Train Loss": 0.016622314159372095, "Validation Loss": 0.02804411992610219, "_timestamp": 1727191603.2144794, "_runtime": 31.135414361953735, "_step": 101, "Apple Stock Price Prediction": {"_type": "image-file", "sha256": "e38f2e3fe83202cf6109532d4ff817a66b5719b86feb782267bc2c597ea9bce2", "size": 51846, "path": "media/images/Apple Stock Price Prediction_100_e38f2e3fe83202cf6109.png", "format": "png", "width": 1000, "height": 600}, "Runtime (seconds)": 27.172800540924072, "_wandb": {"runtime": 30}}