{"depth":4,"real_seasonal_0_stock_price":-2.33637650215759,"dim":128,"real_resid_stock_price":9.05569444714456,"real_seasonal_1_stock_price":-3.1406738570421036,"predicted_seasonal_3_stock_price":0.17177671194076538,"Runtime (seconds)":8.117080450057983,"predicted_seasonal_1_stock_price":-0.20368170738220215,"trend_train_loss":0.0641908864752195,"seasonal_2_train_loss":0.47297267216151173,"rmse":31.23822021484375,"real_seasonal_3_stock_price":4.670781104631558,"seasonal_2_valid_loss":0.1516421211116454,"predicted_trend_stock_price":208.58489990234375,"final_predicted_stock_price":205.61178588867188,"_wandb":{"runtime":17},"mae":31.23822021484375,"seasonal_3_valid_loss":0.28212279081344604,"seasonal_1_valid_loss":0.48476835974940546,"predicted_resid_stock_price":-9.774413108825684,"trend_valid_loss":0.014164767257170752,"resid_valid_loss":3.518844832895894,"mse":975.8264021910727,"_step":9,"seasonal_0_train_loss":1.0554887320362976,"seasonal_1_train_loss":0.8240472954280812,"seasonal_0_valid_loss":1.8273343817597416,"real_trend_stock_price":221.2601112901154,"_timestamp":1.7367196117439017e+09,"predicted_seasonal_2_stock_price":5.800665378570557,"resid_train_loss":0.5339043357043699,"AAPL Stock Price Prediction by iTransformer":{"sha256":"02b95a92faa9b21b06396ea074aeed342418fde4b09c4b0d34dbd83faa750628","size":48562,"path":"media/images/AAPL Stock Price Prediction by iTransformer_8_02b95a92faa9b21b0639.png","format":"png","width":1000,"height":600,"_type":"image-file"},"seasonal_3_train_loss":0.9593529120331723,"real_stock_price":236.85000610351562,"predicted_seasonal_0_stock_price":1.0325318574905396,"real_seasonal_2_stock_price":7.340469620823834,"periods":[252,504,756,1260],"_runtime":17.403586259}