{"_runtime":6452.377069734,"Runtime (seconds)":1098.6560702323914,"r2_score":NaN,"dim":128,"mae":1.8570404052734375,"BA Stock Price Prediction by iTransformer(no MSTL)":{"height":600,"_type":"image-file","sha256":"65ba904a50aafb7fe40572ae7cf3002e3b927fdd4fcee4382d759b1f8222b560","size":53497,"path":"media/images/BA Stock Price Prediction by iTransformer(no MSTL)_301_65ba904a50aafb7fe405.png","format":"png","width":1000},"mse":3.448599066818133,"_timestamp":1.738556960749761e+09,"real_stock_price":155,"valid_loss":0.024629590632040288,"predicted_stock_price":153.14295959472656,"_wandb":{"runtime":6452},"train_loss":0.014265781380349521,"rmse":1.8570404052734375,"_step":302,"depth":4}