{"predicted_trend_stock_price":210.61756896972656,"real_stock_price":236.85000610351562,"AAPL Stock Price Prediction by iTransformer":{"width":1000,"height":600,"_type":"image-file","sha256":"739528c534716625612d3bd770ab478b6e637399fc39c678ad329dc21fd5f962","size":48914,"path":"media/images/AAPL Stock Price Prediction by iTransformer_8_739528c534716625612d.png","format":"png"},"_wandb":{"runtime":10},"real_seasonal_1_stock_price":-3.140681846948407,"predicted_seasonal_0_stock_price":0.2111673802137375,"seasonal_2_valid_loss":1.7488949320651932,"predicted_seasonal_3_stock_price":-7.048900127410889,"seasonal_1_train_loss":0.939749952455936,"real_trend_stock_price":221.26011188614123,"real_resid_stock_price":9.055690833867232,"predicted_resid_stock_price":2.360257387161255,"real_seasonal_0_stock_price":-2.3363747977806435,"trend_valid_loss":0.016628502553794534,"real_seasonal_2_stock_price":7.340473004935868,"mse":1259.7982735189144,"_step":9,"seasonal_2_train_loss":1.4709282838303575,"seasonal_3_valid_loss":1.4988283093770345,"predicted_seasonal_1_stock_price":-1.8193495273590088,"depth":4,"mae":35.49363708496094,"rmse":35.49363708496094,"Runtime (seconds)":5.172107458114624,"seasonal_3_train_loss":1.54069914378988,"seasonal_0_train_loss":1.0011863669818688,"_runtime":10.961445335,"trend_train_loss":0.2801180681277411,"_timestamp":1.7367270558233407e+09,"real_seasonal_3_stock_price":4.670787023300353,"seasonal_1_valid_loss":0.4407711923122406,"dim":128,"resid_train_loss":0.5691685641811086,"resid_valid_loss":1.4650311368816304,"predicted_seasonal_2_stock_price":-2.964365243911743,"periods":[252,504,756,1260],"final_predicted_stock_price":201.3563690185547,"seasonal_0_valid_loss":1.6277732385529413}