{"depth":4,"resid_valid_loss":0.37760424549745414,"seasonal_3_valid_loss":1.5807144909771413,"predicted_resid_stock_price":9.658321380615234,"predicted_seasonal_1_stock_price":-0.41827523708343506,"real_trend_stock_price":167.5354913342489,"seasonal_2_valid_loss":2.262814998626709,"predicted_seasonal_3_stock_price":-5.284206390380859,"real_resid_stock_price":30.052430487608945,"seasonal_1_valid_loss":1.6083164499086493,"seasonal_0_valid_loss":0.3068057790722536,"rmse":90.59724426269531,"real_seasonal_2_stock_price":16.307195141839433,"seasonal_2_train_loss":2.118334682177234,"predicted_trend_stock_price":131.9183807373047,"trend_train_loss":0.13592946341366702,"real_seasonal_0_stock_price":-6.886692248923765,"Runtime (seconds)":4.744035720825195,"real_stock_price":218.94000244140625,"mse":8207.860667994479,"periods":[252,504,756,1260],"predicted_seasonal_0_stock_price":-4.044315814971924,"_wandb":{"runtime":8},"seasonal_0_train_loss":0.2583996399693245,"real_seasonal_1_stock_price":2.721535027645758,"dim":128,"seasonal_3_train_loss":1.4051557189767372,"trend_valid_loss":0.21228501292325652,"real_seasonal_3_stock_price":9.210042698987007,"_runtime":8.762291622,"_timestamp":1.736731152914655e+09,"_step":9,"mae":90.59724426269531,"predicted_seasonal_2_stock_price":-3.4871420860290527,"final_predicted_stock_price":128.34275817871094,"seasonal_1_train_loss":1.6672641474930818,"resid_train_loss":1.4398923103741352,"AMZN Stock Price Prediction by iTransformer":{"height":600,"_type":"image-file","sha256":"6d8fab955d7146500634fbfd45f23da580d9e3a1b032347f3203750f83bfa4fd","size":45901,"path":"media/images/AMZN Stock Price Prediction by iTransformer_8_6d8fab955d7146500634.png","format":"png","width":1000}}