{"dim":128,"Runtime (seconds)":379.1103813648224,"_wandb":{"runtime":6233},"mae":4.3807525634765625,"valid_loss":0.03829881991889026,"depth":4,"real_stock_price":192.69000244140625,"_step":302,"predicted_stock_price":188.3092498779297,"train_loss":0.03506871583583641,"_runtime":6233.187410436,"rmse":4.3807525634765625,"GOOG Stock Price Prediction by iTransformer(no MSTL)":{"width":1000,"height":600,"_type":"image-file","sha256":"0e47256ca4f4aec979cda8870fc005019f3b7ba99d9738db4ae30a1dab9bbcbc","size":57436,"path":"media/images/GOOG Stock Price Prediction by iTransformer(no MSTL)_301_0e47256ca4f4aec979cd.png","format":"png"},"r2_score":NaN,"mse":19.190993022406474,"_timestamp":1.7387605734996464e+09}