{"seasonal_3_train_loss":0.8137404766948645,"seasonal_1_train_loss":1.0127998255830997,"seasonal_0_valid_loss":1.1168268897050728,"Runtime (seconds)":6.400192022323608,"real_seasonal_0_stock_price":-2.3363783216498564,"_step":9,"seasonal_3_valid_loss":0.29502673793483425,"seasonal_0_train_loss":0.4856464330330811,"dim":128,"real_seasonal_3_stock_price":4.670783894886939,"predicted_seasonal_0_stock_price":-0.09948258101940155,"_wandb":{"runtime":12},"trend_train_loss":0.49222679834222743,"real_stock_price":236.85000610351562,"real_seasonal_1_stock_price":-3.1406755925611733,"predicted_seasonal_2_stock_price":7.35736608505249,"seasonal_2_train_loss":1.9881857569868628,"AAPL Stock Price Prediction by iTransformer":{"sha256":"2a907589838616d9eb25da51ebbc5808084e9684be94952a66289171030f15e6","size":47330,"path":"media/images/AAPL Stock Price Prediction by iTransformer_8_2a907589838616d9eb25.png","format":"png","width":1000,"height":600,"_type":"image-file"},"depth":4,"predicted_resid_stock_price":1.3329823017120361,"predicted_seasonal_3_stock_price":4.360414505004883,"predicted_trend_stock_price":108.57121276855469,"_runtime":12.313081077,"seasonal_2_valid_loss":0.06240271404385567,"real_resid_stock_price":9.055693623637893,"mse":13551.008302506292,"final_predicted_stock_price":120.44120788574219,"trend_valid_loss":1.5331240083755362,"periods":[252,504,756,1260],"_timestamp":1.7367543199645686e+09,"rmse":116.40879821777344,"real_trend_stock_price":221.26011244298195,"predicted_seasonal_1_stock_price":-1.0812896490097046,"resid_train_loss":0.8067497581867,"mae":116.40879821777344,"seasonal_1_valid_loss":0.4973217823585212,"resid_valid_loss":1.4567243560912118,"real_seasonal_2_stock_price":7.340470056219861}