{"_step":9,"seasonal_3_train_loss":2.761818555974614,"seasonal_2_train_loss":0.9196611193901657,"AAPL Stock Price Prediction by iTransformer":{"path":"media/images/AAPL Stock Price Prediction by iTransformer_8_fbd7cacb9719514e1210.png","format":"png","width":1000,"height":600,"_type":"image-file","sha256":"fbd7cacb9719514e121086f929fdace737207a033faa23b7f97ba5a3292ac31c","size":46556},"real_seasonal_0_stock_price":-2.336379368489972,"dim":128,"predicted_seasonal_3_stock_price":-3.3197429180145264,"seasonal_3_valid_loss":1.9351600801322464,"predicted_resid_stock_price":-4.451288223266602,"periods":[252,504,756,1260],"predicted_seasonal_0_stock_price":-0.14394554495811462,"seasonal_2_valid_loss":0.5067216771136787,"predicted_seasonal_1_stock_price":-0.17615550756454468,"_runtime":18.256762277,"_wandb":{"runtime":18},"real_resid_stock_price":9.055691822226152,"seasonal_0_train_loss":0.33252187285103896,"real_seasonal_1_stock_price":-3.140675149401093,"mae":85.541259765625,"mse":7317.307122290134,"seasonal_1_valid_loss":0.7993879463826938,"resid_train_loss":1.4758183655627792,"real_stock_price":236.85000610351562,"depth":4,"Runtime (seconds)":8.028604984283447,"_timestamp":1.7367357391330388e+09,"trend_train_loss":0.8739818893542344,"real_seasonal_2_stock_price":7.340470648240429,"trend_valid_loss":0.39782590914635635,"final_predicted_stock_price":151.30874633789062,"predicted_seasonal_2_stock_price":1.229926347732544,"seasonal_1_train_loss":0.8609315576414981,"predicted_trend_stock_price":158.16998291015625,"real_seasonal_3_stock_price":4.670785984070695,"resid_valid_loss":1.590988079251396,"seasonal_0_valid_loss":1.2501926660958582,"rmse":85.541259765625,"real_trend_stock_price":221.2601121668694}