{"Runtime (seconds)":5.50160026550293,"trend_train_loss":0.7281683006726071,"_step":9,"real_seasonal_3_stock_price":9.210042698987007,"predicted_resid_stock_price":-6.056617736816406,"seasonal_3_valid_loss":0.27106351659537475,"periods":[252,504,756,1260],"_timestamp":1.7367514701026988e+09,"resid_train_loss":2.277496961519616,"real_resid_stock_price":30.052430487608945,"seasonal_3_train_loss":0.4313194385189333,"dim":128,"trend_valid_loss":1.8221155652545746,"seasonal_2_train_loss":1.0729302788504809,"seasonal_0_train_loss":1.9701463486410933,"rmse":104.75564575195312,"mae":104.75564575195312,"depth":4,"_wandb":{"runtime":11},"predicted_seasonal_1_stock_price":4.060900688171387,"AMZN Stock Price Prediction by iTransformer":{"size":46321,"path":"media/images/AMZN Stock Price Prediction by iTransformer_8_06984314a009eb69a007.png","format":"png","width":1000,"height":600,"_type":"image-file","sha256":"06984314a009eb69a007cc608ab01db294776c1d4a7bce139ccbc86ae6e34367"},"real_stock_price":218.94000244140625,"final_predicted_stock_price":114.18435668945312,"_runtime":11.766544888,"resid_valid_loss":1.9866037442674482,"seasonal_2_valid_loss":0.2774809679345528,"real_trend_stock_price":167.5354913342489,"predicted_trend_stock_price":89.51731872558594,"seasonal_1_valid_loss":0.13483266546337427,"predicted_seasonal_2_stock_price":13.713485717773438,"predicted_seasonal_3_stock_price":11.448895454406738,"seasonal_0_valid_loss":3.649301528930664,"mse":10973.745316908695,"real_seasonal_1_stock_price":2.721535027645758,"real_seasonal_2_stock_price":16.307195141839433,"seasonal_1_train_loss":0.4650200504524623,"real_seasonal_0_stock_price":-6.886692248923765,"predicted_seasonal_0_stock_price":1.5003761053085327}