{"mse":105.09534711041488,"real_seasonal_0_stock_price":-6.886692248923765,"seasonal_0_train_loss":0.48984810690651287,"seasonal_2_train_loss":0.4983431332121939,"resid_valid_loss":2.381960164239599,"seasonal_1_train_loss":1.234282225597559,"_runtime":12.876619105,"seasonal_3_valid_loss":0.24002451119852847,"AMZN Stock Price Prediction by iTransformer":{"path":"media/images/AMZN Stock Price Prediction by iTransformer_8_3844845e0ff2d9a8d652.png","format":"png","width":1000,"height":600,"_type":"image-file","sha256":"3844845e0ff2d9a8d65249890faecfca73f4ed117981bff4454ec2728dbe6bda","size":55670},"_wandb":{"runtime":12},"real_trend_stock_price":167.5354913342489,"_timestamp":1.7367445894529254e+09,"mae":10.251602172851562,"real_stock_price":218.94000244140625,"trend_train_loss":0.1987288084355778,"rmse":10.251602172851562,"predicted_seasonal_3_stock_price":4.579198360443115,"predicted_seasonal_0_stock_price":-5.9276556968688965,"final_predicted_stock_price":208.6884002685547,"_step":9,"seasonal_0_valid_loss":0.48155750983800644,"Runtime (seconds)":6.431478023529053,"predicted_trend_stock_price":172.93222045898438,"real_seasonal_1_stock_price":2.721535027645758,"predicted_seasonal_2_stock_price":5.360294342041016,"trend_valid_loss":0.020738419145345688,"dim":128,"seasonal_1_valid_loss":1.0109895671786593,"predicted_seasonal_1_stock_price":2.4447286128997803,"real_resid_stock_price":30.052430487608945,"seasonal_3_train_loss":0.699447512924314,"periods":[252,504,756,1260],"seasonal_2_valid_loss":0.6640341053175371,"resid_train_loss":0.8217064114746101,"real_seasonal_2_stock_price":16.307195141839433,"real_seasonal_3_stock_price":9.210042698987007,"predicted_resid_stock_price":29.299625396728516,"depth":4}