{"_wandb":{"runtime":15603},"_runtime":15603.509563883,"mse":147.32364749908447,"_step":302,"AAPL Stock Price Prediction by Transformer(no MSTL)":{"format":"png","width":1000,"height":600,"_type":"image-file","sha256":"95f36c0449c18916ebb780ca1a860df547c775866409206777191ea602aff674","size":52479,"path":"media/images/AAPL Stock Price Prediction by Transformer(no MSTL)_301_95f36c0449c18916ebb7.png"},"mae":12.1376953125,"r2_score":NaN,"depth":4,"predicted_stock_price":230.51229858398438,"train_loss":0.05409232922934096,"rmse":12.1376953125,"real_stock_price":242.64999389648438,"valid_loss":0.06316335499286652,"dim":128,"Runtime (seconds)":1189.0499107837677,"_timestamp":1.7361502812265918e+09}