{"periods":[252,504,756,1260],"real_seasonal_1_stock_price":2.721535027645758,"seasonal_3_valid_loss":1.2340682785929615,"seasonal_3_train_loss":1.7504233014642885,"seasonal_1_valid_loss":1.2758525252342223,"real_stock_price":218.94000244140625,"_timestamp":1.7367126518109865e+09,"real_seasonal_2_stock_price":16.307195141839433,"predicted_seasonal_1_stock_price":-1.3364671468734741,"real_seasonal_0_stock_price":-6.886692248923765,"predicted_resid_stock_price":21.765026092529297,"predicted_seasonal_3_stock_price":-7.583332538604736,"seasonal_0_valid_loss":2.700522170347326,"Runtime (seconds)":5.7114598751068115,"real_trend_stock_price":167.5354913342489,"_wandb":{"runtime":11},"trend_train_loss":1.569158136009206,"real_resid_stock_price":30.052430487608945,"final_predicted_stock_price":65.98966979980469,"mae":152.95033264160156,"AMZN Stock Price Prediction by iTransformer":{"size":47390,"path":"media/images/AMZN Stock Price Prediction by iTransformer_8_aba3d9c5b76accd1109b.png","format":"png","width":1000,"height":600,"_type":"image-file","sha256":"aba3d9c5b76accd1109bb8889e5835bd305384287a1c675e171cafa2858a6f89"},"trend_valid_loss":3.068889670859101,"seasonal_2_train_loss":0.6904691922698428,"mse":23393.80425517657,"seasonal_2_valid_loss":3.0265882204879415,"depth":4,"predicted_seasonal_2_stock_price":-9.580227851867676,"resid_train_loss":0.4202794880959976,"dim":128,"seasonal_0_train_loss":1.7691264637585344,"real_seasonal_3_stock_price":9.210042698987007,"rmse":152.95033264160156,"_runtime":11.497612895,"resid_valid_loss":0.3448275625705719,"seasonal_1_train_loss":1.1188982915809587,"_step":9,"predicted_seasonal_0_stock_price":2.436608076095581,"predicted_trend_stock_price":60.288063049316406}