{"predicted_seasonal_1_stock_price":2.2560644149780273,"final_predicted_stock_price":155.2816925048828,"seasonal_0_train_loss":0.2853691449130016,"predicted_trend_stock_price":153.89239501953125,"predicted_resid_stock_price":-7.800030708312988,"predicted_seasonal_0_stock_price":-7.644923686981201,"mae":63.65830993652344,"real_seasonal_0_stock_price":-6.886692248923765,"depth":4,"predicted_seasonal_2_stock_price":3.0686936378479004,"_timestamp":1.7367500367965355e+09,"_wandb":{"runtime":13},"rmse":63.65830993652344,"real_seasonal_2_stock_price":16.307195141839433,"periods":[252,504,756,1260],"real_stock_price":218.94000244140625,"resid_train_loss":1.9401427986269648,"seasonal_1_train_loss":1.2183132836175896,"_step":9,"trend_train_loss":0.9991543201941162,"seasonal_3_valid_loss":0.3792526711237116,"real_seasonal_1_stock_price":2.721535027645758,"seasonal_3_train_loss":1.3580881775373381,"mse":4052.3804239744786,"seasonal_2_valid_loss":0.6695520281791687,"Runtime (seconds)":6.579730987548828,"dim":128,"predicted_seasonal_3_stock_price":11.509498596191406,"real_seasonal_3_stock_price":9.210042698987007,"real_trend_stock_price":167.5354913342489,"resid_valid_loss":2.186783084135015,"seasonal_2_train_loss":0.7533384698534136,"real_resid_stock_price":30.052430487608945,"seasonal_1_valid_loss":0.11747140437364578,"AMZN Stock Price Prediction by iTransformer":{"height":600,"_type":"image-file","sha256":"15fb9a670068fc69baf32b8101c69fefe1c56688245c4dc6e080e8148f47b9cb","size":48408,"path":"media/images/AMZN Stock Price Prediction by iTransformer_8_15fb9a670068fc69baf3.png","format":"png","width":1000},"_runtime":13.715219096,"trend_valid_loss":0.06476523620648518,"seasonal_0_valid_loss":0.27632002511375686}