{"seasonal_3_train_loss":0.5638641352612055,"real_trend_stock_price":167.5354913342489,"seasonal_1_train_loss":0.6140126644526741,"rmse":44.62919616699219,"_step":9,"trend_valid_loss":0.26145452373009875,"real_seasonal_3_stock_price":9.210042698987007,"predicted_resid_stock_price":12.004281997680664,"resid_train_loss":0.3965803331486061,"seasonal_2_valid_loss":0.15579646825790405,"Runtime (seconds)":8.26622462272644,"predicted_seasonal_0_stock_price":-1.469691276550293,"dim":128,"real_resid_stock_price":30.052430487608945,"seasonal_0_valid_loss":0.7735449192000599,"seasonal_2_train_loss":0.6426115569005262,"real_seasonal_0_stock_price":-6.886692248923765,"real_stock_price":218.94000244140625,"periods":[252,504,756,1260],"real_seasonal_2_stock_price":16.307195141839433,"final_predicted_stock_price":174.31080627441406,"seasonal_3_valid_loss":0.3142793646988434,"_timestamp":1.736722326528438e+09,"mse":1991.7651505118702,"AMZN Stock Price Prediction by iTransformer":{"width":1000,"height":600,"_type":"image-file","sha256":"d6b799610cdb9ece8d8fbd1f8ff2e2818d8ffbd93a6d41e83a1f705dd98016f7","size":48309,"path":"media/images/AMZN Stock Price Prediction by iTransformer_8_d6b799610cdb9ece8d8f.png","format":"png"},"seasonal_0_train_loss":0.576141942037967,"predicted_seasonal_1_stock_price":2.7098004817962646,"_runtime":18.382877867,"predicted_seasonal_3_stock_price":11.719879150390625,"_wandb":{"runtime":18},"real_seasonal_1_stock_price":2.721535027645758,"predicted_seasonal_2_stock_price":14.721077919006348,"trend_train_loss":0.2622718033495336,"predicted_trend_stock_price":134.62545776367188,"resid_valid_loss":0.4762988867040226,"mae":44.62919616699219,"depth":4,"seasonal_1_valid_loss":0.12558849644473688}