{"seasonal_1_valid_loss":1.6726377083883657,"_step":9,"mae":6.983978271484375,"predicted_seasonal_0_stock_price":0.19172227382659912,"real_seasonal_1_stock_price":-3.1406775564385607,"periods":[252,504,756,1260],"predicted_trend_stock_price":225.36753845214844,"Runtime (seconds)":5.24931788444519,"seasonal_3_valid_loss":0.2998921844889136,"predicted_seasonal_3_stock_price":4.806384086608887,"_runtime":12.138743456,"mse":48.77595249656588,"seasonal_1_train_loss":1.8258878479643565,"seasonal_3_train_loss":1.5095372564964922,"final_predicted_stock_price":229.86602783203125,"trend_valid_loss":0.011473671533167362,"predicted_seasonal_1_stock_price":1.2305971384048462,"resid_valid_loss":1.421454324021659,"AAPL Stock Price Prediction by iTransformer":{"format":"png","width":1000,"height":600,"_type":"image-file","sha256":"2db09f3a99ab338fb30c758a1e00f0e700f88e53dde2c328fc2d1577703d2541","size":50515,"path":"media/images/AAPL Stock Price Prediction by iTransformer_8_2db09f3a99ab338fb30c.png"},"real_seasonal_3_stock_price":4.670786411884199,"seasonal_2_train_loss":0.8462519746451503,"real_seasonal_0_stock_price":-2.336377000375689,"predicted_seasonal_2_stock_price":-0.9053128361701965,"dim":128,"real_trend_stock_price":221.2601121535724,"real_stock_price":236.85000610351562,"seasonal_2_valid_loss":0.9315993898862086,"trend_train_loss":0.5199844124000599,"depth":4,"_wandb":{"runtime":12},"rmse":6.983978271484375,"real_seasonal_2_stock_price":7.3404724513263115,"real_resid_stock_price":9.055689643546941,"_timestamp":1.7367531317758765e+09,"seasonal_0_train_loss":0.8697404018098963,"predicted_resid_stock_price":-0.8248909711837769,"seasonal_0_valid_loss":1.3183772083785799,"resid_train_loss":0.9908679329897722}