{"real_stock_price":218.94000244140625,"dim":128,"predicted_seasonal_1_stock_price":3.0096218585968018,"real_seasonal_0_stock_price":-6.886692248923765,"rmse":47.06878662109375,"final_predicted_stock_price":171.8712158203125,"seasonal_1_train_loss":0.627496827282746,"_wandb":{"runtime":9},"real_seasonal_2_stock_price":16.307195141839433,"resid_valid_loss":0.4982203550680855,"_step":9,"real_seasonal_3_stock_price":9.210042698987007,"resid_train_loss":0.542296641294701,"real_seasonal_1_stock_price":2.721535027645758,"depth":4,"predicted_trend_stock_price":165.95065307617188,"AMZN Stock Price Prediction by iTransformer":{"path":"media/images/AMZN Stock Price Prediction by iTransformer_8_fb7160ec4433aad813da.png","format":"png","width":1000,"height":600,"_type":"image-file","sha256":"fb7160ec4433aad813da90436b0c05a50ee1860280c6f16a0f195731cfae5191","size":48790},"trend_train_loss":0.3824038210992528,"seasonal_3_valid_loss":0.3809901969249869,"_timestamp":1.7367407909431667e+09,"predicted_seasonal_0_stock_price":-6.247738838195801,"real_trend_stock_price":167.5354913342489,"mae":47.06878662109375,"Runtime (seconds)":4.543803453445435,"predicted_seasonal_2_stock_price":4.597175121307373,"real_resid_stock_price":30.052430487608945,"seasonal_2_train_loss":1.7535151186400884,"periods":[252,504,756,1260],"seasonal_0_valid_loss":0.19269967671195265,"mse":2215.470673982054,"seasonal_0_train_loss":0.2631180585226029,"_runtime":9.897142228,"seasonal_2_valid_loss":1.2699189186096191,"seasonal_1_valid_loss":0.19567042146286528,"predicted_seasonal_3_stock_price":1.863649845123291,"trend_valid_loss":0.010835317330264677,"predicted_resid_stock_price":2.6978607177734375,"seasonal_3_train_loss":0.5777286959607382}