{"_step":9,"seasonal_0_valid_loss":4.731629278543016,"depth":4,"predicted_seasonal_0_stock_price":-3.3044545650482178,"real_trend_stock_price":221.26011134612543,"predicted_seasonal_1_stock_price":-2.3276374340057373,"seasonal_3_train_loss":1.9999248114892503,"final_predicted_stock_price":159.74078369140625,"periods":[252,504,756,1260],"real_seasonal_2_stock_price":7.3404718429709614,"trend_train_loss":0.1169951008567469,"_runtime":13.930878305,"Runtime (seconds)":5.463156461715698,"predicted_resid_stock_price":2.112377405166626,"real_resid_stock_price":9.055696317322372,"trend_valid_loss":0.5667635620240397,"AAPL Stock Price Prediction by iTransformer":{"sha256":"b3de8aabb758512adff3b8332f7ac63a8da883917cb118579e4688d5fbb6d157","size":46765,"path":"media/images/AAPL Stock Price Prediction by iTransformer_8_b3de8aabb758512adff3.png","format":"png","width":1000,"height":600,"_type":"image-file"},"seasonal_2_train_loss":0.6929663799930942,"real_seasonal_3_stock_price":4.6707812772725275,"real_seasonal_0_stock_price":-2.3363797216929885,"seasonal_1_valid_loss":0.20021680833336578,"seasonal_3_valid_loss":0.3535508855163115,"predicted_seasonal_3_stock_price":15.058669090270996,"resid_train_loss":0.7018010099182573,"seasonal_0_train_loss":3.0792520511608856,"predicted_trend_stock_price":140.43569946289062,"resid_valid_loss":0.8828611193195531,"real_seasonal_1_stock_price":-3.1406749584826543,"mse":5945.832181000151,"real_stock_price":236.85000610351562,"mae":77.10922241210938,"_timestamp":1.7367553461877737e+09,"rmse":77.10922241210938,"_wandb":{"runtime":13},"seasonal_2_valid_loss":0.29942127552471665,"predicted_seasonal_2_stock_price":7.766127586364746,"dim":128,"seasonal_1_train_loss":0.37878256410995004}