{"seasonal_1_valid_loss":0.03419269279546135,"trend_valid_loss":0.03171070988633131,"real_trend_stock_price":169.4429683090137,"predicted_resid_stock_price":0.2493463158607483,"_timestamp":1.7386816196070368e+09,"predicted_seasonal_0_stock_price":6.320699691772461,"depth":4,"_wandb":{"runtime":26316},"_step":1683,"Runtime (seconds)":2404.2228581905365,"real_seasonal_3_stock_price":-0.9069551075803537,"seasonal_0_valid_loss":0.03794326358361215,"seasonal_1_train_loss":0.062134171749136685,"seasonal_2_valid_loss":0.02859839862122119,"final_predicted_stock_price":170.52474975585938,"GOOG Stock Price Prediction by iTransformer VMD":{"path":"media/images/GOOG Stock Price Prediction by iTransformer VMD_1682_a2c28514c7734c8f1d5d.png","format":"png","width":1000,"height":600,"_type":"image-file","sha256":"a2c28514c7734c8f1d5d946f4f4d6a92603561dac8c2e16b21968acec1542336","size":54425},"real_seasonal_2_stock_price":-4.126037531849068,"real_seasonal_0_stock_price":6.320847597251695,"real_seasonal_1_stock_price":-0.7347283288384904,"resid_valid_loss":0.0527075419888046,"mse":17.16853964701295,"GOOG VMD Open":{"sha256":"a3a44437f1cf30e10b81e952ea40bc47f719d85c2154258f04b637002f2514dd","size":208953,"path":"media/images/GOOG VMD Open_1682_a3a44437f1cf30e10b81.png","format":"png","width":1200,"height":1200,"_type":"image-file"},"predicted_seasonal_1_stock_price":-0.24853570759296417,"resid_train_loss":0.02235418550387708,"dim":128,"predicted_seasonal_2_stock_price":-2.104879140853882,"predicted_seasonal_3_stock_price":0.8510934114456177,"seasonal_0_train_loss":0.07534469563409206,"real_stock_price":166.38125610351562,"seasonal_3_valid_loss":0.03615131086618954,"_runtime":26316.717934314,"seasonal_2_train_loss":0.04715445408136356,"real_resid_stock_price":0.06749308304731753,"rmse":4.14349365234375,"mae":4.14349365234375,"predicted_trend_stock_price":165.45703125,"GOOG VMD Adj Close":{"format":"png","width":1200,"height":1200,"_type":"image-file","sha256":"1fc1b3dafda67cecc5865929dcc7c7501740ee5258f905b4d28444b32ac37b9f","size":209516,"path":"media/images/GOOG VMD Adj Close_1682_1fc1b3dafda67cecc586.png"},"trend_train_loss":0.04430425362837942,"seasonal_3_train_loss":0.03617526532332527}