{"seasonal_2_valid_loss":1.6389617269103591,"seasonal_3_train_loss":0.8088829674971475,"depth":4,"predicted_seasonal_2_stock_price":-2.151900291442871,"dim":128,"real_seasonal_1_stock_price":-3.140678031713798,"real_seasonal_3_stock_price":4.670789092019385,"seasonal_3_valid_loss":1.0471474874489413,"seasonal_1_train_loss":0.3758835711883842,"real_resid_stock_price":9.055691159024803,"trend_valid_loss":6.573997424462598,"predicted_seasonal_1_stock_price":-2.977482795715332,"predicted_seasonal_3_stock_price":-0.7409645915031433,"trend_train_loss":2.794137430439634,"periods":[252,504,756,1260],"predicted_resid_stock_price":4.679980278015137,"final_predicted_stock_price":10.306367874145508,"resid_valid_loss":0.9326834291606755,"seasonal_0_valid_loss":0.1339362751056939,"seasonal_0_train_loss":0.3528690473030842,"real_seasonal_2_stock_price":7.340474802591526,"_wandb":{"runtime":14},"_step":9,"real_stock_price":236.85000610351562,"predicted_seasonal_0_stock_price":-0.23284116387367249,"Runtime (seconds)":6.963274955749512,"seasonal_1_valid_loss":0.2099991017669168,"resid_train_loss":0.8773382204873246,"real_seasonal_0_stock_price":-2.336382364082489,"real_trend_stock_price":221.2601114456762,"mae":226.54363822937012,"AAPL Stock Price Prediction by iTransformer":{"path":"media/images/AAPL Stock Price Prediction by iTransformer_8_2a9a096363e6db81b8cf.png","format":"png","width":1000,"height":600,"_type":"image-file","sha256":"2a9a096363e6db81b8cf17568c6bd0d828f43964264a34ed2f7f2e3cf5ed25f3","size":44596},"_timestamp":1.7367548561960163e+09,"rmse":226.54363822937012,"mse":51322.02002219972,"_runtime":14.657548884,"seasonal_2_train_loss":1.440221015634028,"predicted_trend_stock_price":11.729576110839844}