{"depth":4,"seasonal_2_train_loss":0.3453461442887783,"_wandb":{"runtime":13},"seasonal_0_valid_loss":0.38334718687023095,"real_seasonal_0_stock_price":-6.886692248923765,"AMZN Stock Price Prediction by iTransformer":{"_type":"image-file","sha256":"83e19b4a91856c6fa5f818ceb7182500c3f68b7cd4c452263b21e260da5be1e3","size":46089,"path":"media/images/AMZN Stock Price Prediction by iTransformer_8_83e19b4a91856c6fa5f8.png","format":"png","width":1000,"height":600},"mae":80.45365905761719,"predicted_resid_stock_price":-5.638291835784912,"seasonal_1_valid_loss":0.9961382172270707,"_timestamp":1.7367568571555967e+09,"real_seasonal_1_stock_price":2.721535027645758,"real_seasonal_2_stock_price":16.307195141839433,"predicted_seasonal_1_stock_price":0.49612247943878174,"mse":6472.791255759308,"real_seasonal_3_stock_price":9.210042698987007,"resid_train_loss":2.0297864818358207,"seasonal_3_train_loss":0.5261261512879429,"real_resid_stock_price":30.052430487608945,"rmse":80.45365905761719,"seasonal_2_valid_loss":0.18788114666809066,"seasonal_3_valid_loss":0.19057918919831918,"seasonal_1_train_loss":1.2008290935501629,"dim":128,"final_predicted_stock_price":138.48634338378906,"predicted_seasonal_3_stock_price":13.202067375183105,"Runtime (seconds)":5.71903657913208,"resid_valid_loss":2.9118330478668213,"predicted_seasonal_0_stock_price":-9.326194763183594,"_runtime":13.085449592,"periods":[252,504,756,1260],"real_trend_stock_price":167.5354913342489,"predicted_trend_stock_price":131.36737060546875,"predicted_seasonal_2_stock_price":8.385262489318848,"trend_train_loss":0.6789897499369708,"real_stock_price":218.94000244140625,"trend_valid_loss":0.3486567782950469,"seasonal_0_train_loss":0.32124383363601655,"_step":9}