{"seasonal_0_valid_loss":1.4505714178085327,"final_predicted_stock_price":113.15617370605469,"predicted_seasonal_0_stock_price":1.9609403610229492,"_timestamp":1.7367227471245763e+09,"seasonal_1_valid_loss":0.3839970885051621,"dim":128,"mae":105.78382873535156,"seasonal_3_train_loss":1.3982878315070233,"real_seasonal_3_stock_price":9.210042698987007,"depth":4,"predicted_seasonal_2_stock_price":-5.046289920806885,"real_resid_stock_price":30.052430487608945,"_runtime":17.326810462,"mse":11190.218421910191,"real_stock_price":218.94000244140625,"seasonal_2_valid_loss":1.5211647132875419,"AMZN Stock Price Prediction by iTransformer":{"path":"media/images/AMZN Stock Price Prediction by iTransformer_8_91c8c04cdead08771be8.png","format":"png","width":1000,"height":600,"_type":"image-file","sha256":"91c8c04cdead08771be864b2dc80b988972d713a7fdbbed3628177159305314c","size":46287},"resid_valid_loss":2.051552963256836,"_wandb":{"runtime":17},"real_seasonal_1_stock_price":2.721535027645758,"periods":[252,504,756,1260],"Runtime (seconds)":9.071578741073608,"predicted_trend_stock_price":103.92659759521484,"real_trend_stock_price":167.5354913342489,"predicted_resid_stock_price":9.983389854431152,"real_seasonal_2_stock_price":16.307195141839433,"predicted_seasonal_1_stock_price":1.078083872795105,"resid_train_loss":1.9700850586633425,"trend_train_loss":0.8132454465349854,"rmse":105.78382873535156,"predicted_seasonal_3_stock_price":1.2534501552581787,"seasonal_1_train_loss":0.8597437158629098,"trend_valid_loss":1.4896418750286102,"seasonal_3_valid_loss":0.20368794173002244,"real_seasonal_0_stock_price":-6.886692248923765,"_step":9,"seasonal_2_train_loss":1.8475125129013688,"seasonal_0_train_loss":1.413720336982785}