{"depth":4,"resid_valid_loss":0.7611340545516282,"predicted_seasonal_2_stock_price":2.0261974334716797,"predicted_seasonal_3_stock_price":10.681072235107422,"seasonal_0_train_loss":1.1547217159657865,"seasonal_3_train_loss":0.4189815540699153,"real_seasonal_3_stock_price":4.67078146718149,"final_predicted_stock_price":126.06840515136719,"mae":110.78160095214844,"predicted_trend_stock_price":116.21656799316406,"_wandb":{"runtime":14},"real_seasonal_0_stock_price":-2.336378649894447,"predicted_resid_stock_price":-1.088605523109436,"mse":12272.563109521056,"trend_valid_loss":0.879227865704543,"seasonal_1_train_loss":0.872377508914435,"seasonal_2_train_loss":1.4208135318132786,"_runtime":14.830899671,"resid_train_loss":0.4491176296776551,"real_stock_price":236.85000610351562,"real_resid_stock_price":9.055694960826884,"trend_train_loss":0.034481981324244855,"Runtime (seconds)":6.667349576950073,"_step":9,"seasonal_2_valid_loss":0.8733746147824671,"predicted_seasonal_0_stock_price":-0.5142081379890442,"seasonal_1_valid_loss":0.9613097536974027,"_timestamp":1.736712172042429e+09,"periods":[252,504,756,1260],"rmse":110.78160095214844,"seasonal_0_valid_loss":1.483162605914479,"dim":128,"real_seasonal_1_stock_price":-3.1406776031609924,"seasonal_3_valid_loss":0.18065357712834185,"real_trend_stock_price":221.2601117027795,"real_seasonal_2_stock_price":7.340474225783174,"AAPL Stock Price Prediction by iTransformer":{"path":"media/images/AAPL Stock Price Prediction by iTransformer_8_67b5a25634e08c1e4b08.png","format":"png","width":1000,"height":600,"_type":"image-file","sha256":"67b5a25634e08c1e4b089436d2ff27c14b8c5dee004e5a2817dfdc15d130ba32","size":47346},"predicted_seasonal_1_stock_price":-1.2526259422302246}