{"AMZN Stock Price Prediction by iTransformer":{"width":1000,"height":600,"_type":"image-file","sha256":"982db2eaeb004bcebbf669695f3fbc80d91dced394241ac22eb3ae15ae5230fe","size":48495,"path":"media/images/AMZN Stock Price Prediction by iTransformer_8_982db2eaeb004bcebbf6.png","format":"png"},"seasonal_3_valid_loss":0.38618221040411943,"predicted_seasonal_0_stock_price":2.3822293281555176,"mse":3629.4888532310724,"real_seasonal_0_stock_price":-6.886692248923765,"_wandb":{"runtime":12},"predicted_resid_stock_price":-2.1834146976470947,"_step":9,"seasonal_0_train_loss":1.5333043366214045,"predicted_seasonal_1_stock_price":-1.2109816074371338,"predicted_seasonal_2_stock_price":11.057351112365723,"real_seasonal_3_stock_price":9.210042698987007,"real_seasonal_2_stock_price":16.307195141839433,"predicted_trend_stock_price":133.3496856689453,"mae":60.2452392578125,"Runtime (seconds)":6.119338035583496,"periods":[252,504,756,1260],"seasonal_2_train_loss":0.4864808776766812,"dim":128,"seasonal_0_valid_loss":1.534937837042313,"final_predicted_stock_price":158.69476318359375,"real_seasonal_1_stock_price":2.721535027645758,"predicted_seasonal_3_stock_price":15.299886703491211,"trend_train_loss":0.6025506826091468,"seasonal_2_valid_loss":0.12691009205270123,"_timestamp":1.7367147712585182e+09,"seasonal_1_valid_loss":2.2017627949526304,"seasonal_3_train_loss":0.4922739853937469,"rmse":60.2452392578125,"depth":4,"real_resid_stock_price":30.052430487608945,"seasonal_1_train_loss":2.202028648931583,"real_trend_stock_price":167.5354913342489,"trend_valid_loss":0.2956679627571654,"resid_valid_loss":0.9588949896274505,"real_stock_price":218.94000244140625,"resid_train_loss":1.1887862841262018,"_runtime":12.358481933}