{"seasonal_2_train_loss":0.1760700237525271,"seasonal_1_valid_loss":0.14609596123999674,"seasonal_1_train_loss":0.3564673753408844,"real_resid_stock_price":30.052430487608945,"dim":128,"mse":8238.922209950397,"real_seasonal_3_stock_price":9.210042698987007,"real_seasonal_1_stock_price":2.721535027645758,"_wandb":{"runtime":13},"trend_valid_loss":1.7700509815774066,"mae":90.76850891113281,"predicted_resid_stock_price":13.966361999511719,"seasonal_2_valid_loss":0.10287540760408673,"resid_valid_loss":0.5853874283020988,"predicted_seasonal_1_stock_price":2.440558671951294,"final_predicted_stock_price":128.17149353027344,"periods":[252,504,756,1260],"_step":9,"Runtime (seconds)":6.3438990116119385,"_timestamp":1.7367403386741576e+09,"seasonal_0_valid_loss":0.9793151764101103,"seasonal_0_train_loss":0.9492015936369965,"predicted_trend_stock_price":89.29118347167969,"real_seasonal_0_stock_price":-6.886692248923765,"predicted_seasonal_2_stock_price":13.394020080566406,"rmse":90.76850891113281,"AMZN Stock Price Prediction by iTransformer":{"width":1000,"height":600,"_type":"image-file","sha256":"12582da20e4567c517f9cb3d222a74ca56d6185e6450d82d66d9d908c1a9ef72","size":45936,"path":"media/images/AMZN Stock Price Prediction by iTransformer_8_12582da20e4567c517f9.png","format":"png"},"_runtime":13.199912967,"seasonal_3_valid_loss":0.2847433330003764,"trend_train_loss":0.9018513329937969,"real_stock_price":218.94000244140625,"resid_train_loss":0.6437830613835611,"predicted_seasonal_0_stock_price":-0.12769244611263275,"predicted_seasonal_3_stock_price":9.207060813903809,"depth":4,"seasonal_3_train_loss":0.5886947803501441,"real_trend_stock_price":167.5354913342489,"real_seasonal_2_stock_price":16.307195141839433}