{"real_stock_price":218.94000244140625,"seasonal_0_valid_loss":0.8905383083555434,"real_seasonal_3_stock_price":9.210042698987007,"_timestamp":1.7367346827478395e+09,"trend_train_loss":0.4249307755832376,"predicted_seasonal_3_stock_price":2.4901750087738037,"seasonal_1_valid_loss":0.18699604062966899,"resid_valid_loss":2.7024213108234107,"final_predicted_stock_price":190.94166564941406,"predicted_seasonal_1_stock_price":1.4226794242858887,"predicted_seasonal_2_stock_price":13.343217849731445,"real_seasonal_2_stock_price":16.307195141839433,"predicted_seasonal_0_stock_price":-1.0265979766845703,"Runtime (seconds)":5.0098443031311035,"_step":9,"depth":4,"seasonal_1_train_loss":0.49072563713964296,"_wandb":{"runtime":10},"predicted_resid_stock_price":27.50909423828125,"mse":783.9068631178234,"real_trend_stock_price":167.5354913342489,"seasonal_2_valid_loss":0.13997439105213208,"rmse":27.998336791992188,"mae":27.998336791992188,"seasonal_3_valid_loss":1.173437448295275,"predicted_trend_stock_price":147.20309448242188,"trend_valid_loss":0.11163942499107189,"resid_train_loss":1.4825034705182052,"real_seasonal_1_stock_price":2.721535027645758,"seasonal_0_train_loss":0.7090289295117945,"AMZN Stock Price Prediction by iTransformer":{"format":"png","width":1000,"height":600,"_type":"image-file","sha256":"fa10f63db282dfe6752484ec7801f1c059581b25f6d64094ae4b63cc5734ae8f","size":50805,"path":"media/images/AMZN Stock Price Prediction by iTransformer_8_fa10f63db282dfe67524.png"},"seasonal_3_train_loss":1.560549617334561,"real_seasonal_0_stock_price":-6.886692248923765,"seasonal_2_train_loss":0.45471027462014396,"dim":128,"_runtime":10.557392579,"real_resid_stock_price":30.052430487608945,"periods":[252,504,756,1260]}