{"predicted_seasonal_0_stock_price":1.1816285848617554,"_runtime":8.027812985,"seasonal_2_train_loss":0.537947920813705,"real_seasonal_1_stock_price":2.721535027645758,"real_seasonal_2_stock_price":16.307195141839433,"dim":128,"real_stock_price":218.94000244140625,"seasonal_1_train_loss":0.6323486736431214,"predicted_seasonal_2_stock_price":10.306082725524902,"predicted_seasonal_3_stock_price":-0.644538164138794,"resid_train_loss":1.6960181248607669,"seasonal_0_train_loss":1.271019912955113,"seasonal_0_valid_loss":1.2983482353022842,"final_predicted_stock_price":54.93659210205078,"real_seasonal_0_stock_price":-6.886692248923765,"AMZN Stock Price Prediction by iTransformer":{"height":600,"_type":"image-file","sha256":"38b274a17b123ddac317c1d4fe0d0b2397a85e3c9e48245fcc1bb43c71916917","size":46298,"path":"media/images/AMZN Stock Price Prediction by iTransformer_8_38b274a17b123ddac317.png","format":"png","width":1000},"resid_valid_loss":0.6170567424700453,"seasonal_1_valid_loss":0.28848948783289957,"seasonal_2_valid_loss":0.34463033455532865,"seasonal_3_train_loss":0.7249305952807965,"trend_train_loss":2.3492614881251677,"Runtime (seconds)":3.7594122886657715,"real_trend_stock_price":167.5354913342489,"mae":164.00341033935547,"predicted_trend_stock_price":39.75977325439453,"mse":26897.11860293901,"_step":9,"predicted_seasonal_1_stock_price":2.05126690864563,"_timestamp":1.7367079804580195e+09,"depth":4,"real_seasonal_3_stock_price":9.210042698987007,"real_resid_stock_price":30.052430487608945,"predicted_resid_stock_price":2.2823805809020996,"rmse":164.00341033935547,"_wandb":{"runtime":8},"periods":[252,504,756,1260],"trend_valid_loss":4.975333014860848,"seasonal_3_valid_loss":0.5508773613434571}