{"seasonal_1_valid_loss":0.23762161717299493,"periods":[252,504,756,1260],"real_stock_price":236.85000610351562,"mse":18281.48183447332,"real_trend_stock_price":221.26011130050026,"_wandb":{"runtime":16},"real_seasonal_2_stock_price":7.340469515175424,"seasonal_3_train_loss":0.7760036133138098,"real_seasonal_1_stock_price":-3.140673954249842,"real_seasonal_3_stock_price":4.670785215522609,"trend_train_loss":0.4271784728882536,"_step":9,"resid_valid_loss":1.128350789338106,"_timestamp":1.7367399005190167e+09,"predicted_resid_stock_price":-0.06374645233154297,"predicted_seasonal_1_stock_price":-3.465688467025757,"final_predicted_stock_price":101.64097595214844,"AAPL Stock Price Prediction by iTransformer":{"format":"png","width":1000,"height":600,"_type":"image-file","sha256":"d4f43dd3499086ad0a18395fdc763accb2af11326eb80a1b7728cc258edd552d","size":47615,"path":"media/images/AAPL Stock Price Prediction by iTransformer_8_d4f43dd3499086ad0a18.png"},"Runtime (seconds)":7.283597707748413,"predicted_seasonal_2_stock_price":6.204583644866943,"depth":4,"dim":128,"mae":135.2090301513672,"resid_train_loss":0.69317741585347,"predicted_seasonal_3_stock_price":14.277655601501465,"rmse":135.2090301513672,"seasonal_2_train_loss":0.5782333397405995,"seasonal_3_valid_loss":2.706922741748062,"predicted_seasonal_0_stock_price":0.9034118056297302,"trend_valid_loss":1.9710228095872928,"seasonal_0_train_loss":0.6350765664822542,"seasonal_1_train_loss":0.4293157864745905,"predicted_trend_stock_price":83.78475952148438,"seasonal_2_valid_loss":0.2311837149243201,"seasonal_0_valid_loss":0.20481173694133759,"_runtime":16.223697008,"real_seasonal_0_stock_price":-2.336380145246106,"real_resid_stock_price":9.055694171813286}