{"trend_train_loss":0.014734511200791318,"seasonal_1_valid_loss":0.041715779564750026,"_runtime":1859.561299309,"real_stock_price":120.58000183105469,"final_predicted_stock_price":111.34584394665036,"predicted_resid_stock_price":0.02838743476517447,"real_seasonal_0_stock_price":-5.22770118011505,"predicted_seasonal_0_stock_price":-3.420736692677236,"real_trend_stock_price":178.507064006856,"Runtime (seconds)":1855.8559999465942,"_step":1672,"seasonal_0_train_loss":0.05930937399411796,"real_resid_stock_price":1.5609830289956506,"seasonal_1_train_loss":0.00046299571952479484,"real_seasonal_2_stock_price":-42.71945914954211,"seasonal_2_train_loss":0.02886805349013728,"predicted_seasonal_2_stock_price":-47.935119891045346,"predicted_seasonal_3_stock_price":-25.013561836228384,"real_seasonal_1_stock_price":14.147208776957887,"seasonal_2_valid_loss":0.03497185930609703,"_wandb":{"runtime":1859},"trend_valid_loss":0.03391122817993164,"seasonal_3_valid_loss":0.03346618264913559,"resid_train_loss":0.06271717087014458,"predicted_trend_stock_price":175.40090251202093,"seasonal_0_valid_loss":0.05298946797847748,"seasonal_3_train_loss":0.04114174472600283,"real_seasonal_3_stock_price":-25.68809365209776,"AMZN Stock Price Prediction (STL)":{"sha256":"4ca3bb06be35fbb9430eec7d40b5d231ba72a9311a694ff10f6879b40b8c4242","size":54460,"path":"media/images/AMZN Stock Price Prediction (STL)_1671_4ca3bb06be35fbb9430e.png","format":"png","width":1000,"height":600,"_type":"image-file"},"predicted_seasonal_1_stock_price":12.285972419815181,"_timestamp":1.7339740157715867e+09,"resid_valid_loss":0.0493856131626192}