{"_timestamp":1.73420111994483e+09,"_runtime":1562.221944958,"_step":1,"trend_Train_Loss":0.02174935617240801,"trend_Valid_Loss":0.08047322268579521,"seasonal_0_Train_Loss":0.022315366094847792,"seasonal_0_Valid_Loss":0.07717076446495805,"_wandb":{"runtime":2206}}