{"real_trend_stock_price":221.260111868799,"real_seasonal_2_stock_price":7.340470954816782,"predicted_seasonal_0_stock_price":1.615555763244629,"_wandb":{"runtime":13},"real_resid_stock_price":9.055697057190855,"dim":128,"periods":[252,504,756,1260],"_timestamp":1.7367314459995162e+09,"seasonal_1_valid_loss":0.19067028349419252,"real_seasonal_0_stock_price":-2.3363900889386655,"final_predicted_stock_price":98.61474609375,"resid_train_loss":0.7159070332353205,"mse":19108.987109967507,"real_seasonal_3_stock_price":4.670790958636832,"predicted_seasonal_2_stock_price":6.0753254890441895,"_step":9,"real_stock_price":236.85000610351562,"seasonal_1_train_loss":0.3098014303146911,"seasonal_3_train_loss":1.5771584821834779,"predicted_resid_stock_price":-2.976430654525757,"predicted_seasonal_3_stock_price":0.9705473184585571,"Runtime (seconds)":6.47011137008667,"resid_valid_loss":1.5357894636453338,"seasonal_0_valid_loss":2.1363747764359875,"mae":138.23526000976562,"rmse":138.23526000976562,"depth":4,"AAPL Stock Price Prediction by iTransformer":{"width":1000,"height":600,"_type":"image-file","sha256":"c84455af13cc3825edec53471db64459ab7fb4c040a45e0b1b0e40299b02dc00","size":47601,"path":"media/images/AAPL Stock Price Prediction by iTransformer_8_c84455af13cc3825edec.png","format":"png"},"seasonal_0_train_loss":1.1714412083877659,"seasonal_2_train_loss":0.5546965342315352,"trend_valid_loss":1.4593751230414211,"real_seasonal_1_stock_price":-3.1406746469891926,"seasonal_3_valid_loss":0.6450164243216352,"trend_train_loss":0.8982275297947383,"predicted_seasonal_1_stock_price":-3.1772987842559814,"seasonal_2_valid_loss":0.15459484471701576,"predicted_trend_stock_price":96.10704803466797,"_runtime":13.838175067}