{"periods":[252,504,756,1260],"_step":9,"real_trend_stock_price":221.26011244149407,"seasonal_3_valid_loss":1.1177533233170225,"seasonal_1_train_loss":0.8905802531427868,"real_seasonal_3_stock_price":4.67078193577918,"seasonal_2_train_loss":0.4359592551024641,"_timestamp":1.7367562295102391e+09,"real_resid_stock_price":9.055696416638511,"mae":166.5779266357422,"seasonal_2_valid_loss":0.08951546087922892,"trend_valid_loss":3.4406712873582506,"mse":27748.205642262707,"rmse":166.5779266357422,"seasonal_1_valid_loss":0.8377563140176713,"real_seasonal_2_stock_price":7.340473348394139,"predicted_seasonal_1_stock_price":1.6182639598846436,"predicted_trend_stock_price":56.20487976074219,"predicted_seasonal_0_stock_price":1.7932734489440918,"predicted_seasonal_3_stock_price":4.8355183601379395,"AAPL Stock Price Prediction by iTransformer":{"sha256":"85b44901a0871a5af13361e8dd4f7ff02e261c5f9349275f9754841d8a6ed628","size":46320,"path":"media/images/AAPL Stock Price Prediction by iTransformer_8_85b44901a0871a5af133.png","format":"png","width":1000,"height":600,"_type":"image-file"},"_runtime":10.715941732,"seasonal_3_train_loss":1.3815679865549884,"real_seasonal_0_stock_price":-2.3363798258738497,"Runtime (seconds)":4.516021966934204,"dim":128,"seasonal_0_train_loss":0.3676523032298814,"real_seasonal_1_stock_price":-3.140678212916447,"trend_train_loss":1.111042604379536,"real_stock_price":236.85000610351562,"final_predicted_stock_price":70.27207946777344,"resid_train_loss":0.7894471200375721,"seasonal_0_valid_loss":0.28772873528131093,"predicted_resid_stock_price":-1.3590657711029053,"resid_valid_loss":0.9269726766520235,"depth":4,"_wandb":{"runtime":10},"predicted_seasonal_2_stock_price":7.17920446395874}