{"seasonal_0_train_loss":0.37340689349457584,"seasonal_1_valid_loss":0.06058253954673551,"dim":128,"predicted_seasonal_2_stock_price":-6.451251983642578,"real_stock_price":218.94000244140625,"depth":4,"mse":2966.0352639222983,"predicted_seasonal_0_stock_price":-6.065916061401367,"Runtime (seconds)":5.857905149459839,"trend_train_loss":0.15453782098145286,"periods":[252,504,756,1260],"predicted_seasonal_3_stock_price":9.960564613342285,"real_seasonal_1_stock_price":2.721535027645758,"predicted_seasonal_1_stock_price":3.148134231567383,"real_trend_stock_price":167.5354913342489,"real_seasonal_2_stock_price":16.307195141839433,"AMZN Stock Price Prediction by iTransformer":{"_type":"image-file","sha256":"179dc38a56795d7fe0c577f4e15ef7edbb3958b9fda2e8461432a7e8bc548c9d","size":48325,"path":"media/images/AMZN Stock Price Prediction by iTransformer_8_179dc38a56795d7fe0c5.png","format":"png","width":1000,"height":600},"predicted_trend_stock_price":145.11097717285156,"seasonal_0_valid_loss":0.22073238340836643,"_runtime":12.733809337,"seasonal_2_train_loss":2.414252859003728,"_step":9,"seasonal_3_train_loss":1.2045174753431733,"trend_valid_loss":0.06558951277272879,"real_resid_stock_price":30.052430487608945,"seasonal_1_train_loss":0.4377035612197963,"resid_valid_loss":0.3234397877679496,"rmse":54.46131896972656,"real_seasonal_3_stock_price":9.210042698987007,"seasonal_2_valid_loss":1.672352954963552,"real_seasonal_0_stock_price":-6.886692248923765,"predicted_resid_stock_price":18.776166915893555,"_timestamp":1.7367151448061697e+09,"seasonal_3_valid_loss":0.9189846939381274,"mae":54.46131896972656,"resid_train_loss":0.7631381740463039,"final_predicted_stock_price":164.4786834716797,"_wandb":{"runtime":12}}