{"seasonal_2_valid_loss":0.038141902899777744,"seasonal_0_valid_loss":0.04205175116658211,"seasonal_3_train_loss":0.057533200554321276,"real_resid_stock_price":10.57252131485177,"predicted_trend_stock_price":208.0071921169099,"_wandb":{"runtime":66436},"_runtime":66436.191026289,"seasonal_0_train_loss":0.07173040435541117,"real_seasonal_0_stock_price":-0.23836017370044266,"real_trend_stock_price":215.95025080918455,"predicted_resid_stock_price":8.202818409948428,"resid_valid_loss":0.030666106705402218,"_timestamp":1.7357262741787097e+09,"resid_train_loss":0.062272982628201135,"real_stock_price":237.3300018310547,"seasonal_1_valid_loss":0.032970865962631775,"real_seasonal_1_stock_price":0.8952671776607327,"Runtime (seconds)":5353.83552646637,"real_seasonal_3_stock_price":3.191657252706628,"real_seasonal_2_stock_price":6.958665450351454,"_step":1616,"trend_valid_loss":0.03312618506731846,"predicted_seasonal_2_stock_price":6.268173387292399,"final_predicted_stock_price":225.46823811002307,"AAPL Stock Price Prediction by iTransformer":{"format":"png","width":1000,"height":600,"_type":"image-file","sha256":"238b0b6e04d642f519674ccf93c927f94a6b153f05db3fed253d5fc20286d347","size":49824,"path":"media/images/AAPL Stock Price Prediction by iTransformer_1615_238b0b6e04d642f51967.png"},"seasonal_2_train_loss":0.07144496840032968,"seasonal_3_valid_loss":0.032292440533638,"seasonal_1_train_loss":0.06604873071565862,"trend_train_loss":0.04569091932984932,"predicted_seasonal_3_stock_price":0.6073467086140747,"predicted_seasonal_0_stock_price":1.507072630732171,"predicted_seasonal_1_stock_price":0.8756348565261027}