{"Runtime (seconds)":4.364069700241089,"seasonal_2_valid_loss":0.6686622262001037,"AAPL Stock Price Prediction by iTransformer":{"_type":"image-file","sha256":"72133aa37dd1e267cfce0a8c1292c1beb5cc40e86571abbb5b4e1d645f543505","size":46103,"path":"media/images/AAPL Stock Price Prediction by iTransformer_8_72133aa37dd1e267cfce.png","format":"png","width":1000,"height":600},"predicted_seasonal_2_stock_price":-0.6559466123580933,"trend_train_loss":0.8929701144679371,"trend_valid_loss":1.4534707314347568,"real_seasonal_0_stock_price":-2.3363857449955514,"depth":4,"resid_valid_loss":2.817238533044163,"dim":128,"real_seasonal_2_stock_price":7.340469919531806,"predicted_seasonal_1_stock_price":-0.5175342559814453,"seasonal_0_valid_loss":2.147021977910066,"periods":[252,504,756,1260],"predicted_seasonal_3_stock_price":-8.119268417358398,"real_seasonal_3_stock_price":4.6707820998071,"seasonal_1_valid_loss":1.1078287601026136,"mse":21334.8601269871,"real_seasonal_1_stock_price":-3.1406708275885777,"_step":9,"predicted_seasonal_0_stock_price":2.585622549057007,"resid_train_loss":2.8771211577376348,"rmse":146.0645751953125,"real_resid_stock_price":9.05569910715019,"seasonal_0_train_loss":1.096325404939085,"seasonal_3_train_loss":1.71081064931929,"real_trend_stock_price":221.26011154961063,"seasonal_1_train_loss":1.0231566056314199,"seasonal_2_train_loss":1.249417044494463,"predicted_trend_stock_price":103.1436767578125,"mae":146.0645751953125,"seasonal_3_valid_loss":2.2811306492979604,"_timestamp":1.7367236410084856e+09,"predicted_resid_stock_price":-5.651126861572266,"real_stock_price":236.85000610351562,"_wandb":{"runtime":8},"_runtime":8.773428095,"final_predicted_stock_price":90.78543090820312}