{"resid_train_loss":1.8301432750446116,"seasonal_3_valid_loss":0.2479255094487613,"real_seasonal_0_stock_price":-6.886692248923765,"predicted_resid_stock_price":12.084524154663086,"seasonal_1_valid_loss":1.1660619363235165,"predicted_seasonal_2_stock_price":-7.903448104858398,"predicted_trend_stock_price":72.54905700683594,"final_predicted_stock_price":86.47955322265625,"real_seasonal_1_stock_price":2.721535027645758,"real_stock_price":218.94000244140625,"depth":4,"_wandb":{"runtime":13},"rmse":132.46044921875,"seasonal_0_valid_loss":0.31303119057936796,"seasonal_0_train_loss":0.5466255585458827,"Runtime (seconds)":6.623739242553711,"real_resid_stock_price":30.052430487608945,"predicted_seasonal_3_stock_price":15.696113586425781,"predicted_seasonal_1_stock_price":-0.420341432094574,"periods":[252,504,756,1260],"seasonal_3_train_loss":0.4640596721302743,"seasonal_2_valid_loss":3.078966202698355,"_runtime":13.066563419,"resid_valid_loss":0.25255686823838674,"_step":9,"mse":17545.770607233047,"_timestamp":1.736752427696741e+09,"real_seasonal_2_stock_price":16.307195141839433,"predicted_seasonal_0_stock_price":-5.526349067687988,"real_seasonal_3_stock_price":9.210042698987007,"AMZN Stock Price Prediction by iTransformer":{"sha256":"86f1470c7b188b2e63d50ab72a849159ec10a9551c141a0f987c216da394f680","size":47213,"path":"media/images/AMZN Stock Price Prediction by iTransformer_8_86f1470c7b188b2e63d5.png","format":"png","width":1000,"height":600,"_type":"image-file"},"mae":132.46044921875,"seasonal_1_train_loss":1.0733890342244374,"real_trend_stock_price":167.5354913342489,"trend_valid_loss":2.5588329002489134,"dim":128,"trend_train_loss":1.1220005596907943,"seasonal_2_train_loss":2.6350411329368937}