{"real_seasonal_3_stock_price":6.8908374503075525,"seasonal_2_valid_loss":0.022292962025214986,"seasonal_0_valid_loss":0.04686085507273674,"mse":0.06474375264951959,"real_resid_stock_price":1.3993179221041032,"seasonal_0_train_loss":0.04358483197509766,"dim":128,"_step":1432,"final_predicted_stock_price":119.7155532836914,"_runtime":29652.027899725,"rmse":0.25444793701171875,"seasonal_1_train_loss":0.020295082865050062,"resid_train_loss":0.007752810321047841,"real_seasonal_1_stock_price":1.6575942875766905,"resid_valid_loss":0.033176880329847336,"predicted_seasonal_1_stock_price":1.6107004880905151,"_wandb":{"runtime":29652},"trend_valid_loss":0.02578487495581309,"predicted_seasonal_0_stock_price":0.8356177806854248,"predicted_seasonal_2_stock_price":0.11080599576234818,"periods":[252,504,756,1260],"predicted_trend_stock_price":109.63627624511719,"_timestamp":1.7386251460443168e+09,"real_trend_stock_price":110.16170160383548,"mae":0.25444793701171875,"real_stock_price":119.97000122070312,"predicted_seasonal_3_stock_price":5.739918231964111,"seasonal_1_valid_loss":0.025783712820460398,"Runtime (seconds)":2131.446815252304,"XOM Stock Price Prediction by iTransformer":{"_type":"image-file","sha256":"588f0366aa3c5f1c38b9d8d4a65ca208e5045f2249acb0d7bc4225d17ebc4454","size":61001,"path":"media/images/XOM Stock Price Prediction by iTransformer_1431_588f0366aa3c5f1c38b9.png","format":"png","width":1000,"height":600},"seasonal_2_train_loss":0.020845012882975834,"real_seasonal_0_stock_price":0.06723520099191757,"trend_train_loss":0.021949013426109904,"depth":4,"seasonal_3_valid_loss":0.07957264394739628,"seasonal_3_train_loss":0.033544736685899065,"real_seasonal_2_stock_price":-0.206685244112624,"predicted_resid_stock_price":1.782227873802185}