{"_step":9,"resid_valid_loss":0.7315804574527695,"predicted_seasonal_3_stock_price":3.836141347885132,"mse":13863.357462852786,"real_stock_price":236.85000610351562,"seasonal_2_train_loss":0.4898979118628095,"_wandb":{"runtime":11},"real_seasonal_0_stock_price":-2.336388935278273,"_runtime":11.573524054,"trend_train_loss":0.11177901519762343,"periods":[252,504,756,1260],"trend_valid_loss":1.1615088581170852,"seasonal_3_valid_loss":0.12448332077253768,"seasonal_3_train_loss":0.9896385662861598,"real_seasonal_3_stock_price":4.670787918443937,"rmse":117.74275970458984,"real_seasonal_2_stock_price":7.3404700210321066,"AAPL Stock Price Prediction by iTransformer":{"height":600,"_type":"image-file","sha256":"ad64b9724e280ec8820f4538acbc2fb3204ff6f548d78a4a5f9e30254c3b03e6","size":47359,"path":"media/images/AAPL Stock Price Prediction by iTransformer_8_ad64b9724e280ec8820f.png","format":"png","width":1000},"seasonal_0_train_loss":0.2335489669886147,"seasonal_2_valid_loss":0.2610769271850586,"final_predicted_stock_price":119.10724639892578,"dim":128,"_timestamp":1.7367165683020656e+09,"seasonal_0_valid_loss":0.7461974597716516,"real_trend_stock_price":221.26011189472513,"seasonal_1_train_loss":0.4180083583210885,"predicted_seasonal_1_stock_price":-1.9091359376907349,"predicted_trend_stock_price":104.82434844970703,"real_resid_stock_price":9.055696473149311,"depth":4,"real_seasonal_1_stock_price":-3.140671268556601,"predicted_resid_stock_price":4.470490455627441,"seasonal_1_valid_loss":0.33455968034212236,"resid_train_loss":1.238781713229324,"predicted_seasonal_0_stock_price":1.2824547290802002,"Runtime (seconds)":5.018540620803833,"predicted_seasonal_2_stock_price":6.602944374084473,"mae":117.74275970458984}