{"depth":4,"final_predicted_stock_price":99.36263275146484,"real_seasonal_1_stock_price":-0.9501561455426857,"real_stock_price":101.83999633789062,"mae":2.4773635864257812,"_timestamp":1.7384707295724835e+09,"trend_valid_loss":0.00036765762102336204,"periods":[252,504,756,1260],"seasonal_0_valid_loss":0.0032928750282278777,"seasonal_1_train_loss":0.006117333641260422,"_wandb":{"runtime":22107},"_runtime":22107.577782524,"seasonal_2_valid_loss":0.0005189156509004533,"real_resid_stock_price":-1.2969077423914968,"predicted_seasonal_1_stock_price":-1.8799182176589966,"real_seasonal_2_stock_price":1.0559536133517784,"real_seasonal_0_stock_price":4.978825360622129,"seasonal_3_train_loss":0.006964475064031356,"resid_train_loss":0.16354358029972563,"rmse":2.4773635864257812,"SBUX Stock Price Prediction by iTransformer":{"path":"media/images/SBUX Stock Price Prediction by iTransformer_1766_09ef603698ecb92f3a77.png","format":"png","width":1000,"height":600,"_type":"image-file","sha256":"09ef603698ecb92f3a776bc7a5648ff638e607687d2226e830823fafd4c6a868","size":57266},"seasonal_0_train_loss":0.0010620183713182436,"_step":1767,"Runtime (seconds)":1486.824142217636,"predicted_seasonal_0_stock_price":5.473299980163574,"predicted_seasonal_3_stock_price":-4.082956314086914,"real_trend_stock_price":101.98883969623888,"predicted_seasonal_2_stock_price":0.6003856658935547,"mse":6.137330339348409,"seasonal_3_valid_loss":0.005311990854857463,"predicted_resid_stock_price":-1.9368538856506348,"seasonal_2_train_loss":0.000664078077008944,"real_seasonal_3_stock_price":-3.9365584443879715,"seasonal_1_valid_loss":0.004589175805449486,"predicted_trend_stock_price":101.18867492675781,"trend_train_loss":2.1411707285520166e-05,"resid_valid_loss":0.06807614862918854,"dim":128}