{"_step":9,"predicted_resid_stock_price":11.000871658325195,"final_predicted_stock_price":176.8637237548828,"predicted_trend_stock_price":171.35479736328125,"seasonal_0_train_loss":0.35929086030856344,"seasonal_1_valid_loss":2.4909429771049147,"resid_train_loss":0.9149178423786606,"predicted_seasonal_1_stock_price":-1.9482618570327759,"seasonal_2_train_loss":0.6403452384051579,"predicted_seasonal_2_stock_price":9.398488998413086,"seasonal_0_valid_loss":0.3404631554250926,"AMZN Stock Price Prediction by iTransformer":{"size":48608,"path":"media/images/AMZN Stock Price Prediction by iTransformer_8_b339be3c3252ec641f57.png","format":"png","width":1000,"height":600,"_type":"image-file","sha256":"b339be3c3252ec641f574059221f0b97180f42bbc07e6d7a82896786fe2a55b9"},"real_seasonal_1_stock_price":2.721535027645758,"depth":4,"seasonal_2_valid_loss":0.22255725524347025,"mae":42.07627868652344,"real_stock_price":218.94000244140625,"mse":1770.4132281059865,"seasonal_3_valid_loss":1.1796815174771107,"rmse":42.07627868652344,"real_seasonal_0_stock_price":-6.886692248923765,"predicted_seasonal_3_stock_price":-5.395721912384033,"_wandb":{"runtime":14},"real_seasonal_2_stock_price":16.307195141839433,"_runtime":14.031168365,"seasonal_1_train_loss":2.2520771195124656,"Runtime (seconds)":6.633808374404907,"real_resid_stock_price":30.052430487608945,"trend_valid_loss":0.02781945669225284,"periods":[252,504,756,1260],"_timestamp":1.7367532095335586e+09,"predicted_seasonal_0_stock_price":-7.546449184417725,"seasonal_3_train_loss":1.3351200779801922,"real_seasonal_3_stock_price":9.210042698987007,"real_trend_stock_price":167.5354913342489,"trend_train_loss":0.4800282767912307,"resid_valid_loss":0.2459086358959956,"dim":128}