{"_timestamp":1.73675945430576e+09,"dim":128,"predicted_seasonal_1_stock_price":0.8732042908668518,"seasonal_3_valid_loss":0.48637025097130443,"seasonal_2_valid_loss":0.13183811771346654,"real_seasonal_2_stock_price":16.307195141839433,"trend_train_loss":0.5530174918487354,"mae":121.54829406738281,"real_resid_stock_price":30.052430487608945,"_wandb":{"runtime":16},"predicted_seasonal_2_stock_price":10.19676399230957,"rmse":121.54829406738281,"real_seasonal_1_stock_price":2.721535027645758,"resid_valid_loss":0.9187590841169434,"predicted_trend_stock_price":99.12300872802734,"seasonal_1_valid_loss":0.27378866798244417,"_step":9,"resid_train_loss":0.8805682746605195,"predicted_seasonal_3_stock_price":-2.240245819091797,"seasonal_1_train_loss":0.6907187867791632,"seasonal_0_train_loss":0.3410703522519967,"real_trend_stock_price":167.5354913342489,"seasonal_3_train_loss":0.8584801332458495,"Runtime (seconds)":8.211223125457764,"depth":4,"seasonal_2_train_loss":0.4556583417981764,"trend_valid_loss":1.4032369859626883,"predicted_seasonal_0_stock_price":-6.802574157714844,"mse":14773.987790690968,"_runtime":16.609479843,"predicted_resid_stock_price":-3.7584500312805176,"real_seasonal_0_stock_price":-6.886692248923765,"AMZN Stock Price Prediction by iTransformer":{"size":46744,"path":"media/images/AMZN Stock Price Prediction by iTransformer_8_ca576652073ebf46c41d.png","format":"png","width":1000,"height":600,"_type":"image-file","sha256":"ca576652073ebf46c41dd67b8c6ab6b25a6598d901d237d8ba6fc2b7bf3723bc"},"seasonal_0_valid_loss":0.392701119184494,"periods":[252,504,756,1260],"final_predicted_stock_price":97.39170837402344,"real_seasonal_3_stock_price":9.210042698987007,"real_stock_price":218.94000244140625}