{"rmse":175.8047981262207,"mse":30907.327044201214,"seasonal_0_train_loss":0.44664601780123603,"periods":[252,504,756,1260],"seasonal_1_train_loss":0.8093871308401162,"real_seasonal_1_stock_price":-3.1406779352352046,"real_seasonal_2_stock_price":7.340468421902182,"real_stock_price":236.85000610351562,"seasonal_2_valid_loss":1.4135252097043498,"real_trend_stock_price":221.2601113552764,"predicted_seasonal_0_stock_price":2.734127998352051,"Runtime (seconds)":5.346772909164429,"final_predicted_stock_price":61.04520797729492,"dim":128,"depth":4,"real_seasonal_0_stock_price":-2.336382090484185,"seasonal_2_train_loss":2.5484510011194295,"seasonal_0_valid_loss":0.4145038425922394,"predicted_resid_stock_price":5.942782402038574,"_step":9,"real_resid_stock_price":9.055697725212497,"_runtime":14.22823166,"resid_valid_loss":0.4222639003028608,"AAPL Stock Price Prediction by iTransformer":{"width":1000,"height":600,"_type":"image-file","sha256":"6b664298176e405a5a9232e679be69db4a9bf6d340796a8d8456a68c5e5f9a27","size":46218,"path":"media/images/AAPL Stock Price Prediction by iTransformer_8_6b664298176e405a5a92.png","format":"png"},"predicted_trend_stock_price":58.63127517700195,"trend_valid_loss":5.10215403319073,"_wandb":{"runtime":14},"_timestamp":1.7367581978198507e+09,"resid_train_loss":0.3291598807785164,"predicted_seasonal_3_stock_price":-1.486518144607544,"predicted_seasonal_1_stock_price":-3.4890952110290527,"trend_train_loss":1.6357047344416875,"seasonal_3_train_loss":1.4349367394341435,"seasonal_1_valid_loss":0.40153529308736324,"predicted_seasonal_2_stock_price":-1.2873646020889282,"real_seasonal_3_stock_price":4.670788626843939,"seasonal_3_valid_loss":0.9284006447138806,"mae":175.8047981262207}