{"_step":9,"AAPL Stock Price Prediction by iTransformer":{"format":"png","width":1000,"height":600,"_type":"image-file","sha256":"f73b32163b7d53060d9ddeca9b7d09a7c7510066035604718c0ff5f5bffa9642","size":46404,"path":"media/images/AAPL Stock Price Prediction by iTransformer_8_f73b32163b7d53060d9d.png"},"real_seasonal_1_stock_price":-3.1406778511164934,"resid_valid_loss":0.9233646505362504,"real_trend_stock_price":221.2601119261987,"seasonal_0_valid_loss":2.0812790761078435,"seasonal_2_train_loss":1.2050327660902491,"predicted_seasonal_0_stock_price":0.6933866739273071,"_runtime":9.921123082,"seasonal_1_train_loss":0.6269777675093502,"mse":25175.354831861565,"Runtime (seconds)":4.544855356216431,"predicted_resid_stock_price":1.447646141052246,"trend_train_loss":1.515714841609968,"predicted_seasonal_3_stock_price":3.2047810554504395,"seasonal_1_valid_loss":0.7464405733408812,"periods":[252,504,756,1260],"seasonal_2_valid_loss":0.43142657213740876,"seasonal_3_valid_loss":0.10509655624628067,"resid_train_loss":0.597778591225413,"rmse":158.6674346923828,"real_seasonal_0_stock_price":-2.3363823854121595,"real_stock_price":236.85000610351562,"mae":158.6674346923828,"final_predicted_stock_price":78.18257141113281,"seasonal_0_train_loss":0.9043655888392375,"seasonal_3_train_loss":1.2497209692850482,"predicted_seasonal_1_stock_price":-0.1673390418291092,"predicted_trend_stock_price":71.28717041015625,"depth":4,"real_resid_stock_price":9.055697304300423,"predicted_seasonal_2_stock_price":1.7169162034988403,"real_seasonal_3_stock_price":4.670786006704166,"real_seasonal_2_stock_price":7.340471102840993,"dim":128,"_timestamp":1.7367378406907554e+09,"trend_valid_loss":2.4835710974467404,"_wandb":{"runtime":9}}