{"real_seasonal_2_stock_price":15.775867638133533,"seasonal_0_train_loss":0.00010927331325056163,"depth":4,"seasonal_2_train_loss":0.0028219210903254093,"seasonal_2_valid_loss":0.003241926847975578,"periods":[252,504,756,1260],"rmse":10.641616821289062,"_runtime":25356.159290681,"trend_valid_loss":0.0009569305693730712,"predicted_seasonal_2_stock_price":15.494233131408691,"final_predicted_stock_price":195.098388671875,"real_resid_stock_price":25.260103639464035,"resid_valid_loss":0.031674056094051016,"_wandb":{"runtime":25356},"seasonal_1_valid_loss":0.0008335376874681002,"seasonal_3_valid_loss":0.0033163537736982107,"predicted_trend_stock_price":159.96444702148438,"predicted_seasonal_0_stock_price":-5.1342668533325195,"seasonal_1_train_loss":0.0001981320313901384,"real_trend_stock_price":161.68250464572677,"predicted_seasonal_3_stock_price":3.555084466934204,"real_seasonal_3_stock_price":4.086105894663399,"real_stock_price":205.74000549316406,"mae":10.641616821289062,"predicted_seasonal_1_stock_price":3.0429484844207764,"resid_train_loss":0.030073429176417015,"predicted_resid_stock_price":18.175928115844727,"seasonal_0_valid_loss":0.0002889295085333288,"seasonal_3_train_loss":0.006729030704734553,"_timestamp":1.736859455540472e+09,"AMZN Stock Price Prediction by iTransformer":{"width":1000,"height":600,"_type":"image-file","sha256":"7ee0ea96b9527b1cf1bb5f087bb8d189c5fa3abdf83486483cd5e2ed38b0981e","size":58907,"path":"media/images/AMZN Stock Price Prediction by iTransformer_1802_7ee0ea96b9527b1cf1bb.png","format":"png"},"real_seasonal_0_stock_price":-4.170146295776988,"mse":113.24400857114233,"Runtime (seconds)":2006.561553478241,"trend_train_loss":0.0004205764322445892,"real_seasonal_1_stock_price":3.1055699709532973,"_step":1803,"dim":128}