{"real_seasonal_2_stock_price":16.307195141839433,"AMZN Stock Price Prediction by iTransformer":{"height":600,"_type":"image-file","sha256":"5a61d96d111bfa8fe315594ebac2b06fa43c33d4474215fbd39412c0c2f03ff0","size":48117,"path":"media/images/AMZN Stock Price Prediction by iTransformer_8_5a61d96d111bfa8fe315.png","format":"png","width":1000},"real_resid_stock_price":30.052430487608945,"_runtime":27.98533905,"_step":9,"resid_train_loss":1.2764635845869516,"seasonal_1_train_loss":0.8689191297475082,"seasonal_0_train_loss":0.8961406620764845,"predicted_seasonal_2_stock_price":11.86359691619873,"real_seasonal_3_stock_price":9.210042698987007,"trend_train_loss":0.1974518409176828,"_timestamp":1.7367109206675544e+09,"rmse":54.90977478027344,"real_seasonal_0_stock_price":-6.886692248923765,"predicted_trend_stock_price":150.22703552246094,"Runtime (seconds)":14.078628063201904,"mae":54.90977478027344,"predicted_seasonal_1_stock_price":5.270581245422363,"dim":128,"seasonal_3_train_loss":0.7549429283069146,"seasonal_2_train_loss":0.5627488711068417,"real_stock_price":218.94000244140625,"predicted_seasonal_3_stock_price":4.577420711517334,"final_predicted_stock_price":164.0302276611328,"mse":3015.083366420353,"predicted_seasonal_0_stock_price":-3.47552227973938,"real_trend_stock_price":167.5354913342489,"_wandb":{"runtime":27},"predicted_resid_stock_price":-4.432892799377441,"seasonal_3_valid_loss":0.9157219663861075,"seasonal_1_valid_loss":0.3341141536223645,"real_seasonal_1_stock_price":2.721535027645758,"trend_valid_loss":0.039213674070122405,"seasonal_2_valid_loss":0.16040130937715788,"periods":[252,504,756,1260],"resid_valid_loss":1.6243533876381422,"depth":4,"seasonal_0_valid_loss":0.5087406720110769}