{"predicted_resid_stock_price":1.5620508193969727,"_runtime":13.556377517,"seasonal_1_valid_loss":1.040681941823645,"predicted_seasonal_2_stock_price":5.301455497741699,"real_seasonal_0_stock_price":-2.3363803094508913,"seasonal_3_train_loss":1.29801158452034,"_wandb":{"runtime":13},"mae":60.14794921875,"predicted_seasonal_1_stock_price":-0.9643089771270752,"AAPL Stock Price Prediction by iTransformer":{"height":600,"_type":"image-file","sha256":"8bd300fe735775d91246c2e47bd5a205d8cd62e6795c053183a70634408a687c","size":46342,"path":"media/images/AAPL Stock Price Prediction by iTransformer_8_8bd300fe735775d91246.png","format":"png","width":1000},"predicted_seasonal_3_stock_price":13.289628028869629,"trend_valid_loss":0.4490555886711393,"dim":128,"real_seasonal_2_stock_price":7.3404716076778405,"seasonal_0_valid_loss":0.6092160990778005,"trend_train_loss":0.056226674248272074,"resid_train_loss":0.7548909560245634,"depth":4,"final_predicted_stock_price":176.70205688476562,"predicted_seasonal_0_stock_price":-0.9232613444328308,"seasonal_2_valid_loss":0.24518639202121517,"real_seasonal_3_stock_price":4.670789046025952,"rmse":60.14794921875,"seasonal_3_valid_loss":0.23397264561869882,"mse":3617.7757952213287,"seasonal_0_train_loss":0.49947493667568893,"real_seasonal_1_stock_price":-3.1406759076009783,"_timestamp":1.7367304681254046e+09,"periods":[252,504,756,1260],"resid_valid_loss":0.8729932383131843,"real_stock_price":236.85000610351562,"predicted_trend_stock_price":158.43649291992188,"seasonal_1_train_loss":1.122745553381207,"Runtime (seconds)":5.77109432220459,"real_trend_stock_price":221.26011171679258,"real_resid_stock_price":9.055689950071127,"_step":9,"seasonal_2_train_loss":0.4723063931874579}