{"final_predicted_stock_price":130.20834350585938,"Runtime (seconds)":5.949645519256592,"real_seasonal_0_stock_price":-6.886692248923765,"real_seasonal_2_stock_price":16.307195141839433,"_wandb":{"runtime":12},"real_seasonal_1_stock_price":2.721535027645758,"real_resid_stock_price":30.052430487608945,"_timestamp":1.7367331256092584e+09,"seasonal_3_train_loss":0.6212067228859559,"seasonal_1_train_loss":0.7295008558833633,"depth":4,"_step":9,"mse":7873.307297454216,"resid_valid_loss":0.30819316105988187,"real_stock_price":218.94000244140625,"real_trend_stock_price":167.5354913342489,"trend_train_loss":0.34934489285884374,"seasonal_2_train_loss":1.8417006321089844,"predicted_seasonal_2_stock_price":9.338274002075195,"resid_train_loss":0.6014418857194395,"rmse":88.73165893554688,"predicted_seasonal_0_stock_price":-4.384257793426514,"periods":[252,504,756,1260],"dim":128,"predicted_seasonal_1_stock_price":3.055741310119629,"seasonal_0_valid_loss":0.3394486411012334,"real_seasonal_3_stock_price":9.210042698987007,"seasonal_0_train_loss":0.5537557208287328,"predicted_resid_stock_price":6.574740409851074,"predicted_trend_stock_price":106.56533813476562,"AMZN Stock Price Prediction by iTransformer":{"sha256":"82166d00ce1482fa6ab80baa67df935643e7bac6a190e8e13a0f0a7c9950c373","size":45828,"path":"media/images/AMZN Stock Price Prediction by iTransformer_8_82166d00ce1482fa6ab8.png","format":"png","width":1000,"height":600,"_type":"image-file"},"seasonal_1_valid_loss":0.6429299558786785,"_runtime":12.310775702,"predicted_seasonal_3_stock_price":9.05850887298584,"mae":88.73165893554688,"trend_valid_loss":0.9457687089920044,"seasonal_3_valid_loss":0.37008443411942277,"seasonal_2_valid_loss":0.5934218436022828}