{"seasonal_2_train_loss":1.4025773210197132,"seasonal_0_valid_loss":1.939164522097265,"rmse":108.69277954101562,"_runtime":10.335180342,"real_stock_price":236.85000610351562,"seasonal_1_train_loss":0.31405405479124665,"seasonal_3_valid_loss":0.8615103201886102,"predicted_seasonal_1_stock_price":-2.3524911403656006,"predicted_seasonal_3_stock_price":-3.643155574798584,"seasonal_3_train_loss":2.0263353828810073,"_step":9,"dim":128,"periods":[252,504,756,1260],"_wandb":{"runtime":10},"real_seasonal_1_stock_price":-3.1406728771087993,"AAPL Stock Price Prediction by iTransformer":{"path":"media/images/AAPL Stock Price Prediction by iTransformer_8_971d3871910afeef842e.png","format":"png","width":1000,"height":600,"_type":"image-file","sha256":"971d3871910afeef842e76946c6b5443ec9d7090307f5b0ae315d5e5184ae5db","size":46768},"seasonal_2_valid_loss":0.5060227277167773,"seasonal_0_train_loss":0.7356232326309391,"real_seasonal_3_stock_price":4.6707828202553525,"mse":11814.120324351825,"predicted_resid_stock_price":5.5244340896606445,"trend_train_loss":0.23122242301152446,"resid_train_loss":1.2579379687048853,"trend_valid_loss":1.4620088862876097,"predicted_seasonal_2_stock_price":9.156647682189941,"depth":4,"mae":108.69277954101562,"real_trend_stock_price":221.26011203291648,"final_predicted_stock_price":128.1572265625,"seasonal_1_valid_loss":0.18692103093014736,"real_resid_stock_price":9.05569083992961,"resid_valid_loss":2.2263542682360233,"real_seasonal_2_stock_price":7.340474015287952,"Runtime (seconds)":4.878803014755249,"predicted_seasonal_0_stock_price":0.38998353481292725,"_timestamp":1.7367189735658011e+09,"real_seasonal_0_stock_price":-2.3363807277649373,"predicted_trend_stock_price":119.0818099975586}