{"dim":128,"GOOG Stock Price Prediction by iTransformer(no MSTL)":{"height":600,"_type":"image-file","sha256":"c18590b0849c79668f858bdbe2dabccf3798c8c13b827500c9f2d2106a721f42","size":61415,"path":"media/images/GOOG Stock Price Prediction by iTransformer(no MSTL)_301_c18590b0849c79668f85.png","format":"png","width":1000},"_runtime":2515.974032726,"Runtime (seconds)":95.81353187561035,"rmse":1.126007080078125,"_wandb":{"runtime":2515},"mae":1.126007080078125,"valid_loss":0.04013629777690183,"r2_score":NaN,"predicted_stock_price":194.43600463867188,"_timestamp":1.7388916025863595e+09,"_step":302,"train_loss":0.07108815805986524,"depth":4,"mse":1.267891944386065,"real_stock_price":193.30999755859375}