{"mae":92.84465026855469,"seasonal_2_valid_loss":0.18867420473115168,"seasonal_1_train_loss":0.5253554560769503,"_runtime":12.802019356,"seasonal_0_train_loss":0.48303634275130886,"real_resid_stock_price":30.052430487608945,"seasonal_0_valid_loss":0.4284048911104811,"predicted_seasonal_2_stock_price":11.228432655334473,"predicted_resid_stock_price":35.47623825073242,"predicted_trend_stock_price":75.714111328125,"real_seasonal_0_stock_price":-6.886692248923765,"predicted_seasonal_3_stock_price":3.5183589458465576,"seasonal_3_valid_loss":0.23425304149621284,"dim":128,"rmse":92.84465026855469,"final_predicted_stock_price":126.09535217285156,"real_seasonal_3_stock_price":9.210042698987007,"_wandb":{"runtime":12},"trend_valid_loss":2.351183287409328,"resid_train_loss":1.0218133069714823,"trend_train_loss":1.075718321920269,"predicted_seasonal_0_stock_price":-3.3184964656829834,"seasonal_1_valid_loss":0.37261319340638865,"seasonal_2_train_loss":0.33196840455024235,"seasonal_3_train_loss":1.9209102450913718,"Runtime (seconds)":5.585026264190674,"real_seasonal_2_stock_price":16.307195141839433,"_step":9,"depth":4,"resid_valid_loss":0.5204427696916522,"real_stock_price":218.94000244140625,"mse":8620.129083490232,"AMZN Stock Price Prediction by iTransformer":{"path":"media/images/AMZN Stock Price Prediction by iTransformer_8_b1c80a87421a24607d0d.png","format":"png","width":1000,"height":600,"_type":"image-file","sha256":"b1c80a87421a24607d0d53d9e738208342222bd8b6dad6b548c48fbaf0d94ad1","size":45929},"_timestamp":1.7367587431632018e+09,"periods":[252,504,756,1260],"predicted_seasonal_1_stock_price":3.4767143726348877,"real_seasonal_1_stock_price":2.721535027645758,"real_trend_stock_price":167.5354913342489}