{"seasonal_0_train_loss":1.4695998042834746,"Runtime (seconds)":5.9962263107299805,"seasonal_1_train_loss":1.0714031760058842,"predicted_seasonal_2_stock_price":5.6168904304504395,"seasonal_0_valid_loss":2.6998806587246618,"seasonal_3_train_loss":0.8724561849789273,"predicted_resid_stock_price":25.807233810424805,"seasonal_2_train_loss":0.4080204822545506,"depth":4,"real_seasonal_0_stock_price":-2.336382076781372,"_step":9,"predicted_seasonal_3_stock_price":5.66288948059082,"real_seasonal_2_stock_price":7.340472131448713,"seasonal_2_valid_loss":0.10955798352272483,"periods":[252,504,756,1260],"predicted_trend_stock_price":79.951416015625,"real_seasonal_1_stock_price":-3.140678048688714,"mae":121.96104431152344,"resid_train_loss":1.218371446688572,"_timestamp":1.7367302869334497e+09,"dim":128,"rmse":121.96104431152344,"resid_valid_loss":2.954890723560603,"real_stock_price":236.85000610351562,"real_seasonal_3_stock_price":4.6707865565590545,"_runtime":11.85568717,"real_resid_stock_price":9.05569584533032,"_wandb":{"runtime":11},"seasonal_3_valid_loss":0.10478826612234116,"real_trend_stock_price":221.26011169564765,"mse":14874.496329557383,"trend_valid_loss":3.2936367762665593,"AAPL Stock Price Prediction by iTransformer":{"height":600,"_type":"image-file","sha256":"6e9f647e12e05f6e393f1f204ceeba43e8ebababaf33ec025ca690d0e185bd9b","size":47224,"path":"media/images/AAPL Stock Price Prediction by iTransformer_8_6e9f647e12e05f6e393f.png","format":"png","width":1000},"predicted_seasonal_0_stock_price":-0.6772787570953369,"final_predicted_stock_price":114.88896179199219,"predicted_seasonal_1_stock_price":-1.4721914529800415,"seasonal_1_valid_loss":1.135536774362509,"trend_train_loss":0.5768893590823327}