{"final_predicted_stock_price":166.05970764160156,"periods":[252,504,756,1260],"AMZN Stock Price Prediction by iTransformer":{"format":"png","width":1000,"height":600,"_type":"image-file","sha256":"5220aab7c01cbce4de76035ee4b3a05de1c6d10ec3f8e877560882b3d26df630","size":48412,"path":"media/images/AMZN Stock Price Prediction by iTransformer_8_5220aab7c01cbce4de76.png"},"predicted_resid_stock_price":2.130157470703125,"resid_valid_loss":1.6615848541259766,"depth":4,"_wandb":{"runtime":14},"real_seasonal_2_stock_price":16.307195141839433,"real_resid_stock_price":30.052430487608945,"predicted_trend_stock_price":155.41302490234375,"real_seasonal_3_stock_price":9.210042698987007,"predicted_seasonal_1_stock_price":4.0661301612854,"predicted_seasonal_0_stock_price":-2.020721197128296,"predicted_seasonal_3_stock_price":-10.272661209106445,"real_seasonal_0_stock_price":-6.886692248923765,"seasonal_1_valid_loss":0.42167445044550633,"Runtime (seconds)":6.493712663650513,"_runtime":14.973776043,"seasonal_3_train_loss":1.5115970934438996,"seasonal_2_valid_loss":0.1035769134759903,"rmse":52.88029479980469,"dim":128,"mse":2796.3255781142507,"resid_train_loss":0.9639367311232651,"seasonal_1_train_loss":0.5337890341793203,"trend_train_loss":0.0411198934342281,"real_stock_price":218.94000244140625,"_step":9,"seasonal_2_train_loss":0.8929093647170121,"mae":52.88029479980469,"predicted_seasonal_2_stock_price":16.743770599365234,"seasonal_3_valid_loss":1.3874268793967965,"seasonal_0_train_loss":1.0020129539712395,"real_trend_stock_price":167.5354913342489,"_timestamp":1.7367255787528868e+09,"trend_valid_loss":0.01911673485924089,"real_seasonal_1_stock_price":2.721535027645758,"seasonal_0_valid_loss":0.79743242838704}