{"real_seasonal_3_stock_price":9.210042698987007,"trend_valid_loss":0.01432890175356685,"seasonal_1_train_loss":0.6035214506759495,"dim":128,"resid_valid_loss":1.3453742022556003,"real_seasonal_0_stock_price":-6.886692248923765,"seasonal_3_valid_loss":1.3175899443569048,"_runtime":12.321388329,"predicted_seasonal_1_stock_price":2.5126805305480957,"predicted_seasonal_0_stock_price":-8.26712703704834,"periods":[252,504,756,1260],"_timestamp":1.7367532880707417e+09,"trend_train_loss":0.29416677134089997,"predicted_seasonal_2_stock_price":8.21886920928955,"predicted_resid_stock_price":-5.379144191741943,"mae":64.58949279785156,"_wandb":{"runtime":12},"seasonal_0_valid_loss":0.27026520224649514,"real_seasonal_2_stock_price":16.307195141839433,"real_stock_price":218.94000244140625,"_step":9,"rmse":64.58949279785156,"real_resid_stock_price":30.052430487608945,"seasonal_3_train_loss":1.4976872524047808,"AMZN Stock Price Prediction by iTransformer":{"width":1000,"height":600,"_type":"image-file","sha256":"20cd49d9c50619d886c27cc02971ad26b7c7abe3f6d9d374d8e5c97d91764206","size":48349,"path":"media/images/AMZN Stock Price Prediction by iTransformer_8_20cd49d9c50619d886c2.png","format":"png"},"real_trend_stock_price":167.5354913342489,"predicted_seasonal_3_stock_price":-2.301881790161133,"seasonal_0_train_loss":0.4482227882544721,"depth":4,"real_seasonal_1_stock_price":2.721535027645758,"seasonal_2_train_loss":0.293084839038186,"seasonal_2_valid_loss":0.2708710677009023,"Runtime (seconds)":5.465208530426025,"final_predicted_stock_price":154.3505096435547,"predicted_trend_stock_price":159.56710815429688,"mse":4171.802579883719,"seasonal_1_valid_loss":0.2036717384230366,"resid_train_loss":1.751126816864762}