{"seasonal_2_valid_loss":2.177475809211462,"resid_valid_loss":1.4991936666437486,"seasonal_2_train_loss":2.1282008281983567,"rmse":168.24822998046875,"predicted_seasonal_0_stock_price":2.126126766204834,"predicted_seasonal_1_stock_price":0.24150994420051575,"dim":128,"real_trend_stock_price":221.26011117740657,"seasonal_0_valid_loss":0.47228628717703264,"predicted_seasonal_2_stock_price":-5.230809688568115,"predicted_resid_stock_price":0.061162710189819336,"AAPL Stock Price Prediction by iTransformer":{"size":46294,"path":"media/images/AAPL Stock Price Prediction by iTransformer_8_c13542fe7323ea4a7014.png","format":"png","width":1000,"height":600,"_type":"image-file","sha256":"c13542fe7323ea4a7014c3cf341654e3a641fc1954cde74f9099de1d1f04b554"},"seasonal_0_train_loss":0.3884576104336147,"_timestamp":1.7367321631356466e+09,"mse":28307.466891560704,"_wandb":{"runtime":10},"_step":9,"real_stock_price":236.85000610351562,"real_seasonal_2_stock_price":7.340470702042826,"mae":168.24822998046875,"real_resid_stock_price":9.0556933819324,"trend_valid_loss":2.36748820303709,"seasonal_3_valid_loss":1.4306899344778632,"real_seasonal_3_stock_price":4.67079539934527,"real_seasonal_1_stock_price":-3.140679287609513,"seasonal_1_valid_loss":1.2066437995549544,"final_predicted_stock_price":68.60177612304688,"trend_train_loss":0.9707726987017806,"seasonal_1_train_loss":1.0832119521252008,"_runtime":10.751516481,"predicted_seasonal_3_stock_price":-10.74344539642334,"periods":[252,504,756,1260],"depth":4,"Runtime (seconds)":5.029780149459839,"predicted_trend_stock_price":82.14723205566406,"seasonal_3_train_loss":2.1719914282969652,"real_seasonal_0_stock_price":-2.33638526960195,"resid_train_loss":0.9592435540466004}