{"seasonal_3_train_loss":1.9063474384528898,"real_resid_stock_price":9.055692793533865,"real_seasonal_1_stock_price":-3.1406786318398194,"mse":9151.26836385671,"_timestamp":1.7367516016346068e+09,"seasonal_0_train_loss":0.34099305370478955,"seasonal_1_train_loss":0.5159849153569319,"mae":95.66226196289062,"real_seasonal_2_stock_price":7.340475838859758,"seasonal_1_valid_loss":0.16596970015546644,"trend_train_loss":0.16004366360540714,"periods":[252,504,756,1260],"predicted_resid_stock_price":5.071187973022461,"seasonal_0_valid_loss":0.8369745846512249,"Runtime (seconds)":6.579606533050537,"resid_valid_loss":1.2849553848201989,"final_predicted_stock_price":141.187744140625,"predicted_trend_stock_price":134.5342559814453,"trend_valid_loss":1.3720275272969076,"dim":128,"predicted_seasonal_3_stock_price":-2.052971124649048,"_runtime":13.630528184,"real_trend_stock_price":221.26011203701884,"depth":4,"real_seasonal_3_stock_price":4.670781536657084,"real_seasonal_0_stock_price":-2.3363774707141065,"seasonal_2_train_loss":0.4133563097042066,"AAPL Stock Price Prediction by iTransformer":{"height":600,"_type":"image-file","sha256":"2337a688b1f72741d0dd6b8350357b9d30477d429f52a205143e01a6a654603d","size":46989,"path":"media/images/AAPL Stock Price Prediction by iTransformer_8_2337a688b1f72741d0dd.png","format":"png","width":1000},"predicted_seasonal_2_stock_price":7.015474796295166,"_wandb":{"runtime":13},"_step":9,"predicted_seasonal_1_stock_price":-2.5429117679595947,"rmse":95.66226196289062,"predicted_seasonal_0_stock_price":-0.8372867703437805,"seasonal_2_valid_loss":0.14794720709323883,"resid_train_loss":1.0617509482722534,"real_stock_price":236.85000610351562,"seasonal_3_valid_loss":1.285145956961835}