{"seasonal_1_train_loss":0.5806863417404385,"Runtime (seconds)":8.203747510910034,"real_seasonal_1_stock_price":-3.1406837146144277,"periods":[252,504,756,1260],"seasonal_1_valid_loss":0.45625355783142624,"predicted_seasonal_2_stock_price":5.379928112030029,"real_seasonal_0_stock_price":-2.3363802425266598,"resid_train_loss":0.9848230275965347,"real_stock_price":236.85000610351562,"seasonal_3_valid_loss":0.4378967240796111,"real_resid_stock_price":9.055691354742038,"rmse":101.13792419433594,"seasonal_3_train_loss":0.9823549617191145,"predicted_seasonal_1_stock_price":-2.799020290374756,"seasonal_0_valid_loss":2.6635485205412235,"predicted_trend_stock_price":120.26583099365234,"mse":10228.879710339243,"predicted_seasonal_0_stock_price":-0.202919602394104,"real_trend_stock_price":221.26011141040453,"predicted_resid_stock_price":1.1450893878936768,"trend_valid_loss":2.324978828430176,"predicted_seasonal_3_stock_price":11.923164367675781,"final_predicted_stock_price":135.7120819091797,"AAPL Stock Price Prediction by iTransformer":{"path":"media/images/AAPL Stock Price Prediction by iTransformer_8_b1a90d0ef8e4bdc96539.png","format":"png","width":1000,"height":600,"_type":"image-file","sha256":"b1a90d0ef8e4bdc96539d2757544c9b01319d245b98edc4996be4c3f1c1224d7","size":46914},"seasonal_2_train_loss":0.695571878541062,"real_seasonal_2_stock_price":7.34047435643734,"seasonal_0_train_loss":1.1166018793543295,"seasonal_2_valid_loss":0.4945275103743787,"_step":9,"_wandb":{"runtime":16},"_runtime":16.899314569,"dim":128,"resid_valid_loss":0.5637975442730052,"real_seasonal_3_stock_price":4.670792939072813,"depth":4,"trend_train_loss":0.39789229147042154,"_timestamp":1.736716180835351e+09,"mae":101.13792419433594}