{"trend_valid_loss":0.27718988060951233,"seasonal_2_train_loss":1.8545484493814581,"depth":4,"seasonal_0_valid_loss":2.3551205022619404,"AAPL Stock Price Prediction by iTransformer":{"_type":"image-file","sha256":"3a6e07fa8b0f702e669195ee6f3cb6f4039ac590e40734069f5bd7dd26bbdaa0","size":50250,"path":"media/images/AAPL Stock Price Prediction by iTransformer_8_3a6e07fa8b0f702e6691.png","format":"png","width":1000,"height":600},"_wandb":{"runtime":15},"seasonal_2_valid_loss":1.2543830724119396,"predicted_trend_stock_price":245.34646606445312,"resid_valid_loss":4.824384466084567,"real_seasonal_3_stock_price":4.67078743232392,"Runtime (seconds)":6.989100694656372,"mae":9.002029418945312,"seasonal_1_valid_loss":0.5020437892989157,"real_seasonal_1_stock_price":-3.140674539062963,"_timestamp":1.736740138947502e+09,"real_seasonal_0_stock_price":-2.3363826777398105,"_step":9,"dim":128,"predicted_seasonal_2_stock_price":-1.4655147790908813,"seasonal_1_train_loss":0.6114826888159508,"seasonal_3_valid_loss":0.6045642021494599,"resid_train_loss":2.84073528705175,"real_stock_price":236.85000610351562,"seasonal_3_train_loss":1.8004970907828703,"seasonal_0_train_loss":0.9213900147521162,"predicted_seasonal_3_stock_price":-5.454970359802246,"predicted_seasonal_1_stock_price":-2.1356825828552246,"trend_train_loss":0.49812788196086105,"real_resid_stock_price":9.055696651414706,"predicted_seasonal_0_stock_price":0.4667719006538391,"periods":[252,504,756,1260],"mse":81.03653365955688,"predicted_resid_stock_price":-8.909086227416992,"_runtime":15.893567437,"final_predicted_stock_price":227.8479766845703,"rmse":9.002029418945312,"real_trend_stock_price":221.26011108998688,"real_seasonal_2_stock_price":7.34046814659287}