{"predicted_seasonal_0_stock_price":1.4102271795272827,"seasonal_2_train_loss":1.1200008643613766,"seasonal_2_valid_loss":0.3615111269068642,"real_seasonal_0_stock_price":-2.336379205308567,"seasonal_3_valid_loss":1.4226607029110667,"Runtime (seconds)":5.5324296951293945,"rmse":95.66856384277344,"seasonal_0_valid_loss":0.2561079088118997,"predicted_resid_stock_price":3.37616229057312,"real_seasonal_1_stock_price":-3.140675430613197,"seasonal_1_train_loss":1.1863238918937689,"predicted_trend_stock_price":114.50325012207031,"dim":128,"_step":9,"real_seasonal_2_stock_price":7.340475572102392,"real_seasonal_3_stock_price":4.6707790941684335,"resid_train_loss":1.0561060337237564,"_timestamp":1.736722632366782e+09,"trend_valid_loss":2.248285015968427,"periods":[252,504,756,1260],"seasonal_0_train_loss":0.21612970277886182,"trend_train_loss":0.3781363221259751,"seasonal_3_train_loss":0.9990328089966959,"real_stock_price":236.85000610351562,"real_resid_stock_price":9.055694206481405,"predicted_seasonal_3_stock_price":13.09402847290039,"mae":95.66856384277344,"predicted_seasonal_1_stock_price":0.24225816130638123,"predicted_seasonal_2_stock_price":8.555522918701172,"seasonal_1_valid_loss":1.234491017790758,"depth":4,"_wandb":{"runtime":11},"_runtime":11.934557453,"resid_valid_loss":1.2353797923409,"mse":9152.474107738817,"real_trend_stock_price":221.26011186668515,"final_predicted_stock_price":141.1814422607422,"AAPL Stock Price Prediction by iTransformer":{"width":1000,"height":600,"_type":"image-file","sha256":"d35d78913a0f6a793888e45f0277d4bb47f1fe0c845e267a2b2ecf4c94c5ce17","size":47017,"path":"media/images/AAPL Stock Price Prediction by iTransformer_8_d35d78913a0f6a793888.png","format":"png"}}