{"trend_valid_loss":0.002708417912799632,"predicted_seasonal_2_stock_price":-10.87969970703125,"seasonal_3_valid_loss":1.13198135361555,"predicted_seasonal_1_stock_price":1.0505887269973755,"Runtime (seconds)":5.034226417541504,"real_seasonal_0_stock_price":-6.886692248923765,"final_predicted_stock_price":173.61415100097656,"real_stock_price":218.94000244140625,"_timestamp":1.7367387899316196e+09,"seasonal_3_train_loss":1.2733425520017525,"seasonal_2_train_loss":2.182350161736738,"mse":2054.432808799902,"trend_train_loss":0.11191413672285923,"seasonal_0_valid_loss":2.759433929313135,"seasonal_2_valid_loss":3.478970527648926,"real_seasonal_2_stock_price":16.307195141839433,"resid_valid_loss":1.0740115325555437,"seasonal_1_train_loss":0.9641586772622694,"seasonal_0_train_loss":2.2010590209819303,"real_resid_stock_price":30.052430487608945,"real_seasonal_3_stock_price":9.210042698987007,"AMZN Stock Price Prediction by iTransformer":{"width":1000,"height":600,"_type":"image-file","sha256":"986aa2d453af0af08eb7fe9a845e24f0411d3f1627247dbeae683e172cc397b6","size":48335,"path":"media/images/AMZN Stock Price Prediction by iTransformer_8_986aa2d453af0af08eb7.png","format":"png"},"predicted_seasonal_0_stock_price":-0.7553430199623108,"mae":45.32585144042969,"predicted_resid_stock_price":15.6308012008667,"predicted_trend_stock_price":166.79693603515625,"rmse":45.32585144042969,"depth":4,"_runtime":10.324837454,"predicted_seasonal_3_stock_price":1.7708699703216553,"real_trend_stock_price":167.5354913342489,"_wandb":{"runtime":10},"dim":128,"resid_train_loss":0.8604922934456084,"real_seasonal_1_stock_price":2.721535027645758,"periods":[252,504,756,1260],"seasonal_1_valid_loss":0.5592960303502459,"_step":9}