{"_runtime":8.618656504,"predicted_seasonal_2_stock_price":5.655582904815674,"mse":13335.266426214017,"rmse":115.47842407226562,"AMZN Stock Price Prediction by iTransformer":{"format":"png","width":1000,"height":600,"_type":"image-file","sha256":"6d806a936e502bf4c5b402ba2b105378724ddd4ae34f724fea944d9ec2112be6","size":46941,"path":"media/images/AMZN Stock Price Prediction by iTransformer_8_6d806a936e502bf4c5b4.png"},"dim":128,"_timestamp":1.7367149561191022e+09,"seasonal_2_train_loss":1.37379729179106,"trend_valid_loss":4.011131147610939,"seasonal_2_valid_loss":0.5481854806343714,"real_resid_stock_price":30.052430487608945,"predicted_resid_stock_price":23.42465591430664,"real_seasonal_0_stock_price":-6.886692248923765,"resid_train_loss":0.6787836464171388,"seasonal_3_valid_loss":0.21435806692831896,"_wandb":{"runtime":8},"resid_valid_loss":3.0604215098943324,"seasonal_1_valid_loss":0.5199471986483014,"real_stock_price":218.94000244140625,"trend_train_loss":2.918071418179492,"final_predicted_stock_price":103.46157836914062,"real_seasonal_2_stock_price":16.307195141839433,"seasonal_1_train_loss":0.744147866162484,"seasonal_3_train_loss":1.2181906676053225,"seasonal_0_train_loss":0.6275127780173325,"_step":9,"depth":4,"real_trend_stock_price":167.5354913342489,"Runtime (seconds)":4.208086967468262,"seasonal_0_valid_loss":0.5447230680327976,"predicted_trend_stock_price":60.74579620361328,"predicted_seasonal_3_stock_price":17.059757232666016,"mae":115.47842407226562,"real_seasonal_1_stock_price":2.721535027645758,"predicted_seasonal_0_stock_price":-4.766404628753662,"periods":[252,504,756,1260],"predicted_seasonal_1_stock_price":1.3421931266784668,"real_seasonal_3_stock_price":9.210042698987007}