{"real_seasonal_0_stock_price":-6.886692248923765,"final_predicted_stock_price":166.88243103027344,"real_trend_stock_price":167.5354913342489,"dim":128,"_runtime":22.174468619,"AMZN Stock Price Prediction by iTransformer":{"path":"media/images/AMZN Stock Price Prediction by iTransformer_8_281bae3c8dfb36974b29.png","format":"png","width":1000,"height":600,"_type":"image-file","sha256":"281bae3c8dfb36974b29aeb1ccb5b16ccb0611d05f0a197cf939348e12d9a0ae","size":48506},"predicted_seasonal_2_stock_price":9.961610794067383,"seasonal_0_valid_loss":0.13087519639311662,"trend_train_loss":0.557014699636879,"predicted_seasonal_3_stock_price":10.884207725524902,"predicted_trend_stock_price":122.64795684814453,"seasonal_1_train_loss":0.6203420715212754,"predicted_resid_stock_price":26.449066162109375,"_wandb":{"runtime":22},"real_seasonal_3_stock_price":9.210042698987007,"seasonal_3_valid_loss":0.2821398747840442,"mae":52.05757141113281,"periods":[252,504,756,1260],"seasonal_1_valid_loss":0.2665772713147677,"seasonal_2_train_loss":0.7505234513592275,"_timestamp":1.7367278233296854e+09,"Runtime (seconds)":11.284850120544434,"real_stock_price":218.94000244140625,"mse":2709.9907412251923,"real_resid_stock_price":30.052430487608945,"depth":4,"trend_valid_loss":0.3453567420806026,"resid_valid_loss":0.6057364961611791,"real_seasonal_1_stock_price":2.721535027645758,"seasonal_0_train_loss":0.33571691955353283,"_step":9,"seasonal_2_valid_loss":0.2888761290608073,"real_seasonal_2_stock_price":16.307195141839433,"seasonal_3_train_loss":0.6579991204148486,"rmse":52.05757141113281,"predicted_seasonal_1_stock_price":2.9372804164886475,"predicted_seasonal_0_stock_price":-5.997677326202393,"resid_train_loss":0.5254602323946179}