{"_timestamp":1.7367298561699798e+09,"periods":[252,504,756,1260],"mae":30.521942138671875,"_step":9,"real_trend_stock_price":167.5354913342489,"_runtime":11.399388519,"predicted_resid_stock_price":1.241599202156067,"real_seasonal_3_stock_price":9.210042698987007,"resid_train_loss":0.9791912124770976,"trend_valid_loss":0.016530059439980465,"predicted_trend_stock_price":157.98098754882812,"final_predicted_stock_price":188.41806030273438,"seasonal_2_train_loss":1.24687319693356,"seasonal_1_train_loss":1.248835248357934,"real_resid_stock_price":30.052430487608945,"_wandb":{"runtime":11},"predicted_seasonal_3_stock_price":9.610427856445312,"real_seasonal_0_stock_price":-6.886692248923765,"rmse":30.521942138671875,"trend_train_loss":0.20212561386964104,"predicted_seasonal_0_stock_price":2.2981553077697754,"seasonal_3_valid_loss":0.3981129640770942,"depth":4,"AMZN Stock Price Prediction by iTransformer":{"format":"png","width":1000,"height":600,"_type":"image-file","sha256":"bccdcc595cab8c4d502e805dde563b52a2e218498492a51b5591e991efc0536f","size":50547,"path":"media/images/AMZN Stock Price Prediction by iTransformer_8_bccdcc595cab8c4d502e.png"},"mse":931.5889519164339,"seasonal_3_train_loss":0.8097182413967291,"real_seasonal_2_stock_price":16.307195141839433,"predicted_seasonal_1_stock_price":1.7006268501281738,"Runtime (seconds)":4.546195983886719,"seasonal_2_valid_loss":0.19920001043282015,"seasonal_0_train_loss":1.7981540185962608,"real_stock_price":218.94000244140625,"dim":128,"seasonal_1_valid_loss":1.0654997340980779,"predicted_seasonal_2_stock_price":15.586274147033691,"resid_valid_loss":0.8596760906645509,"seasonal_0_valid_loss":1.8568851053714752,"real_seasonal_1_stock_price":2.721535027645758}