{"mse":1.1192320121917874,"XOM Stock Price Prediction by iTransformer(no MSTL)":{"size":56696,"path":"media/images/XOM Stock Price Prediction by iTransformer(no MSTL)_262_d07df358a14cd84688c8.png","format":"png","width":1000,"height":600,"_type":"image-file","sha256":"d07df358a14cd84688c8175afceb715368d8fe29e4d8e834b3531d9ceb52dc8b"},"predicted_stock_price":119.01793670654297,"Runtime (seconds)":72.36449432373047,"_timestamp":1.7385941405734558e+09,"rmse":1.0579376220703125,"train_loss":0.03875561911804717,"mae":1.0579376220703125,"r2_score":NaN,"_step":263,"depth":4,"_runtime":2609.394064584,"_wandb":{"runtime":2609},"dim":128,"real_stock_price":117.95999908447266,"valid_loss":0.04185244170603929}