{"real_seasonal_1_stock_price":-3.140675864149646,"real_seasonal_0_stock_price":-2.3363771714848096,"seasonal_3_valid_loss":0.13488382078309097,"seasonal_1_train_loss":0.8236660190721401,"Runtime (seconds)":8.325936794281006,"predicted_seasonal_0_stock_price":2.4039740562438965,"predicted_seasonal_2_stock_price":7.586936950683594,"real_stock_price":236.85000610351562,"seasonal_0_valid_loss":0.23818904169595959,"resid_valid_loss":0.517930404028787,"rmse":28.273712158203125,"dim":128,"seasonal_1_valid_loss":0.42438522235014553,"seasonal_0_train_loss":0.22533243421721807,"depth":4,"predicted_trend_stock_price":188.88519287109375,"mse":799.4027992049232,"_runtime":19.22980591,"trend_train_loss":0.0384558193944832,"AAPL Stock Price Prediction by iTransformer":{"format":"png","width":1000,"height":600,"_type":"image-file","sha256":"32d2cf520a022fb66a3693cd98ee2d6ffeeca0f05529fe1d8dc19ac4112624c9","size":48531,"path":"media/images/AAPL Stock Price Prediction by iTransformer_8_32d2cf520a022fb66a36.png"},"resid_train_loss":0.4815869021389583,"real_resid_stock_price":9.055688827528712,"periods":[252,504,756,1260],"predicted_seasonal_1_stock_price":-1.9407681226730347,"predicted_resid_stock_price":8.355870246887207,"mae":28.273712158203125,"_wandb":{"runtime":19},"final_predicted_stock_price":208.5762939453125,"trend_valid_loss":0.08306121072373247,"real_seasonal_3_stock_price":4.670786127089224,"real_trend_stock_price":221.26011220257732,"real_seasonal_2_stock_price":7.3404719819548125,"seasonal_3_train_loss":0.49803245750519676,"predicted_seasonal_3_stock_price":3.285095691680908,"seasonal_2_valid_loss":0.2773867372408122,"_step":9,"_timestamp":1.7367226773747513e+09,"seasonal_2_train_loss":0.6864428683300611}