{"resid_train_loss":0.7826129497843533,"depth":4,"real_seasonal_0_stock_price":-6.886692248923765,"dim":128,"Runtime (seconds)":4.683812618255615,"predicted_seasonal_0_stock_price":-7.306148052215576,"seasonal_0_train_loss":0.32017036801736715,"real_trend_stock_price":167.5354913342489,"seasonal_1_valid_loss":0.5905625849962235,"seasonal_0_valid_loss":0.5273992820522525,"seasonal_2_valid_loss":2.2502553006435964,"rmse":72.80500793457031,"mse":5300.569180352846,"seasonal_3_valid_loss":0.5162126131129987,"trend_train_loss":0.8467849335463887,"periods":[252,504,756,1260],"mae":72.80500793457031,"seasonal_1_train_loss":0.7528200050132814,"real_seasonal_3_stock_price":9.210042698987007,"_runtime":10.059471523,"predicted_resid_stock_price":4.086999893188477,"real_stock_price":218.94000244140625,"_step":9,"seasonal_2_train_loss":2.2931496541711347,"predicted_seasonal_1_stock_price":0.21346285939216614,"resid_valid_loss":1.7681596603645944,"predicted_seasonal_2_stock_price":-8.721627235412598,"seasonal_3_train_loss":1.65788820426806,"_timestamp":1.7367410946416926e+09,"final_predicted_stock_price":146.13499450683594,"AMZN Stock Price Prediction by iTransformer":{"size":48860,"path":"media/images/AMZN Stock Price Prediction by iTransformer_8_c467c308b319918466d0.png","format":"png","width":1000,"height":600,"_type":"image-file","sha256":"c467c308b319918466d06f0a4dfb7babf9c3efb1a254f2f8e93cb1a45ca82df0"},"_wandb":{"runtime":10},"trend_valid_loss":0.09277439727303455,"real_seasonal_1_stock_price":2.721535027645758,"real_seasonal_2_stock_price":16.307195141839433,"real_resid_stock_price":30.052430487608945,"predicted_seasonal_3_stock_price":4.35840368270874,"predicted_trend_stock_price":153.50390625}