{"real_seasonal_0_stock_price":-2.3363819058325666,"dim":128,"trend_valid_loss":1.6299267164699693,"seasonal_2_valid_loss":0.16057968469617734,"predicted_trend_stock_price":110.54476165771484,"_runtime":13.383677394,"real_seasonal_2_stock_price":7.340468264917357,"mae":129.06023406982422,"predicted_seasonal_2_stock_price":5.342040061950684,"seasonal_2_train_loss":0.24521565771763676,"depth":4,"periods":[252,504,756,1260],"seasonal_3_train_loss":0.9407309589302638,"mse":16656.544018157816,"_timestamp":1.7367312462638874e+09,"predicted_seasonal_1_stock_price":-2.884665012359619,"real_seasonal_1_stock_price":-3.1406736390486047,"predicted_resid_stock_price":-8.496445655822754,"final_predicted_stock_price":107.7897720336914,"seasonal_3_valid_loss":0.6456454925032126,"_step":9,"predicted_seasonal_0_stock_price":0.7049347162246704,"AAPL Stock Price Prediction by iTransformer":{"_type":"image-file","sha256":"104e01100cb99f074982ab9a9c9726a34a3a8f27a374a10c02833b6ce5773e11","size":47040,"path":"media/images/AAPL Stock Price Prediction by iTransformer_8_104e01100cb99f074982.png","format":"png","width":1000,"height":600},"seasonal_0_train_loss":0.9988701769646178,"_wandb":{"runtime":13},"trend_train_loss":0.08424294835408068,"seasonal_1_train_loss":0.7978118984716867,"predicted_seasonal_3_stock_price":2.579148769378662,"real_resid_stock_price":9.055699292838483,"resid_valid_loss":2.0276457951220923,"resid_train_loss":2.21139419245055,"real_stock_price":236.85000610351562,"seasonal_1_valid_loss":0.322965054620396,"real_trend_stock_price":221.2601116649743,"real_seasonal_3_stock_price":4.670782425666671,"Runtime (seconds)":6.543657541275024,"rmse":129.06023406982422,"seasonal_0_valid_loss":0.9315727571129799}