{"real_stock_price":205.74000549316406,"train_loss":0.08163854798172858,"depth":4,"rmse":16.908493041992188,"_timestamp":1.7361170864064171e+09,"_runtime":7246.855514213,"mse":285.8971369510982,"_wandb":{"runtime":7246},"mae":16.908493041992188,"Runtime (seconds)":517.6362860202789,"r2_score":NaN,"dim":128,"predicted_stock_price":188.83151245117188,"_step":268,"AMZN Stock Price Prediction by Transformer(no MSTL)":{"path":"media/images/AMZN Stock Price Prediction by Transformer(no MSTL)_267_61ec6850a29e5b864541.png","format":"png","width":1000,"height":600,"_type":"image-file","sha256":"61ec6850a29e5b8645410afe1e6f813955ce5d31b17b5a9ed2865a1adaa58467","size":53539},"valid_loss":0.07181254650155704}