{"predicted_resid_stock_price":5.345686912536621,"predicted_trend_stock_price":143.12635803222656,"Runtime (seconds)":6.5067455768585205,"real_resid_stock_price":9.055694449635013,"_timestamp":1.736747555085827e+09,"resid_valid_loss":0.5862614529312782,"mae":85.75442504882812,"dim":128,"predicted_seasonal_3_stock_price":-5.009900093078613,"real_seasonal_2_stock_price":7.3404706173759315,"periods":[252,504,756,1260],"depth":4,"resid_train_loss":0.8238479053250517,"AAPL Stock Price Prediction by iTransformer":{"height":600,"_type":"image-file","sha256":"7a21e354779556fd19813da3add06985be8698d6ba1d77ce92bed572894b8da6","size":46454,"path":"media/images/AAPL Stock Price Prediction by iTransformer_8_7a21e354779556fd1981.png","format":"png","width":1000},"seasonal_2_valid_loss":0.7707101160829718,"seasonal_2_train_loss":0.7423428217157813,"real_seasonal_1_stock_price":-3.140670347169298,"predicted_seasonal_1_stock_price":0.07109498232603073,"trend_valid_loss":0.5334882008046219,"real_trend_stock_price":221.26011203989975,"real_seasonal_0_stock_price":-2.336380854016831,"_step":9,"final_predicted_stock_price":151.0955810546875,"_runtime":12.051920199,"predicted_seasonal_0_stock_price":0.981046736240387,"mse":7353.821415455081,"seasonal_3_valid_loss":0.6825797192353771,"seasonal_0_train_loss":0.6613124114618119,"seasonal_3_train_loss":1.1172174503120043,"predicted_seasonal_2_stock_price":6.581295013427734,"real_seasonal_3_stock_price":4.670780197791066,"rmse":85.75442504882812,"_wandb":{"runtime":12},"trend_train_loss":0.07843905895042415,"seasonal_1_valid_loss":2.028316359265453,"real_stock_price":236.85000610351562,"seasonal_1_train_loss":2.0827715429012987,"seasonal_0_valid_loss":1.056103952418568}