{"trend_valid_loss":0.18558119430716308,"predicted_seasonal_2_stock_price":7.891994476318359,"predicted_seasonal_0_stock_price":-7.082819938659668,"depth":4,"predicted_seasonal_1_stock_price":2.2690341472625732,"seasonal_1_valid_loss":0.093961700797081,"predicted_trend_stock_price":134.57696533203125,"seasonal_2_valid_loss":0.24618482838323966,"predicted_seasonal_3_stock_price":-1.1439521312713623,"dim":128,"Runtime (seconds)":3.586088180541992,"real_trend_stock_price":167.5354913342489,"periods":[252,504,756,1260],"real_seasonal_0_stock_price":-6.886692248923765,"mse":8007.548949050019,"rmse":89.48490905761719,"real_seasonal_2_stock_price":16.307195141839433,"_wandb":{"runtime":7},"seasonal_3_valid_loss":1.712673776924053,"_runtime":7.900451718,"final_predicted_stock_price":129.45509338378906,"mae":89.48490905761719,"seasonal_3_train_loss":1.773044049864683,"real_resid_stock_price":30.052430487608945,"_timestamp":1.7367497442421162e+09,"AMZN Stock Price Prediction by iTransformer":{"sha256":"a0870d627e9bbeea84b7969996ed86edebb3955fd03de6e09fcdc9e636c9ae2b","size":45953,"path":"media/images/AMZN Stock Price Prediction by iTransformer_8_a0870d627e9bbeea84b7.png","format":"png","width":1000,"height":600,"_type":"image-file"},"real_seasonal_3_stock_price":9.210042698987007,"_step":9,"resid_train_loss":1.3961385848391692,"seasonal_0_valid_loss":0.1701447069644928,"trend_train_loss":0.19568580003647967,"real_stock_price":218.94000244140625,"seasonal_2_train_loss":0.9861262430730192,"seasonal_0_train_loss":0.3244114432957291,"seasonal_1_train_loss":0.5683779237915807,"resid_valid_loss":1.2610503749267474,"predicted_resid_stock_price":-7.05613374710083,"real_seasonal_1_stock_price":2.721535027645758}