{"periods":[252,504,756,1260],"seasonal_0_valid_loss":1.4561010820278224,"real_resid_stock_price":9.05569123962934,"real_seasonal_3_stock_price":4.670784447852118,"seasonal_3_valid_loss":0.9312177363378731,"real_seasonal_0_stock_price":-2.336376687239994,"_runtime":9.894723311,"predicted_seasonal_3_stock_price":1.9640421867370605,"Runtime (seconds)":4.930951356887817,"AAPL Stock Price Prediction by iTransformer":{"width":1000,"height":600,"_type":"image-file","sha256":"4bbe5f10eba3bd277a6198488e23ca7bec3e8a13a3b7297c3bffbd238883711b","size":46041,"path":"media/images/AAPL Stock Price Prediction by iTransformer_8_4bbe5f10eba3bd277a61.png","format":"png"},"_step":9,"real_trend_stock_price":221.26011232970646,"trend_train_loss":0.26662579237178724,"resid_train_loss":0.4427283172790276,"trend_valid_loss":2.4020773609914627,"predicted_seasonal_2_stock_price":8.24716567993164,"resid_valid_loss":0.4298687407844945,"mse":21258.052467210742,"predicted_seasonal_0_stock_price":-0.6855033040046692,"_wandb":{"runtime":9},"seasonal_1_train_loss":0.7417414416126669,"seasonal_3_train_loss":0.9577293086127061,"predicted_trend_stock_price":76.91043853759766,"real_seasonal_1_stock_price":-3.140678698353199,"final_predicted_stock_price":91.04859161376953,"depth":4,"seasonal_1_valid_loss":0.7522691572347778,"seasonal_2_train_loss":0.7204720976484354,"real_stock_price":236.85000610351562,"dim":128,"_timestamp":1.7367071463701034e+09,"real_seasonal_2_stock_price":7.34047347192092,"rmse":145.8014144897461,"seasonal_2_valid_loss":0.10735595226287842,"predicted_seasonal_1_stock_price":-1.0912017822265625,"mae":145.8014144897461,"seasonal_0_train_loss":0.8316726416037722,"predicted_resid_stock_price":5.703645706176758}