{"dim":128,"resid_train_loss":0.9339079901140883,"AMZN Stock Price Prediction by iTransformer":{"format":"png","width":1000,"height":600,"_type":"image-file","sha256":"63abc8d033408296fe870c96e8e6661769518632697eb1e6fa697c9dd0ce234b","size":46953,"path":"media/images/AMZN Stock Price Prediction by iTransformer_8_63abc8d033408296fe87.png"},"_wandb":{"runtime":13},"real_trend_stock_price":167.5354913342489,"seasonal_1_valid_loss":0.492753647516926,"trend_valid_loss":1.7176688940487277,"real_resid_stock_price":30.052430487608945,"_step":9,"predicted_seasonal_1_stock_price":0.39646583795547485,"seasonal_1_train_loss":0.6478442375870345,"seasonal_3_valid_loss":1.1613695954401342,"mae":143.8613052368164,"Runtime (seconds)":7.410812616348267,"periods":[252,504,756,1260],"rmse":143.8613052368164,"predicted_seasonal_0_stock_price":-5.914360046386719,"seasonal_0_valid_loss":0.09813826972759734,"real_seasonal_0_stock_price":-6.886692248923765,"seasonal_0_train_loss":0.17515836928540202,"seasonal_3_train_loss":1.4342671969621363,"_runtime":13.956699264000001,"real_seasonal_3_stock_price":9.210042698987007,"seasonal_2_train_loss":1.049951496352771,"trend_train_loss":0.25774025153823016,"predicted_trend_stock_price":78.21685791015625,"predicted_seasonal_2_stock_price":-2.4873743057250977,"resid_valid_loss":0.37855087396383813,"real_seasonal_2_stock_price":16.307195141839433,"final_predicted_stock_price":75.07869720458984,"mse":20696.07514444046,"seasonal_2_valid_loss":1.8825408968814583,"real_seasonal_1_stock_price":2.721535027645758,"predicted_resid_stock_price":13.782541275024414,"_timestamp":1.736741670963989e+09,"depth":4,"predicted_seasonal_3_stock_price":-8.915434837341309,"real_stock_price":218.94000244140625}