{"resid_train_loss":0.0595360102482679,"resid_valid_loss":0.02876331109775981,"seasonal_2_train_loss":0.04238739285119131,"_step":1802,"real_seasonal_2_stock_price":3.16504116620507,"periods":[63,126,252,504],"real_seasonal_1_stock_price":-2.779443526845009,"real_trend_stock_price":220.35771569430042,"seasonal_3_valid_loss":0.03315921967401157,"seasonal_3_train_loss":0.06861395458853187,"predicted_resid_stock_price":14.406941413879395,"trend_train_loss":0.021599176938545715,"depth":4,"mse":3.8668495565652847,"_runtime":26396.257485238,"mae":1.9664306640625,"real_resid_stock_price":18.011250063075238,"seasonal_0_valid_loss":0.022197185084223747,"dim":128,"rmse":1.9664306640625,"final_predicted_stock_price":237.62356567382812,"AAPL Stock Price Prediction by iTransformer":{"_type":"image-file","sha256":"493c266cf302786d659f7af8cd056076485c4fa13ba8b4a93d8e7d898da25c0a","size":48424,"path":"media/images/AAPL Stock Price Prediction by iTransformer_1801_493c266cf302786d659f.png","format":"png","width":1000,"height":600},"_wandb":{"runtime":26396},"real_stock_price":239.58999633789062,"predicted_seasonal_3_stock_price":0.7666460275650024,"seasonal_1_valid_loss":0.023529150735445415,"seasonal_0_train_loss":0.04954661893341069,"real_seasonal_3_stock_price":0.5225591772742414,"predicted_seasonal_1_stock_price":-3.181046724319458,"_timestamp":1.7363191822000105e+09,"trend_valid_loss":0.030477475374937057,"seasonal_1_train_loss":0.04701808064334606,"predicted_seasonal_0_stock_price":0.8102105259895325,"predicted_trend_stock_price":221.1485595703125,"real_seasonal_0_stock_price":0.3128737638806382,"Runtime (seconds)":2248.9843034744263,"predicted_seasonal_2_stock_price":3.6722538471221924,"seasonal_2_valid_loss":0.022085820506674004}