{"Runtime (seconds)":5.966109991073608,"periods":[252,504,756,1260],"_timestamp":1.7367470983965921e+09,"resid_valid_loss":0.3441411982864332,"seasonal_3_valid_loss":0.6054003964203861,"seasonal_1_train_loss":0.8291617261967582,"trend_train_loss":0.9968467213282501,"mse":22297.843066319416,"predicted_seasonal_3_stock_price":0.8718748688697815,"seasonal_2_train_loss":2.2181266553913117,"mae":149.32462310791016,"predicted_seasonal_0_stock_price":-5.927146911621094,"real_stock_price":218.94000244140625,"real_seasonal_2_stock_price":16.307195141839433,"resid_train_loss":0.4393933931187311,"predicted_resid_stock_price":9.561105728149414,"depth":4,"seasonal_0_train_loss":0.21152808390454286,"predicted_seasonal_2_stock_price":-7.575315475463867,"_step":9,"real_seasonal_1_stock_price":2.721535027645758,"AMZN Stock Price Prediction by iTransformer":{"width":1000,"height":600,"_type":"image-file","sha256":"e1aa384e52aeac05f22cf79248dd177cfad1c612396f2ada46b04368174b27e7","size":47145,"path":"media/images/AMZN Stock Price Prediction by iTransformer_8_e1aa384e52aeac05f22c.png","format":"png"},"seasonal_1_valid_loss":1.0445963645987901,"_runtime":12.765473555,"real_resid_stock_price":30.052430487608945,"dim":128,"predicted_seasonal_1_stock_price":2.240412473678589,"predicted_trend_stock_price":70.44445037841797,"seasonal_3_train_loss":0.8160630733375454,"final_predicted_stock_price":69.6153793334961,"seasonal_0_valid_loss":0.0981979758979322,"_wandb":{"runtime":12},"seasonal_2_valid_loss":2.199285950511694,"real_seasonal_0_stock_price":-6.886692248923765,"trend_valid_loss":2.4456390853751655,"real_seasonal_3_stock_price":9.210042698987007,"rmse":149.32462310791016,"real_trend_stock_price":167.5354913342489}