{"mse":353.384465072304,"valid_loss":0.06746508926153183,"real_stock_price":239.58999633789062,"_step":302,"Runtime (seconds)":745.3246355056763,"_runtime":10379.221350643,"depth":4,"AAPL Stock Price Prediction by Transformer(no MSTL)":{"path":"media/images/AAPL Stock Price Prediction by Transformer(no MSTL)_301_54d5a26e880645b9e9b8.png","format":"png","width":1000,"height":600,"_type":"image-file","sha256":"54d5a26e880645b9e9b806416acb608c34f9f49087fd0140d1c405df03d40ace","size":53464},"predicted_stock_price":220.79147338867188,"r2_score":NaN,"rmse":18.79852294921875,"_wandb":{"runtime":10379},"mae":18.79852294921875,"dim":128,"_timestamp":1.7361346554486015e+09,"train_loss":0.04915310507367216}