{"AMZN Stock Price Prediction by iTransformer":{"size":49040,"path":"media/images/AMZN Stock Price Prediction by iTransformer_8_fb0592f9923e2c4a26f0.png","format":"png","width":1000,"height":600,"_type":"image-file","sha256":"fb0592f9923e2c4a26f0d71033c65f4f88c0e826bd47cf62e84f69204d0bda4d"},"resid_valid_loss":0.587862039130667,"predicted_seasonal_0_stock_price":-4.378338813781738,"seasonal_3_valid_loss":0.13066691160202026,"_step":9,"seasonal_0_train_loss":0.28517496639719375,"real_seasonal_3_stock_price":9.210042698987007,"predicted_seasonal_3_stock_price":3.0512197017669678,"depth":4,"real_stock_price":218.94000244140625,"mse":4747.061973810196,"rmse":68.89892578125,"real_resid_stock_price":30.052430487608945,"trend_train_loss":0.197326889180247,"real_seasonal_2_stock_price":16.307195141839433,"seasonal_1_train_loss":0.6099562470751684,"real_seasonal_0_stock_price":-6.886692248923765,"_wandb":{"runtime":13},"seasonal_2_train_loss":0.7226355300618853,"real_seasonal_1_stock_price":2.721535027645758,"Runtime (seconds)":5.0819313526153564,"dim":128,"seasonal_1_valid_loss":0.5629283443563863,"predicted_resid_stock_price":13.334449768066406,"final_predicted_stock_price":150.04107666015625,"predicted_trend_stock_price":125.64616394042969,"trend_valid_loss":0.27995560155749993,"predicted_seasonal_1_stock_price":1.3071768283843994,"_timestamp":1.736752505698745e+09,"_runtime":13.916808655,"predicted_seasonal_2_stock_price":11.080419540405273,"seasonal_3_train_loss":1.0176866320155038,"resid_train_loss":0.8347538702544712,"seasonal_0_valid_loss":0.2746417771492686,"seasonal_2_valid_loss":0.22308296845600678,"periods":[252,504,756,1260],"mae":68.89892578125,"real_trend_stock_price":167.5354913342489}