{"dim":128,"_step":9,"seasonal_1_valid_loss":0.3117051921392742,"resid_train_loss":0.6880468355254826,"_runtime":17.570664834,"real_resid_stock_price":9.055691314487547,"seasonal_0_valid_loss":2.441004542489126,"mse":653.5677894661203,"predicted_seasonal_0_stock_price":0.10921035706996918,"real_seasonal_0_stock_price":-2.336374937808585,"seasonal_2_valid_loss":0.10585028226275674,"_timestamp":1.7367089595981064e+09,"trend_valid_loss":0.015815325085562548,"real_seasonal_2_stock_price":7.340472822694873,"Runtime (seconds)":8.401925325393677,"trend_train_loss":0.10931892365851438,"rmse":25.564971923828125,"_wandb":{"runtime":17},"resid_valid_loss":0.3108236009780413,"predicted_seasonal_1_stock_price":-2.3047423362731934,"real_trend_stock_price":221.26011160339507,"seasonal_3_train_loss":0.5122043445627106,"seasonal_2_train_loss":0.696179409839725,"predicted_trend_stock_price":205.23776245117188,"predicted_seasonal_3_stock_price":-4.618916988372803,"seasonal_3_valid_loss":0.6561328361626544,"mae":25.564971923828125,"depth":4,"predicted_seasonal_2_stock_price":6.344532012939453,"seasonal_1_train_loss":0.35237670656412023,"real_stock_price":236.85000610351562,"predicted_resid_stock_price":6.517189979553223,"real_seasonal_1_stock_price":-3.1406762101375794,"seasonal_0_train_loss":1.2377988738407977,"periods":[252,504,756,1260],"real_seasonal_3_stock_price":4.670781510884276,"AAPL Stock Price Prediction by iTransformer":{"height":600,"_type":"image-file","sha256":"9e973ce93f96c0e1e71591e3dfe233de5424d0c851507d6cf3572b9c2b00f635","size":48546,"path":"media/images/AAPL Stock Price Prediction by iTransformer_8_9e973ce93f96c0e1e715.png","format":"png","width":1000},"final_predicted_stock_price":211.2850341796875}