{"seasonal_2_train_loss":0.0038303021816297844,"_runtime":27252.586341798,"real_trend_stock_price":161.68250464572677,"predicted_seasonal_0_stock_price":-5.118138313293457,"depth":4,"_wandb":{"runtime":27252},"seasonal_3_valid_loss":0.006911360193043947,"predicted_seasonal_3_stock_price":1.9187686443328857,"mae":13.66546630859375,"mse":186.7449694313109,"Runtime (seconds)":2470.546732187271,"real_seasonal_3_stock_price":4.086105894663399,"resid_train_loss":0.009968595636857166,"seasonal_1_valid_loss":0.000846696584581155,"predicted_trend_stock_price":157.90301513671875,"predicted_seasonal_1_stock_price":3.2792725563049316,"_timestamp":1.7368867346837363e+09,"trend_train_loss":0.00040892718018008554,"AMZN Stock Price Prediction by iTransformer":{"size":58109,"path":"media/images/AMZN Stock Price Prediction by iTransformer_1703_cfcc3c95e909021e9346.png","format":"png","width":1000,"height":600,"_type":"image-file","sha256":"cfcc3c95e909021e93467b793c98a538539ef6d98c5e05074c797835c399b1ef"},"seasonal_3_train_loss":0.013394980369362921,"resid_valid_loss":0.013253043062303621,"predicted_resid_stock_price":19.329797744750977,"periods":[252,504,756,1260],"trend_valid_loss":0.0019372639424880575,"dim":128,"final_predicted_stock_price":192.0745391845703,"rmse":13.66546630859375,"_step":1704,"predicted_seasonal_2_stock_price":14.761828422546387,"seasonal_0_valid_loss":0.0006158603013634844,"seasonal_2_valid_loss":0.004425931479552852,"real_resid_stock_price":25.260103639464035,"seasonal_1_train_loss":0.00024841820114562943,"real_seasonal_2_stock_price":15.775867638133533,"real_seasonal_0_stock_price":-4.170146295776988,"seasonal_0_train_loss":0.00012574003654489303,"real_stock_price":205.74000549316406,"real_seasonal_1_stock_price":3.1055699709532973}