{"seasonal_2_train_loss":0.3023383347822378,"predicted_seasonal_3_stock_price":-2.847994565963745,"real_seasonal_2_stock_price":16.307195141839433,"real_trend_stock_price":167.5354913342489,"real_resid_stock_price":30.052430487608945,"_wandb":{"runtime":17},"final_predicted_stock_price":175.01016235351562,"_runtime":17.11231932,"real_seasonal_1_stock_price":2.721535027645758,"seasonal_1_valid_loss":0.16588383010345067,"predicted_resid_stock_price":8.381196022033691,"dim":128,"predicted_seasonal_1_stock_price":2.898193359375,"mae":43.929840087890625,"seasonal_3_train_loss":0.8286240909678432,"depth":4,"predicted_trend_stock_price":150.7235565185547,"trend_valid_loss":0.03967015276320644,"seasonal_2_valid_loss":0.06081493075726634,"_step":9,"real_seasonal_3_stock_price":9.210042698987007,"resid_train_loss":0.4258517956366637,"Runtime (seconds)":7.825199604034424,"resid_valid_loss":0.2508980545492188,"rmse":43.929840087890625,"trend_train_loss":0.10168910925738647,"real_stock_price":218.94000244140625,"seasonal_0_valid_loss":0.98615684069102,"mse":1929.8308501476422,"predicted_seasonal_2_stock_price":15.684318542480469,"AMZN Stock Price Prediction by iTransformer":{"_type":"image-file","sha256":"14d130e0ce605717d59dc89184aaf3dda8292c0920352bf671b66e9312f50629","size":48323,"path":"media/images/AMZN Stock Price Prediction by iTransformer_8_14d130e0ce605717d59d.png","format":"png","width":1000,"height":600},"predicted_seasonal_0_stock_price":0.17088976502418518,"seasonal_3_valid_loss":0.6652568019706117,"_timestamp":1.7367075674803774e+09,"real_seasonal_0_stock_price":-6.886692248923765,"seasonal_0_train_loss":0.7256782254972658,"periods":[252,504,756,1260],"seasonal_1_train_loss":0.2626993940538357}