{"_runtime":12.983361273,"real_seasonal_0_stock_price":2.5239763835294853,"real_seasonal_3_stock_price":2.669464727856172,"seasonal_1_train_loss":0.32429994475910645,"_timestamp":1.7367058706662753e+09,"dim":128,"seasonal_2_valid_loss":0.14744214121909702,"seasonal_1_valid_loss":0.2251206059202574,"predicted_seasonal_2_stock_price":4.753182888031006,"mse":1407.9007221767679,"final_predicted_stock_price":205.4879913330078,"real_trend_stock_price":216.49860564514984,"trend_valid_loss":0.1671657568874902,"periods":[252,504,756,1260],"seasonal_0_train_loss":0.8010248445852212,"seasonal_3_valid_loss":1.0971189867705107,"predicted_seasonal_0_stock_price":-0.47438982129096985,"seasonal_0_valid_loss":1.768939981373345,"real_seasonal_2_stock_price":7.7969290415661705,"seasonal_2_train_loss":0.7828582428444234,"predicted_seasonal_1_stock_price":0.16666805744171143,"rmse":37.522003173828125,"_step":9,"_wandb":{"runtime":12},"AAPL Stock Price Prediction by iTransformer":{"format":"png","width":1000,"height":600,"_type":"image-file","sha256":"c07192ad0b7f4591858d4d4038c17c3014e6097e501f9089f3b7ee703890c2e4","size":48594,"path":"media/images/AAPL Stock Price Prediction by iTransformer_8_c07192ad0b7f4591858d.png"},"real_seasonal_1_stock_price":2.0781376063904755,"Runtime (seconds)":5.520090103149414,"mae":37.522003173828125,"resid_train_loss":1.6994942477999717,"resid_valid_loss":1.6016082763671875,"seasonal_3_train_loss":1.9211909431719185,"real_resid_stock_price":11.442881102343819,"real_stock_price":243.00999450683594,"trend_train_loss":0.1857008715492441,"predicted_resid_stock_price":-5.870360851287842,"predicted_seasonal_3_stock_price":5.339427471160889,"predicted_trend_stock_price":201.57345581054688,"depth":4}