{"predicted_seasonal_3_stock_price":-4.510807514190674,"predicted_seasonal_0_stock_price":5.269688129425049,"resid_train_loss":0.022536506887547717,"SBUX Stock Price Prediction by iTransformer":{"size":53766,"path":"media/images/SBUX Stock Price Prediction by iTransformer_1533_8d7d8da56b776cf218c1.png","format":"png","width":1000,"height":600,"_type":"image-file","sha256":"8d7d8da56b776cf218c1926aca4b5a8a74d39da264f3d6f20595d8f509f16e71"},"resid_valid_loss":0.045494881572539794,"final_predicted_stock_price":95.0915298461914,"seasonal_1_valid_loss":0.004006074741482735,"seasonal_2_train_loss":7.258775549459051e-05,"mse":54.88543001987273,"real_resid_stock_price":-1.1458851108588846,"seasonal_3_valid_loss":0.002438818144102423,"Runtime (seconds)":1413.8765931129456,"real_seasonal_0_stock_price":5.48860257750811,"real_trend_stock_price":101.9757712324417,"depth":4,"predicted_trend_stock_price":98.57304382324219,"predicted_seasonal_1_stock_price":-1.6804583072662354,"mae":7.408470153808594,"seasonal_0_valid_loss":0.0016060704167218918,"predicted_seasonal_2_stock_price":0.43986910581588745,"real_stock_price":102.5,"_wandb":{"runtime":19515},"real_seasonal_3_stock_price":-3.63638723284594,"trend_valid_loss":0.019510691985487938,"trend_train_loss":0.003923458923294008,"_runtime":19515.9905566,"real_seasonal_2_stock_price":0.925483043186559,"rmse":7.408470153808594,"periods":[252,504,756,1260],"_timestamp":1.7384485947732413e+09,"seasonal_1_train_loss":0.009013132048382215,"seasonal_0_train_loss":0.0004321866875402291,"_step":1534,"real_seasonal_1_stock_price":-1.107584509431549,"predicted_resid_stock_price":-2.999807119369507,"seasonal_3_train_loss":0.007056706397870865,"dim":128,"seasonal_2_valid_loss":0.00022940697090234607}