{"_wandb":{"runtime":71},"_timestamp":1.7358368036661632e+09,"predicted_seasonal_1_stock_price":0.6829561591148376,"Stock_Price_Prediction":{"size":40128,"path":"media/images/Stock_Price_Prediction_7_d3b47b185e0d8719dc20.png","format":"png","width":1000,"height":600,"_type":"image-file","sha256":"d3b47b185e0d8719dc20b32129443ea256089d823e25e828d026644194c4f94d"},"rmse":64.35784912109375,"predicted_trend_stock_price":137.54107666015625,"predicted_resid_stock_price":8.734138488769531,"resid_valid_loss":0.6057168644658193,"predicted_seasonal_3_stock_price":-4.947882175445557,"real_seasonal_3_stock_price":3.7330871512612522,"real_seasonal_0_stock_price":-1.684878444736108,"seasonal_1_train_loss":0.8234512354943819,"mse":4141.932743493468,"_step":8,"trend_valid_loss":0.38940142296739116,"real_resid_stock_price":25.421328577608335,"Runtime (seconds)":36.819615602493286,"seasonal_3_valid_loss":1.346806628219152,"resid_train_loss":0.8673707927638609,"mae":64.35784912109375,"trend_train_loss":0.504735028376281,"real_seasonal_1_stock_price":3.6267634164587634,"predicted_seasonal_2_stock_price":-0.5123254656791687,"final_predicted_stock_price":142.48214721679688,"real_stock_price":206.83999633789062,"predicted_seasonal_0_stock_price":0.9841861724853516,"_runtime":71.853422692,"seasonal_2_valid_loss":1.9847525153497252,"seasonal_0_train_loss":0.5180693392371847,"seasonal_1_valid_loss":0.884353518486023,"seasonal_0_valid_loss":0.7085662892331248,"real_trend_stock_price":159.80301983293137,"seasonal_2_train_loss":1.2806723817324703,"real_seasonal_2_stock_price":15.940675804367045,"seasonal_3_train_loss":0.9462112037046831}