{"periods":[252,504,756,1260],"real_trend_stock_price":167.5354913342489,"_wandb":{"runtime":17},"depth":4,"_step":9,"dim":128,"predicted_seasonal_0_stock_price":-0.26763153076171875,"seasonal_2_valid_loss":0.34861697607738956,"seasonal_3_train_loss":0.47990990422739843,"AMZN Stock Price Prediction by iTransformer":{"sha256":"dd1258cd3a74aaaf04cacada9b5b9cd0b40664efc0deb80fa2257a65db78343a","size":46256,"path":"media/images/AMZN Stock Price Prediction by iTransformer_8_dd1258cd3a74aaaf04ca.png","format":"png","width":1000,"height":600,"_type":"image-file"},"real_stock_price":218.94000244140625,"seasonal_2_train_loss":1.1084124811394118,"predicted_trend_stock_price":95.98210144042969,"resid_valid_loss":0.44172158108760795,"real_resid_stock_price":30.052430487608945,"_runtime":17.482754577,"predicted_seasonal_2_stock_price":3.7236194610595703,"real_seasonal_1_stock_price":2.721535027645758,"mae":105.49189758300781,"seasonal_0_train_loss":1.3707026649002065,"_timestamp":1.7367351696989646e+09,"mse":11128.54045566381,"final_predicted_stock_price":113.44810485839844,"seasonal_0_valid_loss":1.4701681196689607,"real_seasonal_2_stock_price":16.307195141839433,"real_seasonal_0_stock_price":-6.886692248923765,"seasonal_1_train_loss":0.7256872401031524,"seasonal_3_valid_loss":0.2900844876830642,"resid_train_loss":0.5580307995894556,"seasonal_1_valid_loss":0.09331096173861088,"predicted_seasonal_3_stock_price":6.078549385070801,"real_seasonal_3_stock_price":9.210042698987007,"predicted_resid_stock_price":5.578484058380127,"trend_valid_loss":1.5564818207351134,"rmse":105.49189758300781,"Runtime (seconds)":8.38759708404541,"trend_train_loss":1.2435056557258966,"predicted_seasonal_1_stock_price":2.352980136871338}