{"predicted_seasonal_3_stock_price":23.955961227416992,"real_seasonal_1_stock_price":2.721535027645758,"seasonal_0_valid_loss":2.2167017459869385,"final_predicted_stock_price":187.231201171875,"real_trend_stock_price":167.5354913342489,"dim":128,"seasonal_0_train_loss":1.3403513761385557,"Runtime (seconds)":4.427635192871094,"rmse":31.70880126953125,"periods":[252,504,756,1260],"predicted_seasonal_1_stock_price":1.3337196111679077,"_timestamp":1.7367451502138119e+09,"seasonal_3_valid_loss":0.9646757076548033,"_step":9,"seasonal_2_valid_loss":0.14692677205173746,"depth":4,"seasonal_1_valid_loss":0.9834728618614547,"trend_train_loss":1.0272512546578838,"real_stock_price":218.94000244140625,"seasonal_2_train_loss":0.6588074879090148,"predicted_seasonal_2_stock_price":14.256292343139648,"resid_train_loss":0.44463396496894364,"predicted_seasonal_0_stock_price":1.6497955322265625,"resid_valid_loss":0.5804097934404789,"real_seasonal_2_stock_price":16.307195141839433,"_runtime":9.803889813,"predicted_resid_stock_price":9.764063835144043,"seasonal_1_train_loss":1.0176895731530888,"AMZN Stock Price Prediction by iTransformer":{"sha256":"82db533c6ae42d2e14537260d67eb9cf4d6e4e0e9ef18b3904ceefc2190c01ac","size":50604,"path":"media/images/AMZN Stock Price Prediction by iTransformer_8_82db533c6ae42d2e1453.png","format":"png","width":1000,"height":600,"_type":"image-file"},"trend_valid_loss":0.2029886421299091,"real_resid_stock_price":30.052430487608945,"real_seasonal_0_stock_price":-6.886692248923765,"real_seasonal_3_stock_price":9.210042698987007,"mse":1005.4480779506266,"predicted_trend_stock_price":136.2713623046875,"mae":31.70880126953125,"_wandb":{"runtime":9},"seasonal_3_train_loss":1.067079628971118}