{"_step":9,"seasonal_3_valid_loss":0.3403826036066285,"final_predicted_stock_price":146.7083282470703,"seasonal_2_train_loss":0.545967486869369,"real_trend_stock_price":167.5354913342489,"mse":5217.414756916696,"real_seasonal_3_stock_price":9.210042698987007,"resid_train_loss":1.0806356491832927,"resid_valid_loss":2.549224607679579,"_wandb":{"runtime":9},"_runtime":9.15311534,"_timestamp":1.7367239057946265e+09,"depth":4,"predicted_trend_stock_price":118.2027359008789,"seasonal_3_train_loss":0.7878197478041226,"seasonal_0_train_loss":0.6033756228422882,"real_seasonal_0_stock_price":-6.886692248923765,"trend_valid_loss":0.4423843161482693,"real_stock_price":218.94000244140625,"dim":128,"predicted_seasonal_3_stock_price":22.09142303466797,"AMZN Stock Price Prediction by iTransformer":{"size":48836,"path":"media/images/AMZN Stock Price Prediction by iTransformer_8_14e961bd39323a5b7c95.png","format":"png","width":1000,"height":600,"_type":"image-file","sha256":"14e961bd39323a5b7c9551c0d3e8f16ef1fd57487107182d053c184a63c2a4ec"},"rmse":72.23167419433594,"predicted_resid_stock_price":0.3398311138153076,"seasonal_1_train_loss":0.553890326937185,"trend_train_loss":0.28930160386883386,"real_seasonal_1_stock_price":2.721535027645758,"real_resid_stock_price":30.052430487608945,"periods":[252,504,756,1260],"Runtime (seconds)":4.297598600387573,"seasonal_2_valid_loss":0.416740933176759,"predicted_seasonal_1_stock_price":2.5986487865448,"seasonal_0_valid_loss":0.7984864255618349,"seasonal_1_valid_loss":0.13893429759712447,"predicted_seasonal_0_stock_price":-1.6413757801055908,"mae":72.23167419433594,"real_seasonal_2_stock_price":16.307195141839433,"predicted_seasonal_2_stock_price":5.117071151733398}