{"mae":123.73735809326172,"mse":15310.933787900081,"AMZN Stock Price Prediction by iTransformer":{"width":1000,"height":600,"_type":"image-file","sha256":"c9d2d735ddc7795eb7988d3b72cf5ad14d3dff7ba428a1d880970db7ad746eda","size":46774,"path":"media/images/AMZN Stock Price Prediction by iTransformer_8_c9d2d735ddc7795eb798.png","format":"png"},"seasonal_0_valid_loss":0.8271387780241191,"depth":4,"seasonal_1_train_loss":0.9275846740624343,"dim":128,"real_stock_price":218.94000244140625,"real_seasonal_1_stock_price":2.721535027645758,"resid_train_loss":1.6383880260136283,"predicted_seasonal_3_stock_price":-3.002812623977661,"trend_train_loss":0.46060155386060914,"trend_valid_loss":1.1526838796479362,"seasonal_2_train_loss":0.8937254985665752,"final_predicted_stock_price":95.20264434814453,"real_seasonal_0_stock_price":-6.886692248923765,"predicted_seasonal_1_stock_price":-0.692233681678772,"_step":9,"seasonal_2_valid_loss":0.8940568285989979,"seasonal_3_valid_loss":0.9344168530518295,"predicted_seasonal_2_stock_price":9.741189002990723,"real_trend_stock_price":167.5354913342489,"resid_valid_loss":1.7748472066295724,"periods":[252,504,756,1260],"Runtime (seconds)":3.9789531230926514,"predicted_trend_stock_price":99.28956604003906,"predicted_resid_stock_price":-8.100473403930664,"seasonal_1_valid_loss":1.0592013634328912,"_runtime":8.940545116,"real_seasonal_2_stock_price":16.307195141839433,"_wandb":{"runtime":8},"rmse":123.73735809326172,"real_resid_stock_price":30.052430487608945,"seasonal_0_train_loss":0.816701104668039,"_timestamp":1.7367370960660284e+09,"seasonal_3_train_loss":1.6249736908276526,"predicted_seasonal_0_stock_price":-2.0325918197631836,"real_seasonal_3_stock_price":9.210042698987007}