{"_runtime":3807.802210169,"_step":302,"dim":128,"train_loss":0.008766186951050014,"_wandb":{"runtime":3807},"predicted_stock_price":119.07467651367188,"mse":30.301466879958753,"Runtime (seconds)":274.2815148830414,"valid_loss":0.03961808370851626,"depth":4,"real_stock_price":113.56999969482422,"r2_score":NaN,"XOM Stock Price Prediction by iTransformer(no MSTL)":{"_type":"image-file","sha256":"821883099bdaa0a073a612ed68368acaf8030c89c5c8b30924acc4aadf98712f","size":50570,"path":"media/images/XOM Stock Price Prediction by iTransformer(no MSTL)_301_821883099bdaa0a073a6.png","format":"png","width":1000,"height":600},"rmse":5.504676818847656,"_timestamp":1.7386091415647664e+09,"mae":5.504676818847656}