{"dim":128,"seasonal_2_train_loss":0.3602732727642354,"seasonal_3_train_loss":1.1957958125590216,"_timestamp":1.7367552295925453e+09,"Runtime (seconds)":10.02810025215149,"resid_valid_loss":0.3836395498970355,"real_resid_stock_price":9.055692807152383,"predicted_seasonal_1_stock_price":-3.470118761062622,"seasonal_0_train_loss":0.3622517260473751,"_runtime":19.793282808,"AAPL Stock Price Prediction by iTransformer":{"height":600,"_type":"image-file","sha256":"e36ddbc0465fd5173e313d06b34692af32ad20c7b27656847ff098238d762673","size":46622,"path":"media/images/AAPL Stock Price Prediction by iTransformer_8_e36ddbc0465fd5173e31.png","format":"png","width":1000},"rmse":87.15625,"real_trend_stock_price":221.26011182814653,"mse":7596.2119140625,"real_seasonal_1_stock_price":-3.1406833550471123,"final_predicted_stock_price":149.69375610351562,"real_seasonal_2_stock_price":7.340473597304427,"_step":9,"seasonal_1_train_loss":0.6716719205188789,"_wandb":{"runtime":19},"resid_train_loss":1.3677170882925733,"seasonal_2_valid_loss":0.5712654712404599,"predicted_seasonal_3_stock_price":-0.9686782360076904,"trend_train_loss":0.44972886473330365,"predicted_seasonal_0_stock_price":-0.26841506361961365,"periods":[252,504,756,1260],"predicted_resid_stock_price":10.663058280944824,"seasonal_1_valid_loss":0.4440516638324449,"seasonal_0_valid_loss":0.2977422890352442,"seasonal_3_valid_loss":0.376132603680742,"depth":4,"predicted_trend_stock_price":132.09169006347656,"predicted_seasonal_2_stock_price":11.646224975585938,"real_seasonal_0_stock_price":-2.336380559642099,"real_seasonal_3_stock_price":4.6707917856014936,"trend_valid_loss":1.6906895125207821,"real_stock_price":236.85000610351562,"mae":87.15625}