{"predicted_seasonal_2_stock_price":3.9278790950775146,"real_trend_stock_price":221.26011217113805,"predicted_seasonal_1_stock_price":-0.27224376797676086,"AAPL Stock Price Prediction by iTransformer":{"format":"png","width":1000,"height":600,"_type":"image-file","sha256":"c7c094e49a2a386c8df86de4d1b9355e3f7dd76b4e032642309369df22034234","size":46155,"path":"media/images/AAPL Stock Price Prediction by iTransformer_8_c7c094e49a2a386c8df8.png"},"real_resid_stock_price":9.055693782933616,"seasonal_1_valid_loss":1.8331731190414233,"resid_valid_loss":1.3933306302275068,"predicted_seasonal_3_stock_price":11.336819648742676,"trend_valid_loss":0.38673526148374815,"seasonal_3_valid_loss":0.18320319696795195,"predicted_trend_stock_price":152.60665893554688,"real_seasonal_2_stock_price":7.340469186038556,"predicted_resid_stock_price":0.4321446418762207,"final_predicted_stock_price":168.6146697998047,"periods":[252,504,756,1260],"resid_train_loss":1.2313189463561998,"seasonal_3_train_loss":0.6541705137855477,"mae":68.23533630371094,"depth":4,"seasonal_0_train_loss":0.44668440177501667,"trend_train_loss":0.055793243121158825,"seasonal_0_valid_loss":0.379253625869751,"seasonal_2_valid_loss":0.6102612679603541,"seasonal_2_train_loss":0.614333496942284,"_timestamp":1.7367316847072725e+09,"Runtime (seconds)":6.001760005950928,"rmse":68.23533630371094,"real_seasonal_3_stock_price":4.670780704835424,"real_stock_price":236.85000610351562,"_runtime":12.95208789,"real_seasonal_0_stock_price":-2.3363754762411917,"_wandb":{"runtime":12},"real_seasonal_1_stock_price":-3.1406742651888253,"mse":4656.061120480532,"_step":9,"predicted_seasonal_0_stock_price":0.5834135413169861,"seasonal_1_train_loss":1.8557489328369479,"dim":128}