{"seasonal_1_train_loss":1.4567789480573352,"real_trend_stock_price":221.26011255417856,"seasonal_0_valid_loss":1.0545938902690317,"_timestamp":1.7367455633297186e+09,"predicted_seasonal_0_stock_price":0.7566291093826294,"seasonal_1_valid_loss":1.3453766490882362,"resid_valid_loss":0.49367658407971465,"rmse":60.550048828125,"mae":60.550048828125,"AAPL Stock Price Prediction by iTransformer":{"height":600,"_type":"image-file","sha256":"085669c8b2faf62df2ec423f7bf91d37791af934d6fbb80bfccc0809d52ba900","size":46637,"path":"media/images/AAPL Stock Price Prediction by iTransformer_8_085669c8b2faf62df2ec.png","format":"png","width":1000},"mse":3666.3084130883217,"_wandb":{"runtime":10},"trend_valid_loss":0.5693564428054001,"Runtime (seconds)":4.881261110305786,"predicted_resid_stock_price":10.737593650817871,"depth":4,"predicted_trend_stock_price":147.86358642578125,"final_predicted_stock_price":176.29995727539062,"predicted_seasonal_3_stock_price":12.788086891174316,"seasonal_3_train_loss":0.8112516508094574,"predicted_seasonal_2_stock_price":4.178136348724365,"seasonal_3_valid_loss":0.15033635985655863,"real_seasonal_0_stock_price":-2.3363811646021433,"trend_train_loss":0.21641597261172046,"real_seasonal_3_stock_price":4.670782675519573,"real_seasonal_2_stock_price":7.3404675927564185,"real_seasonal_1_stock_price":-3.1406728172042215,"dim":128,"_runtime":10.34049784,"seasonal_2_valid_loss":0.24415810406208038,"seasonal_0_train_loss":0.5432800489212202,"_step":9,"seasonal_2_train_loss":0.3260185926679581,"real_resid_stock_price":9.055697262867426,"periods":[252,504,756,1260],"real_stock_price":236.85000610351562,"predicted_seasonal_1_stock_price":-0.024067215621471405,"resid_train_loss":1.891953572697584}