{"seasonal_3_train_loss":0.6275013377559319,"real_seasonal_2_stock_price":16.307195141839433,"rmse":80.68634033203125,"dim":128,"seasonal_2_train_loss":1.844094677615668,"predicted_resid_stock_price":18.311006546020508,"real_resid_stock_price":30.052430487608945,"predicted_seasonal_0_stock_price":-2.4363231658935547,"seasonal_0_valid_loss":1.7952256202697754,"_step":9,"resid_valid_loss":0.8801483006581016,"seasonal_3_valid_loss":0.2919815928095354,"real_seasonal_0_stock_price":-6.886692248923765,"mse":6510.285516176373,"seasonal_1_valid_loss":0.8702070878493828,"real_seasonal_1_stock_price":2.721535027645758,"trend_train_loss":0.5343916685170669,"real_stock_price":218.94000244140625,"_runtime":12.759169723,"trend_valid_loss":0.6069657746194623,"predicted_seasonal_2_stock_price":-3.437344551086426,"_timestamp":1.7367550280499272e+09,"AMZN Stock Price Prediction by iTransformer":{"height":600,"_type":"image-file","sha256":"bd47bb904b344d005cb40a762554b69c34d2ef39fe469b6c0addbcc47723d251","size":46073,"path":"media/images/AMZN Stock Price Prediction by iTransformer_8_bd47bb904b344d005cb4.png","format":"png","width":1000},"seasonal_2_valid_loss":1.7255198656925235,"predicted_trend_stock_price":112.72505187988281,"predicted_seasonal_3_stock_price":13.870529174804688,"final_predicted_stock_price":138.253662109375,"real_seasonal_3_stock_price":9.210042698987007,"_wandb":{"runtime":12},"Runtime (seconds)":5.875467777252197,"predicted_seasonal_1_stock_price":-0.7792568802833557,"real_trend_stock_price":167.5354913342489,"resid_train_loss":0.7085608511165163,"seasonal_1_train_loss":1.3803126313021736,"mae":80.68634033203125,"periods":[252,504,756,1260],"seasonal_0_train_loss":1.1378343838331197,"depth":4}