{"seasonal_0_valid_loss":0.25977060085485787,"seasonal_1_train_loss":0.4606746564909469,"real_seasonal_2_stock_price":7.340469639597537,"real_resid_stock_price":9.055699813174357,"predicted_resid_stock_price":5.134145736694336,"predicted_seasonal_3_stock_price":-0.26184988021850586,"predicted_seasonal_2_stock_price":2.771876811981201,"final_predicted_stock_price":100.12151336669922,"mse":18694.680726081657,"_runtime":10.351578257,"depth":4,"trend_valid_loss":1.4305435451313275,"seasonal_0_train_loss":0.2583114076566848,"real_seasonal_0_stock_price":-2.336383173741716,"real_stock_price":236.85000610351562,"Runtime (seconds)":4.834902048110962,"real_seasonal_3_stock_price":4.670787007889407,"mae":136.7284927368164,"seasonal_3_valid_loss":0.6978156803285375,"predicted_seasonal_1_stock_price":-2.41654372215271,"predicted_trend_stock_price":93.56299591064453,"resid_valid_loss":0.3996588843793686,"periods":[252,504,756,1260],"resid_train_loss":0.37059588291143114,"rmse":136.7284927368164,"_step":9,"seasonal_2_valid_loss":1.143641342766477,"seasonal_1_valid_loss":0.28367539094044614,"trend_train_loss":0.1232882734041509,"seasonal_2_train_loss":1.3043885004077305,"dim":128,"_wandb":{"runtime":10},"predicted_seasonal_0_stock_price":1.3308883905410767,"seasonal_3_train_loss":0.6106353004078181,"real_seasonal_1_stock_price":-3.1406793792156398,"AAPL Stock Price Prediction by iTransformer":{"width":1000,"height":600,"_type":"image-file","sha256":"311b365b2f0afbfa4dcf505873e7aeb2ba966dd1d499f7bf1dfa0da76ae18715","size":47710,"path":"media/images/AAPL Stock Price Prediction by iTransformer_8_311b365b2f0afbfa4dcf.png","format":"png"},"real_trend_stock_price":221.2601121958117,"_timestamp":1.736719192847247e+09}