{"seasonal_0_valid_loss":0.27070408996249967,"real_trend_stock_price":167.5354913342489,"rmse":72.84112548828125,"resid_valid_loss":2.4313237124975866,"predicted_trend_stock_price":119.85142517089844,"predicted_seasonal_2_stock_price":-0.5985409617424011,"_runtime":11.216347244,"seasonal_2_valid_loss":1.3590762615203857,"real_resid_stock_price":30.052430487608945,"mse":5305.829562399536,"trend_train_loss":0.748331153986673,"seasonal_0_train_loss":0.24557364346229868,"seasonal_1_valid_loss":0.6031795128811646,"seasonal_3_train_loss":1.9011204398032657,"trend_valid_loss":0.4104984740347222,"final_predicted_stock_price":146.098876953125,"dim":128,"Runtime (seconds)":5.321347236633301,"real_seasonal_3_stock_price":9.210042698987007,"real_seasonal_0_stock_price":-6.886692248923765,"mae":72.84112548828125,"predicted_resid_stock_price":29.56887435913086,"seasonal_3_valid_loss":2.1064927411647636,"_wandb":{"runtime":11},"periods":[252,504,756,1260],"_step":9,"seasonal_1_train_loss":0.8077706655667064,"real_seasonal_1_stock_price":2.721535027645758,"AMZN Stock Price Prediction by iTransformer":{"path":"media/images/AMZN Stock Price Prediction by iTransformer_8_84f5d462bf98c8100ab8.png","format":"png","width":1000,"height":600,"_type":"image-file","sha256":"84f5d462bf98c8100ab8d223be7c29c97b43875f31f95846794cf748f120c4c7","size":48876},"predicted_seasonal_0_stock_price":-6.603321075439453,"resid_train_loss":0.7822076685759336,"depth":4,"_timestamp":1.7367269316179087e+09,"predicted_seasonal_1_stock_price":2.7133727073669434,"predicted_seasonal_3_stock_price":1.1670613288879395,"real_seasonal_2_stock_price":16.307195141839433,"seasonal_2_train_loss":1.028890653981103,"real_stock_price":218.94000244140625}