{"real_trend_stock_price":221.2601112113723,"predicted_seasonal_2_stock_price":1.2812963724136353,"Runtime (seconds)":4.941868305206299,"real_seasonal_2_stock_price":7.340475871532295,"predicted_resid_stock_price":0.6044542789459229,"trend_train_loss":0.1352694340822769,"real_stock_price":236.85000610351562,"seasonal_2_train_loss":0.7104516033930689,"seasonal_0_valid_loss":2.9965547278472586,"mae":54.29075622558594,"rmse":54.29075622558594,"seasonal_1_train_loss":1.1027888803927393,"predicted_seasonal_3_stock_price":4.854465484619141,"seasonal_3_valid_loss":0.181228755081133,"periods":[252,504,756,1260],"seasonal_3_train_loss":1.150887220027204,"depth":4,"_wandb":{"runtime":11},"mse":2947.4862115459982,"final_predicted_stock_price":182.5592498779297,"predicted_seasonal_0_stock_price":-3.6156702041625977,"predicted_seasonal_1_stock_price":-2.6543374061584473,"predicted_trend_stock_price":182.08905029296875,"dim":128,"real_seasonal_0_stock_price":-2.3363768432242624,"AAPL Stock Price Prediction by iTransformer":{"_type":"image-file","sha256":"6f93bcc75f3147587911e4e76c1b8b30902a332ce5e629e0017a7b99fd1a1fcc","size":49574,"path":"media/images/AAPL Stock Price Prediction by iTransformer_8_6f93bcc75f3147587911.png","format":"png","width":1000,"height":600},"_timestamp":1.7367429367121103e+09,"resid_valid_loss":0.760358407477702,"_step":9,"seasonal_2_valid_loss":0.3103867272812214,"resid_train_loss":0.7317171700489826,"real_seasonal_1_stock_price":-3.1406784289962313,"real_resid_stock_price":9.055691128781916,"seasonal_1_valid_loss":1.087805040643133,"seasonal_0_train_loss":1.6750979843122433,"trend_valid_loss":0.09444748731382359,"real_seasonal_3_stock_price":4.670783164049578,"_runtime":11.545166058}