{"real_resid_stock_price":9.055696036369767,"seasonal_0_valid_loss":1.6269270788560322,"real_seasonal_3_stock_price":4.6707824195674625,"seasonal_1_valid_loss":0.7874426259923337,"trend_valid_loss":3.5655759382938994,"seasonal_3_valid_loss":0.42037428021430967,"dim":128,"periods":[252,504,756,1260],"predicted_seasonal_1_stock_price":-3.827951669692993,"mae":152.1100311279297,"AAPL Stock Price Prediction by iTransformer":{"sha256":"aeaedfb2149bb5a007aa0eafde3a99e92f588d6342172af62f7d2153c8af6c32","size":46147,"path":"media/images/AAPL Stock Price Prediction by iTransformer_8_aeaedfb2149bb5a007aa.png","format":"png","width":1000,"height":600,"_type":"image-file"},"real_seasonal_2_stock_price":7.340468145350865,"_runtime":12.95715637,"seasonal_2_valid_loss":0.6024263542001183,"final_predicted_stock_price":84.73997497558594,"predicted_seasonal_3_stock_price":0.4172073006629944,"real_seasonal_0_stock_price":-2.3363779858242983,"predicted_seasonal_0_stock_price":0.0981670394539833,"resid_train_loss":1.833242105646471,"rmse":152.1100311279297,"real_stock_price":236.85000610351562,"_wandb":{"runtime":12},"_timestamp":1.7367486891064022e+09,"real_seasonal_1_stock_price":-3.1406741052248126,"seasonal_2_train_loss":0.8722044934800365,"predicted_seasonal_2_stock_price":4.240804672241211,"Runtime (seconds)":4.621953725814819,"trend_train_loss":0.5123801913045044,"real_trend_stock_price":221.26011159327663,"seasonal_3_train_loss":0.6651592601501822,"depth":4,"predicted_resid_stock_price":-6.5543107986450195,"mse":23137.46156973974,"seasonal_1_train_loss":0.8352399714942117,"_step":9,"resid_valid_loss":2.100152301020614,"predicted_trend_stock_price":90.36605834960938,"seasonal_0_train_loss":0.6644749007199822}