{"_wandb":{"runtime":57},"_step":6,"seasonal_3_train_loss":0.5460497101027905,"predicted_resid_stock_price":5.7879528083461285,"seasonal_2_train_loss":0.5973141208238646,"seasonal_2_valid_loss":0.9909165110490094,"resid_valid_loss":0.3662618315286851,"predicted_seasonal_1_stock_price":2.0093076090134137,"trend_valid_loss":0.46702065837431794,"trend_train_loss":0.44402154488944073,"resid_train_loss":0.6386608185804926,"seasonal_1_valid_loss":0.580740482729172,"predicted_seasonal_2_stock_price":3.905528726090045,"predicted_seasonal_0_stock_price":-0.07610354414188186,"seasonal_0_train_loss":0.8165200645401633,"final_predicted_stock_price":151.20013426326378,"real_seasonal_0_stock_price":-0.2383540008537027,"real_stock_price":237.3300018310547,"seasonal_1_train_loss":1.797491378146792,"real_seasonal_2_stock_price":6.958659985778464,"real_resid_stock_price":10.57251694169372,"seasonal_0_valid_loss":2.259541952932203,"_runtime":56.985000449,"predicted_seasonal_3_stock_price":-1.8346810325887999,"real_seasonal_3_stock_price":3.191662100647312,"real_trend_stock_price":215.95025059531127,"predicted_trend_stock_price":141.4081296965449,"_timestamp":1.7356570285657468e+09,"seasonal_3_valid_loss":0.6039340543874445,"real_seasonal_1_stock_price":0.895266208477606}