{"resid_train_loss":0.6228187262186233,"seasonal_3_valid_loss":0.3423607647418976,"mse":2961.605953313643,"seasonal_0_train_loss":0.2855793888041988,"Runtime (seconds)":9.473849534988403,"_step":9,"real_trend_stock_price":221.2601110067943,"real_resid_stock_price":9.055697037438506,"seasonal_1_train_loss":0.7172823710848065,"final_predicted_stock_price":182.4293670654297,"predicted_seasonal_2_stock_price":5.092159271240234,"mae":54.42063903808594,"seasonal_2_valid_loss":0.12876446362414207,"predicted_seasonal_3_stock_price":0.1131441593170166,"dim":128,"trend_valid_loss":0.17138491981886708,"real_seasonal_1_stock_price":-3.140675698254661,"seasonal_1_valid_loss":0.2851954079769253,"AAPL Stock Price Prediction by iTransformer":{"sha256":"7447c7fec8e76cabb1e9309d699a96ede06d6f8941bfcaf164b67e78102b41f9","size":49567,"path":"media/images/AAPL Stock Price Prediction by iTransformer_8_7447c7fec8e76cabb1e9.png","format":"png","width":1000,"height":600,"_type":"image-file"},"seasonal_0_valid_loss":0.34156182007800473,"real_seasonal_2_stock_price":7.340468426810031,"predicted_resid_stock_price":2.7991931438446045,"resid_valid_loss":0.6990167030723308,"predicted_seasonal_1_stock_price":-3.647308588027954,"_runtime":18.83007124,"real_stock_price":236.85000610351562,"depth":4,"periods":[252,504,756,1260],"real_seasonal_0_stock_price":-2.3363766348337855,"_wandb":{"runtime":18},"seasonal_3_train_loss":0.9821244650727652,"predicted_trend_stock_price":176.68109130859375,"predicted_seasonal_0_stock_price":1.391089916229248,"seasonal_2_train_loss":0.7487767871963558,"trend_train_loss":0.010828118977119845,"rmse":54.42063903808594,"_timestamp":1.736740402959125e+09,"real_seasonal_3_stock_price":4.670781965561235}