{"real_trend_stock_price":221.26011215263378,"predicted_seasonal_1_stock_price":-0.9662988185882568,"dim":128,"seasonal_2_train_loss":1.8314365406492443,"predicted_seasonal_2_stock_price":-1.333124041557312,"seasonal_3_train_loss":1.4272612513962881,"trend_train_loss":0.2134201868082599,"real_seasonal_0_stock_price":-2.3363820010610525,"resid_train_loss":1.4680110798395258,"_runtime":11.142754636,"seasonal_2_valid_loss":1.2876871213316918,"_step":9,"rmse":28.584259033203125,"seasonal_1_train_loss":0.6657254047915091,"real_seasonal_1_stock_price":-3.140682613783683,"mae":28.584259033203125,"seasonal_0_valid_loss":0.3353108507517266,"predicted_trend_stock_price":204.16015625,"seasonal_3_valid_loss":0.621375733030879,"seasonal_1_valid_loss":0.4817569328615299,"real_stock_price":236.85000610351562,"real_seasonal_3_stock_price":4.670792049785742,"depth":4,"predicted_seasonal_0_stock_price":1.7449960708618164,"_timestamp":1.7367145709271152e+09,"_wandb":{"runtime":11},"final_predicted_stock_price":208.2657470703125,"Runtime (seconds)":5.259345769882202,"resid_valid_loss":0.5626181102326875,"AAPL Stock Price Prediction by iTransformer":{"width":1000,"height":600,"_type":"image-file","sha256":"0875f940117b45a5f79ecb26dd8f4b551feb71792905717e2855de85be92b6b2","size":48581,"path":"media/images/AAPL Stock Price Prediction by iTransformer_8_0875f940117b45a5f79e.png","format":"png"},"real_seasonal_2_stock_price":7.340469508028234,"trend_valid_loss":0.02960138701357294,"predicted_resid_stock_price":8.531465530395508,"seasonal_0_train_loss":0.22459458751636074,"predicted_seasonal_3_stock_price":-3.871450901031494,"real_resid_stock_price":9.055697007912613,"mse":817.0598644772545,"periods":[252,504,756,1260]}