{"trend_train_loss":0.09065385070179413,"dim":128,"predicted_seasonal_2_stock_price":-11.95769214630127,"seasonal_2_train_loss":2.1793002588554327,"real_trend_stock_price":167.5354913342489,"rmse":96.76749420166016,"predicted_seasonal_3_stock_price":14.227554321289062,"seasonal_3_valid_loss":0.5390052199363708,"mae":96.76749420166016,"real_seasonal_2_stock_price":16.307195141839433,"predicted_trend_stock_price":144.0584716796875,"final_predicted_stock_price":122.1725082397461,"predicted_resid_stock_price":-18.7535457611084,"real_seasonal_1_stock_price":2.721535027645758,"_runtime":17.667467732,"real_stock_price":218.94000244140625,"predicted_seasonal_1_stock_price":2.6758852005004883,"resid_train_loss":2.9367819823274677,"predicted_seasonal_0_stock_price":-8.078177452087402,"_step":9,"trend_valid_loss":0.07873888372590668,"seasonal_0_valid_loss":0.42935624718666077,"mse":9363.947934068332,"seasonal_1_valid_loss":1.7403253316879272,"real_seasonal_3_stock_price":9.210042698987007,"periods":[252,504,756,1260],"_timestamp":1.7367593335250468e+09,"seasonal_1_train_loss":2.1125403222541386,"seasonal_2_valid_loss":4.366546095766093,"Runtime (seconds)":8.642634630203247,"depth":4,"AMZN Stock Price Prediction by iTransformer":{"_type":"image-file","sha256":"3eb1236590db12faf4118eb2fa93da1a55792c13cbb61253581353eec1e2b2e9","size":46416,"path":"media/images/AMZN Stock Price Prediction by iTransformer_8_3eb1236590db12faf411.png","format":"png","width":1000,"height":600},"resid_valid_loss":3.9110034934764664,"real_resid_stock_price":30.052430487608945,"_wandb":{"runtime":17},"seasonal_3_train_loss":0.32894128814263557,"real_seasonal_0_stock_price":-6.886692248923765,"seasonal_0_train_loss":0.36725231635798145}