{"mse":34863.19357506145,"_runtime":11.289632928,"seasonal_1_valid_loss":1.4541835301631205,"final_predicted_stock_price":32.223121643066406,"seasonal_0_valid_loss":0.3134199006216867,"real_resid_stock_price":30.052430487608945,"real_stock_price":218.94000244140625,"seasonal_1_train_loss":1.4179718526853184,"predicted_seasonal_2_stock_price":-4.141273498535156,"seasonal_2_train_loss":0.9097487595363504,"rmse":186.71688079833984,"predicted_seasonal_3_stock_price":0.8247339129447937,"AMZN Stock Price Prediction by iTransformer":{"size":46522,"path":"media/images/AMZN Stock Price Prediction by iTransformer_8_8ab87ee764960ac656f0.png","format":"png","width":1000,"height":600,"_type":"image-file","sha256":"8ab87ee764960ac656f0311391a7d649d02ba05150eda4eb60dd283bfd609f90"},"predicted_trend_stock_price":47.800498962402344,"real_trend_stock_price":167.5354913342489,"seasonal_0_train_loss":0.29029629904849147,"trend_valid_loss":5.338735082176294,"_step":9,"mae":186.71688079833984,"real_seasonal_0_stock_price":-6.886692248923765,"predicted_seasonal_0_stock_price":-7.0950846672058105,"Runtime (seconds)":4.466924428939819,"real_seasonal_2_stock_price":16.307195141839433,"seasonal_3_valid_loss":1.0763601132773406,"_wandb":{"runtime":11},"predicted_resid_stock_price":-4.875542163848877,"seasonal_2_valid_loss":0.9430004493153249,"_timestamp":1.7367578688159714e+09,"resid_valid_loss":1.521110679570911,"seasonal_3_train_loss":1.2509119222187643,"resid_train_loss":1.5590697101540723,"dim":128,"trend_train_loss":3.4321293391031924,"depth":4,"periods":[252,504,756,1260],"predicted_seasonal_1_stock_price":-0.29020965099334717,"real_seasonal_1_stock_price":2.721535027645758,"real_seasonal_3_stock_price":9.210042698987007}