{"trend_train_loss":0.2737024447439831,"dim":128,"trend_valid_loss":1.2181700508287348,"real_seasonal_0_stock_price":-6.886692248923765,"seasonal_2_valid_loss":0.5330685979086105,"mae":114.88810729980469,"_wandb":{"runtime":15},"_runtime":15.017418278,"predicted_trend_stock_price":92.6810531616211,"periods":[252,504,756,1260],"seasonal_3_train_loss":0.3301287506315929,"seasonal_1_train_loss":0.4000713024224334,"resid_valid_loss":3.039901651112379,"real_trend_stock_price":167.5354913342489,"real_seasonal_1_stock_price":2.721535027645758,"resid_train_loss":1.4042597876181593,"Runtime (seconds)":6.9378273487091064,"predicted_seasonal_0_stock_price":-2.5040974617004395,"predicted_seasonal_1_stock_price":1.8763153553009033,"predicted_resid_stock_price":-5.721749782562256,"seasonal_3_valid_loss":0.1774934672233131,"_step":9,"predicted_seasonal_2_stock_price":2.856658935546875,"seasonal_1_valid_loss":0.1166511400856755,"_timestamp":1.7367153314003828e+09,"predicted_seasonal_3_stock_price":14.86371898651123,"AMZN Stock Price Prediction by iTransformer":{"sha256":"023e89d739f31b7af3ed8f8184dd4630b9b3f075a6d6efc7fe93661a3aad9815","size":46866,"path":"media/images/AMZN Stock Price Prediction by iTransformer_8_023e89d739f31b7af3ed.png","format":"png","width":1000,"height":600,"_type":"image-file"},"seasonal_0_valid_loss":0.970340121680404,"real_stock_price":218.94000244140625,"seasonal_0_train_loss":0.7342184854165849,"mse":13199.277198931435,"final_predicted_stock_price":104.05189514160156,"real_seasonal_2_stock_price":16.307195141839433,"seasonal_2_train_loss":1.113157110174358,"real_seasonal_3_stock_price":9.210042698987007,"depth":4,"real_resid_stock_price":30.052430487608945,"rmse":114.88810729980469}