{"resid_valid_loss":0.46914966171607375,"real_seasonal_0_stock_price":-2.336388802680494,"predicted_seasonal_1_stock_price":-1.0044400691986084,"seasonal_3_train_loss":1.1818429559369845,"predicted_seasonal_3_stock_price":-2.6672239303588867,"_timestamp":1.736750767338656e+09,"Runtime (seconds)":5.0634918212890625,"depth":4,"mse":10867.827073418535,"trend_train_loss":0.07402992103028518,"trend_valid_loss":0.7813798731324346,"_wandb":{"runtime":10},"predicted_seasonal_0_stock_price":1.631632685661316,"mae":104.24887084960938,"seasonal_1_valid_loss":1.4200063169002533,"final_predicted_stock_price":132.60113525390625,"rmse":104.24887084960938,"seasonal_2_train_loss":2.5513017763300696,"seasonal_1_train_loss":1.885232774543404,"seasonal_0_valid_loss":1.9815122054919025,"seasonal_3_valid_loss":0.8883062601089478,"predicted_resid_stock_price":7.771636009216309,"seasonal_2_valid_loss":0.16156050440127442,"real_seasonal_3_stock_price":4.670788477195485,"periods":[252,504,756,1260],"predicted_seasonal_2_stock_price":6.246563911437988,"AAPL Stock Price Prediction by iTransformer":{"format":"png","width":1000,"height":600,"_type":"image-file","sha256":"afab1037befafd3a88979762904eda4b39b1db95e73b8d86475438966f95e57c","size":46940,"path":"media/images/AAPL Stock Price Prediction by iTransformer_8_afab1037befafd3a8897.png"},"dim":128,"predicted_trend_stock_price":120.62297058105469,"_runtime":10.964837276,"real_seasonal_1_stock_price":-3.14067457251062,"_step":9,"real_stock_price":236.85000610351562,"real_resid_stock_price":9.055696010097336,"real_seasonal_2_stock_price":7.34047280103699,"resid_train_loss":0.9080029455233805,"seasonal_0_train_loss":1.0264915782175246,"real_trend_stock_price":221.26011219037693}