{"Runtime (seconds)":1722.5848417282104,"real_stock_price":201.4499969482422,"predicted_seasonal_0_stock_price":-3.295194149017334,"seasonal_1_train_loss":0.07967027623785483,"predicted_seasonal_3_stock_price":3.297907590866089,"seasonal_1_valid_loss":0.043776237455433645,"real_seasonal_0_stock_price":-5.140506355379676,"resid_valid_loss":0.04579987232761978,"seasonal_0_train_loss":0.050488997928556975,"dim":128,"predicted_trend_stock_price":159.3353729248047,"real_seasonal_2_stock_price":15.452060060109867,"predicted_seasonal_1_stock_price":3.3848190307617188,"resid_train_loss":0.08668969883058983,"_wandb":{"runtime":20933},"predicted_resid_stock_price":20.62724494934082,"final_predicted_stock_price":198.88931274414062,"seasonal_3_valid_loss":0.034619673567019865,"trend_train_loss":0.058265463892042325,"real_resid_stock_price":23.77763558604289,"depth":4,"predicted_seasonal_2_stock_price":15.539163589477539,"seasonal_0_valid_loss":0.03433840721845627,"real_seasonal_1_stock_price":3.124664217904731,"_step":1535,"seasonal_3_train_loss":0.0268324510032951,"mse":6.557103593135253,"AMZN Stock Price Prediction by iTransformer":{"format":"png","width":1000,"height":600,"_type":"image-file","sha256":"54a56258a10959a180b33ef83127555ebf4b667bb0485b6a8246c12dc85f40cf","size":54683,"path":"media/images/AMZN Stock Price Prediction by iTransformer_1534_54a56258a10959a180b3.png"},"_runtime":20933.256428211,"rmse":2.5606842041015625,"mae":2.5606842041015625,"seasonal_2_valid_loss":0.02467212322003701,"real_trend_stock_price":161.34832524481084,"seasonal_2_train_loss":0.04380224584339874,"_timestamp":1.7359420101215897e+09,"trend_valid_loss":0.03247489035129547,"real_seasonal_3_stock_price":2.887818194753555}