{"Validation Loss (Trend)":0.005086525809019804,"Train Loss (Trend)":0.005619124085604332,"Train Loss (Seasonal)":0.039367616372851216,"_step":101,"Train Loss (Resid)":0.07673167961848462,"Validation Loss (Seasonal)":0.13751663267612457,"_runtime":117.467746898,"Runtime (seconds)":114.44939970970154,"_wandb":{"runtime":117},"_timestamp":1.7294446473568726e+09,"Validation Loss (Resid)":0.16728219800366612,"Apple Stock Price Prediction":{"height":600,"_type":"image-file","sha256":"33af4d9b143deadf9d8c4d61970bd1e68a5f817991c1ff189013b66dd0a89585","size":47251,"path":"media/images/Apple Stock Price Prediction_100_33af4d9b143deadf9d8c.png","format":"png","width":1000}}