{"_runtime":15.845072417,"trend_train_loss":1.3295944109676305,"mse":3023.110341587104,"predicted_trend_stock_price":98.26519012451172,"depth":4,"real_seasonal_2_stock_price":16.307195141839433,"seasonal_2_train_loss":0.6428980715154262,"rmse":54.982818603515625,"mae":54.982818603515625,"resid_train_loss":0.40646592776130314,"final_predicted_stock_price":163.95718383789062,"seasonal_2_valid_loss":0.3259137128124246,"resid_valid_loss":0.7434694599523413,"real_stock_price":218.94000244140625,"_step":9,"seasonal_1_train_loss":0.6500051372658973,"seasonal_3_train_loss":1.9417883046423452,"real_trend_stock_price":167.5354913342489,"dim":128,"predicted_seasonal_3_stock_price":12.949899673461914,"seasonal_1_valid_loss":0.5307521008313885,"predicted_seasonal_1_stock_price":2.005934238433838,"seasonal_0_valid_loss":2.3267322725230595,"periods":[252,504,756,1260],"real_seasonal_3_stock_price":9.210042698987007,"seasonal_0_train_loss":1.9220433462075648,"_timestamp":1.736725494825776e+09,"Runtime (seconds)":7.029244899749756,"real_seasonal_1_stock_price":2.721535027645758,"real_resid_stock_price":30.052430487608945,"AMZN Stock Price Prediction by iTransformer":{"format":"png","width":1000,"height":600,"_type":"image-file","sha256":"fe6249b5153e44da5f4cd145e4be595a6d051a35a0585883a4792f4026a65a8c","size":48179,"path":"media/images/AMZN Stock Price Prediction by iTransformer_8_fe6249b5153e44da5f4c.png"},"trend_valid_loss":1.5298841611020544,"predicted_seasonal_2_stock_price":21.345251083374023,"_wandb":{"runtime":15},"real_seasonal_0_stock_price":-6.886692248923765,"predicted_resid_stock_price":24.632612228393555,"seasonal_3_valid_loss":1.8020603028915054,"predicted_seasonal_0_stock_price":4.758290767669678}