{"predicted_seasonal_2_stock_price":2.3220577239990234,"predicted_trend_stock_price":25.091041564941406,"_runtime":9.722809245,"real_trend_stock_price":167.5354913342489,"real_seasonal_1_stock_price":2.721535027645758,"mae":197.02998733520508,"Runtime (seconds)":4.958051919937134,"real_seasonal_3_stock_price":9.210042698987007,"predicted_seasonal_3_stock_price":-13.05079174041748,"real_seasonal_0_stock_price":-6.886692248923765,"dim":128,"_step":9,"real_resid_stock_price":30.052430487608945,"predicted_seasonal_0_stock_price":-6.553662300109863,"mse":38820.81590931107,"seasonal_0_train_loss":0.3203472068415412,"seasonal_2_valid_loss":0.4992931278954659,"rmse":197.02998733520508,"resid_valid_loss":0.23999114016837933,"seasonal_3_valid_loss":2.9338358733132277,"trend_valid_loss":5.579775690582563,"resid_train_loss":0.5824369779184744,"real_stock_price":218.94000244140625,"periods":[252,504,756,1260],"final_predicted_stock_price":21.910015106201172,"predicted_seasonal_1_stock_price":1.716918706893921,"predicted_resid_stock_price":12.384449005126953,"_wandb":{"runtime":9},"seasonal_0_valid_loss":0.3754421570583394,"seasonal_1_valid_loss":0.3567432929623,"seasonal_2_train_loss":0.6522483683333714,"AMZN Stock Price Prediction by iTransformer":{"path":"media/images/AMZN Stock Price Prediction by iTransformer_8_a7c704a48ff3dc455724.png","format":"png","width":1000,"height":600,"_type":"image-file","sha256":"a7c704a48ff3dc4557247958775b293779a809197f598e68e2d364e023374535","size":43941},"trend_train_loss":1.8624202891486623,"seasonal_3_train_loss":3.4636842373334114,"real_seasonal_2_stock_price":16.307195141839433,"_timestamp":1.7367143328485968e+09,"depth":4,"seasonal_1_train_loss":0.7761948776708054}