{"dim":128,"trend_train_loss":2.5840752727220844,"periods":[252,504,756,1260],"_timestamp":1.7367516703654912e+09,"Runtime (seconds)":5.118258237838745,"real_resid_stock_price":30.052430487608945,"predicted_seasonal_1_stock_price":-0.4993833899497986,"mse":16666.214698614145,"depth":4,"_wandb":{"runtime":11},"rmse":129.09769439697266,"seasonal_3_train_loss":0.517293337708704,"predicted_seasonal_3_stock_price":7.959733009338379,"resid_valid_loss":0.35731130512431264,"seasonal_0_valid_loss":1.3042970295027485,"predicted_trend_stock_price":62.941566467285156,"real_seasonal_2_stock_price":16.307195141839433,"predicted_seasonal_0_stock_price":0.6123854517936707,"seasonal_0_train_loss":1.1435408699913185,"mae":129.09769439697266,"_runtime":11.139663516,"real_stock_price":218.94000244140625,"real_seasonal_1_stock_price":2.721535027645758,"AMZN Stock Price Prediction by iTransformer":{"width":1000,"height":600,"_type":"image-file","sha256":"439c2c302e25a4fc664bf121f0263940bb0d81ccaaebf4e6b6f93473c7ae670c","size":46769,"path":"media/images/AMZN Stock Price Prediction by iTransformer_8_439c2c302e25a4fc664b.png","format":"png"},"_step":9,"predicted_seasonal_2_stock_price":7.738987445831299,"resid_train_loss":0.650841529156529,"seasonal_1_train_loss":0.9669541345262437,"final_predicted_stock_price":89.8423080444336,"real_seasonal_3_stock_price":9.210042698987007,"seasonal_3_valid_loss":0.2626305740220206,"trend_valid_loss":3.4934105555216473,"real_trend_stock_price":167.5354913342489,"predicted_resid_stock_price":11.089019775390625,"seasonal_2_valid_loss":0.32599916153938,"real_seasonal_0_stock_price":-6.886692248923765,"seasonal_1_valid_loss":1.1592222048955805,"seasonal_2_train_loss":0.43439563022363487}