{"r2_score":NaN,"valid_loss":0.02801289494916703,"rmse":7.004302978515625,"real_stock_price":197.57000732421875,"Runtime (seconds)":365.0359489917755,"_runtime":5111.627204109,"train_loss":0.04936150795489084,"predicted_stock_price":190.56570434570312,"mse":49.060260214842856,"_timestamp":1.7387491779184666e+09,"_step":302,"mae":7.004302978515625,"_wandb":{"runtime":5111},"GOOG Stock Price Prediction by iTransformer(no MSTL)":{"size":62424,"path":"media/images/GOOG Stock Price Prediction by iTransformer(no MSTL)_301_500b64e7f2c35dc6becf.png","format":"png","width":1000,"height":600,"_type":"image-file","sha256":"500b64e7f2c35dc6becfb86da7d4e8674c70dda2f42dbd4ef8fa40685e375159"},"depth":4,"dim":128}