{"trend_valid_loss":2.789180224796511,"_runtime":10.45390906,"mse":20016.38194551342,"seasonal_2_train_loss":0.4515289138614555,"predicted_seasonal_3_stock_price":10.602259635925293,"dim":128,"real_trend_stock_price":167.5354913342489,"_wandb":{"runtime":10},"real_seasonal_0_stock_price":-6.886692248923765,"real_stock_price":218.94000244140625,"real_resid_stock_price":30.052430487608945,"seasonal_1_valid_loss":1.7601652519825177,"resid_valid_loss":2.813924680473984,"AMZN Stock Price Prediction by iTransformer":{"format":"png","width":1000,"height":600,"_type":"image-file","sha256":"a98ea29595d4511bc2795550e7f607dea0c7fd77a3f7eeb997ec7105fb9f57dc","size":47069,"path":"media/images/AMZN Stock Price Prediction by iTransformer_8_a98ea29595d4511bc279.png"},"predicted_seasonal_2_stock_price":7.208919048309326,"_timestamp":1.7367262218028066e+09,"seasonal_0_valid_loss":0.3714690536765729,"_step":9,"predicted_resid_stock_price":-12.759912490844727,"predicted_trend_stock_price":78.3271484375,"seasonal_0_train_loss":0.41870426549899464,"periods":[252,504,756,1260],"seasonal_1_train_loss":1.5416980856343319,"real_seasonal_2_stock_price":16.307195141839433,"real_seasonal_3_stock_price":9.210042698987007,"predicted_seasonal_0_stock_price":-4.331348419189453,"final_predicted_stock_price":77.46073913574219,"seasonal_3_train_loss":0.6169715309114302,"seasonal_2_valid_loss":0.44678800908738314,"trend_train_loss":1.7126520108098302,"depth":4,"Runtime (seconds)":5.039766550064087,"predicted_seasonal_1_stock_price":-1.5863285064697266,"mae":141.47926330566406,"seasonal_3_valid_loss":0.11782743781805038,"resid_train_loss":2.3538421656022654,"real_seasonal_1_stock_price":2.721535027645758,"rmse":141.47926330566406}