{"seasonal_2_valid_loss":0.4275541329093979,"seasonal_0_valid_loss":1.6023326544715955,"depth":4,"predicted_seasonal_2_stock_price":9.689107894897461,"_timestamp":1.7367064788424149e+09,"real_seasonal_0_stock_price":2.499718097216574,"rmse":92.06317138671875,"real_stock_price":259.0199890136719,"resid_valid_loss":1.797808277145238,"real_resid_stock_price":18.59426435126386,"seasonal_1_train_loss":0.7610922632806645,"_runtime":9.348572605,"AAPL Stock Price Prediction by iTransformer":{"height":600,"_type":"image-file","sha256":"45dceb1f27185d887198b243c4dfd1b6fb912a7be0d8d55334236ab861f6a6b0","size":45673,"path":"media/images/AAPL Stock Price Prediction by iTransformer_8_45dceb1f27185d887198.png","format":"png","width":1000},"predicted_trend_stock_price":158.2518310546875,"resid_train_loss":1.6456390668643763,"predicted_seasonal_1_stock_price":0.04052365943789482,"predicted_resid_stock_price":-3.9962658882141113,"_step":9,"real_seasonal_2_stock_price":9.56928233144668,"seasonal_0_train_loss":0.5661135186387606,"mae":92.06317138671875,"_wandb":{"runtime":9},"seasonal_3_train_loss":1.1674719093803836,"seasonal_1_valid_loss":0.15198270976543427,"real_trend_stock_price":219.553128312742,"predicted_seasonal_0_stock_price":0.2056157886981964,"mse":8475.62752578035,"dim":128,"seasonal_3_valid_loss":0.34827701355567076,"final_predicted_stock_price":166.95681762695312,"predicted_seasonal_3_stock_price":2.766002893447876,"Runtime (seconds)":4.792196989059448,"trend_valid_loss":0.35327266571324517,"periods":[252,504,756,1260],"trend_train_loss":0.16524367158055772,"real_seasonal_1_stock_price":0.8564187195491304,"real_seasonal_3_stock_price":7.947177201453619,"seasonal_2_train_loss":1.2584746640826028}