{"_step":1633,"resid_valid_loss":0.03284512273967266,"real_resid_stock_price":8.921311956641887,"_timestamp":1.7388318101588812e+09,"seasonal_3_valid_loss":0.032269296366156955,"mae":1.9531097412109375,"real_seasonal_3_stock_price":3.142049013311724,"Runtime (seconds)":1960.2297027111053,"predicted_seasonal_1_stock_price":-4.139088153839111,"real_trend_stock_price":156.14970555954054,"resid_train_loss":0.061073177942375996,"real_seasonal_2_stock_price":10.929384510158386,"trend_train_loss":0.07004284265731238,"rmse":1.9531097412109375,"real_stock_price":172.7839813232422,"GOOG Stock Price Prediction by iTransformer":{"_type":"image-file","sha256":"c967b16c6c78e0c87e7e9082009dd59071fecfb7790d1412060a9bffc8d12f6a","size":52744,"path":"media/images/GOOG Stock Price Prediction by iTransformer_1632_c967b16c6c78e0c87e7e.png","format":"png","width":1000,"height":600},"real_seasonal_0_stock_price":-1.6311740517997722,"_runtime":29518.166829392,"seasonal_2_valid_loss":0.030948014929890633,"seasonal_3_train_loss":0.04555961175998844,"predicted_trend_stock_price":155.95401000976562,"depth":4,"seasonal_1_train_loss":0.05683657115114399,"seasonal_0_train_loss":0.07627817947060986,"seasonal_0_valid_loss":0.04878482222557068,"predicted_seasonal_0_stock_price":-1.4622160196304321,"predicted_seasonal_3_stock_price":1.7902629375457764,"dim":128,"periods":[252,504,756,1260],"_wandb":{"runtime":29518},"real_seasonal_1_stock_price":-4.727295664610584,"predicted_seasonal_2_stock_price":10.682604789733887,"seasonal_1_valid_loss":0.025574027746915817,"predicted_resid_stock_price":8.005288124084473,"trend_valid_loss":0.04130228724604273,"seasonal_2_train_loss":0.05728772021675613,"final_predicted_stock_price":170.83087158203125,"mse":3.8146376612130553}