{"_wandb":{"runtime":13},"resid_valid_loss":1.4759765237916347,"predicted_resid_stock_price":-6.891041278839111,"seasonal_1_valid_loss":2.514197955803318,"seasonal_3_valid_loss":0.2658037867450036,"predicted_seasonal_2_stock_price":3.151486396789551,"seasonal_3_train_loss":0.6935595407097376,"predicted_seasonal_0_stock_price":1.3551476001739502,"predicted_seasonal_1_stock_price":-2.423572063446045,"mae":61.17633056640625,"predicted_seasonal_3_stock_price":5.701455116271973,"periods":[252,504,756,1260],"resid_train_loss":1.8121032655984552,"depth":4,"real_resid_stock_price":30.052430487608945,"final_predicted_stock_price":157.763671875,"_step":9,"real_seasonal_0_stock_price":-6.886692248923765,"rmse":61.17633056640625,"trend_valid_loss":0.011533420050347394,"real_seasonal_2_stock_price":16.307195141839433,"real_seasonal_1_stock_price":2.721535027645758,"seasonal_2_valid_loss":0.512981232045666,"dim":128,"real_trend_stock_price":167.5354913342489,"seasonal_0_valid_loss":1.5052533932258747,"predicted_trend_stock_price":156.87017822265625,"trend_train_loss":0.659923984561343,"seasonal_0_train_loss":1.410654957900163,"real_seasonal_3_stock_price":9.210042698987007,"Runtime (seconds)":7.4913694858551025,"seasonal_1_train_loss":2.6848436784282668,"_runtime":13.236902857,"real_stock_price":218.94000244140625,"mse":3742.5434215702116,"AMZN Stock Price Prediction by iTransformer":{"width":1000,"height":600,"_type":"image-file","sha256":"26c8293876a52cc2f32b8ec45219014e6fad956c639dc37710f808c9e0451437","size":48622,"path":"media/images/AMZN Stock Price Prediction by iTransformer_8_26c8293876a52cc2f32b.png","format":"png"},"_timestamp":1.7367274319979901e+09,"seasonal_2_train_loss":0.9169498856238273}