{"trend_train_loss":0.2494439700096015,"seasonal_3_train_loss":0.8933287250790551,"_runtime":9.869571996,"seasonal_0_valid_loss":0.7721870096458695,"dim":128,"predicted_resid_stock_price":9.148829460144043,"predicted_seasonal_0_stock_price":-1.6342135667800903,"real_seasonal_3_stock_price":9.210042698987007,"Runtime (seconds)":4.160816192626953,"AMZN Stock Price Prediction by iTransformer":{"format":"png","width":1000,"height":600,"_type":"image-file","sha256":"dda015b7944790b9806bc0850954afd25bfd5533c1b09c09d82a724eb4953dd5","size":48923,"path":"media/images/AMZN Stock Price Prediction by iTransformer_8_dda015b7944790b9806b.png"},"seasonal_1_train_loss":0.7112701453405993,"predicted_seasonal_3_stock_price":0.2001604437828064,"seasonal_3_valid_loss":1.1673439636404783,"real_seasonal_1_stock_price":2.721535027645758,"real_stock_price":218.94000244140625,"predicted_seasonal_1_stock_price":2.7457947731018066,"final_predicted_stock_price":153.48829650878906,"real_trend_stock_price":167.5354913342489,"resid_valid_loss":0.7745992580995612,"mae":65.45170593261719,"seasonal_0_train_loss":0.9227772168300119,"predicted_seasonal_2_stock_price":3.292353630065918,"seasonal_2_train_loss":1.271321701795942,"predicted_trend_stock_price":139.73536682128906,"_step":9,"rmse":65.45170593261719,"mse":4283.925809489796,"seasonal_2_valid_loss":0.6423875302264451,"real_seasonal_2_stock_price":16.307195141839433,"periods":[252,504,756,1260],"resid_train_loss":0.6552993001870117,"depth":4,"seasonal_1_valid_loss":0.45360293984413147,"_wandb":{"runtime":9},"trend_valid_loss":0.13281982763201222,"real_resid_stock_price":30.052430487608945,"real_seasonal_0_stock_price":-6.886692248923765,"_timestamp":1.7367076420776904e+09}