{"seasonal_2_train_loss":1.21340298454998,"real_stock_price":218.94000244140625,"predicted_resid_stock_price":-10.671614646911621,"real_resid_stock_price":30.052430487608945,"predicted_trend_stock_price":89.52259826660156,"_timestamp":1.7367534319365916e+09,"seasonal_3_train_loss":0.3186567486704463,"resid_valid_loss":2.217768136388767,"real_seasonal_2_stock_price":16.307195141839433,"seasonal_2_valid_loss":0.3203518844488083,"Runtime (seconds)":4.383001089096069,"trend_valid_loss":1.4259507826396398,"real_seasonal_3_stock_price":9.210042698987007,"real_seasonal_1_stock_price":2.721535027645758,"real_trend_stock_price":167.5354913342489,"seasonal_0_train_loss":0.4024317687601189,"predicted_seasonal_1_stock_price":3.0050315856933594,"mse":12354.117622309364,"_wandb":{"runtime":9},"rmse":111.14907836914062,"_runtime":9.534876132,"seasonal_3_valid_loss":0.2449161653403824,"real_seasonal_0_stock_price":-6.886692248923765,"predicted_seasonal_2_stock_price":15.754483222961426,"seasonal_1_train_loss":0.3915565368112328,"depth":4,"dim":128,"mae":111.14907836914062,"final_predicted_stock_price":107.79092407226562,"resid_train_loss":2.214533266725914,"AMZN Stock Price Prediction by iTransformer":{"sha256":"b21289584ef91ef6ae28f0c9c730c8e2a8b474ae61e8e8b3eb738a9ed32d606f","size":46172,"path":"media/images/AMZN Stock Price Prediction by iTransformer_8_b21289584ef91ef6ae28.png","format":"png","width":1000,"height":600,"_type":"image-file"},"predicted_seasonal_0_stock_price":-3.577908992767334,"periods":[252,504,756,1260],"trend_train_loss":1.1466621432577695,"seasonal_0_valid_loss":0.3952489569711639,"seasonal_1_valid_loss":0.16174665956409431,"_step":9,"predicted_seasonal_3_stock_price":13.75833511352539}