{"BA Stock Price Prediction by iTransformer(no MSTL)":{"path":"media/images/BA Stock Price Prediction by iTransformer(no MSTL)_301_80b4fbec0c3283dce2aa.png","format":"png","width":1000,"height":600,"_type":"image-file","sha256":"80b4fbec0c3283dce2aaeb563f3da9b1361494f24d0e83ee16f3e6551d259202","size":53642},"_step":302,"mse":5.1298075097147375,"rmse":2.2649078369140625,"r2_score":NaN,"_wandb":{"runtime":4799},"real_stock_price":155.44000244140625,"_timestamp":1.73854787667196e+09,"valid_loss":0.026884650208399984,"Runtime (seconds)":912.3411154747009,"dim":128,"mae":2.2649078369140625,"train_loss":0.006254685103020658,"predicted_stock_price":153.1750946044922,"depth":4,"_runtime":4799.916222191}