{"seasonal_0_valid_loss":1.9658800517359087,"AAPL Stock Price Prediction by iTransformer":{"path":"media/images/AAPL Stock Price Prediction by iTransformer_8_9ec066dd466d940d96e8.png","format":"png","width":1000,"height":600,"_type":"image-file","sha256":"9ec066dd466d940d96e8b00a711e24fd6dd7302d84e5e0513c4f93df79f38259","size":45958},"real_resid_stock_price":9.055694733911196,"resid_valid_loss":2.3219201770617808,"_wandb":{"runtime":15},"_runtime":15.300652018,"predicted_trend_stock_price":84.77980041503906,"_timestamp":1.7367214089778602e+09,"predicted_resid_stock_price":-8.67763614654541,"seasonal_2_valid_loss":1.4976355090361684,"seasonal_1_valid_loss":0.5812484929474389,"seasonal_2_train_loss":1.3553029534479655,"real_seasonal_2_stock_price":7.34047338892101,"_step":9,"real_seasonal_1_stock_price":-3.1406764788728316,"seasonal_3_valid_loss":0.10197917890558607,"seasonal_0_train_loss":0.9202696470007913,"predicted_seasonal_3_stock_price":9.02064323425293,"seasonal_3_train_loss":0.6769816417732964,"real_stock_price":236.85000610351562,"real_trend_stock_price":221.26011190799213,"depth":4,"real_seasonal_3_stock_price":4.670787970382836,"periods":[252,504,756,1260],"predicted_seasonal_1_stock_price":-1.7904967069625854,"mse":22142.240134181688,"predicted_seasonal_2_stock_price":4.902341365814209,"trend_valid_loss":3.025375268930558,"Runtime (seconds)":7.744224309921265,"real_seasonal_0_stock_price":-2.336385418818741,"trend_train_loss":0.4769124053658119,"resid_train_loss":2.168171199958319,"final_predicted_stock_price":88.04731750488281,"predicted_seasonal_0_stock_price":-0.18734252452850342,"mae":148.8026885986328,"rmse":148.8026885986328,"seasonal_1_train_loss":1.0238154964002675,"dim":128}