{"seasonal_1_valid_loss":0.6604464252789816,"real_stock_price":236.85000610351562,"mse":62803.19130792737,"Runtime (seconds)":3.7940826416015625,"trend_valid_loss":10.728938183599142,"seasonal_2_train_loss":2.2930461725942948,"predicted_seasonal_3_stock_price":11.469986915588379,"real_resid_stock_price":9.055699143529893,"seasonal_0_train_loss":0.16348177218325907,"mae":250.6056489944458,"trend_train_loss":1.5460374753614283,"seasonal_3_train_loss":1.0910014319416854,"resid_train_loss":1.1197321846603725,"real_trend_stock_price":221.26011164001898,"real_seasonal_3_stock_price":4.670785067322098,"dim":128,"_runtime":8.826821332,"seasonal_2_valid_loss":1.9533879443577358,"_timestamp":1.7367182311789255e+09,"predicted_resid_stock_price":5.086108207702637,"seasonal_1_train_loss":0.8068975422546448,"_step":9,"depth":4,"predicted_seasonal_0_stock_price":1.2047908306121826,"resid_valid_loss":0.7646455764770508,"real_seasonal_2_stock_price":7.3404715250485175,"seasonal_3_valid_loss":0.5251956513949803,"_wandb":{"runtime":8},"seasonal_0_valid_loss":0.4851434365548986,"AAPL Stock Price Prediction by iTransformer":{"height":600,"_type":"image-file","sha256":"e14abb9ada13455e82900e813526d4e541898c4268a2e9a3972c82cbcece78d9","size":44655,"path":"media/images/AAPL Stock Price Prediction by iTransformer_8_e14abb9ada13455e8290.png","format":"png","width":1000},"predicted_seasonal_2_stock_price":-0.8650151491165161,"real_seasonal_0_stock_price":-2.3363854546489877,"final_predicted_stock_price":-13.755642890930176,"predicted_seasonal_1_stock_price":0.30031484365463257,"periods":[252,504,756,1260],"real_seasonal_1_stock_price":-3.1406758177548593,"rmse":250.6056489944458,"predicted_trend_stock_price":-30.951828002929688}