{"periods":[252,504,756,1260],"rmse":33.93696594238281,"Runtime (seconds)":5.638230323791504,"real_stock_price":218.94000244140625,"seasonal_2_valid_loss":2.56522536277771,"predicted_seasonal_2_stock_price":-4.192093372344971,"seasonal_3_valid_loss":1.4308554985331712,"mse":1151.717657374451,"final_predicted_stock_price":185.00303649902344,"predicted_seasonal_0_stock_price":-0.5026065111160278,"_runtime":13.94619894,"real_seasonal_0_stock_price":-6.886692248923765,"real_seasonal_1_stock_price":2.721535027645758,"seasonal_0_valid_loss":1.210301013290882,"_step":9,"seasonal_3_train_loss":2.0489038471610117,"trend_valid_loss":0.0058045291925842984,"predicted_seasonal_1_stock_price":3.0493035316467285,"AMZN Stock Price Prediction by iTransformer":{"width":1000,"height":600,"_type":"image-file","sha256":"e022d95d9c999d286a81418aa092847b1b4cf7dc762d5a121f6390774d1132bd","size":47685,"path":"media/images/AMZN Stock Price Prediction by iTransformer_8_e022d95d9c999d286a81.png","format":"png"},"resid_valid_loss":0.8667685985565186,"predicted_seasonal_3_stock_price":9.439186096191406,"seasonal_0_train_loss":0.9459981046005065,"real_trend_stock_price":167.5354913342489,"dim":128,"predicted_trend_stock_price":160.09561157226562,"seasonal_1_train_loss":0.29479977952258435,"real_resid_stock_price":30.052430487608945,"seasonal_2_train_loss":1.6276146114566867,"trend_train_loss":0.03927083513927389,"depth":4,"resid_train_loss":0.9719684955394157,"predicted_resid_stock_price":17.113630294799805,"_wandb":{"runtime":13},"mae":33.93696594238281,"real_seasonal_2_stock_price":16.307195141839433,"seasonal_1_valid_loss":0.14601930582583858,"real_seasonal_3_stock_price":9.210042698987007,"_timestamp":1.7367203928259766e+09}