{"seasonal_0_train_loss":1.5678076777943077,"real_seasonal_0_stock_price":-2.336385525391723,"real_trend_stock_price":221.26011154136614,"real_seasonal_3_stock_price":4.670786423898896,"trend_valid_loss":3.958562562670984,"resid_train_loss":1.0745021206693033,"resid_valid_loss":0.9151203280265352,"seasonal_2_valid_loss":0.292421555162097,"real_seasonal_2_stock_price":7.340470518878663,"dim":128,"_step":9,"real_stock_price":236.85000610351562,"_runtime":11.412713547,"mae":176.72472763061523,"predicted_seasonal_3_stock_price":-8.862624168395996,"real_resid_stock_price":9.055695201730174,"seasonal_3_train_loss":1.8571798489655407,"final_predicted_stock_price":60.12527847290039,"seasonal_0_valid_loss":3.0405990155034477,"depth":4,"predicted_seasonal_1_stock_price":-3.374027967453003,"mse":31231.62935611514,"_wandb":{"runtime":11},"predicted_seasonal_2_stock_price":2.9229695796966553,"AAPL Stock Price Prediction by iTransformer":{"format":"png","width":1000,"height":600,"_type":"image-file","sha256":"572bec8e79b908da6975c5a650b15fed13dbe7c7686ca49f31b2d83abdb9a624","size":46206,"path":"media/images/AAPL Stock Price Prediction by iTransformer_8_572bec8e79b908da6975.png"},"_timestamp":1.7367542038769503e+09,"seasonal_3_valid_loss":1.1097591661579438,"trend_train_loss":1.035090443789461,"Runtime (seconds)":5.457138299942017,"real_seasonal_1_stock_price":-3.1406720569665434,"periods":[252,504,756,1260],"predicted_resid_stock_price":4.889376640319824,"rmse":176.72472763061523,"seasonal_2_train_loss":0.6083755973254554,"predicted_trend_stock_price":63.31195831298828,"seasonal_1_valid_loss":0.1423812359571457,"seasonal_1_train_loss":0.5058619595807174,"predicted_seasonal_0_stock_price":1.237622857093811}