{"real_seasonal_0_stock_price":-2.3363799300294983,"seasonal_3_train_loss":1.0130622920705312,"real_seasonal_2_stock_price":7.340473025812282,"dim":128,"rmse":141.51998138427734,"predicted_seasonal_3_stock_price":-3.025613784790039,"mae":141.51998138427734,"_step":9,"resid_valid_loss":0.6962857842445374,"real_trend_stock_price":221.2601117948988,"real_stock_price":236.85000610351562,"mse":20027.905131006206,"seasonal_2_train_loss":0.9827298145178858,"_runtime":10.153176004,"periods":[252,504,756,1260],"_wandb":{"runtime":10},"real_seasonal_3_stock_price":4.67078170463189,"Runtime (seconds)":5.063970327377319,"final_predicted_stock_price":95.33002471923828,"_timestamp":1.7367093773995109e+09,"predicted_seasonal_1_stock_price":-4.134993076324463,"seasonal_2_valid_loss":0.6608156669022415,"trend_valid_loss":1.9075531608827652,"real_seasonal_1_stock_price":-3.1406724750338526,"seasonal_1_valid_loss":0.5800136130647213,"predicted_trend_stock_price":94.87464141845703,"depth":4,"predicted_resid_stock_price":5.035911560058594,"AAPL Stock Price Prediction by iTransformer":{"width":1000,"height":600,"_type":"image-file","sha256":"c7adc25d9a6e22a430816f90030875e122cb34b786232b52e69599e2415874df","size":46070,"path":"media/images/AAPL Stock Price Prediction by iTransformer_8_c7adc25d9a6e22a43081.png","format":"png"},"predicted_seasonal_0_stock_price":0.7333561778068542,"predicted_seasonal_2_stock_price":1.8467270135879517,"seasonal_0_valid_loss":2.5391980826522955,"seasonal_0_train_loss":1.118712788838166,"seasonal_3_valid_loss":1.0494359413198395,"trend_train_loss":0.46833362582108395,"resid_train_loss":0.40685609923739446,"seasonal_1_train_loss":0.8208434957902409,"real_resid_stock_price":9.055691983236017}