{"periods":[252,504,756,1260],"seasonal_3_train_loss":0.9147601711950653,"real_resid_stock_price":30.052430487608945,"predicted_seasonal_1_stock_price":-0.6283626556396484,"predicted_trend_stock_price":84.97050476074219,"_wandb":{"runtime":11},"_step":9,"AMZN Stock Price Prediction by iTransformer":{"sha256":"b43b0b3a94019df1d382a5fd61cb6e28bb7544e9fb8b30a08d88eef2a0a1972c","size":46285,"path":"media/images/AMZN Stock Price Prediction by iTransformer_8_b43b0b3a94019df1d382.png","format":"png","width":1000,"height":600,"_type":"image-file"},"predicted_seasonal_0_stock_price":2.8142473697662354,"seasonal_2_train_loss":0.4636495018606646,"seasonal_1_valid_loss":1.3608305593282355,"_runtime":11.903650506,"Runtime (seconds)":5.233270883560181,"trend_train_loss":1.0086791680637495,"seasonal_0_train_loss":2.816941537052752,"resid_train_loss":0.6554426733268743,"real_trend_stock_price":167.5354913342489,"mae":106.25167083740234,"resid_valid_loss":0.3492064243752737,"rmse":106.25167083740234,"real_seasonal_1_stock_price":2.721535027645758,"_timestamp":1.7367131764273212e+09,"seasonal_1_train_loss":1.4184305909509607,"seasonal_0_valid_loss":2.9811783021314238,"seasonal_3_valid_loss":0.10976346582174301,"real_seasonal_2_stock_price":16.307195141839433,"mse":11289.417555739696,"predicted_seasonal_2_stock_price":9.893157958984375,"seasonal_2_valid_loss":0.2768458807002911,"real_seasonal_3_stock_price":9.210042698987007,"predicted_seasonal_3_stock_price":2.1785166263580322,"real_seasonal_0_stock_price":-6.886692248923765,"dim":128,"final_predicted_stock_price":112.6883316040039,"trend_valid_loss":1.7466413401143717,"predicted_resid_stock_price":13.46026611328125,"depth":4,"real_stock_price":218.94000244140625}