{"resid_valid_loss":0.5633764291460824,"Runtime (seconds)":6.950204133987427,"seasonal_3_train_loss":1.5273703559866092,"seasonal_3_valid_loss":0.25111511007559545,"predicted_seasonal_2_stock_price":6.154026031494141,"_timestamp":1.7367451147775393e+09,"real_trend_stock_price":167.5354913342489,"predicted_seasonal_1_stock_price":2.786069393157959,"real_seasonal_3_stock_price":9.210042698987007,"seasonal_2_train_loss":1.0547124401706716,"real_stock_price":218.94000244140625,"trend_train_loss":1.178091820134823,"seasonal_0_train_loss":0.8868496675140004,"AMZN Stock Price Prediction by iTransformer":{"path":"media/images/AMZN Stock Price Prediction by iTransformer_8_7bdc5bbec2b536829c24.png","format":"png","width":1000,"height":600,"_type":"image-file","sha256":"7bdc5bbec2b536829c24156465c6572135ebf2d57ce0221f585043c02206d6c8","size":46033},"_step":9,"seasonal_1_valid_loss":0.1969320854242844,"final_predicted_stock_price":131.0591583251953,"dim":128,"predicted_trend_stock_price":108.76785278320312,"periods":[252,504,756,1260],"mse":7723.042762577767,"mae":87.88084411621094,"_runtime":14.436740532,"seasonal_0_valid_loss":0.5771600135994074,"real_resid_stock_price":30.052430487608945,"resid_train_loss":0.507676499729733,"seasonal_2_valid_loss":0.2825428476437516,"rmse":87.88084411621094,"depth":4,"predicted_resid_stock_price":6.623823642730713,"real_seasonal_1_stock_price":2.721535027645758,"seasonal_1_train_loss":0.8187527470928311,"real_seasonal_0_stock_price":-6.886692248923765,"real_seasonal_2_stock_price":16.307195141839433,"trend_valid_loss":1.1528091292381286,"_wandb":{"runtime":14},"predicted_seasonal_0_stock_price":-3.178457498550415,"predicted_seasonal_3_stock_price":9.905845642089844}