{"r2_score":NaN,"predicted_stock_price":199.0406036376953,"dim":128,"mae":1.9206085205078125,"real_stock_price":197.1199951171875,"depth":4,"_wandb":{"runtime":2932},"AMZN Stock Price Prediction by iTransformer(no MSTL)":{"path":"media/images/AMZN Stock Price Prediction by iTransformer(no MSTL)_145_77ff504e1b222f4924d1.png","format":"png","width":1000,"height":600,"_type":"image-file","sha256":"77ff504e1b222f4924d171703b7fe7eb658799af9db76e640c0225532f320c0c","size":55652},"_step":146,"valid_loss":0.03980006277561188,"rmse":1.9206085205078125,"_runtime":2932.851255684,"Runtime (seconds)":81.96119213104248,"mse":3.6887370890472084,"train_loss":0.06800667267100051,"_timestamp":1.7359792263850248e+09}