{"mae":145.4761734008789,"seasonal_0_train_loss":0.3500343556767453,"periods":[252,504,756,1260],"_runtime":17.223626806,"predicted_resid_stock_price":-3.7091023921966553,"dim":128,"rmse":145.4761734008789,"predicted_seasonal_1_stock_price":-2.7517523765563965,"seasonal_2_valid_loss":0.10749830778317841,"_timestamp":1.7367242053431394e+09,"predicted_seasonal_2_stock_price":4.6177496910095215,"mse":21163.317027362587,"predicted_trend_stock_price":97.16105651855469,"final_predicted_stock_price":91.37383270263672,"seasonal_0_valid_loss":0.4710011905809609,"real_seasonal_1_stock_price":-3.1406776301383084,"predicted_seasonal_3_stock_price":-6.354648590087891,"_step":9,"seasonal_3_train_loss":1.0994140570477922,"predicted_seasonal_0_stock_price":2.410520553588867,"trend_valid_loss":1.9236858675999897,"depth":4,"resid_valid_loss":1.1287334903750437,"real_seasonal_2_stock_price":7.340473814804575,"seasonal_3_valid_loss":0.4924090818904253,"seasonal_1_valid_loss":0.32811773887007967,"AAPL Stock Price Prediction by iTransformer":{"size":46091,"path":"media/images/AAPL Stock Price Prediction by iTransformer_8_b65e1d9311b82b4efbae.png","format":"png","width":1000,"height":600,"_type":"image-file","sha256":"b65e1d9311b82b4efbaecb138fdfed035cd57142e456011dba88de831cdac583"},"resid_train_loss":1.204863759469471,"real_seasonal_0_stock_price":-2.336383303239981,"real_resid_stock_price":9.055691020465787,"Runtime (seconds)":8.410202026367188,"seasonal_1_train_loss":0.48752398237103883,"_wandb":{"runtime":17},"real_stock_price":236.85000610351562,"real_trend_stock_price":221.26011146932564,"real_seasonal_3_stock_price":4.670790732297909,"seasonal_2_train_loss":0.458496416930696,"trend_train_loss":0.901150500047065}