{"trend_valid_loss":0.045869502312686494,"real_seasonal_2_stock_price":16.307195141839433,"seasonal_1_valid_loss":0.14066143592345318,"_runtime":14.454249673,"seasonal_2_valid_loss":0.9090096147114787,"seasonal_0_valid_loss":0.2352699974880499,"real_seasonal_0_stock_price":-6.886692248923765,"_timestamp":1.7367477515481772e+09,"predicted_seasonal_0_stock_price":-5.075314044952393,"depth":4,"seasonal_3_train_loss":0.909927561530388,"_step":9,"trend_train_loss":0.49372605696596483,"real_trend_stock_price":167.5354913342489,"seasonal_3_valid_loss":0.7357980600070386,"resid_valid_loss":2.0008754344454496,"seasonal_1_train_loss":0.4655811317778867,"rmse":78.45709228515625,"periods":[252,504,756,1260],"predicted_seasonal_3_stock_price":-2.837660074234009,"final_predicted_stock_price":140.48291015625,"predicted_trend_stock_price":151.69773864746094,"dim":128,"mae":78.45709228515625,"real_seasonal_3_stock_price":9.210042698987007,"predicted_seasonal_1_stock_price":1.3159421682357788,"_wandb":{"runtime":14},"Runtime (seconds)":6.422312259674072,"seasonal_0_train_loss":0.5007350951928387,"AMZN Stock Price Prediction by iTransformer":{"width":1000,"height":600,"_type":"image-file","sha256":"48d532212060d420f1318f4a3e12744fe8ac4f655bfb46426d6b0dbf10ed654e","size":46084,"path":"media/images/AMZN Stock Price Prediction by iTransformer_8_48d532212060d420f131.png","format":"png"},"mse":6155.515329841524,"real_stock_price":218.94000244140625,"real_seasonal_1_stock_price":2.721535027645758,"seasonal_2_train_loss":0.8923509534345855,"predicted_resid_stock_price":-4.137488842010498,"resid_train_loss":1.7387635030938153,"real_resid_stock_price":30.052430487608945,"predicted_seasonal_2_stock_price":-0.4803112745285034}