{"real_seasonal_2_stock_price":7.340471514521055,"depth":4,"seasonal_1_train_loss":1.662498216719836,"seasonal_0_train_loss":0.5508043839706785,"Runtime (seconds)":6.346167325973511,"_runtime":12.684969639,"rmse":76.89787292480469,"trend_valid_loss":0.3256416647444264,"predicted_seasonal_2_stock_price":-3.5658414363861084,"seasonal_0_valid_loss":1.1020073151968894,"_step":9,"mae":76.89787292480469,"real_trend_stock_price":221.26011174275263,"real_resid_stock_price":9.055696780669763,"predicted_seasonal_3_stock_price":-2.662125825881958,"_timestamp":1.736736662588065e+09,"dim":128,"AAPL Stock Price Prediction by iTransformer":{"width":1000,"height":600,"_type":"image-file","sha256":"ae14b9dda81f30fc1b06ec1fb4f4240943fb49137c25c69a0a1d05a37e3ae18e","size":46664,"path":"media/images/AAPL Stock Price Prediction by iTransformer_8_ae14b9dda81f30fc1b06.png","format":"png"},"real_seasonal_3_stock_price":4.67078313712568,"final_predicted_stock_price":159.95213317871094,"mse":5913.28286035941,"periods":[252,504,756,1260],"_wandb":{"runtime":12},"real_stock_price":236.85000610351562,"seasonal_3_train_loss":0.9615113021256261,"predicted_resid_stock_price":11.11497688293457,"resid_train_loss":0.7086440417273291,"predicted_trend_stock_price":155.2353515625,"seasonal_2_valid_loss":2.331290112601386,"predicted_seasonal_1_stock_price":-0.19454547762870789,"resid_valid_loss":1.1859228802743809,"predicted_seasonal_0_stock_price":0.024319788441061974,"real_seasonal_1_stock_price":-3.140675925789124,"real_seasonal_0_stock_price":-2.3363811457643786,"trend_train_loss":0.08109796593953125,"seasonal_3_valid_loss":0.3493828328065975,"seasonal_2_train_loss":3.034041461733651,"seasonal_1_valid_loss":1.6584575977176428}