{"predicted_trend_stock_price":75.45025634765625,"rmse":116.9269027709961,"trend_valid_loss":2.734410171391293,"mae":116.9269027709961,"predicted_seasonal_2_stock_price":12.815486907958984,"dim":128,"periods":[252,504,756,1260],"real_seasonal_3_stock_price":9.210042698987007,"_runtime":9.605692567,"seasonal_3_valid_loss":0.2696493216114497,"_step":9,"predicted_seasonal_3_stock_price":3.86388897895813,"Runtime (seconds)":4.616008996963501,"real_trend_stock_price":167.5354913342489,"seasonal_1_train_loss":0.401572833803688,"resid_valid_loss":1.1078077762200158,"AMZN Stock Price Prediction by iTransformer":{"path":"media/images/AMZN Stock Price Prediction by iTransformer_8_8cbd5b5d38d170870b36.png","format":"png","width":1000,"height":600,"_type":"image-file","sha256":"8cbd5b5d38d170870b36f4f09d256174d740c75bb8bde7cd9bfe556d6ed10e38","size":46809},"real_seasonal_0_stock_price":-6.886692248923765,"seasonal_3_train_loss":0.6875426100215,"predicted_resid_stock_price":2.630073070526123,"seasonal_2_valid_loss":0.17955989838418565,"trend_train_loss":1.2038480090262769,"seasonal_0_train_loss":3.892488179490165,"real_seasonal_1_stock_price":2.721535027645758,"mse":13671.900591617974,"seasonal_2_train_loss":0.4377076085573851,"predicted_seasonal_1_stock_price":2.281860828399658,"real_stock_price":218.94000244140625,"resid_train_loss":1.2664430312137067,"depth":4,"final_predicted_stock_price":102.01309967041016,"real_seasonal_2_stock_price":16.307195141839433,"predicted_seasonal_0_stock_price":4.971524238586426,"real_resid_stock_price":30.052430487608945,"seasonal_1_valid_loss":0.2549681223574139,"_timestamp":1.7367572692640107e+09,"_wandb":{"runtime":9},"seasonal_0_valid_loss":4.294969764364747}