{"_wandb":{"runtime":11},"seasonal_3_valid_loss":0.7034557179786625,"predicted_seasonal_0_stock_price":1.2120522260665894,"dim":128,"seasonal_0_train_loss":0.4266938656976778,"trend_train_loss":0.06009236647890517,"_timestamp":1.7367417462024086e+09,"AAPL Stock Price Prediction by iTransformer":{"format":"png","width":1000,"height":600,"_type":"image-file","sha256":"4333ba59092346c4a11e2589effb9517adeaf24da2ec65345d78ab114ec1b664","size":47019,"path":"media/images/AAPL Stock Price Prediction by iTransformer_8_4333ba59092346c4a11e.png"},"trend_valid_loss":0.85094669694188,"seasonal_2_train_loss":0.31450231266625406,"real_seasonal_3_stock_price":4.6707861998125555,"seasonal_3_train_loss":0.738735431538219,"real_resid_stock_price":9.055691226368879,"mae":91.26309204101562,"real_seasonal_0_stock_price":-2.336374859315726,"final_predicted_stock_price":145.5869140625,"real_trend_stock_price":221.26011145333624,"resid_valid_loss":0.729401215342165,"seasonal_0_valid_loss":0.4534265888083264,"real_seasonal_2_stock_price":7.340473101698278,"rmse":91.26309204101562,"predicted_seasonal_3_stock_price":-5.265902042388916,"resid_train_loss":0.4562141776156311,"periods":[252,504,756,1260],"mse":8328.95196888689,"predicted_trend_stock_price":140.95741271972656,"real_stock_price":236.85000610351562,"predicted_seasonal_2_stock_price":7.294140815734863,"_step":9,"predicted_seasonal_1_stock_price":-2.0584557056427,"seasonal_1_valid_loss":0.25298263016658734,"real_seasonal_1_stock_price":-3.140681018384602,"seasonal_2_valid_loss":0.11394093924460291,"predicted_resid_stock_price":3.447657346725464,"_runtime":11.436694034,"depth":4,"Runtime (seconds)":4.955594778060913,"seasonal_1_train_loss":0.35230541767665696}