{"Runtime (seconds)":112.93396973609924,"_timestamp":1.7390782873905864e+09,"r2_score":NaN,"real_stock_price":187.13999938964844,"_step":302,"GOOG Stock Price Prediction by iTransformer(no MSTL)":{"size":54109,"path":"media/images/GOOG Stock Price Prediction by iTransformer(no MSTL)_301_a6b9ad84b75260e9b1ea.png","format":"png","width":1000,"height":600,"_type":"image-file","sha256":"a6b9ad84b75260e9b1ea0c02f7c5f6409380a2530ba4471765d7e05f7f985b16"},"_wandb":{"runtime":3653},"rmse":11.059051513671875,"depth":4,"mae":11.059051513671875,"valid_loss":0.030544947603965374,"predicted_stock_price":198.1990509033203,"mse":122.30262038204819,"_runtime":3653.254844274,"train_loss":0.05939437813087939,"dim":128}