{"_runtime":17.476939421,"_step":9,"real_trend_stock_price":167.5354913342489,"mae":71.08197021484375,"predicted_resid_stock_price":32.7664680480957,"predicted_seasonal_1_stock_price":0.43142396211624146,"_timestamp":1.7367490762534451e+09,"seasonal_3_valid_loss":0.4281443084610833,"real_seasonal_1_stock_price":2.721535027645758,"AMZN Stock Price Prediction by iTransformer":{"size":48715,"path":"media/images/AMZN Stock Price Prediction by iTransformer_8_23ac655b17f58af103f8.png","format":"png","width":1000,"height":600,"_type":"image-file","sha256":"23ac655b17f58af103f86af7b1e9ebff508a5e15824cb099669e8382c83eb1aa"},"predicted_seasonal_0_stock_price":-5.562596797943115,"seasonal_2_valid_loss":0.3587727416937427,"predicted_seasonal_3_stock_price":15.28891658782959,"real_resid_stock_price":30.052430487608945,"final_predicted_stock_price":147.8580322265625,"seasonal_2_train_loss":0.6406589272388126,"resid_train_loss":0.73231619600883,"real_seasonal_0_stock_price":-6.886692248923765,"trend_valid_loss":1.650020481772342,"seasonal_1_valid_loss":1.056935533994361,"real_seasonal_3_stock_price":9.210042698987007,"real_stock_price":218.94000244140625,"_wandb":{"runtime":17},"Runtime (seconds)":8.709700345993042,"seasonal_0_valid_loss":0.09301955079379147,"rmse":71.08197021484375,"dim":128,"predicted_seasonal_2_stock_price":7.635453701019287,"seasonal_0_train_loss":0.15833418262197974,"trend_train_loss":1.7731878552164764,"seasonal_3_train_loss":1.157057666335224,"resid_valid_loss":0.2613301535640828,"depth":4,"periods":[252,504,756,1260],"real_seasonal_2_stock_price":16.307195141839433,"seasonal_1_train_loss":0.9831274317285396,"predicted_trend_stock_price":97.29837036132812,"mse":5052.646489623934}