{"seasonal_2_valid_loss":0.1858536015663828,"real_resid_stock_price":30.052430487608945,"mae":86.70329284667969,"predicted_seasonal_0_stock_price":-5.123183727264404,"_wandb":{"runtime":13},"rmse":86.70329284667969,"resid_valid_loss":1.1133787631988525,"mse":7517.460990457097,"predicted_seasonal_1_stock_price":3.7939772605895996,"seasonal_0_valid_loss":0.20853642239922382,"trend_valid_loss":0.7625215188111409,"predicted_seasonal_2_stock_price":6.104570388793945,"seasonal_3_train_loss":0.8900723620005528,"seasonal_2_train_loss":0.39646105203991555,"real_trend_stock_price":167.5354913342489,"real_seasonal_0_stock_price":-6.886692248923765,"seasonal_1_train_loss":1.5413231283982087,"resid_train_loss":0.6284894548628641,"seasonal_1_valid_loss":0.21243695855871533,"AMZN Stock Price Prediction by iTransformer":{"size":45950,"path":"media/images/AMZN Stock Price Prediction by iTransformer_8_23707bc28b3d05bec5cc.png","format":"png","width":1000,"height":600,"_type":"image-file","sha256":"23707bc28b3d05bec5ccbe0f23d694cc51f5cfacf953b2cae402c5591ae036af"},"_step":9,"trend_train_loss":0.31762207335606873,"seasonal_3_valid_loss":0.9737859821142671,"predicted_trend_stock_price":114.30546569824219,"dim":128,"predicted_resid_stock_price":14.179944038391113,"real_seasonal_1_stock_price":2.721535027645758,"_runtime":13.588920953,"_timestamp":1.7367423879100208e+09,"real_seasonal_2_stock_price":16.307195141839433,"real_stock_price":218.94000244140625,"depth":4,"periods":[252,504,756,1260],"final_predicted_stock_price":132.23670959472656,"real_seasonal_3_stock_price":9.210042698987007,"predicted_seasonal_3_stock_price":-1.0240623950958252,"Runtime (seconds)":6.2977378368377686,"seasonal_0_train_loss":0.28131170323205246}