{"seasonal_1_valid_loss":0.31093595352242975,"real_seasonal_0_stock_price":-2.336386146360286,"seasonal_2_valid_loss":0.27921525690717935,"AAPL Stock Price Prediction by iTransformer":{"height":600,"_type":"image-file","sha256":"b70dc7331697ab5ef2bbaab6efbcaca77438996fb18f690b79614240be7c5c19","size":46270,"path":"media/images/AAPL Stock Price Prediction by iTransformer_8_b70dc7331697ab5ef2bb.png","format":"png","width":1000},"periods":[252,504,756,1260],"real_seasonal_1_stock_price":-3.1406714458791827,"resid_train_loss":1.121786711594233,"mae":66.00721740722656,"Runtime (seconds)":5.3831963539123535,"predicted_resid_stock_price":17.37005043029785,"_wandb":{"runtime":11},"resid_valid_loss":1.3327958910649524,"real_stock_price":236.85000610351562,"real_resid_stock_price":9.055695348894403,"_step":9,"_runtime":11.287898161,"seasonal_1_train_loss":0.6658717727661133,"final_predicted_stock_price":170.84278869628906,"seasonal_3_train_loss":0.8062615658490713,"predicted_seasonal_0_stock_price":1.3277989625930786,"_timestamp":1.736728387033515e+09,"predicted_seasonal_2_stock_price":3.843446969985962,"predicted_seasonal_3_stock_price":-1.2014471292495728,"mse":4356.952749844873,"seasonal_0_train_loss":0.9390210979997335,"seasonal_0_valid_loss":2.0285493602306386,"predicted_trend_stock_price":151.87521362304688,"seasonal_2_train_loss":1.003868593818842,"rmse":66.00721740722656,"trend_valid_loss":0.2579953118312557,"dim":128,"real_trend_stock_price":221.26011180624266,"trend_train_loss":0.22201776834504963,"real_seasonal_3_stock_price":4.67079144856325,"real_seasonal_2_stock_price":7.340465092054779,"depth":4,"predicted_seasonal_1_stock_price":-2.3722877502441406,"seasonal_3_valid_loss":0.849587073327655}