{"rmse":77.79583740234375,"Runtime (seconds)":5.567463397979736,"seasonal_3_valid_loss":1.6263623835629974,"_step":9,"predicted_seasonal_1_stock_price":0.43535900115966797,"resid_valid_loss":0.7817989336370856,"real_trend_stock_price":167.5354913342489,"periods":[252,504,756,1260],"predicted_resid_stock_price":9.540661811828613,"_wandb":{"runtime":11},"seasonal_0_train_loss":0.7051279543645478,"AMZN Stock Price Prediction by iTransformer":{"size":46199,"path":"media/images/AMZN Stock Price Prediction by iTransformer_8_75b7c8b141edc406bcbb.png","format":"png","width":1000,"height":600,"_type":"image-file","sha256":"75b7c8b141edc406bcbb1c92dbda9a815800eee3793276c342e00cac494d3819"},"trend_train_loss":0.16749649139895262,"predicted_seasonal_2_stock_price":-4.997718811035156,"predicted_seasonal_3_stock_price":-3.5922658443450928,"real_seasonal_0_stock_price":-6.886692248923765,"_runtime":11.126464999,"seasonal_2_train_loss":1.6386493170209817,"final_predicted_stock_price":141.1441650390625,"predicted_seasonal_0_stock_price":-7.695510387420654,"seasonal_3_train_loss":2.4206501610107503,"real_resid_stock_price":30.052430487608945,"real_seasonal_1_stock_price":2.721535027645758,"resid_train_loss":0.9893303485673761,"seasonal_0_valid_loss":0.513031261022329,"seasonal_1_train_loss":0.9642995582031038,"_timestamp":1.7367116260331385e+09,"mse":6052.192317131907,"dim":128,"depth":4,"trend_valid_loss":0.129582618041472,"mae":77.79583740234375,"seasonal_1_valid_loss":0.7818133775370907,"real_seasonal_3_stock_price":9.210042698987007,"seasonal_2_valid_loss":1.6691474174229033,"real_stock_price":218.94000244140625,"predicted_trend_stock_price":147.45364379882812,"real_seasonal_2_stock_price":16.307195141839433}