{"Runtime (seconds)":3.7303240299224854,"predicted_seasonal_2_stock_price":3.66395902633667,"predicted_seasonal_1_stock_price":3.7147858142852783,"real_resid_stock_price":30.052430487608945,"seasonal_0_valid_loss":0.15848358373411678,"trend_train_loss":0.3462473714708085,"mae":88.83010864257812,"seasonal_2_train_loss":0.8534853580412294,"real_trend_stock_price":167.5354913342489,"mse":7890.788201452233,"_step":9,"predicted_resid_stock_price":18.12042236328125,"real_stock_price":218.94000244140625,"seasonal_3_valid_loss":0.31208287082987723,"depth":4,"real_seasonal_3_stock_price":9.210042698987007,"final_predicted_stock_price":130.10989379882812,"predicted_seasonal_0_stock_price":-3.7191672325134277,"seasonal_0_train_loss":0.2563732729227711,"trend_valid_loss":0.8403702422284879,"rmse":88.83010864257812,"_runtime":8.03714902,"resid_valid_loss":1.0739963613144339,"predicted_seasonal_3_stock_price":4.23567533493042,"real_seasonal_0_stock_price":-6.886692248923765,"predicted_trend_stock_price":104.09423828125,"resid_train_loss":0.9979367561856963,"periods":[252,504,756,1260],"seasonal_1_valid_loss":0.23724730287181717,"seasonal_2_valid_loss":0.8151150492541411,"AMZN Stock Price Prediction by iTransformer":{"format":"png","width":1000,"height":600,"_type":"image-file","sha256":"fd344e9fd0750bf40c60a8a69ba3c153961b04b7ac47d47109319378542754ea","size":45913,"path":"media/images/AMZN Stock Price Prediction by iTransformer_8_fd344e9fd0750bf40c60.png"},"_wandb":{"runtime":8},"seasonal_1_train_loss":0.6633682217876855,"seasonal_3_train_loss":1.1669186669109513,"dim":128,"_timestamp":1.736735053590558e+09,"real_seasonal_1_stock_price":2.721535027645758,"real_seasonal_2_stock_price":16.307195141839433}