{"final_predicted_stock_price":229.64527893066406,"seasonal_1_train_loss":2.5637832817008785,"predicted_resid_stock_price":8.151575088500977,"dim":128,"real_trend_stock_price":221.26011200519056,"seasonal_2_valid_loss":0.27907158141874,"_step":9,"rmse":7.2047271728515625,"depth":4,"predicted_seasonal_1_stock_price":-2.7311007976531982,"seasonal_2_train_loss":0.98498011702954,"resid_train_loss":0.41921798325387755,"trend_train_loss":0.17419185035466275,"predicted_seasonal_3_stock_price":0.4423518180847168,"seasonal_0_train_loss":1.090976927811665,"trend_valid_loss":0.0013883875217288733,"_runtime":9.74879801,"real_resid_stock_price":9.05569504539497,"seasonal_0_valid_loss":2.6573947504303366,"real_seasonal_2_stock_price":7.34047067463019,"mae":7.2047271728515625,"real_seasonal_1_stock_price":-3.1406778274460017,"seasonal_3_train_loss":1.120512143965698,"_wandb":{"runtime":9},"real_stock_price":236.85000610351562,"real_seasonal_3_stock_price":4.670782198638768,"periods":[252,504,756,1260],"predicted_trend_stock_price":216.52529907226562,"mse":51.90809363522567,"_timestamp":1.7367351990381062e+09,"seasonal_1_valid_loss":2.610434107470626,"seasonal_3_valid_loss":1.2930913699375357,"predicted_seasonal_2_stock_price":6.2544026374816895,"AAPL Stock Price Prediction by iTransformer":{"format":"png","width":1000,"height":600,"_type":"image-file","sha256":"e90907a9fed7393fbf4574626bc659162269ad27d85e036c463eb561887415b7","size":50391,"path":"media/images/AAPL Stock Price Prediction by iTransformer_8_e90907a9fed7393fbf45.png"},"Runtime (seconds)":4.880580902099609,"real_seasonal_0_stock_price":-2.3363759928928456,"resid_valid_loss":0.7197587860521869,"predicted_seasonal_0_stock_price":1.002734661102295}