{"Train Loss": 0.016755221488844844, "Validation Loss": 0.02366902120411396, "_timestamp": 1727170333.5805604, "_runtime": 28.825857400894165, "_step": 99, "_wandb": {"runtime": 28}}