{"resid_valid_loss":0.4112353378312082,"mae":91.8452377319336,"real_stock_price":218.94000244140625,"dim":128,"real_trend_stock_price":167.5354913342489,"trend_valid_loss":0.4946936141760623,"real_seasonal_3_stock_price":9.210042698987007,"resid_train_loss":0.6073832143507533,"Runtime (seconds)":5.419239282608032,"predicted_seasonal_3_stock_price":-8.862010955810547,"_step":9,"predicted_trend_stock_price":112.32707977294922,"real_seasonal_2_stock_price":16.307195141839433,"rmse":91.8452377319336,"trend_train_loss":0.10037760788913748,"seasonal_1_train_loss":0.5780157462355188,"final_predicted_stock_price":127.09476470947266,"mse":8435.547694035398,"periods":[252,504,756,1260],"seasonal_2_valid_loss":1.6409119678144695,"_timestamp":1.7367487633054366e+09,"_wandb":{"runtime":10},"seasonal_0_valid_loss":0.1076233711695567,"seasonal_3_valid_loss":0.8155941367149353,"predicted_resid_stock_price":19.26006317138672,"depth":4,"seasonal_1_valid_loss":0.18262461225191753,"seasonal_0_train_loss":0.5099200000558219,"_runtime":10.528381078,"seasonal_2_train_loss":1.5322312031423138,"real_seasonal_0_stock_price":-6.886692248923765,"real_resid_stock_price":30.052430487608945,"AMZN Stock Price Prediction by iTransformer":{"format":"png","width":1000,"height":600,"_type":"image-file","sha256":"d05b296cfbfd622c9db2e80fed381c6b1d54a5cfc08fe0258a364455f2a9f199","size":45741,"path":"media/images/AMZN Stock Price Prediction by iTransformer_8_d05b296cfbfd622c9db2.png"},"real_seasonal_1_stock_price":2.721535027645758,"predicted_seasonal_0_stock_price":-5.191123962402344,"seasonal_3_train_loss":1.4202643384405198,"predicted_seasonal_1_stock_price":3.659379005432129,"predicted_seasonal_2_stock_price":5.901379585266113}