{"seasonal_0_train_loss":0.5481741705766963,"_timestamp":1.7367583487206151e+09,"resid_train_loss":0.8126563080283624,"real_trend_stock_price":221.26011132983874,"Runtime (seconds)":6.783514499664307,"predicted_trend_stock_price":166.81190490722656,"seasonal_0_valid_loss":0.421741247177124,"real_seasonal_2_stock_price":7.340471968677578,"resid_valid_loss":0.6997596131790433,"seasonal_1_valid_loss":0.24217213332329107,"real_seasonal_3_stock_price":4.6707814340363765,"real_stock_price":236.85000610351562,"real_seasonal_0_stock_price":-2.336379463203739,"trend_train_loss":0.0340245353467254,"dim":128,"seasonal_3_train_loss":2.2479880950492883,"periods":[252,504,756,1260],"trend_valid_loss":0.2218767587267288,"final_predicted_stock_price":168.37042236328125,"seasonal_2_train_loss":0.9228739905889023,"mse":4689.453389235772,"AAPL Stock Price Prediction by iTransformer":{"sha256":"0d06ad88d91a6569643419096703b02b53d31bdbfa62c7f2811b29965e38d208","size":46245,"path":"media/images/AAPL Stock Price Prediction by iTransformer_8_0d06ad88d91a65696434.png","format":"png","width":1000,"height":600,"_type":"image-file"},"seasonal_1_train_loss":0.5448586593227817,"predicted_seasonal_1_stock_price":-3.1616556644439697,"rmse":68.47958374023438,"real_resid_stock_price":9.055695064695755,"predicted_seasonal_0_stock_price":1.3735499382019043,"depth":4,"mae":68.47958374023438,"_runtime":13.522999591,"seasonal_3_valid_loss":0.7520849062846258,"predicted_resid_stock_price":1.7491037845611572,"predicted_seasonal_3_stock_price":-3.2359046936035156,"_wandb":{"runtime":13},"predicted_seasonal_2_stock_price":4.833413124084473,"_step":9,"real_seasonal_1_stock_price":-3.140674230529053,"seasonal_2_valid_loss":0.6277554439043946}