{"resid_valid_loss":1.199117233453713,"seasonal_2_valid_loss":1.266274853470864,"_step":5,"seasonal_1_train_loss":1.0775443742860038,"seasonal_3_valid_loss":1.6723240382266495,"trend_valid_loss":2.0783960699712036,"_wandb":{"runtime":37},"_timestamp":1.7358349721619868e+09,"seasonal_2_train_loss":0.8744976454983752,"resid_train_loss":0.6854757777801086,"trend_train_loss":1.0413138650845688,"_runtime":37.828118739,"seasonal_0_valid_loss":1.0373098850250244,"seasonal_3_train_loss":0.7390084979837542,"seasonal_0_train_loss":0.9441186472263461,"seasonal_1_valid_loss":1.7623999628328508}