{"Runtime (seconds)":4.657607316970825,"real_seasonal_3_stock_price":9.210042698987007,"_runtime":10.14109288,"predicted_seasonal_0_stock_price":-2.7102408409118652,"predicted_seasonal_1_stock_price":3.4215474128723145,"seasonal_0_valid_loss":1.0452745728109074,"_wandb":{"runtime":10},"depth":4,"real_seasonal_2_stock_price":16.307195141839433,"real_seasonal_1_stock_price":2.721535027645758,"real_resid_stock_price":30.052430487608945,"seasonal_1_train_loss":0.5102192570559106,"trend_valid_loss":0.030776496281101618,"seasonal_3_valid_loss":0.36780337910903127,"rmse":58.79063415527344,"seasonal_0_train_loss":0.9950984923003728,"resid_train_loss":0.5362923537648134,"dim":128,"predicted_seasonal_2_stock_price":1.4885743856430054,"seasonal_3_train_loss":0.9431488681842105,"seasonal_1_valid_loss":0.23615186564430207,"real_trend_stock_price":167.5354913342489,"final_predicted_stock_price":160.1493682861328,"mse":3456.3386643792037,"real_stock_price":218.94000244140625,"real_seasonal_0_stock_price":-6.886692248923765,"seasonal_2_train_loss":0.8697393547354724,"_step":9,"trend_train_loss":0.2976408424429918,"predicted_trend_stock_price":150.43634033203125,"_timestamp":1.7367568928544102e+09,"periods":[252,504,756,1260],"predicted_resid_stock_price":6.97841215133667,"mae":58.79063415527344,"seasonal_2_valid_loss":0.7168581770452042,"predicted_seasonal_3_stock_price":0.5347233414649963,"resid_valid_loss":0.6364582669245054,"AMZN Stock Price Prediction by iTransformer":{"_type":"image-file","sha256":"5cb9927920980ef9de79f3a0a14bb6910e2fff97c3886a426cb991cd502d21f4","size":48653,"path":"media/images/AMZN Stock Price Prediction by iTransformer_8_5cb9927920980ef9de79.png","format":"png","width":1000,"height":600}}