{"seasonal_1_valid_loss":0.15614452958106995,"_wandb":{"runtime":10},"trend_train_loss":0.18265999579723222,"predicted_seasonal_0_stock_price":-1.522759199142456,"resid_train_loss":0.8407505924948484,"real_seasonal_3_stock_price":9.210042698987007,"predicted_trend_stock_price":158.9652099609375,"depth":4,"AMZN Stock Price Prediction by iTransformer":{"height":600,"_type":"image-file","sha256":"67c7d456f65116bbce861a585fad0e9b95646dcdd301712d030d12924e825c5a","size":48249,"path":"media/images/AMZN Stock Price Prediction by iTransformer_8_67c7d456f65116bbce86.png","format":"png","width":1000},"real_seasonal_1_stock_price":2.721535027645758,"real_seasonal_2_stock_price":16.307195141839433,"seasonal_3_valid_loss":2.6825074474583332,"predicted_seasonal_3_stock_price":-8.602828979492188,"_step":9,"dim":128,"seasonal_0_valid_loss":0.5875424006012049,"Runtime (seconds)":4.807973146438599,"final_predicted_stock_price":174.9248809814453,"mae":44.01512145996094,"real_resid_stock_price":30.052430487608945,"predicted_resid_stock_price":24.96405029296875,"predicted_seasonal_1_stock_price":2.325106620788574,"seasonal_2_train_loss":1.3465679867061104,"real_seasonal_0_stock_price":-6.886692248923765,"real_stock_price":218.94000244140625,"rmse":44.01512145996094,"resid_valid_loss":0.46329651968400987,"seasonal_2_valid_loss":1.8655058145523071,"mse":1937.3309171351139,"real_trend_stock_price":167.5354913342489,"_timestamp":1.7367092401373234e+09,"seasonal_0_train_loss":0.5453419279337234,"predicted_seasonal_2_stock_price":-1.2038817405700684,"trend_valid_loss":0.0072665336267450685,"seasonal_3_train_loss":2.4245675691199318,"seasonal_1_train_loss":0.6273073223745746,"_runtime":10.696143320000001,"periods":[252,504,756,1260]}