{"predicted_trend_stock_price":151.7992401123047,"final_predicted_stock_price":193.96649169921875,"seasonal_3_valid_loss":0.7945847171368609,"_runtime":11.123428262,"seasonal_0_valid_loss":2.0181163370152544,"seasonal_2_valid_loss":0.2685348315243343,"real_seasonal_2_stock_price":16.307195141839433,"resid_valid_loss":0.4412508402233836,"rmse":24.9735107421875,"_step":9,"predicted_seasonal_2_stock_price":14.457114219665527,"resid_train_loss":0.8114208717143508,"predicted_seasonal_3_stock_price":8.82823657989502,"real_seasonal_1_stock_price":2.721535027645758,"dim":128,"trend_valid_loss":0.08056619916468451,"real_seasonal_3_stock_price":9.210042698987007,"_wandb":{"runtime":11},"AMZN Stock Price Prediction by iTransformer":{"height":600,"_type":"image-file","sha256":"7ec53a1b2207b20af49e0844883538c5702454af40186d4d9526ca870b46024c","size":50645,"path":"media/images/AMZN Stock Price Prediction by iTransformer_8_7ec53a1b2207b20af49e.png","format":"png","width":1000},"real_stock_price":218.94000244140625,"trend_train_loss":0.20864382918677582,"seasonal_1_valid_loss":0.2581073822231468,"mae":24.9735107421875,"real_trend_stock_price":167.5354913342489,"seasonal_2_train_loss":0.7952841864915521,"predicted_seasonal_1_stock_price":2.6198112964630127,"depth":4,"_timestamp":1.7367195193824868e+09,"Runtime (seconds)":5.327558755874634,"real_seasonal_0_stock_price":-6.886692248923765,"periods":[252,504,756,1260],"predicted_seasonal_0_stock_price":1.9248230457305908,"seasonal_1_train_loss":0.5807428079582736,"seasonal_3_train_loss":1.0649120152193003,"mse":623.6762387901545,"real_resid_stock_price":30.052430487608945,"seasonal_0_train_loss":1.9381940508120463,"predicted_resid_stock_price":14.337285995483398}